[2026-05-02 00:06:17] [INFO] ================================================================================
[2026-05-02 00:06:17] [INFO] StageX Package Update Automation
[2026-05-02 00:06:17] [INFO] ================================================================================
[2026-05-02 00:06:17] [INFO] 
1. Computing build order from make dry-run...
[2026-05-02 00:06:18] [INFO]   Found 421 packages in build order
[2026-05-02 00:06:18] [INFO] 
2. Fetching release-monitoring.org data...
[2026-05-02 00:06:18] [INFO]   Fetching fresh release-monitoring data...
[2026-05-02 00:06:48] [ERROR]   Failed to fetch release-monitoring API: 504
[2026-05-02 00:06:48] [INFO] 
3. Processing packages in build order...
[2026-05-02 00:06:48] [INFO] ================================================================================
[2026-05-02 00:06:48] [INFO] 
================================================================================
[2026-05-02 00:06:48] [INFO] Processing: expat (target: core-expat)
[2026-05-02 00:06:48] [INFO] ================================================================================
[2026-05-02 00:06:48] [INFO]   Current version: 2.6.2
[2026-05-02 00:06:48] [WARNING]   Package not found in release-monitoring.org
[2026-05-02 00:06:48] [INFO] 
================================================================================
[2026-05-02 00:06:48] [INFO] Processing: lzip (target: core-lzip)
[2026-05-02 00:06:48] [INFO] ================================================================================
[2026-05-02 00:06:48] [INFO]   Current version: 1.26
[2026-05-02 00:06:48] [WARNING]   Package not found in release-monitoring.org
[2026-05-02 00:06:48] [INFO] 
================================================================================
[2026-05-02 00:06:48] [INFO] Processing: icu (target: core-icu)
[2026-05-02 00:06:48] [INFO] ================================================================================
[2026-05-02 00:06:48] [INFO]   Current version: 74.2
[2026-05-02 00:06:48] [WARNING]   Package not found in release-monitoring.org
[2026-05-02 00:06:48] [INFO] 
================================================================================
[2026-05-02 00:06:48] [INFO] Processing: boost (target: core-boost)
[2026-05-02 00:06:48] [INFO] ================================================================================
[2026-05-02 00:06:48] [INFO]   Current version: 1.88.0
[2026-05-02 00:06:48] [WARNING]   Package not found in release-monitoring.org
[2026-05-02 00:06:48] [INFO] 
================================================================================
[2026-05-02 00:06:48] [INFO] Processing: fmt (target: core-fmt)
[2026-05-02 00:06:48] [INFO] ================================================================================
[2026-05-02 00:06:48] [INFO]   Current version: 12.1.0
[2026-05-02 00:06:48] [WARNING]   Package not found in release-monitoring.org
[2026-05-02 00:06:48] [INFO] 
================================================================================
[2026-05-02 00:06:48] [INFO] Processing: nlohmann-json (target: core-nlohmann-json)
[2026-05-02 00:06:48] [INFO] ================================================================================
[2026-05-02 00:06:48] [INFO]   Current version: 3.11.3
[2026-05-02 00:06:48] [WARNING]   Package not found in release-monitoring.org
[2026-05-02 00:06:48] [INFO] 
================================================================================
[2026-05-02 00:06:48] [INFO] Processing: range-v3 (target: core-range-v3)
[2026-05-02 00:06:48] [INFO] ================================================================================
[2026-05-02 00:06:48] [INFO]   Current version: 0.12.0
[2026-05-02 00:06:48] [WARNING]   Package not found in release-monitoring.org
[2026-05-02 00:06:48] [INFO] 
================================================================================
[2026-05-02 00:06:48] [INFO] Processing: solidity (target: core-solidity)
[2026-05-02 00:06:48] [INFO] ================================================================================
[2026-05-02 00:06:48] [INFO]   Current version: 0.8.30
[2026-05-02 00:06:48] [WARNING]   Package not found in release-monitoring.org
[2026-05-02 00:06:48] [INFO] 
================================================================================
[2026-05-02 00:06:48] [INFO] Processing: solidity (target: pallet-solidity)
[2026-05-02 00:06:48] [INFO] ================================================================================
[2026-05-02 00:06:48] [INFO]   Current version: 0.8.30
[2026-05-02 00:06:48] [WARNING]   Package not found in release-monitoring.org
[2026-05-02 00:06:48] [INFO] 
================================================================================
[2026-05-02 00:06:48] [INFO] Processing: gc (target: core-gc)
[2026-05-02 00:06:48] [INFO] ================================================================================
[2026-05-02 00:06:48] [INFO]   Current version: 8.2.12
[2026-05-02 00:06:48] [WARNING]   Package not found in release-monitoring.org
[2026-05-02 00:06:48] [INFO] 
================================================================================
[2026-05-02 00:06:48] [INFO] Processing: coreutils (target: core-coreutils)
[2026-05-02 00:06:48] [INFO] ================================================================================
[2026-05-02 00:06:48] [INFO]   Current version: 9.7
[2026-05-02 00:06:48] [WARNING]   Package not found in release-monitoring.org
[2026-05-02 00:06:48] [INFO] 
================================================================================
[2026-05-02 00:06:48] [INFO] Processing: argon2 (target: user-argon2)
[2026-05-02 00:06:48] [INFO] ================================================================================
[2026-05-02 00:06:48] [INFO]   Current version: 20190702
[2026-05-02 00:06:48] [WARNING]   Package not found in release-monitoring.org
[2026-05-02 00:06:48] [INFO] 
================================================================================
[2026-05-02 00:06:48] [INFO] Processing: libiconv (target: user-libiconv)
[2026-05-02 00:06:48] [INFO] ================================================================================
[2026-05-02 00:06:48] [INFO]   Current version: 1.17
[2026-05-02 00:06:48] [WARNING]   Package not found in release-monitoring.org
[2026-05-02 00:06:48] [INFO] 
================================================================================
[2026-05-02 00:06:48] [INFO] Processing: libzip (target: core-libzip)
[2026-05-02 00:06:48] [INFO] ================================================================================
[2026-05-02 00:06:48] [INFO]   Current version: 1.11.4
[2026-05-02 00:06:48] [WARNING]   Package not found in release-monitoring.org
[2026-05-02 00:06:48] [INFO] 
================================================================================
[2026-05-02 00:06:48] [INFO] Processing: libsodium (target: user-libsodium)
[2026-05-02 00:06:48] [INFO] ================================================================================
[2026-05-02 00:06:48] [INFO]   Current version: 1.0.20
[2026-05-02 00:06:48] [WARNING]   Package not found in release-monitoring.org
[2026-05-02 00:06:48] [INFO] 
================================================================================
[2026-05-02 00:06:48] [INFO] Processing: php (target: core-php)
[2026-05-02 00:06:48] [INFO] ================================================================================
[2026-05-02 00:06:48] [INFO]   Current version: 8.5.5
[2026-05-02 00:06:48] [WARNING]   Package not found in release-monitoring.org
[2026-05-02 00:06:48] [INFO] 
================================================================================
[2026-05-02 00:06:48] [INFO] Processing: php-phar (target: core-php-phar)
[2026-05-02 00:06:48] [INFO] ================================================================================
[2026-05-02 00:06:48] [WARNING]   Package not found in tree
[2026-05-02 00:06:48] [INFO] 
================================================================================
[2026-05-02 00:06:48] [INFO] Processing: php-filter (target: core-php-filter)
[2026-05-02 00:06:48] [INFO] ================================================================================
[2026-05-02 00:06:48] [WARNING]   Package not found in tree
[2026-05-02 00:06:48] [INFO] 
================================================================================
[2026-05-02 00:06:48] [INFO] Processing: php-openssl (target: core-php-openssl)
[2026-05-02 00:06:48] [INFO] ================================================================================
[2026-05-02 00:06:48] [WARNING]   Package not found in tree
[2026-05-02 00:06:48] [INFO] 
================================================================================
[2026-05-02 00:06:48] [INFO] Processing: php-curl (target: core-php-curl)
[2026-05-02 00:06:48] [INFO] ================================================================================
[2026-05-02 00:06:48] [WARNING]   Package not found in tree
[2026-05-02 00:06:48] [INFO] 
================================================================================
[2026-05-02 00:06:48] [INFO] Processing: php-zlib (target: core-php-zlib)
[2026-05-02 00:06:48] [INFO] ================================================================================
[2026-05-02 00:06:48] [WARNING]   Package not found in tree
[2026-05-02 00:06:48] [INFO] 
================================================================================
[2026-05-02 00:06:48] [INFO] Processing: php-zip (target: core-php-zip)
[2026-05-02 00:06:48] [INFO] ================================================================================
[2026-05-02 00:06:48] [WARNING]   Package not found in tree
[2026-05-02 00:06:48] [INFO] 
================================================================================
[2026-05-02 00:06:48] [INFO] Processing: composer (target: core-composer)
[2026-05-02 00:06:48] [INFO] ================================================================================
[2026-05-02 00:06:48] [INFO]   Current version: 2.9.5
[2026-05-02 00:06:48] [WARNING]   Package not found in release-monitoring.org
[2026-05-02 00:06:48] [INFO] 
================================================================================
[2026-05-02 00:06:48] [INFO] Processing: rust (target: core-rust)
[2026-05-02 00:06:48] [INFO] ================================================================================
[2026-05-02 00:06:48] [INFO]   Current version: 1.94.0
[2026-05-02 00:06:48] [WARNING]   Package not found in release-monitoring.org
[2026-05-02 00:06:48] [INFO] 
================================================================================
[2026-05-02 00:06:48] [INFO] Processing: rust-bindgen (target: core-rust-bindgen)
[2026-05-02 00:06:48] [INFO] ================================================================================
[2026-05-02 00:06:48] [INFO]   Current version: 0.71.1
[2026-05-02 00:06:48] [WARNING]   Package not found in release-monitoring.org
[2026-05-02 00:06:48] [INFO] 
================================================================================
[2026-05-02 00:06:48] [INFO] Processing: grep (target: core-grep)
[2026-05-02 00:06:48] [INFO] ================================================================================
[2026-05-02 00:06:48] [INFO]   Current version: 3.11
[2026-05-02 00:06:48] [WARNING]   Package not found in release-monitoring.org
[2026-05-02 00:06:48] [INFO] 
================================================================================
[2026-05-02 00:06:48] [INFO] Processing: yaml (target: core-yaml)
[2026-05-02 00:06:48] [INFO] ================================================================================
[2026-05-02 00:06:48] [INFO]   Current version: 0.2.5
[2026-05-02 00:06:48] [WARNING]   Package not found in release-monitoring.org
[2026-05-02 00:06:48] [INFO] 
================================================================================
[2026-05-02 00:06:48] [INFO] Processing: tar (target: core-tar)
[2026-05-02 00:06:48] [INFO] ================================================================================
[2026-05-02 00:06:48] [INFO]   Current version: 1.35
[2026-05-02 00:06:48] [WARNING]   Package not found in release-monitoring.org
[2026-05-02 00:06:48] [INFO] 
================================================================================
[2026-05-02 00:06:48] [INFO] Processing: ed (target: core-ed)
[2026-05-02 00:06:48] [INFO] ================================================================================
[2026-05-02 00:06:48] [INFO]   Current version: 1.20
[2026-05-02 00:06:48] [WARNING]   Package not found in release-monitoring.org
[2026-05-02 00:06:48] [INFO] 
================================================================================
[2026-05-02 00:06:48] [INFO] Processing: libfaketime (target: core-libfaketime)
[2026-05-02 00:06:48] [INFO] ================================================================================
[2026-05-02 00:06:48] [INFO]   Current version: 0.9.11
[2026-05-02 00:06:48] [WARNING]   Package not found in release-monitoring.org
[2026-05-02 00:06:48] [INFO] 
================================================================================
[2026-05-02 00:06:48] [INFO] Processing: cross-x86_64-gnu-gcc (target: core-cross-x86_64-gnu-gcc)
[2026-05-02 00:06:48] [INFO] ================================================================================
[2026-05-02 00:06:48] [INFO]   Current version: 15.2.0
[2026-05-02 00:06:48] [WARNING]   Package not found in release-monitoring.org
[2026-05-02 00:06:48] [INFO] 
================================================================================
[2026-05-02 00:06:48] [INFO] Processing: readline (target: core-readline)
[2026-05-02 00:06:48] [INFO] ================================================================================
[2026-05-02 00:06:48] [INFO]   Current version: 8.2
[2026-05-02 00:06:48] [WARNING]   Package not found in release-monitoring.org
[2026-05-02 00:06:48] [INFO] 
================================================================================
[2026-05-02 00:06:48] [INFO] Processing: libedit (target: core-libedit)
[2026-05-02 00:06:48] [INFO] ================================================================================
[2026-05-02 00:06:48] [INFO]   Current version: 20240808-3.1
[2026-05-02 00:06:48] [WARNING]   Package not found in release-monitoring.org
[2026-05-02 00:06:48] [INFO] 
================================================================================
[2026-05-02 00:06:48] [INFO] Processing: pcre2 (target: core-pcre2)
[2026-05-02 00:06:48] [INFO] ================================================================================
[2026-05-02 00:06:48] [INFO]   Current version: 10.44
[2026-05-02 00:06:48] [WARNING]   Package not found in release-monitoring.org
[2026-05-02 00:06:48] [INFO] 
================================================================================
[2026-05-02 00:06:48] [INFO] Processing: mpfr (target: user-mpfr)
[2026-05-02 00:06:48] [INFO] ================================================================================
[2026-05-02 00:06:48] [INFO]   Current version: 4.1.0
[2026-05-02 00:06:48] [WARNING]   Package not found in release-monitoring.org
[2026-05-02 00:06:48] [INFO] 
================================================================================
[2026-05-02 00:06:48] [INFO] Processing: lua (target: core-lua)
[2026-05-02 00:06:48] [INFO] ================================================================================
[2026-05-02 00:06:48] [INFO]   Current version: 5.4.8
[2026-05-02 00:06:48] [WARNING]   Package not found in release-monitoring.org
[2026-05-02 00:06:48] [INFO] 
================================================================================
[2026-05-02 00:06:48] [INFO] Processing: luarocks (target: core-luarocks)
[2026-05-02 00:06:48] [INFO] ================================================================================
[2026-05-02 00:06:48] [INFO]   Current version: 3.12.2
[2026-05-02 00:06:48] [WARNING]   Package not found in release-monitoring.org
[2026-05-02 00:06:48] [INFO] 
================================================================================
[2026-05-02 00:06:48] [INFO] Processing: lua (target: pallet-lua)
[2026-05-02 00:06:48] [INFO] ================================================================================
[2026-05-02 00:06:48] [INFO]   Current version: 5.4.8
[2026-05-02 00:06:48] [WARNING]   Package not found in release-monitoring.org
[2026-05-02 00:06:48] [INFO] 
================================================================================
[2026-05-02 00:06:48] [INFO] Processing: luarocks (target: pallet-luarocks)
[2026-05-02 00:06:48] [INFO] ================================================================================
[2026-05-02 00:06:48] [INFO]   Current version: 3.12.2
[2026-05-02 00:06:48] [WARNING]   Package not found in release-monitoring.org
[2026-05-02 00:06:48] [INFO] 
================================================================================
[2026-05-02 00:06:48] [INFO] Processing: bash (target: core-bash)
[2026-05-02 00:06:48] [INFO] ================================================================================
[2026-05-02 00:06:48] [INFO]   Current version: 5.2.37
[2026-05-02 00:06:48] [WARNING]   Package not found in release-monitoring.org
[2026-05-02 00:06:48] [INFO] 
================================================================================
[2026-05-02 00:06:48] [INFO] Processing: lmdb (target: core-lmdb)
[2026-05-02 00:06:48] [INFO] ================================================================================
[2026-05-02 00:06:48] [INFO]   Current version: 0.9.31
[2026-05-02 00:06:48] [WARNING]   Package not found in release-monitoring.org
[2026-05-02 00:06:48] [INFO] 
================================================================================
[2026-05-02 00:06:48] [INFO] Processing: libev (target: core-libev)
[2026-05-02 00:06:48] [INFO] ================================================================================
[2026-05-02 00:06:48] [INFO]   Current version: 4.33
[2026-05-02 00:06:48] [WARNING]   Package not found in release-monitoring.org
[2026-05-02 00:06:48] [INFO] 
================================================================================
[2026-05-02 00:06:48] [INFO] Processing: git (target: core-git)
[2026-05-02 00:06:48] [INFO] ================================================================================
[2026-05-02 00:06:48] [INFO]   Current version: 2.50.1
[2026-05-02 00:06:48] [WARNING]   Package not found in release-monitoring.org
[2026-05-02 00:06:48] [INFO] 
================================================================================
[2026-05-02 00:06:48] [INFO] Processing: rust (target: pallet-rust)
[2026-05-02 00:06:48] [INFO] ================================================================================
[2026-05-02 00:06:48] [INFO]   Current version: 1.94.0
[2026-05-02 00:06:48] [WARNING]   Package not found in release-monitoring.org
[2026-05-02 00:06:48] [INFO] 
================================================================================
[2026-05-02 00:06:48] [INFO] Processing: c-ares (target: core-c-ares)
[2026-05-02 00:06:48] [INFO] ================================================================================
[2026-05-02 00:06:48] [INFO]   Current version: 1.34.2
[2026-05-02 00:06:48] [WARNING]   Package not found in release-monitoring.org
[2026-05-02 00:06:48] [INFO] 
================================================================================
[2026-05-02 00:06:48] [INFO] Processing: libnghttp2 (target: core-libnghttp2)
[2026-05-02 00:06:48] [INFO] ================================================================================
[2026-05-02 00:06:48] [INFO]   Current version: 1.62.1
[2026-05-02 00:06:48] [WARNING]   Package not found in release-monitoring.org
[2026-05-02 00:06:48] [INFO] 
================================================================================
[2026-05-02 00:06:48] [INFO] Processing: php-sodium (target: core-php-sodium)
[2026-05-02 00:06:48] [INFO] ================================================================================
[2026-05-02 00:06:48] [WARNING]   Package not found in tree
[2026-05-02 00:06:48] [INFO] 
================================================================================
[2026-05-02 00:06:48] [INFO] Processing: php-mbstring (target: core-php-mbstring)
[2026-05-02 00:06:48] [INFO] ================================================================================
[2026-05-02 00:06:48] [WARNING]   Package not found in tree
[2026-05-02 00:06:48] [INFO] 
================================================================================
[2026-05-02 00:06:48] [INFO] Processing: php-tokenizer (target: core-php-tokenizer)
[2026-05-02 00:06:48] [INFO] ================================================================================
[2026-05-02 00:06:48] [WARNING]   Package not found in tree
[2026-05-02 00:06:48] [INFO] 
================================================================================
[2026-05-02 00:06:48] [INFO] Processing: pie (target: core-pie)
[2026-05-02 00:06:48] [INFO] ================================================================================
[2026-05-02 00:06:48] [INFO]   Current version: 1.3.8
[2026-05-02 00:06:48] [WARNING]   Package not found in release-monitoring.org
[2026-05-02 00:06:48] [INFO] 
================================================================================
[2026-05-02 00:06:48] [INFO] Processing: php-dev (target: core-php-dev)
[2026-05-02 00:06:48] [INFO] ================================================================================
[2026-05-02 00:06:48] [WARNING]   Package not found in tree
[2026-05-02 00:06:48] [INFO] 
================================================================================
[2026-05-02 00:06:48] [INFO] Processing: php-mongodb (target: user-php-mongodb)
[2026-05-02 00:06:48] [INFO] ================================================================================
[2026-05-02 00:06:48] [INFO]   Current version: 2.2.1
[2026-05-02 00:06:48] [WARNING]   Package not found in release-monitoring.org
[2026-05-02 00:06:48] [INFO] 
================================================================================
[2026-05-02 00:06:48] [INFO] Processing: php (target: pallet-php)
[2026-05-02 00:06:48] [INFO] ================================================================================
[2026-05-02 00:06:48] [INFO]   Current version: 8.5.5
[2026-05-02 00:06:48] [WARNING]   Package not found in release-monitoring.org
[2026-05-02 00:06:48] [INFO] 
================================================================================
[2026-05-02 00:06:48] [INFO] Processing: php-bcmath (target: core-php-bcmath)
[2026-05-02 00:06:48] [INFO] ================================================================================
[2026-05-02 00:06:48] [WARNING]   Package not found in tree
[2026-05-02 00:06:48] [INFO] 
================================================================================
[2026-05-02 00:06:48] [INFO] Processing: php-curl (target: pallet-php-curl)
[2026-05-02 00:06:48] [INFO] ================================================================================
[2026-05-02 00:06:48] [WARNING]   Package not found in tree
[2026-05-02 00:06:48] [INFO] 
================================================================================
[2026-05-02 00:06:48] [INFO] Processing: php-embed (target: core-php-embed)
[2026-05-02 00:06:48] [INFO] ================================================================================
[2026-05-02 00:06:48] [WARNING]   Package not found in tree
[2026-05-02 00:06:48] [INFO] 
================================================================================
[2026-05-02 00:06:48] [INFO] Processing: php-fileinfo (target: core-php-fileinfo)
[2026-05-02 00:06:48] [INFO] ================================================================================
[2026-05-02 00:06:48] [WARNING]   Package not found in tree
[2026-05-02 00:06:48] [INFO] 
================================================================================
[2026-05-02 00:06:48] [INFO] Processing: php-filter (target: pallet-php-filter)
[2026-05-02 00:06:48] [INFO] ================================================================================
[2026-05-02 00:06:48] [WARNING]   Package not found in tree
[2026-05-02 00:06:48] [INFO] 
================================================================================
[2026-05-02 00:06:48] [INFO] Processing: php-fpm (target: core-php-fpm)
[2026-05-02 00:06:48] [INFO] ================================================================================
[2026-05-02 00:06:48] [WARNING]   Package not found in tree
[2026-05-02 00:06:48] [INFO] 
================================================================================
[2026-05-02 00:06:48] [INFO] Processing: php-intl (target: core-php-intl)
[2026-05-02 00:06:48] [INFO] ================================================================================
[2026-05-02 00:06:48] [WARNING]   Package not found in tree
[2026-05-02 00:06:48] [INFO] 
================================================================================
[2026-05-02 00:06:48] [INFO] Processing: php-openssl (target: pallet-php-openssl)
[2026-05-02 00:06:48] [INFO] ================================================================================
[2026-05-02 00:06:48] [WARNING]   Package not found in tree
[2026-05-02 00:06:48] [INFO] 
================================================================================
[2026-05-02 00:06:48] [INFO] Processing: php-phar (target: pallet-php-phar)
[2026-05-02 00:06:48] [INFO] ================================================================================
[2026-05-02 00:06:48] [WARNING]   Package not found in tree
[2026-05-02 00:06:48] [INFO] 
================================================================================
[2026-05-02 00:06:48] [INFO] Processing: php-zip (target: pallet-php-zip)
[2026-05-02 00:06:48] [INFO] ================================================================================
[2026-05-02 00:06:48] [WARNING]   Package not found in tree
[2026-05-02 00:06:48] [INFO] 
================================================================================
[2026-05-02 00:06:48] [INFO] Processing: php-zlib (target: pallet-php-zlib)
[2026-05-02 00:06:48] [INFO] ================================================================================
[2026-05-02 00:06:48] [WARNING]   Package not found in tree
[2026-05-02 00:06:48] [INFO] 
================================================================================
[2026-05-02 00:06:48] [INFO] Processing: php-zts (target: core-php-zts)
[2026-05-02 00:06:48] [INFO] ================================================================================
[2026-05-02 00:06:48] [WARNING]   Package not found in tree
[2026-05-02 00:06:48] [INFO] 
================================================================================
[2026-05-02 00:06:48] [INFO] Processing: php-zts-bcmath (target: core-php-zts-bcmath)
[2026-05-02 00:06:48] [INFO] ================================================================================
[2026-05-02 00:06:48] [WARNING]   Package not found in tree
[2026-05-02 00:06:48] [INFO] 
================================================================================
[2026-05-02 00:06:48] [INFO] Processing: php-zts-curl (target: core-php-zts-curl)
[2026-05-02 00:06:48] [INFO] ================================================================================
[2026-05-02 00:06:48] [WARNING]   Package not found in tree
[2026-05-02 00:06:48] [INFO] 
================================================================================
[2026-05-02 00:06:48] [INFO] Processing: php-zts-dev (target: core-php-zts-dev)
[2026-05-02 00:06:48] [INFO] ================================================================================
[2026-05-02 00:06:48] [WARNING]   Package not found in tree
[2026-05-02 00:06:48] [INFO] 
================================================================================
[2026-05-02 00:06:48] [INFO] Processing: php-zts-embed (target: core-php-zts-embed)
[2026-05-02 00:06:48] [INFO] ================================================================================
[2026-05-02 00:06:48] [WARNING]   Package not found in tree
[2026-05-02 00:06:48] [INFO] 
================================================================================
[2026-05-02 00:06:48] [INFO] Processing: php-zts-fileinfo (target: core-php-zts-fileinfo)
[2026-05-02 00:06:48] [INFO] ================================================================================
[2026-05-02 00:06:48] [WARNING]   Package not found in tree
[2026-05-02 00:06:48] [INFO] 
================================================================================
[2026-05-02 00:06:48] [INFO] Processing: php-zts-filter (target: core-php-zts-filter)
[2026-05-02 00:06:48] [INFO] ================================================================================
[2026-05-02 00:06:48] [WARNING]   Package not found in tree
[2026-05-02 00:06:48] [INFO] 
================================================================================
[2026-05-02 00:06:48] [INFO] Processing: php-zts-intl (target: core-php-zts-intl)
[2026-05-02 00:06:48] [INFO] ================================================================================
[2026-05-02 00:06:48] [WARNING]   Package not found in tree
[2026-05-02 00:06:48] [INFO] 
================================================================================
[2026-05-02 00:06:48] [INFO] Processing: php-zts-mbstring (target: core-php-zts-mbstring)
[2026-05-02 00:06:48] [INFO] ================================================================================
[2026-05-02 00:06:48] [WARNING]   Package not found in tree
[2026-05-02 00:06:48] [INFO] 
================================================================================
[2026-05-02 00:06:48] [INFO] Processing: php-zts-openssl (target: core-php-zts-openssl)
[2026-05-02 00:06:48] [INFO] ================================================================================
[2026-05-02 00:06:48] [WARNING]   Package not found in tree
[2026-05-02 00:06:48] [INFO] 
================================================================================
[2026-05-02 00:06:48] [INFO] Processing: php-zts-phar (target: core-php-zts-phar)
[2026-05-02 00:06:48] [INFO] ================================================================================
[2026-05-02 00:06:48] [WARNING]   Package not found in tree
[2026-05-02 00:06:48] [INFO] 
================================================================================
[2026-05-02 00:06:48] [INFO] Processing: php-zts-sodium (target: core-php-zts-sodium)
[2026-05-02 00:06:48] [INFO] ================================================================================
[2026-05-02 00:06:48] [WARNING]   Package not found in tree
[2026-05-02 00:06:48] [INFO] 
================================================================================
[2026-05-02 00:06:48] [INFO] Processing: php-zts-tokenizer (target: core-php-zts-tokenizer)
[2026-05-02 00:06:48] [INFO] ================================================================================
[2026-05-02 00:06:48] [WARNING]   Package not found in tree
[2026-05-02 00:06:48] [INFO] 
================================================================================
[2026-05-02 00:06:48] [INFO] Processing: php-zts-zip (target: core-php-zts-zip)
[2026-05-02 00:06:48] [INFO] ================================================================================
[2026-05-02 00:06:48] [WARNING]   Package not found in tree
[2026-05-02 00:06:48] [INFO] 
================================================================================
[2026-05-02 00:06:48] [INFO] Processing: php-zts-zlib (target: core-php-zts-zlib)
[2026-05-02 00:06:48] [INFO] ================================================================================
[2026-05-02 00:06:48] [WARNING]   Package not found in tree
[2026-05-02 00:06:48] [INFO] 
================================================================================
[2026-05-02 00:06:48] [INFO] Processing: tcl8 (target: core-tcl8)
[2026-05-02 00:06:48] [INFO] ================================================================================
[2026-05-02 00:06:48] [INFO]   Current version: 8.6.17
[2026-05-02 00:06:48] [WARNING]   Package not found in release-monitoring.org
[2026-05-02 00:06:48] [INFO] 
================================================================================
[2026-05-02 00:06:48] [INFO] Processing: llvm-binutils (target: core-llvm-binutils)
[2026-05-02 00:06:48] [INFO] ================================================================================
[2026-05-02 00:06:48] [WARNING]   Package not found in tree
[2026-05-02 00:06:48] [INFO] 
================================================================================
[2026-05-02 00:06:48] [INFO] Processing: clang (target: core-clang)
[2026-05-02 00:06:48] [INFO] ================================================================================
[2026-05-02 00:06:48] [WARNING]   Could not determine current version
[2026-05-02 00:06:48] [INFO] 
================================================================================
[2026-05-02 00:06:48] [INFO] Processing: clang-devel-static (target: core-clang-devel-static)
[2026-05-02 00:06:48] [INFO] ================================================================================
[2026-05-02 00:06:48] [WARNING]   Package not found in tree
[2026-05-02 00:06:48] [INFO] 
================================================================================
[2026-05-02 00:06:48] [INFO] Processing: clang-devel (target: core-clang-devel)
[2026-05-02 00:06:48] [INFO] ================================================================================
[2026-05-02 00:06:48] [WARNING]   Package not found in tree
[2026-05-02 00:06:48] [INFO] 
================================================================================
[2026-05-02 00:06:48] [INFO] Processing: clang-analyzer (target: core-clang-analyzer)
[2026-05-02 00:06:48] [INFO] ================================================================================
[2026-05-02 00:06:48] [WARNING]   Package not found in tree
[2026-05-02 00:06:48] [INFO] 
================================================================================
[2026-05-02 00:06:48] [INFO] Processing: clang-libs (target: core-clang-libs)
[2026-05-02 00:06:48] [INFO] ================================================================================
[2026-05-02 00:06:48] [WARNING]   Package not found in tree
[2026-05-02 00:06:48] [INFO] 
================================================================================
[2026-05-02 00:06:48] [INFO] Processing: clang-cpp-libs (target: core-clang-cpp-libs)
[2026-05-02 00:06:48] [INFO] ================================================================================
[2026-05-02 00:06:48] [WARNING]   Package not found in tree
[2026-05-02 00:06:48] [INFO] 
================================================================================
[2026-05-02 00:06:48] [INFO] Processing: mlir (target: core-mlir)
[2026-05-02 00:06:48] [INFO] ================================================================================
[2026-05-02 00:06:48] [WARNING]   Package not found in tree
[2026-05-02 00:06:48] [INFO] 
================================================================================
[2026-05-02 00:06:48] [INFO] Processing: mlir-libs (target: core-mlir-libs)
[2026-05-02 00:06:48] [INFO] ================================================================================
[2026-05-02 00:06:48] [WARNING]   Package not found in tree
[2026-05-02 00:06:48] [INFO] 
================================================================================
[2026-05-02 00:06:48] [INFO] Processing: mlir-devel (target: core-mlir-devel)
[2026-05-02 00:06:48] [INFO] ================================================================================
[2026-05-02 00:06:48] [WARNING]   Package not found in tree
[2026-05-02 00:06:48] [INFO] 
================================================================================
[2026-05-02 00:06:48] [INFO] Processing: mlir-devel-static (target: core-mlir-devel-static)
[2026-05-02 00:06:48] [INFO] ================================================================================
[2026-05-02 00:06:48] [WARNING]   Package not found in tree
[2026-05-02 00:06:48] [INFO] 
================================================================================
[2026-05-02 00:06:48] [INFO] Processing: libunwind-devel (target: core-libunwind-devel)
[2026-05-02 00:06:48] [INFO] ================================================================================
[2026-05-02 00:06:48] [WARNING]   Package not found in tree
[2026-05-02 00:06:48] [INFO] 
================================================================================
[2026-05-02 00:06:48] [INFO] Processing: libunwind-devel-static (target: core-libunwind-devel-static)
[2026-05-02 00:06:48] [INFO] ================================================================================
[2026-05-02 00:06:48] [WARNING]   Package not found in tree
[2026-05-02 00:06:48] [INFO] 
================================================================================
[2026-05-02 00:06:48] [INFO] Processing: libcxx-devel (target: core-libcxx-devel)
[2026-05-02 00:06:48] [INFO] ================================================================================
[2026-05-02 00:06:48] [WARNING]   Package not found in tree
[2026-05-02 00:06:48] [INFO] 
================================================================================
[2026-05-02 00:06:48] [INFO] Processing: libcxx-devel-static (target: core-libcxx-devel-static)
[2026-05-02 00:06:48] [INFO] ================================================================================
[2026-05-02 00:06:48] [WARNING]   Package not found in tree
[2026-05-02 00:06:48] [INFO] 
================================================================================
[2026-05-02 00:06:48] [INFO] Processing: libcxxabi-devel (target: core-libcxxabi-devel)
[2026-05-02 00:06:48] [INFO] ================================================================================
[2026-05-02 00:06:48] [WARNING]   Package not found in tree
[2026-05-02 00:06:48] [INFO] 
================================================================================
[2026-05-02 00:06:48] [INFO] Processing: libcxxabi-devel-static (target: core-libcxxabi-devel-static)
[2026-05-02 00:06:48] [INFO] ================================================================================
[2026-05-02 00:06:48] [WARNING]   Package not found in tree
[2026-05-02 00:06:48] [INFO] 
================================================================================
[2026-05-02 00:06:48] [INFO] Processing: llvm-libs (target: core-llvm-libs)
[2026-05-02 00:06:48] [INFO] ================================================================================
[2026-05-02 00:06:48] [WARNING]   Package not found in tree
[2026-05-02 00:06:48] [INFO] 
================================================================================
[2026-05-02 00:06:48] [INFO] Processing: lld (target: core-lld)
[2026-05-02 00:06:48] [INFO] ================================================================================
[2026-05-02 00:06:48] [WARNING]   Package not found in tree
[2026-05-02 00:06:48] [INFO] 
================================================================================
[2026-05-02 00:06:48] [INFO] Processing: lld-devel (target: core-lld-devel)
[2026-05-02 00:06:48] [INFO] ================================================================================
[2026-05-02 00:06:48] [WARNING]   Package not found in tree
[2026-05-02 00:06:48] [INFO] 
================================================================================
[2026-05-02 00:06:48] [INFO] Processing: llvm-linker-tools (target: core-llvm-linker-tools)
[2026-05-02 00:06:48] [INFO] ================================================================================
[2026-05-02 00:06:48] [WARNING]   Package not found in tree
[2026-05-02 00:06:48] [INFO] 
================================================================================
[2026-05-02 00:06:48] [INFO] Processing: llvm-devel (target: core-llvm-devel)
[2026-05-02 00:06:48] [INFO] ================================================================================
[2026-05-02 00:06:48] [WARNING]   Package not found in tree
[2026-05-02 00:06:48] [INFO] 
================================================================================
[2026-05-02 00:06:48] [INFO] Processing: llvm-devel-static (target: core-llvm-devel-static)
[2026-05-02 00:06:48] [INFO] ================================================================================
[2026-05-02 00:06:48] [WARNING]   Package not found in tree
[2026-05-02 00:06:48] [INFO] 
================================================================================
[2026-05-02 00:06:48] [INFO] Processing: llvm-tools (target: core-llvm-tools)
[2026-05-02 00:06:48] [INFO] ================================================================================
[2026-05-02 00:06:48] [WARNING]   Package not found in tree
[2026-05-02 00:06:48] [INFO] 
================================================================================
[2026-05-02 00:06:48] [INFO] Processing: llvm-runtime (target: core-llvm-runtime)
[2026-05-02 00:06:48] [INFO] ================================================================================
[2026-05-02 00:06:48] [WARNING]   Package not found in tree
[2026-05-02 00:06:48] [INFO] 
================================================================================
[2026-05-02 00:06:48] [INFO] Processing: gzip (target: core-gzip)
[2026-05-02 00:06:48] [INFO] ================================================================================
[2026-05-02 00:06:48] [INFO]   Current version: 1.13
[2026-05-02 00:06:48] [WARNING]   Package not found in release-monitoring.org
[2026-05-02 00:06:48] [INFO] 
================================================================================
[2026-05-02 00:06:48] [INFO] Processing: brotli (target: core-brotli)
[2026-05-02 00:06:48] [INFO] ================================================================================
[2026-05-02 00:06:48] [INFO]   Current version: 1.1.0
[2026-05-02 00:06:48] [WARNING]   Package not found in release-monitoring.org
[2026-05-02 00:06:48] [INFO] 
================================================================================
[2026-05-02 00:06:48] [INFO] Processing: nodejs (target: core-nodejs)
[2026-05-02 00:06:48] [INFO] ================================================================================
[2026-05-02 00:06:48] [INFO]   Current version: 24.9.0
[2026-05-02 00:06:48] [WARNING]   Package not found in release-monitoring.org
[2026-05-02 00:06:48] [INFO] 
================================================================================
[2026-05-02 00:06:48] [INFO] Processing: npm (target: core-npm)
[2026-05-02 00:06:48] [INFO] ================================================================================
[2026-05-02 00:06:48] [INFO]   Current version: 11.6.0
[2026-05-02 00:06:48] [WARNING]   Package not found in release-monitoring.org
[2026-05-02 00:06:48] [INFO] 
================================================================================
[2026-05-02 00:06:48] [INFO] Processing: nodejs (target: pallet-nodejs)
[2026-05-02 00:06:48] [INFO] ================================================================================
[2026-05-02 00:06:48] [INFO]   Current version: 24.9.0
[2026-05-02 00:06:48] [WARNING]   Package not found in release-monitoring.org
[2026-05-02 00:06:48] [INFO] 
================================================================================
[2026-05-02 00:06:48] [INFO] Processing: libatomic-chimera (target: core-libatomic-chimera)
[2026-05-02 00:06:48] [INFO] ================================================================================
[2026-05-02 00:06:48] [INFO]   Current version: 0.90.0
[2026-05-02 00:06:48] [WARNING]   Package not found in release-monitoring.org
[2026-05-02 00:06:48] [INFO] 
================================================================================
[2026-05-02 00:06:48] [INFO] Processing: sed (target: core-sed)
[2026-05-02 00:06:48] [INFO] ================================================================================
[2026-05-02 00:06:48] [INFO]   Current version: 4.9
[2026-05-02 00:06:48] [WARNING]   Package not found in release-monitoring.org
[2026-05-02 00:06:48] [INFO] 
================================================================================
[2026-05-02 00:06:48] [INFO] Processing: toybox (target: core-toybox)
[2026-05-02 00:06:48] [INFO] ================================================================================
[2026-05-02 00:06:48] [INFO]   Current version: 0.8.13
[2026-05-02 00:06:48] [WARNING]   Package not found in release-monitoring.org
[2026-05-02 00:06:48] [INFO] 
================================================================================
[2026-05-02 00:06:48] [INFO] Processing: findutils (target: core-findutils)
[2026-05-02 00:06:48] [INFO] ================================================================================
[2026-05-02 00:06:48] [INFO]   Current version: 4.9.0
[2026-05-02 00:06:48] [WARNING]   Package not found in release-monitoring.org
[2026-05-02 00:06:48] [INFO] 
================================================================================
[2026-05-02 00:06:48] [INFO] Processing: bc (target: core-bc)
[2026-05-02 00:06:48] [INFO] ================================================================================
[2026-05-02 00:06:48] [INFO]   Current version: 1.08.2
[2026-05-02 00:06:48] [WARNING]   Package not found in release-monitoring.org
[2026-05-02 00:06:48] [INFO] 
================================================================================
[2026-05-02 00:06:48] [INFO] Processing: acl (target: core-acl)
[2026-05-02 00:06:48] [INFO] ================================================================================
[2026-05-02 00:06:48] [INFO]   Current version: 2.3.2
[2026-05-02 00:06:48] [WARNING]   Package not found in release-monitoring.org
[2026-05-02 00:06:48] [INFO] 
================================================================================
[2026-05-02 00:06:48] [INFO] Processing: libpng (target: core-libpng)
[2026-05-02 00:06:48] [INFO] ================================================================================
[2026-05-02 00:06:48] [INFO]   Current version: 1.6.54
[2026-05-02 00:06:48] [WARNING]   Package not found in release-monitoring.org
[2026-05-02 00:06:48] [INFO] 
================================================================================
[2026-05-02 00:06:48] [INFO] Processing: re2c (target: core-re2c)
[2026-05-02 00:06:48] [INFO] ================================================================================
[2026-05-02 00:06:48] [INFO]   Current version: 3.1
[2026-05-02 00:06:48] [WARNING]   Package not found in release-monitoring.org
[2026-05-02 00:06:48] [INFO] 
================================================================================
[2026-05-02 00:06:48] [INFO] Processing: gdbm (target: core-gdbm)
[2026-05-02 00:06:48] [INFO] ================================================================================
[2026-05-02 00:06:48] [INFO]   Current version: 1.23
[2026-05-02 00:06:48] [WARNING]   Package not found in release-monitoring.org
[2026-05-02 00:06:48] [INFO] 
================================================================================
[2026-05-02 00:06:48] [INFO] Processing: ruby (target: core-ruby)
[2026-05-02 00:06:48] [INFO] ================================================================================
[2026-05-02 00:06:48] [INFO]   Current version: 3.4.9
[2026-05-02 00:06:48] [WARNING]   Package not found in release-monitoring.org
[2026-05-02 00:06:48] [INFO] 
================================================================================
[2026-05-02 00:06:48] [INFO] Processing: uv (target: core-uv)
[2026-05-02 00:06:48] [INFO] ================================================================================
[2026-05-02 00:06:48] [INFO]   Current version: 0.9.25
[2026-05-02 00:06:48] [WARNING]   Package not found in release-monitoring.org
[2026-05-02 00:06:48] [INFO] 
================================================================================
[2026-05-02 00:06:48] [INFO] Processing: clang-meson-busybox (target: pallet-clang-meson-busybox)
[2026-05-02 00:06:48] [INFO] ================================================================================
[2026-05-02 00:06:48] [WARNING]   Could not determine current version
[2026-05-02 00:06:48] [INFO] 
================================================================================
[2026-05-02 00:06:48] [INFO] Processing: gcc-gnu-gnu (target: pallet-gcc-gnu-gnu)
[2026-05-02 00:06:48] [INFO] ================================================================================
[2026-05-02 00:06:48] [WARNING]   Could not determine current version
[2026-05-02 00:06:48] [INFO] 
================================================================================
[2026-05-02 00:06:48] [INFO] Processing: php-mongodb (target: pallet-php-mongodb)
[2026-05-02 00:06:48] [INFO] ================================================================================
[2026-05-02 00:06:48] [INFO]   Current version: 2.2.1
[2026-05-02 00:06:48] [WARNING]   Package not found in release-monitoring.org
[2026-05-02 00:06:48] [INFO] 
================================================================================
[2026-05-02 00:06:48] [INFO] Processing: gcc-cmake-busybox (target: pallet-gcc-cmake-busybox)
[2026-05-02 00:06:48] [INFO] ================================================================================
[2026-05-02 00:06:48] [WARNING]   Could not determine current version
[2026-05-02 00:06:48] [INFO] 
================================================================================
[2026-05-02 00:06:48] [INFO] Processing: php-composer (target: pallet-php-composer)
[2026-05-02 00:06:48] [INFO] ================================================================================
[2026-05-02 00:06:48] [WARNING]   Could not determine current version
[2026-05-02 00:06:48] [INFO] 
================================================================================
[2026-05-02 00:06:48] [INFO] Processing: gcc-meson-busybox (target: pallet-gcc-meson-busybox)
[2026-05-02 00:06:48] [INFO] ================================================================================
[2026-05-02 00:06:48] [WARNING]   Could not determine current version
[2026-05-02 00:06:48] [INFO] 
================================================================================
[2026-05-02 00:06:48] [INFO] Processing: chrpath (target: user-chrpath)
[2026-05-02 00:06:48] [INFO] ================================================================================
[2026-05-02 00:06:48] [INFO]   Current version: 0.16
[2026-05-02 00:06:48] [WARNING]   Package not found in release-monitoring.org
[2026-05-02 00:06:48] [INFO] 
================================================================================
[2026-05-02 00:06:48] [INFO] Processing: py-pyasn1 (target: user-py-pyasn1)
[2026-05-02 00:06:48] [INFO] ================================================================================
[2026-05-02 00:06:48] [INFO]   Current version: 0.6.1
[2026-05-02 00:06:48] [WARNING]   Package not found in release-monitoring.org
[2026-05-02 00:06:48] [INFO] 
================================================================================
[2026-05-02 00:06:48] [INFO] Processing: libusb (target: user-libusb)
[2026-05-02 00:06:48] [INFO] ================================================================================
[2026-05-02 00:06:48] [INFO]   Current version: 1.0.27
[2026-05-02 00:06:48] [WARNING]   Package not found in release-monitoring.org
[2026-05-02 00:06:48] [INFO] 
================================================================================
[2026-05-02 00:06:48] [INFO] Processing: autoconf-archive (target: user-autoconf-archive)
[2026-05-02 00:06:48] [INFO] ================================================================================
[2026-05-02 00:06:48] [INFO]   Current version: 2023.02.20
[2026-05-02 00:06:48] [WARNING]   Package not found in release-monitoring.org
[2026-05-02 00:06:48] [INFO] 
================================================================================
[2026-05-02 00:06:48] [INFO] Processing: pcsc-lite (target: user-pcsc-lite)
[2026-05-02 00:06:48] [INFO] ================================================================================
[2026-05-02 00:06:48] [INFO]   Current version: 2.3.1
[2026-05-02 00:06:48] [WARNING]   Package not found in release-monitoring.org
[2026-05-02 00:06:48] [INFO] 
================================================================================
[2026-05-02 00:06:48] [INFO] Processing: util-macros (target: user-util-macros)
[2026-05-02 00:06:48] [INFO] ================================================================================
[2026-05-02 00:06:48] [INFO]   Current version: 1.20.1
[2026-05-02 00:06:48] [WARNING]   Package not found in release-monitoring.org
[2026-05-02 00:06:48] [INFO] 
================================================================================
[2026-05-02 00:06:48] [INFO] Processing: xorgproto (target: user-xorgproto)
[2026-05-02 00:06:48] [INFO] ================================================================================
[2026-05-02 00:06:48] [INFO]   Current version: 2024.1
[2026-05-02 00:06:48] [WARNING]   Package not found in release-monitoring.org
[2026-05-02 00:06:48] [INFO] 
================================================================================
[2026-05-02 00:06:48] [INFO] Processing: rhash (target: user-rhash)
[2026-05-02 00:06:48] [INFO] ================================================================================
[2026-05-02 00:06:48] [INFO]   Current version: 1.4.4
[2026-05-02 00:06:48] [WARNING]   Package not found in release-monitoring.org
[2026-05-02 00:06:48] [INFO] 
================================================================================
[2026-05-02 00:06:48] [INFO] Processing: libcap-ng (target: user-libcap-ng)
[2026-05-02 00:06:48] [INFO] ================================================================================
[2026-05-02 00:06:48] [INFO]   Current version: 0.9.3
[2026-05-02 00:06:48] [WARNING]   Package not found in release-monitoring.org
[2026-05-02 00:06:48] [INFO] 
================================================================================
[2026-05-02 00:06:48] [INFO] Processing: file (target: user-file)
[2026-05-02 00:06:48] [INFO] ================================================================================
[2026-05-02 00:06:48] [INFO]   Current version: 5.46
[2026-05-02 00:06:48] [WARNING]   Package not found in release-monitoring.org
[2026-05-02 00:06:48] [INFO] 
================================================================================
[2026-05-02 00:06:48] [INFO] Processing: util-linux (target: user-util-linux)
[2026-05-02 00:06:48] [INFO] ================================================================================
[2026-05-02 00:06:48] [INFO]   Current version: 2.41.2
[2026-05-02 00:06:48] [WARNING]   Package not found in release-monitoring.org
[2026-05-02 00:06:48] [INFO] 
================================================================================
[2026-05-02 00:06:48] [INFO] Processing: glib (target: user-glib)
[2026-05-02 00:06:48] [INFO] ================================================================================
[2026-05-02 00:06:48] [INFO]   Current version: 2.82.1
[2026-05-02 00:06:48] [WARNING]   Package not found in release-monitoring.org
[2026-05-02 00:06:48] [INFO] 
================================================================================
[2026-05-02 00:06:48] [INFO] Processing: perl-yaml-syck (target: user-perl-yaml-syck)
[2026-05-02 00:06:48] [INFO] ================================================================================
[2026-05-02 00:06:49] [INFO]   Current version: 1.36
[2026-05-02 00:06:49] [WARNING]   Package not found in release-monitoring.org
[2026-05-02 00:06:49] [INFO] 
================================================================================
[2026-05-02 00:06:49] [INFO] Processing: xmlto (target: user-xmlto)
[2026-05-02 00:06:49] [INFO] ================================================================================
[2026-05-02 00:06:49] [INFO]   Current version: 0.0.29
[2026-05-02 00:06:49] [WARNING]   Package not found in release-monitoring.org
[2026-05-02 00:06:49] [INFO] 
================================================================================
[2026-05-02 00:06:49] [INFO] Processing: libxdmcp (target: user-libxdmcp)
[2026-05-02 00:06:49] [INFO] ================================================================================
[2026-05-02 00:06:49] [INFO]   Current version: 1.1.5
[2026-05-02 00:06:49] [WARNING]   Package not found in release-monitoring.org
[2026-05-02 00:06:49] [INFO] 
================================================================================
[2026-05-02 00:06:49] [INFO] Processing: xcb-proto (target: user-xcb-proto)
[2026-05-02 00:06:49] [INFO] ================================================================================
[2026-05-02 00:06:49] [INFO]   Current version: 1.17.0
[2026-05-02 00:06:49] [WARNING]   Package not found in release-monitoring.org
[2026-05-02 00:06:49] [INFO] 
================================================================================
[2026-05-02 00:06:49] [INFO] Processing: libxau (target: user-libxau)
[2026-05-02 00:06:49] [INFO] ================================================================================
[2026-05-02 00:06:49] [INFO]   Current version: 1.0.12
[2026-05-02 00:06:49] [WARNING]   Package not found in release-monitoring.org
[2026-05-02 00:06:49] [INFO] 
================================================================================
[2026-05-02 00:06:49] [INFO] Processing: libxcb (target: user-libxcb)
[2026-05-02 00:06:49] [INFO] ================================================================================
[2026-05-02 00:06:49] [INFO]   Current version: 1.17.0
[2026-05-02 00:06:49] [WARNING]   Package not found in release-monitoring.org
[2026-05-02 00:06:49] [INFO] 
================================================================================
[2026-05-02 00:06:49] [INFO] Processing: xtrans (target: user-xtrans)
[2026-05-02 00:06:49] [INFO] ================================================================================
[2026-05-02 00:06:49] [INFO]   Current version: 1.5.2
[2026-05-02 00:06:49] [WARNING]   Package not found in release-monitoring.org
[2026-05-02 00:06:49] [INFO] 
================================================================================
[2026-05-02 00:06:49] [INFO] Processing: libx11 (target: user-libx11)
[2026-05-02 00:06:49] [INFO] ================================================================================
[2026-05-02 00:06:49] [INFO]   Current version: 1.8.11
[2026-05-02 00:06:49] [WARNING]   Package not found in release-monitoring.org
[2026-05-02 00:06:49] [INFO] 
================================================================================
[2026-05-02 00:06:49] [INFO] Processing: libxfixes (target: user-libxfixes)
[2026-05-02 00:06:49] [INFO] ================================================================================
[2026-05-02 00:06:49] [INFO]   Current version: 6.0.1
[2026-05-02 00:06:49] [WARNING]   Package not found in release-monitoring.org
[2026-05-02 00:06:49] [INFO] 
================================================================================
[2026-05-02 00:06:49] [INFO] Processing: libxdamage (target: user-libxdamage)
[2026-05-02 00:06:49] [INFO] ================================================================================
[2026-05-02 00:06:49] [INFO]   Current version: 1.1.6
[2026-05-02 00:06:49] [WARNING]   Package not found in release-monitoring.org
[2026-05-02 00:06:49] [INFO] 
================================================================================
[2026-05-02 00:06:49] [INFO] Processing: npth (target: user-npth)
[2026-05-02 00:06:49] [INFO] ================================================================================
[2026-05-02 00:06:49] [INFO]   Current version: 1.8
[2026-05-02 00:06:49] [WARNING]   Package not found in release-monitoring.org
[2026-05-02 00:06:49] [INFO] 
================================================================================
[2026-05-02 00:06:49] [INFO] Processing: libgpg-error (target: user-libgpg-error)
[2026-05-02 00:06:49] [INFO] ================================================================================
[2026-05-02 00:06:49] [INFO]   Current version: 1.59
[2026-05-02 00:06:49] [WARNING]   Package not found in release-monitoring.org
[2026-05-02 00:06:49] [INFO] 
================================================================================
[2026-05-02 00:06:49] [INFO] Processing: libassuan (target: user-libassuan)
[2026-05-02 00:06:49] [INFO] ================================================================================
[2026-05-02 00:06:49] [INFO]   Current version: 3.0.2
[2026-05-02 00:06:49] [WARNING]   Package not found in release-monitoring.org
[2026-05-02 00:06:49] [INFO] 
================================================================================
[2026-05-02 00:06:49] [INFO] Processing: libplist (target: user-libplist)
[2026-05-02 00:06:49] [INFO] ================================================================================
[2026-05-02 00:06:49] [INFO]   Current version: 2.6.0
[2026-05-02 00:06:49] [WARNING]   Package not found in release-monitoring.org
[2026-05-02 00:06:49] [INFO] 
================================================================================
[2026-05-02 00:06:49] [INFO] Processing: libimobiledevice-glue (target: user-libimobiledevice-glue)
[2026-05-02 00:06:49] [INFO] ================================================================================
[2026-05-02 00:06:49] [INFO]   Current version: 1.3.1
[2026-05-02 00:06:49] [WARNING]   Package not found in release-monitoring.org
[2026-05-02 00:06:49] [INFO] 
================================================================================
[2026-05-02 00:06:49] [INFO] Processing: py-setuptools-rust (target: user-py-setuptools-rust)
[2026-05-02 00:06:49] [INFO] ================================================================================
[2026-05-02 00:06:49] [INFO]   Current version: 1.11.1
[2026-05-02 00:06:49] [WARNING]   Package not found in release-monitoring.org
[2026-05-02 00:06:49] [INFO] 
================================================================================
[2026-05-02 00:06:49] [INFO] Processing: zip (target: user-zip)
[2026-05-02 00:06:49] [INFO] ================================================================================
[2026-05-02 00:06:49] [INFO]   Current version: 30
[2026-05-02 00:06:49] [WARNING]   Package not found in release-monitoring.org
[2026-05-02 00:06:49] [INFO] 
================================================================================
[2026-05-02 00:06:49] [INFO] Processing: tini (target: user-tini)
[2026-05-02 00:06:49] [INFO] ================================================================================
[2026-05-02 00:06:49] [INFO]   Current version: 0.19.0
[2026-05-02 00:06:49] [WARNING]   Package not found in release-monitoring.org
[2026-05-02 00:06:49] [INFO] 
================================================================================
[2026-05-02 00:06:49] [INFO] Processing: acpica (target: user-acpica)
[2026-05-02 00:06:49] [INFO] ================================================================================
[2026-05-02 00:06:49] [INFO]   Current version: 20260408
[2026-05-02 00:06:49] [WARNING]   Package not found in release-monitoring.org
[2026-05-02 00:06:49] [INFO] 
================================================================================
[2026-05-02 00:06:49] [INFO] Processing: syslinux (target: user-syslinux)
[2026-05-02 00:06:49] [INFO] ================================================================================
[2026-05-02 00:06:49] [INFO]   Current version: 6.04-pre1
[2026-05-02 00:06:49] [WARNING]   Package not found in release-monitoring.org
[2026-05-02 00:06:49] [INFO] 
================================================================================
[2026-05-02 00:06:49] [INFO] Processing: py-pycparser (target: user-py-pycparser)
[2026-05-02 00:06:49] [INFO] ================================================================================
[2026-05-02 00:06:49] [INFO]   Current version: 2.22
[2026-05-02 00:06:49] [WARNING]   Package not found in release-monitoring.org
[2026-05-02 00:06:49] [INFO] 
================================================================================
[2026-05-02 00:06:49] [INFO] Processing: e2fsprogs (target: user-e2fsprogs)
[2026-05-02 00:06:49] [INFO] ================================================================================
[2026-05-02 00:06:49] [INFO]   Current version: 1.47.1
[2026-05-02 00:06:49] [WARNING]   Package not found in release-monitoring.org
[2026-05-02 00:06:49] [INFO] 
================================================================================
[2026-05-02 00:06:49] [INFO] Processing: glibc (target: user-glibc)
[2026-05-02 00:06:49] [INFO] ================================================================================
[2026-05-02 00:06:49] [INFO]   Current version: 2.40
[2026-05-02 00:06:49] [WARNING]   Package not found in release-monitoring.org
[2026-05-02 00:06:49] [INFO] 
================================================================================
[2026-05-02 00:06:49] [INFO] Processing: groff (target: user-groff)
[2026-05-02 00:06:49] [INFO] ================================================================================
[2026-05-02 00:06:49] [INFO]   Current version: 1.24.1
[2026-05-02 00:06:49] [WARNING]   Package not found in release-monitoring.org
[2026-05-02 00:06:49] [INFO] 
================================================================================
[2026-05-02 00:06:49] [INFO] Processing: postgresql (target: user-postgresql)
[2026-05-02 00:06:49] [INFO] ================================================================================
[2026-05-02 00:06:49] [INFO]   Current version: 18.1
[2026-05-02 00:06:49] [WARNING]   Package not found in release-monitoring.org
[2026-05-02 00:06:49] [INFO] 
================================================================================
[2026-05-02 00:06:49] [INFO] Processing: unixodbc (target: user-unixodbc)
[2026-05-02 00:06:49] [INFO] ================================================================================
[2026-05-02 00:06:49] [INFO]   Current version: 2.3.12
[2026-05-02 00:06:49] [WARNING]   Package not found in release-monitoring.org
[2026-05-02 00:06:49] [INFO] 
================================================================================
[2026-05-02 00:06:49] [INFO] Processing: libevent (target: user-libevent)
[2026-05-02 00:06:49] [INFO] ================================================================================
[2026-05-02 00:06:49] [INFO]   Current version: 2.1.12
[2026-05-02 00:06:49] [WARNING]   Package not found in release-monitoring.org
[2026-05-02 00:06:49] [INFO] 
================================================================================
[2026-05-02 00:06:49] [INFO] Processing: openldap (target: user-openldap)
[2026-05-02 00:06:49] [INFO] ================================================================================
[2026-05-02 00:06:49] [INFO]   Current version: 2.6.8
[2026-05-02 00:06:49] [WARNING]   Package not found in release-monitoring.org
[2026-05-02 00:06:49] [INFO] 
================================================================================
[2026-05-02 00:06:49] [INFO] Processing: libverto (target: user-libverto)
[2026-05-02 00:06:49] [INFO] ================================================================================
[2026-05-02 00:06:49] [INFO]   Current version: 0.3.2
[2026-05-02 00:06:49] [WARNING]   Package not found in release-monitoring.org
[2026-05-02 00:06:49] [INFO] 
================================================================================
[2026-05-02 00:06:49] [INFO] Processing: krb5 (target: user-krb5)
[2026-05-02 00:06:49] [INFO] ================================================================================
[2026-05-02 00:06:49] [INFO]   Current version: 1.21.2
[2026-05-02 00:06:49] [WARNING]   Package not found in release-monitoring.org
[2026-05-02 00:06:49] [INFO] 
================================================================================
[2026-05-02 00:06:49] [INFO] Processing: py-decorator (target: user-py-decorator)
[2026-05-02 00:06:49] [INFO] ================================================================================
[2026-05-02 00:06:49] [INFO]   Current version: 5.2.1
[2026-05-02 00:06:49] [WARNING]   Package not found in release-monitoring.org
[2026-05-02 00:06:49] [INFO] 
================================================================================
[2026-05-02 00:06:49] [INFO] Processing: py-gssapi (target: user-py-gssapi)
[2026-05-02 00:06:49] [INFO] ================================================================================
[2026-05-02 00:06:49] [INFO]   Current version: 1.9.0
[2026-05-02 00:06:49] [WARNING]   Package not found in release-monitoring.org
[2026-05-02 00:06:49] [INFO] 
================================================================================
[2026-05-02 00:06:49] [INFO] Processing: redis (target: user-redis)
[2026-05-02 00:06:49] [INFO] ================================================================================
[2026-05-02 00:06:49] [INFO]   Current version: 8.0.3
[2026-05-02 00:06:49] [WARNING]   Package not found in release-monitoring.org
[2026-05-02 00:06:49] [INFO] 
================================================================================
[2026-05-02 00:06:49] [INFO] Processing: libtasn1 (target: user-libtasn1)
[2026-05-02 00:06:49] [INFO] ================================================================================
[2026-05-02 00:06:49] [INFO]   Current version: 4.19.0
[2026-05-02 00:06:49] [WARNING]   Package not found in release-monitoring.org
[2026-05-02 00:06:49] [INFO] 
================================================================================
[2026-05-02 00:06:49] [INFO] Processing: libtpms (target: user-libtpms)
[2026-05-02 00:06:49] [INFO] ================================================================================
[2026-05-02 00:06:49] [INFO]   Current version: 0.10.2
[2026-05-02 00:06:49] [WARNING]   Package not found in release-monitoring.org
[2026-05-02 00:06:49] [INFO] 
================================================================================
[2026-05-02 00:06:49] [INFO] Processing: json-glib (target: user-json-glib)
[2026-05-02 00:06:49] [INFO] ================================================================================
[2026-05-02 00:06:49] [INFO]   Current version: 1.8.0
[2026-05-02 00:06:49] [WARNING]   Package not found in release-monitoring.org
[2026-05-02 00:06:49] [INFO] 
================================================================================
[2026-05-02 00:06:49] [INFO] Processing: socat (target: user-socat)
[2026-05-02 00:06:49] [INFO] ================================================================================
[2026-05-02 00:06:49] [INFO]   Current version: 1.8.0.1
[2026-05-02 00:06:49] [WARNING]   Package not found in release-monitoring.org
[2026-05-02 00:06:49] [INFO] 
================================================================================
[2026-05-02 00:06:49] [INFO] Processing: swtpm (target: user-swtpm)
[2026-05-02 00:06:49] [INFO] ================================================================================
[2026-05-02 00:06:49] [INFO]   Current version: 0.10.1
[2026-05-02 00:06:49] [WARNING]   Package not found in release-monitoring.org
[2026-05-02 00:06:49] [INFO] 
================================================================================
[2026-05-02 00:06:49] [INFO] Processing: mdbook (target: user-mdbook)
[2026-05-02 00:06:49] [INFO] ================================================================================
[2026-05-02 00:06:49] [INFO]   Current version: 0.5.2
[2026-05-02 00:06:49] [WARNING]   Package not found in release-monitoring.org
[2026-05-02 00:06:49] [INFO] 
================================================================================
[2026-05-02 00:06:49] [INFO] Processing: py-trove-classifiers (target: user-py-trove-classifiers)
[2026-05-02 00:06:49] [INFO] ================================================================================
[2026-05-02 00:06:49] [INFO]   Current version: 2024.5.17
[2026-05-02 00:06:49] [WARNING]   Package not found in release-monitoring.org
[2026-05-02 00:06:49] [INFO] 
================================================================================
[2026-05-02 00:06:49] [INFO] Processing: py-pluggy (target: user-py-pluggy)
[2026-05-02 00:06:49] [INFO] ================================================================================
[2026-05-02 00:06:49] [INFO]   Current version: 1.6.0
[2026-05-02 00:06:49] [WARNING]   Package not found in release-monitoring.org
[2026-05-02 00:06:49] [INFO] 
================================================================================
[2026-05-02 00:06:49] [INFO] Processing: py-hatchling (target: user-py-hatchling)
[2026-05-02 00:06:49] [INFO] ================================================================================
[2026-05-02 00:06:49] [INFO]   Current version: 1.27.0
[2026-05-02 00:06:49] [WARNING]   Package not found in release-monitoring.org
[2026-05-02 00:06:49] [INFO] 
================================================================================
[2026-05-02 00:06:49] [INFO] Processing: libice (target: user-libice)
[2026-05-02 00:06:49] [INFO] ================================================================================
[2026-05-02 00:06:49] [INFO]   Current version: 1.1.2
[2026-05-02 00:06:49] [WARNING]   Package not found in release-monitoring.org
[2026-05-02 00:06:49] [INFO] 
================================================================================
[2026-05-02 00:06:49] [INFO] Processing: libsm (target: user-libsm)
[2026-05-02 00:06:49] [INFO] ================================================================================
[2026-05-02 00:06:49] [INFO]   Current version: 1.2.5
[2026-05-02 00:06:49] [WARNING]   Package not found in release-monitoring.org
[2026-05-02 00:06:49] [INFO] 
================================================================================
[2026-05-02 00:06:49] [INFO] Processing: libxt (target: user-libxt)
[2026-05-02 00:06:49] [INFO] ================================================================================
[2026-05-02 00:06:49] [INFO]   Current version: 1.3.1
[2026-05-02 00:06:49] [WARNING]   Package not found in release-monitoring.org
[2026-05-02 00:06:49] [INFO] 
================================================================================
[2026-05-02 00:06:49] [INFO] Processing: vim (target: user-vim)
[2026-05-02 00:06:49] [INFO] ================================================================================
[2026-05-02 00:06:49] [INFO]   Current version: 9.2.0428
[2026-05-02 00:06:49] [WARNING]   Package not found in release-monitoring.org
[2026-05-02 00:06:49] [INFO] 
================================================================================
[2026-05-02 00:06:49] [INFO] Processing: vimdiff (target: user-vimdiff)
[2026-05-02 00:06:49] [INFO] ================================================================================
[2026-05-02 00:06:49] [WARNING]   Package not found in tree
[2026-05-02 00:06:49] [INFO] 
================================================================================
[2026-05-02 00:06:49] [INFO] Processing: vim-tutor (target: user-vim-tutor)
[2026-05-02 00:06:49] [INFO] ================================================================================
[2026-05-02 00:06:49] [WARNING]   Package not found in tree
[2026-05-02 00:06:49] [INFO] 
================================================================================
[2026-05-02 00:06:49] [INFO] Processing: vim-common (target: user-vim-common)
[2026-05-02 00:06:49] [INFO] ================================================================================
[2026-05-02 00:06:49] [WARNING]   Package not found in tree
[2026-05-02 00:06:49] [INFO] 
================================================================================
[2026-05-02 00:06:49] [INFO] Processing: xxd (target: user-xxd)
[2026-05-02 00:06:49] [INFO] ================================================================================
[2026-05-02 00:06:49] [WARNING]   Package not found in tree
[2026-05-02 00:06:49] [INFO] 
================================================================================
[2026-05-02 00:06:49] [INFO] Processing: jq (target: user-jq)
[2026-05-02 00:06:49] [INFO] ================================================================================
[2026-05-02 00:06:49] [INFO]   Current version: 1.8.1
[2026-05-02 00:06:49] [WARNING]   Package not found in release-monitoring.org
[2026-05-02 00:06:49] [INFO] 
================================================================================
[2026-05-02 00:06:49] [INFO] Processing: ksops-dry-run (target: user-ksops-dry-run)
[2026-05-02 00:06:49] [INFO] ================================================================================
[2026-05-02 00:06:49] [INFO]   Current version: 0.2.0
[2026-05-02 00:06:49] [WARNING]   Package not found in release-monitoring.org
[2026-05-02 00:06:49] [INFO] 
================================================================================
[2026-05-02 00:06:49] [INFO] Processing: py-typing-extensions (target: user-py-typing-extensions)
[2026-05-02 00:06:49] [INFO] ================================================================================
[2026-05-02 00:06:49] [INFO]   Current version: 4.10.0
[2026-05-02 00:06:49] [WARNING]   Package not found in release-monitoring.org
[2026-05-02 00:06:49] [INFO] 
================================================================================
[2026-05-02 00:06:49] [INFO] Processing: grpcurl (target: user-grpcurl)
[2026-05-02 00:06:49] [INFO] ================================================================================
[2026-05-02 00:06:49] [INFO]   Current version: 1.8.9
[2026-05-02 00:06:49] [WARNING]   Package not found in release-monitoring.org
[2026-05-02 00:06:49] [INFO] 
================================================================================
[2026-05-02 00:06:49] [INFO] Processing: libaio (target: user-libaio)
[2026-05-02 00:06:49] [INFO] ================================================================================
[2026-05-02 00:06:49] [INFO]   Current version: 0.3.113
[2026-05-02 00:06:49] [WARNING]   Package not found in release-monitoring.org
[2026-05-02 00:06:49] [INFO] 
================================================================================
[2026-05-02 00:06:49] [INFO] Processing: aspell (target: user-aspell)
[2026-05-02 00:06:49] [INFO] ================================================================================
[2026-05-02 00:06:49] [INFO]   Current version: 0.60.8.1
[2026-05-02 00:06:49] [WARNING]   Package not found in release-monitoring.org
[2026-05-02 00:06:49] [INFO] 
================================================================================
[2026-05-02 00:06:49] [INFO] Processing: patch (target: user-patch)
[2026-05-02 00:06:49] [INFO] ================================================================================
[2026-05-02 00:06:49] [INFO]   Current version: 2.8
[2026-05-02 00:06:49] [WARNING]   Package not found in release-monitoring.org
[2026-05-02 00:06:49] [INFO] 
================================================================================
[2026-05-02 00:06:49] [INFO] Processing: numactl (target: user-numactl)
[2026-05-02 00:06:49] [INFO] ================================================================================
[2026-05-02 00:06:49] [INFO]   Current version: 2.0.18
[2026-05-02 00:06:49] [WARNING]   Package not found in release-monitoring.org
[2026-05-02 00:06:49] [INFO] 
================================================================================
[2026-05-02 00:06:49] [INFO] Processing: hunspell (target: user-hunspell)
[2026-05-02 00:06:49] [INFO] ================================================================================
[2026-05-02 00:06:49] [INFO]   Current version: 1.7.2
[2026-05-02 00:06:49] [WARNING]   Package not found in release-monitoring.org
[2026-05-02 00:06:49] [INFO] 
================================================================================
[2026-05-02 00:06:49] [INFO] Processing: json-c (target: user-json-c)
[2026-05-02 00:06:49] [INFO] ================================================================================
[2026-05-02 00:06:49] [INFO]   Current version: 0.18-20240915
[2026-05-02 00:06:49] [WARNING]   Package not found in release-monitoring.org
[2026-05-02 00:06:49] [INFO] 
================================================================================
[2026-05-02 00:06:49] [INFO] Processing: libarchive (target: user-libarchive)
[2026-05-02 00:06:49] [INFO] ================================================================================
[2026-05-02 00:06:49] [INFO]   Current version: 3.7.4
[2026-05-02 00:06:49] [WARNING]   Package not found in release-monitoring.org
[2026-05-02 00:06:49] [INFO] 
================================================================================
[2026-05-02 00:06:49] [INFO] Processing: elfutils (target: user-elfutils)
[2026-05-02 00:06:49] [INFO] ================================================================================
[2026-05-02 00:06:49] [INFO]   Current version: 0.193
[2026-05-02 00:06:49] [WARNING]   Package not found in release-monitoring.org
[2026-05-02 00:06:49] [INFO] 
================================================================================
[2026-05-02 00:06:49] [INFO] Processing: scdoc (target: user-scdoc)
[2026-05-02 00:06:49] [INFO] ================================================================================
[2026-05-02 00:06:49] [INFO]   Current version: 1.11.4
[2026-05-02 00:06:49] [WARNING]   Package not found in release-monitoring.org
[2026-05-02 00:06:49] [INFO] 
================================================================================
[2026-05-02 00:06:49] [INFO] Processing: kmod (target: user-kmod)
[2026-05-02 00:06:49] [INFO] ================================================================================
[2026-05-02 00:06:49] [INFO]   Current version: 34.2
[2026-05-02 00:06:49] [WARNING]   Package not found in release-monitoring.org
[2026-05-02 00:06:49] [INFO] 
================================================================================
[2026-05-02 00:06:49] [INFO] Processing: linux-generic (target: user-linux-generic)
[2026-05-02 00:06:49] [INFO] ================================================================================
[2026-05-02 00:06:49] [WARNING]   Package not found in tree
[2026-05-02 00:06:49] [INFO] 
================================================================================
[2026-05-02 00:06:49] [INFO] Processing: linux-airgap (target: user-linux-airgap)
[2026-05-02 00:06:49] [INFO] ================================================================================
[2026-05-02 00:06:49] [WARNING]   Package not found in tree
[2026-05-02 00:06:49] [INFO] 
================================================================================
[2026-05-02 00:06:49] [INFO] Processing: linux-server (target: user-linux-server)
[2026-05-02 00:06:49] [INFO] ================================================================================
[2026-05-02 00:06:49] [WARNING]   Package not found in tree
[2026-05-02 00:06:49] [INFO] 
================================================================================
[2026-05-02 00:06:49] [INFO] Processing: linux-guest (target: user-linux-guest)
[2026-05-02 00:06:49] [INFO] ================================================================================
[2026-05-02 00:06:49] [WARNING]   Package not found in tree
[2026-05-02 00:06:49] [INFO] 
================================================================================
[2026-05-02 00:06:49] [INFO] Processing: linux-guest-net (target: user-linux-guest-net)
[2026-05-02 00:06:49] [INFO] ================================================================================
[2026-05-02 00:06:49] [WARNING]   Package not found in tree
[2026-05-02 00:06:49] [INFO] 
================================================================================
[2026-05-02 00:06:49] [INFO] Processing: linux-nitro (target: user-linux-nitro)
[2026-05-02 00:06:49] [INFO] ================================================================================
[2026-05-02 00:06:49] [WARNING]   Package not found in tree
[2026-05-02 00:06:49] [INFO] 
================================================================================
[2026-05-02 00:06:49] [INFO] Processing: gen_initramfs (target: user-gen_initramfs)
[2026-05-02 00:06:49] [INFO] ================================================================================
[2026-05-02 00:06:49] [WARNING]   Package not found in tree
[2026-05-02 00:06:49] [INFO] 
================================================================================
[2026-05-02 00:06:49] [INFO] Processing: kustomize-sops (target: user-kustomize-sops)
[2026-05-02 00:06:49] [INFO] ================================================================================
[2026-05-02 00:06:49] [INFO]   Current version: 4.4.0
[2026-05-02 00:06:49] [WARNING]   Package not found in release-monitoring.org
[2026-05-02 00:06:49] [INFO] 
================================================================================
[2026-05-02 00:06:49] [INFO] Processing: libxshmfence (target: user-libxshmfence)
[2026-05-02 00:06:49] [INFO] ================================================================================
[2026-05-02 00:06:49] [INFO]   Current version: 1.3.3
[2026-05-02 00:06:49] [WARNING]   Package not found in release-monitoring.org
[2026-05-02 00:06:49] [INFO] 
================================================================================
[2026-05-02 00:06:49] [INFO] Processing: vulkan-headers (target: user-vulkan-headers)
[2026-05-02 00:06:49] [INFO] ================================================================================
[2026-05-02 00:06:49] [INFO]   Current version: 1.4.304.1
[2026-05-02 00:06:49] [WARNING]   Package not found in release-monitoring.org
[2026-05-02 00:06:49] [INFO] 
================================================================================
[2026-05-02 00:06:49] [INFO] Processing: libxext (target: user-libxext)
[2026-05-02 00:06:49] [INFO] ================================================================================
[2026-05-02 00:06:49] [INFO]   Current version: 1.3.6
[2026-05-02 00:06:49] [WARNING]   Package not found in release-monitoring.org
[2026-05-02 00:06:49] [INFO] 
================================================================================
[2026-05-02 00:06:49] [INFO] Processing: libxrender (target: user-libxrender)
[2026-05-02 00:06:49] [INFO] ================================================================================
[2026-05-02 00:06:49] [INFO]   Current version: 0.9.12
[2026-05-02 00:06:49] [WARNING]   Package not found in release-monitoring.org
[2026-05-02 00:06:49] [INFO] 
================================================================================
[2026-05-02 00:06:49] [INFO] Processing: libxrandr (target: user-libxrandr)
[2026-05-02 00:06:49] [INFO] ================================================================================
[2026-05-02 00:06:49] [INFO]   Current version: 1.5.4
[2026-05-02 00:06:49] [WARNING]   Package not found in release-monitoring.org
[2026-05-02 00:06:49] [INFO] 
================================================================================
[2026-05-02 00:06:49] [INFO] Processing: wayland (target: user-wayland)
[2026-05-02 00:06:49] [INFO] ================================================================================
[2026-05-02 00:06:49] [INFO]   Current version: 1.24.0
[2026-05-02 00:06:49] [WARNING]   Package not found in release-monitoring.org
[2026-05-02 00:06:49] [INFO] 
================================================================================
[2026-05-02 00:06:49] [INFO] Processing: vulkan-loader (target: user-vulkan-loader)
[2026-05-02 00:06:49] [INFO] ================================================================================
[2026-05-02 00:06:49] [INFO]   Current version: 1.4.304.1
[2026-05-02 00:06:49] [WARNING]   Package not found in release-monitoring.org
[2026-05-02 00:06:49] [INFO] 
================================================================================
[2026-05-02 00:06:49] [INFO] Processing: typst (target: user-typst)
[2026-05-02 00:06:49] [INFO] ================================================================================
[2026-05-02 00:06:49] [INFO]   Current version: 0.14.0
[2026-05-02 00:06:49] [WARNING]   Package not found in release-monitoring.org
[2026-05-02 00:06:49] [INFO] 
================================================================================
[2026-05-02 00:06:49] [INFO] Processing: py-libarchive (target: user-py-libarchive)
[2026-05-02 00:06:49] [INFO] ================================================================================
[2026-05-02 00:06:49] [INFO]   Current version: 5.1
[2026-05-02 00:06:49] [WARNING]   Package not found in release-monitoring.org
[2026-05-02 00:06:49] [INFO] 
================================================================================
[2026-05-02 00:06:49] [INFO] Processing: pinentry (target: user-pinentry)
[2026-05-02 00:06:49] [INFO] ================================================================================
[2026-05-02 00:06:49] [INFO]   Current version: 1.3.2
[2026-05-02 00:06:49] [WARNING]   Package not found in release-monitoring.org
[2026-05-02 00:06:49] [INFO] 
================================================================================
[2026-05-02 00:06:49] [INFO] Processing: libcap (target: user-libcap)
[2026-05-02 00:06:49] [INFO] ================================================================================
[2026-05-02 00:06:49] [INFO]   Current version: 2.70
[2026-05-02 00:06:49] [WARNING]   Package not found in release-monitoring.org
[2026-05-02 00:06:49] [INFO] 
================================================================================
[2026-05-02 00:06:49] [INFO] Processing: libusbmuxd (target: user-libusbmuxd)
[2026-05-02 00:06:49] [INFO] ================================================================================
[2026-05-02 00:06:49] [INFO]   Current version: 2.1.0
[2026-05-02 00:06:49] [WARNING]   Package not found in release-monitoring.org
[2026-05-02 00:06:49] [INFO] 
================================================================================
[2026-05-02 00:06:49] [INFO] Processing: libimobiledevice (target: user-libimobiledevice)
[2026-05-02 00:06:49] [INFO] ================================================================================
[2026-05-02 00:06:49] [INFO]   Current version: 1.3.0
[2026-05-02 00:06:49] [WARNING]   Package not found in release-monitoring.org
[2026-05-02 00:06:49] [INFO] 
================================================================================
[2026-05-02 00:06:49] [INFO] Processing: py-lexicon (target: user-py-lexicon)
[2026-05-02 00:06:49] [INFO] ================================================================================
[2026-05-02 00:06:49] [INFO]   Current version: 3.0.0
[2026-05-02 00:06:49] [WARNING]   Package not found in release-monitoring.org
[2026-05-02 00:06:49] [INFO] 
================================================================================
[2026-05-02 00:06:49] [INFO] Processing: age (target: user-age)
[2026-05-02 00:06:49] [INFO] ================================================================================
[2026-05-02 00:06:49] [INFO]   Current version: 1.2.1
[2026-05-02 00:06:49] [WARNING]   Package not found in release-monitoring.org
[2026-05-02 00:06:49] [INFO] 
================================================================================
[2026-05-02 00:06:49] [INFO] Processing: ccid (target: user-ccid)
[2026-05-02 00:06:49] [INFO] ================================================================================
[2026-05-02 00:06:49] [INFO]   Current version: 1.5.5
[2026-05-02 00:06:49] [WARNING]   Package not found in release-monitoring.org
[2026-05-02 00:06:49] [INFO] 
================================================================================
[2026-05-02 00:06:49] [INFO] Processing: nettle (target: user-nettle)
[2026-05-02 00:06:49] [INFO] ================================================================================
[2026-05-02 00:06:49] [WARNING]   Could not determine current version
[2026-05-02 00:06:49] [INFO] 
================================================================================
[2026-05-02 00:06:49] [INFO] Processing: sequoia-sq-wot (target: user-sequoia-sq-wot)
[2026-05-02 00:06:49] [INFO] ================================================================================
[2026-05-02 00:06:49] [INFO]   Current version: 0.15.0
[2026-05-02 00:06:49] [WARNING]   Package not found in release-monitoring.org
[2026-05-02 00:06:49] [INFO] 
================================================================================
[2026-05-02 00:06:49] [INFO] Processing: zeromq (target: user-zeromq)
[2026-05-02 00:06:49] [INFO] ================================================================================
[2026-05-02 00:06:49] [INFO]   Current version: 4.3.5
[2026-05-02 00:06:49] [WARNING]   Package not found in release-monitoring.org
[2026-05-02 00:06:49] [INFO] 
================================================================================
[2026-05-02 00:06:49] [INFO] Processing: snphost (target: user-snphost)
[2026-05-02 00:06:49] [INFO] ================================================================================
[2026-05-02 00:06:49] [INFO]   Current version: 0.7.0
[2026-05-02 00:06:49] [WARNING]   Package not found in release-monitoring.org
[2026-05-02 00:06:49] [INFO] 
================================================================================
[2026-05-02 00:06:49] [INFO] Processing: py-cparser (target: user-py-cparser)
[2026-05-02 00:06:49] [INFO] ================================================================================
[2026-05-02 00:06:49] [INFO]   Current version: 2.22
[2026-05-02 00:06:49] [WARNING]   Package not found in release-monitoring.org
[2026-05-02 00:06:49] [INFO] 
================================================================================
[2026-05-02 00:06:49] [INFO] Processing: py-semantic-version (target: user-py-semantic-version)
[2026-05-02 00:06:49] [INFO] ================================================================================
[2026-05-02 00:06:49] [INFO]   Current version: 2.10.0
[2026-05-02 00:06:49] [WARNING]   Package not found in release-monitoring.org
[2026-05-02 00:06:49] [INFO] 
================================================================================
[2026-05-02 00:06:49] [INFO] Processing: maturin (target: user-maturin)
[2026-05-02 00:06:49] [INFO] ================================================================================
[2026-05-02 00:06:49] [INFO]   Current version: 1.9.3
[2026-05-02 00:06:49] [WARNING]   Package not found in release-monitoring.org
[2026-05-02 00:06:49] [INFO] 
================================================================================
[2026-05-02 00:06:49] [INFO] Processing: py-cryptography (target: user-py-cryptography)
[2026-05-02 00:06:49] [INFO] ================================================================================
[2026-05-02 00:06:49] [INFO]   Current version: 46.0.7
[2026-05-02 00:06:49] [WARNING]   Package not found in release-monitoring.org
[2026-05-02 00:06:49] [INFO] 
================================================================================
[2026-05-02 00:06:49] [INFO] Processing: py-colorama (target: user-py-colorama)
[2026-05-02 00:06:49] [INFO] ================================================================================
[2026-05-02 00:06:49] [INFO]   Current version: 0.4.6
[2026-05-02 00:06:49] [WARNING]   Package not found in release-monitoring.org
[2026-05-02 00:06:49] [INFO] 
================================================================================
[2026-05-02 00:06:49] [INFO] Processing: py-docutils (target: user-py-docutils)
[2026-05-02 00:06:49] [INFO] ================================================================================
[2026-05-02 00:06:49] [INFO]   Current version: 0.20.1
[2026-05-02 00:06:49] [WARNING]   Package not found in release-monitoring.org
[2026-05-02 00:06:49] [INFO] 
================================================================================
[2026-05-02 00:06:49] [INFO] Processing: py-wcwidth (target: user-py-wcwidth)
[2026-05-02 00:06:49] [INFO] ================================================================================
[2026-05-02 00:06:49] [INFO]   Current version: 0.2.13
[2026-05-02 00:06:49] [WARNING]   Package not found in release-monitoring.org
[2026-05-02 00:06:49] [INFO] 
================================================================================
[2026-05-02 00:06:49] [INFO] Processing: py-prompt_toolkit (target: user-py-prompt_toolkit)
[2026-05-02 00:06:49] [INFO] ================================================================================
[2026-05-02 00:06:49] [INFO]   Current version: 3.0.48
[2026-05-02 00:06:49] [WARNING]   Package not found in release-monitoring.org
[2026-05-02 00:06:49] [INFO] 
================================================================================
[2026-05-02 00:06:49] [INFO] Processing: py-ruamel (target: user-py-ruamel)
[2026-05-02 00:06:49] [INFO] ================================================================================
[2026-05-02 00:06:49] [WARNING]   Package not found in tree
[2026-05-02 00:06:49] [INFO] 
================================================================================
[2026-05-02 00:06:49] [INFO] Processing: aws-cli (target: user-aws-cli)
[2026-05-02 00:06:49] [INFO] ================================================================================
[2026-05-02 00:06:49] [INFO]   Current version: 2.34.40
[2026-05-02 00:06:49] [WARNING]   Package not found in release-monitoring.org
[2026-05-02 00:06:49] [INFO] 
================================================================================
[2026-05-02 00:06:49] [INFO] Processing: dhcpcd (target: user-dhcpcd)
[2026-05-02 00:06:49] [INFO] ================================================================================
[2026-05-02 00:06:49] [INFO]   Current version: 10.3.2
[2026-05-02 00:06:49] [WARNING]   Package not found in release-monitoring.org
[2026-05-02 00:06:49] [INFO] 
================================================================================
[2026-05-02 00:06:49] [INFO] Processing: apr (target: user-apr)
[2026-05-02 00:06:49] [INFO] ================================================================================
[2026-05-02 00:06:49] [INFO]   Current version: 1.7.5
[2026-05-02 00:06:49] [WARNING]   Package not found in release-monitoring.org
[2026-05-02 00:06:49] [INFO] 
================================================================================
[2026-05-02 00:06:49] [INFO] Processing: py-bcrypt (target: user-py-bcrypt)
[2026-05-02 00:06:49] [INFO] ================================================================================
[2026-05-02 00:06:49] [INFO]   Current version: 5.0.0
[2026-05-02 00:06:49] [WARNING]   Package not found in release-monitoring.org
[2026-05-02 00:06:49] [INFO] 
================================================================================
[2026-05-02 00:06:49] [INFO] Processing: py-magic (target: user-py-magic)
[2026-05-02 00:06:49] [INFO] ================================================================================
[2026-05-02 00:06:49] [INFO]   Current version: 0.4.27
[2026-05-02 00:06:49] [WARNING]   Package not found in release-monitoring.org
[2026-05-02 00:06:49] [INFO] 
================================================================================
[2026-05-02 00:06:49] [INFO] Processing: diffoscope (target: user-diffoscope)
[2026-05-02 00:06:49] [INFO] ================================================================================
[2026-05-02 00:06:49] [INFO]   Current version: 316
[2026-05-02 00:06:49] [WARNING]   Package not found in release-monitoring.org
[2026-05-02 00:06:49] [INFO] 
================================================================================
[2026-05-02 00:06:49] [INFO] Processing: py-dnspython (target: user-py-dnspython)
[2026-05-02 00:06:49] [INFO] ================================================================================
[2026-05-02 00:06:49] [INFO]   Current version: 2.7.0
[2026-05-02 00:06:49] [WARNING]   Package not found in release-monitoring.org
[2026-05-02 00:06:49] [INFO] 
================================================================================
[2026-05-02 00:06:49] [INFO] Processing: tpm2-tss (target: user-tpm2-tss)
[2026-05-02 00:06:49] [INFO] ================================================================================
[2026-05-02 00:06:49] [INFO]   Current version: 4.1.3
[2026-05-02 00:06:49] [WARNING]   Package not found in release-monitoring.org
[2026-05-02 00:06:49] [INFO] 
================================================================================
[2026-05-02 00:06:49] [INFO] Processing: py-pytz (target: user-py-pytz)
[2026-05-02 00:06:49] [INFO] ================================================================================
[2026-05-02 00:06:49] [INFO]   Current version: 2025.2
[2026-05-02 00:06:49] [WARNING]   Package not found in release-monitoring.org
[2026-05-02 00:06:49] [INFO] 
================================================================================
[2026-05-02 00:06:49] [INFO] Processing: libgcrypt (target: user-libgcrypt)
[2026-05-02 00:06:49] [INFO] ================================================================================
[2026-05-02 00:06:49] [INFO]   Current version: 1.12.1
[2026-05-02 00:06:49] [WARNING]   Package not found in release-monitoring.org
[2026-05-02 00:06:49] [INFO] 
================================================================================
[2026-05-02 00:06:49] [INFO] Processing: lzo (target: user-lzo)
[2026-05-02 00:06:49] [INFO] ================================================================================
[2026-05-02 00:06:49] [INFO]   Current version: 2.10
[2026-05-02 00:06:49] [WARNING]   Package not found in release-monitoring.org
[2026-05-02 00:06:49] [INFO] 
================================================================================
[2026-05-02 00:06:49] [INFO] Processing: anubis (target: user-anubis)
[2026-05-02 00:06:49] [INFO] ================================================================================
[2026-05-02 00:06:49] [INFO]   Current version: 1.25.0
[2026-05-02 00:06:49] [WARNING]   Package not found in release-monitoring.org
[2026-05-02 00:06:49] [INFO] 
================================================================================
[2026-05-02 00:06:49] [INFO] Processing: opentofu (target: user-opentofu)
[2026-05-02 00:06:49] [INFO] ================================================================================
[2026-05-02 00:06:49] [INFO]   Current version: 1.11.6
[2026-05-02 00:06:49] [WARNING]   Package not found in release-monitoring.org
[2026-05-02 00:06:49] [INFO] 
================================================================================
[2026-05-02 00:06:49] [INFO] Processing: py-requests (target: user-py-requests)
[2026-05-02 00:06:49] [INFO] ================================================================================
[2026-05-02 00:06:49] [INFO]   Current version: 2.33.1
[2026-05-02 00:06:49] [WARNING]   Package not found in release-monitoring.org
[2026-05-02 00:06:49] [INFO] 
================================================================================
[2026-05-02 00:06:49] [INFO] Processing: pgbouncer (target: user-pgbouncer)
[2026-05-02 00:06:49] [INFO] ================================================================================
[2026-05-02 00:06:49] [INFO]   Current version: 1.25.1
[2026-05-02 00:06:49] [WARNING]   Package not found in release-monitoring.org
[2026-05-02 00:06:49] [INFO] 
================================================================================
[2026-05-02 00:06:49] [INFO] Processing: libmd (target: user-libmd)
[2026-05-02 00:06:49] [INFO] ================================================================================
[2026-05-02 00:06:49] [INFO]   Current version: 1.1.0
[2026-05-02 00:06:49] [WARNING]   Package not found in release-monitoring.org
[2026-05-02 00:06:49] [INFO] 
================================================================================
[2026-05-02 00:06:49] [INFO] Processing: py-pynacl (target: user-py-pynacl)
[2026-05-02 00:06:49] [INFO] ================================================================================
[2026-05-02 00:06:49] [INFO]   Current version: 1.5.0
[2026-05-02 00:06:49] [WARNING]   Package not found in release-monitoring.org
[2026-05-02 00:06:49] [INFO] 
================================================================================
[2026-05-02 00:06:49] [INFO] Processing: py-paramiko (target: user-py-paramiko)
[2026-05-02 00:06:49] [INFO] ================================================================================
[2026-05-02 00:06:49] [INFO]   Current version: 3.5.1
[2026-05-02 00:06:49] [WARNING]   Package not found in release-monitoring.org
[2026-05-02 00:06:49] [INFO] 
================================================================================
[2026-05-02 00:06:49] [INFO] Processing: kubeconform (target: user-kubeconform)
[2026-05-02 00:06:49] [INFO] ================================================================================
[2026-05-02 00:06:49] [INFO]   Current version: 0.7.0
[2026-05-02 00:06:49] [WARNING]   Package not found in release-monitoring.org
[2026-05-02 00:06:49] [INFO] 
================================================================================
[2026-05-02 00:06:49] [INFO] Processing: kustomize (target: user-kustomize)
[2026-05-02 00:06:49] [INFO] ================================================================================
[2026-05-02 00:06:49] [INFO]   Current version: 5.8.1
[2026-05-02 00:06:49] [WARNING]   Package not found in release-monitoring.org
[2026-05-02 00:06:49] [INFO] 
================================================================================
[2026-05-02 00:06:49] [INFO] Processing: caddy (target: user-caddy)
[2026-05-02 00:06:49] [INFO] ================================================================================
[2026-05-02 00:06:49] [INFO]   Current version: 2.10.0
[2026-05-02 00:06:49] [WARNING]   Package not found in release-monitoring.org
[2026-05-02 00:06:49] [INFO] 
================================================================================
[2026-05-02 00:06:49] [INFO] Processing: py-vobject (target: user-py-vobject)
[2026-05-02 00:06:49] [INFO] ================================================================================
[2026-05-02 00:06:49] [INFO]   Current version: 0.9.9
[2026-05-02 00:06:49] [WARNING]   Package not found in release-monitoring.org
[2026-05-02 00:06:49] [INFO] 
================================================================================
[2026-05-02 00:06:49] [INFO] Processing: doxygen (target: user-doxygen)
[2026-05-02 00:06:49] [INFO] ================================================================================
[2026-05-02 00:06:49] [INFO]   Current version: 1.17.0
[2026-05-02 00:06:49] [WARNING]   Package not found in release-monitoring.org
[2026-05-02 00:06:49] [INFO] 
================================================================================
[2026-05-02 00:06:49] [INFO] Processing: inotify-tools (target: user-inotify-tools)
[2026-05-02 00:06:49] [INFO] ================================================================================
[2026-05-02 00:06:49] [INFO]   Current version: 4.23.9.0
[2026-05-02 00:06:49] [WARNING]   Package not found in release-monitoring.org
[2026-05-02 00:06:49] [INFO] 
================================================================================
[2026-05-02 00:06:49] [INFO] Processing: valgrind (target: user-valgrind)
[2026-05-02 00:06:49] [INFO] ================================================================================
[2026-05-02 00:06:49] [INFO]   Current version: 3.26.0
[2026-05-02 00:06:49] [WARNING]   Package not found in release-monitoring.org
[2026-05-02 00:06:49] [INFO] 
================================================================================
[2026-05-02 00:06:49] [INFO] Processing: mockgen (target: user-mockgen)
[2026-05-02 00:06:49] [INFO] ================================================================================
[2026-05-02 00:06:49] [INFO]   Current version: 1.7.0-rc.1
[2026-05-02 00:06:49] [WARNING]   Package not found in release-monitoring.org
[2026-05-02 00:06:49] [INFO] 
================================================================================
[2026-05-02 00:06:49] [INFO] Processing: nasm (target: user-nasm)
[2026-05-02 00:06:49] [INFO] ================================================================================
[2026-05-02 00:06:49] [INFO]   Current version: 2.16.03
[2026-05-02 00:06:49] [WARNING]   Package not found in release-monitoring.org
[2026-05-02 00:06:49] [INFO] 
================================================================================
[2026-05-02 00:06:49] [INFO] Processing: edk2 (target: user-edk2)
[2026-05-02 00:06:49] [INFO] ================================================================================
[2026-05-02 00:06:49] [INFO]   Current version: 202508
[2026-05-02 00:06:49] [WARNING]   Package not found in release-monitoring.org
[2026-05-02 00:06:49] [INFO] 
================================================================================
[2026-05-02 00:06:49] [INFO] Processing: ssh-tpm-agent (target: user-ssh-tpm-agent)
[2026-05-02 00:06:49] [INFO] ================================================================================
[2026-05-02 00:06:49] [INFO]   Current version: 0.6.0
[2026-05-02 00:06:49] [WARNING]   Package not found in release-monitoring.org
[2026-05-02 00:06:49] [INFO] 
================================================================================
[2026-05-02 00:06:49] [INFO] Processing: buildkit (target: user-buildkit)
[2026-05-02 00:06:49] [INFO] ================================================================================
[2026-05-02 00:06:49] [INFO]   Current version: 0.24.0
[2026-05-02 00:06:49] [WARNING]   Package not found in release-monitoring.org
[2026-05-02 00:06:49] [INFO] 
================================================================================
[2026-05-02 00:06:49] [INFO] Processing: cpio (target: user-cpio)
[2026-05-02 00:06:49] [INFO] ================================================================================
[2026-05-02 00:06:49] [INFO]   Current version: 2.15
[2026-05-02 00:06:49] [WARNING]   Package not found in release-monitoring.org
[2026-05-02 00:06:49] [INFO] 
================================================================================
[2026-05-02 00:06:49] [INFO] Processing: libdeflate (target: user-libdeflate)
[2026-05-02 00:06:49] [INFO] ================================================================================
[2026-05-02 00:06:49] [INFO]   Current version: 1.20
[2026-05-02 00:06:49] [WARNING]   Package not found in release-monitoring.org
[2026-05-02 00:06:49] [INFO] 
================================================================================
[2026-05-02 00:06:49] [INFO] Processing: libnftnl (target: user-libnftnl)
[2026-05-02 00:06:49] [INFO] ================================================================================
[2026-05-02 00:06:49] [INFO]   Current version: 1.2.8
[2026-05-02 00:06:49] [WARNING]   Package not found in release-monitoring.org
[2026-05-02 00:06:49] [INFO] 
================================================================================
[2026-05-02 00:06:49] [INFO] Processing: iptables (target: user-iptables)
[2026-05-02 00:06:49] [INFO] ================================================================================
[2026-05-02 00:06:49] [INFO]   Current version: 1.8.10
[2026-05-02 00:06:49] [WARNING]   Package not found in release-monitoring.org
[2026-05-02 00:06:49] [INFO] 
================================================================================
[2026-05-02 00:06:49] [INFO] Processing: docker (target: user-docker)
[2026-05-02 00:06:49] [INFO] ================================================================================
[2026-05-02 00:06:49] [INFO]   Current version: 27.1.2
[2026-05-02 00:06:49] [WARNING]   Package not found in release-monitoring.org
[2026-05-02 00:06:49] [INFO] 
================================================================================
[2026-05-02 00:06:49] [INFO] Processing: arti (target: user-arti)
[2026-05-02 00:06:49] [INFO] ================================================================================
[2026-05-02 00:06:49] [INFO]   Current version: 1.8.0
[2026-05-02 00:06:49] [WARNING]   Package not found in release-monitoring.org
[2026-05-02 00:06:49] [INFO] 
================================================================================
[2026-05-02 00:06:49] [INFO] Processing: gdb (target: user-gdb)
[2026-05-02 00:06:49] [INFO] ================================================================================
[2026-05-02 00:06:49] [INFO]   Current version: 17.1
[2026-05-02 00:06:49] [WARNING]   Package not found in release-monitoring.org
[2026-05-02 00:06:49] [INFO] 
================================================================================
[2026-05-02 00:06:49] [INFO] Processing: py-passlib (target: user-py-passlib)
[2026-05-02 00:06:49] [INFO] ================================================================================
[2026-05-02 00:06:49] [INFO]   Current version: 1.7.4
[2026-05-02 00:06:49] [WARNING]   Package not found in release-monitoring.org
[2026-05-02 00:06:49] [INFO] 
================================================================================
[2026-05-02 00:06:49] [INFO] Processing: sops (target: user-sops)
[2026-05-02 00:06:49] [INFO] ================================================================================
[2026-05-02 00:06:49] [INFO]   Current version: 3.11.0
[2026-05-02 00:06:49] [WARNING]   Package not found in release-monitoring.org
[2026-05-02 00:06:49] [INFO] 
================================================================================
[2026-05-02 00:06:49] [INFO] Processing: py-pygments (target: user-py-pygments)
[2026-05-02 00:06:49] [INFO] ================================================================================
[2026-05-02 00:06:49] [INFO]   Current version: 2.18.0
[2026-05-02 00:06:49] [WARNING]   Package not found in release-monitoring.org
[2026-05-02 00:06:49] [INFO] 
================================================================================
[2026-05-02 00:06:49] [INFO] Processing: py-babel (target: user-py-babel)
[2026-05-02 00:06:49] [INFO] ================================================================================
[2026-05-02 00:06:49] [INFO]   Current version: 2.14.0
[2026-05-02 00:06:49] [WARNING]   Package not found in release-monitoring.org
[2026-05-02 00:06:49] [INFO] 
================================================================================
[2026-05-02 00:06:49] [INFO] Processing: py-distlib (target: user-py-distlib)
[2026-05-02 00:06:49] [INFO] ================================================================================
[2026-05-02 00:06:49] [INFO]   Current version: 0.4.0
[2026-05-02 00:06:49] [WARNING]   Package not found in release-monitoring.org
[2026-05-02 00:06:49] [INFO] 
================================================================================
[2026-05-02 00:06:49] [INFO] Processing: py-sphinx (target: user-py-sphinx)
[2026-05-02 00:06:49] [INFO] ================================================================================
[2026-05-02 00:06:49] [INFO]   Current version: 7.2.6
[2026-05-02 00:06:49] [WARNING]   Package not found in release-monitoring.org
[2026-05-02 00:06:49] [INFO] 
================================================================================
[2026-05-02 00:06:49] [INFO] Processing: py-sphinx_rtd_theme (target: user-py-sphinx_rtd_theme)
[2026-05-02 00:06:49] [INFO] ================================================================================
[2026-05-02 00:06:49] [INFO]   Current version: 2.0.0
[2026-05-02 00:06:49] [WARNING]   Package not found in release-monitoring.org
[2026-05-02 00:06:49] [INFO] 
================================================================================
[2026-05-02 00:06:49] [INFO] Processing: py-sphinxcontrib-applehelp (target: user-py-sphinxcontrib-applehelp)
[2026-05-02 00:06:49] [INFO] ================================================================================
[2026-05-02 00:06:49] [INFO]   Current version: 2.0.0
[2026-05-02 00:06:49] [WARNING]   Package not found in release-monitoring.org
[2026-05-02 00:06:49] [INFO] 
================================================================================
[2026-05-02 00:06:49] [INFO] Processing: py-sphinxcontrib-devhelp (target: user-py-sphinxcontrib-devhelp)
[2026-05-02 00:06:49] [INFO] ================================================================================
[2026-05-02 00:06:49] [INFO]   Current version: 1.0.5
[2026-05-02 00:06:49] [WARNING]   Package not found in release-monitoring.org
[2026-05-02 00:06:49] [INFO] 
================================================================================
[2026-05-02 00:06:49] [INFO] Processing: py-sphinxcontrib-htmlhelp (target: user-py-sphinxcontrib-htmlhelp)
[2026-05-02 00:06:49] [INFO] ================================================================================
[2026-05-02 00:06:49] [INFO]   Current version: 2.0.1
[2026-05-02 00:06:49] [WARNING]   Package not found in release-monitoring.org
[2026-05-02 00:06:49] [INFO] 
================================================================================
[2026-05-02 00:06:49] [INFO] Processing: py-sphinxcontrib-qthelp (target: user-py-sphinxcontrib-qthelp)
[2026-05-02 00:06:49] [INFO] ================================================================================
[2026-05-02 00:06:49] [INFO]   Current version: 1.0.6
[2026-05-02 00:06:49] [WARNING]   Package not found in release-monitoring.org
[2026-05-02 00:06:49] [INFO] 
================================================================================
[2026-05-02 00:06:49] [INFO] Processing: py-sphinxcontrib-serializinghtml (target: user-py-sphinxcontrib-serializinghtml)
[2026-05-02 00:06:49] [INFO] ================================================================================
[2026-05-02 00:06:49] [INFO]   Current version: 1.1.9
[2026-05-02 00:06:49] [WARNING]   Package not found in release-monitoring.org
[2026-05-02 00:06:49] [INFO] 
================================================================================
[2026-05-02 00:06:49] [INFO] Processing: py-sphinxcontrib-jquery (target: user-py-sphinxcontrib-jquery)
[2026-05-02 00:06:49] [INFO] ================================================================================
[2026-05-02 00:06:49] [INFO]   Current version: 4.1
[2026-05-02 00:06:49] [WARNING]   Package not found in release-monitoring.org
[2026-05-02 00:06:49] [INFO] 
================================================================================
[2026-05-02 00:06:49] [INFO] Processing: py-jinja2 (target: user-py-jinja2)
[2026-05-02 00:06:49] [INFO] ================================================================================
[2026-05-02 00:06:49] [INFO]   Current version: 3.1.4
[2026-05-02 00:06:49] [WARNING]   Package not found in release-monitoring.org
[2026-05-02 00:06:49] [INFO] 
================================================================================
[2026-05-02 00:06:49] [INFO] Processing: py-markupsafe (target: user-py-markupsafe)
[2026-05-02 00:06:49] [INFO] ================================================================================
[2026-05-02 00:06:49] [INFO]   Current version: 2.1.5
[2026-05-02 00:06:49] [WARNING]   Package not found in release-monitoring.org
[2026-05-02 00:06:49] [INFO] 
================================================================================
[2026-05-02 00:06:49] [INFO] Processing: py-snowballstemmer (target: user-py-snowballstemmer)
[2026-05-02 00:06:49] [INFO] ================================================================================
[2026-05-02 00:06:49] [INFO]   Current version: 2.2.0
[2026-05-02 00:06:49] [WARNING]   Package not found in release-monitoring.org
[2026-05-02 00:06:49] [INFO] 
================================================================================
[2026-05-02 00:06:49] [INFO] Processing: py-imagesize (target: user-py-imagesize)
[2026-05-02 00:06:49] [INFO] ================================================================================
[2026-05-02 00:06:49] [INFO]   Current version: 1.4.1
[2026-05-02 00:06:49] [WARNING]   Package not found in release-monitoring.org
[2026-05-02 00:06:49] [INFO] 
================================================================================
[2026-05-02 00:06:49] [INFO] Processing: py-idna (target: user-py-idna)
[2026-05-02 00:06:49] [INFO] ================================================================================
[2026-05-02 00:06:49] [INFO]   Current version: 3.11
[2026-05-02 00:06:49] [WARNING]   Package not found in release-monitoring.org
[2026-05-02 00:06:49] [INFO] 
================================================================================
[2026-05-02 00:06:49] [INFO] Processing: py-alabaster (target: user-py-alabaster)
[2026-05-02 00:06:49] [INFO] ================================================================================
[2026-05-02 00:06:49] [INFO]   Current version: 0.7.16
[2026-05-02 00:06:49] [WARNING]   Package not found in release-monitoring.org
[2026-05-02 00:06:49] [INFO] 
================================================================================
[2026-05-02 00:06:49] [INFO] Processing: libslirp (target: user-libslirp)
[2026-05-02 00:06:49] [INFO] ================================================================================
[2026-05-02 00:06:49] [INFO]   Current version: 4.8.0
[2026-05-02 00:06:49] [WARNING]   Package not found in release-monitoring.org
[2026-05-02 00:06:49] [INFO] 
================================================================================
[2026-05-02 00:06:49] [INFO] Processing: alsa-lib (target: user-alsa-lib)
[2026-05-02 00:06:49] [INFO] ================================================================================
[2026-05-02 00:06:49] [INFO]   Current version: 1.2.12
[2026-05-02 00:06:49] [WARNING]   Package not found in release-monitoring.org
[2026-05-02 00:06:49] [INFO] 
================================================================================
[2026-05-02 00:06:49] [INFO] Processing: openssh (target: user-openssh)
[2026-05-02 00:06:49] [INFO] ================================================================================
[2026-05-02 00:06:49] [INFO]   Current version: 10.3p1
[2026-05-02 00:06:49] [WARNING]   Package not found in release-monitoring.org
[2026-05-02 00:06:49] [INFO] 
================================================================================
[2026-05-02 00:06:49] [INFO] Processing: dtc (target: user-dtc)
[2026-05-02 00:06:49] [INFO] ================================================================================
[2026-05-02 00:06:49] [INFO]   Current version: 1.7.2
[2026-05-02 00:06:49] [WARNING]   Package not found in release-monitoring.org
[2026-05-02 00:06:49] [INFO] 
================================================================================
[2026-05-02 00:06:49] [INFO] Processing: py-jsonschema (target: user-py-jsonschema)
[2026-05-02 00:06:49] [INFO] ================================================================================
[2026-05-02 00:06:49] [INFO]   Current version: 4.26.0
[2026-05-02 00:06:49] [WARNING]   Package not found in release-monitoring.org
[2026-05-02 00:06:49] [INFO] 
================================================================================
[2026-05-02 00:06:49] [INFO] Processing: py-hatch-vcs (target: user-py-hatch-vcs)
[2026-05-02 00:06:49] [INFO] ================================================================================
[2026-05-02 00:06:49] [INFO]   Current version: 0.5.0
[2026-05-02 00:06:49] [WARNING]   Package not found in release-monitoring.org
[2026-05-02 00:06:49] [INFO] 
================================================================================
[2026-05-02 00:06:49] [INFO] Processing: py-attrs (target: user-py-attrs)
[2026-05-02 00:06:49] [INFO] ================================================================================
[2026-05-02 00:06:49] [INFO]   Current version: 25.3.0
[2026-05-02 00:06:49] [WARNING]   Package not found in release-monitoring.org
[2026-05-02 00:06:49] [INFO] 
================================================================================
[2026-05-02 00:06:49] [INFO] Processing: py-pyrsistent (target: user-py-pyrsistent)
[2026-05-02 00:06:49] [INFO] ================================================================================
[2026-05-02 00:06:49] [INFO]   Current version: 0.20.0
[2026-05-02 00:06:49] [WARNING]   Package not found in release-monitoring.org
[2026-05-02 00:06:49] [INFO] 
================================================================================
[2026-05-02 00:06:49] [INFO] Processing: canokey-qemu (target: user-canokey-qemu)
[2026-05-02 00:06:49] [INFO] ================================================================================
[2026-05-02 00:06:49] [INFO]   Current version: 151568c34f5e92b086b7a3a62a11c43dd39f628b
[2026-05-02 00:06:49] [WARNING]   Package not found in release-monitoring.org
[2026-05-02 00:06:49] [INFO] 
================================================================================
[2026-05-02 00:06:49] [INFO] Processing: qemu (target: user-qemu)
[2026-05-02 00:06:49] [INFO] ================================================================================
[2026-05-02 00:06:49] [INFO]   Current version: 10.1.1
[2026-05-02 00:06:49] [WARNING]   Package not found in release-monitoring.org
[2026-05-02 00:06:49] [INFO] 
================================================================================
[2026-05-02 00:06:49] [INFO] Processing: litestream (target: user-litestream)
[2026-05-02 00:06:49] [INFO] ================================================================================
[2026-05-02 00:06:49] [INFO]   Current version: 0.3.13
[2026-05-02 00:06:49] [WARNING]   Package not found in release-monitoring.org
[2026-05-02 00:06:49] [INFO] 
================================================================================
[2026-05-02 00:06:49] [INFO] Processing: abseil-cpp (target: user-abseil-cpp)
[2026-05-02 00:06:49] [INFO] ================================================================================
[2026-05-02 00:06:49] [INFO]   Current version: 20240116.2
[2026-05-02 00:06:49] [WARNING]   Package not found in release-monitoring.org
[2026-05-02 00:06:49] [INFO] 
================================================================================
[2026-05-02 00:06:49] [INFO] Processing: hardened_malloc (target: user-hardened_malloc)
[2026-05-02 00:06:49] [INFO] ================================================================================
[2026-05-02 00:06:49] [INFO]   Current version: 14
[2026-05-02 00:06:49] [WARNING]   Package not found in release-monitoring.org
[2026-05-02 00:06:49] [INFO] 
================================================================================
[2026-05-02 00:06:49] [INFO] Processing: kubectl (target: user-kubectl)
[2026-05-02 00:06:49] [INFO] ================================================================================
[2026-05-02 00:06:49] [INFO]   Current version: 1.34.1
[2026-05-02 00:06:49] [WARNING]   Package not found in release-monitoring.org
[2026-05-02 00:06:49] [INFO] 
================================================================================
[2026-05-02 00:06:49] [INFO] Processing: fuse3 (target: user-fuse3)
[2026-05-02 00:06:49] [INFO] ================================================================================
[2026-05-02 00:06:49] [INFO]   Current version: 3.16.2
[2026-05-02 00:06:49] [WARNING]   Package not found in release-monitoring.org
[2026-05-02 00:06:49] [INFO] 
================================================================================
[2026-05-02 00:06:49] [INFO] Processing: freetds (target: user-freetds)
[2026-05-02 00:06:49] [INFO] ================================================================================
[2026-05-02 00:06:49] [INFO]   Current version: 1.4.23
[2026-05-02 00:06:49] [WARNING]   Package not found in release-monitoring.org
[2026-05-02 00:06:49] [INFO] 
================================================================================
[2026-05-02 00:06:49] [INFO] Processing: protoc-gen-go (target: user-protoc-gen-go)
[2026-05-02 00:06:49] [INFO] ================================================================================
[2026-05-02 00:06:49] [INFO]   Current version: 1.5.4
[2026-05-02 00:06:49] [WARNING]   Package not found in release-monitoring.org
[2026-05-02 00:06:49] [INFO] 
================================================================================
[2026-05-02 00:06:49] [INFO] Processing: containerd (target: user-containerd)
[2026-05-02 00:06:49] [INFO] ================================================================================
[2026-05-02 00:06:49] [INFO]   Current version: 2.3.0
[2026-05-02 00:06:49] [WARNING]   Package not found in release-monitoring.org
[2026-05-02 00:06:49] [INFO] 
================================================================================
[2026-05-02 00:06:49] [INFO] Processing: libqrencode (target: user-libqrencode)
[2026-05-02 00:06:49] [INFO] ================================================================================
[2026-05-02 00:06:49] [INFO]   Current version: 4.1.1
[2026-05-02 00:06:49] [WARNING]   Package not found in release-monitoring.org
[2026-05-02 00:06:49] [INFO] 
================================================================================
[2026-05-02 00:06:49] [INFO] Processing: buf (target: user-buf)
[2026-05-02 00:06:49] [INFO] ================================================================================
[2026-05-02 00:06:49] [INFO]   Current version: 1.69.0
[2026-05-02 00:06:49] [WARNING]   Package not found in release-monitoring.org
[2026-05-02 00:06:49] [INFO] 
================================================================================
[2026-05-02 00:06:49] [INFO] Processing: ocismack (target: user-ocismack)
[2026-05-02 00:06:49] [INFO] ================================================================================
[2026-05-02 00:06:49] [INFO]   Current version: 0.1.0
[2026-05-02 00:06:49] [WARNING]   Package not found in release-monitoring.org
[2026-05-02 00:06:49] [INFO] 
================================================================================
[2026-05-02 00:06:49] [INFO] Processing: py-sphinx-issues (target: user-py-sphinx-issues)
[2026-05-02 00:06:49] [INFO] ================================================================================
[2026-05-02 00:06:49] [INFO]   Current version: 5.0.1
[2026-05-02 00:06:49] [WARNING]   Package not found in release-monitoring.org
[2026-05-02 00:06:49] [INFO] 
================================================================================
[2026-05-02 00:06:49] [INFO] Processing: py-resolvelib (target: user-py-resolvelib)
[2026-05-02 00:06:49] [INFO] ================================================================================
[2026-05-02 00:06:49] [INFO]   Current version: 1.2.1
[2026-05-02 00:06:49] [WARNING]   Package not found in release-monitoring.org
[2026-05-02 00:06:49] [INFO] 
================================================================================
[2026-05-02 00:06:49] [INFO] Processing: uutils (target: user-uutils)
[2026-05-02 00:06:49] [INFO] ================================================================================
[2026-05-02 00:06:49] [INFO]   Current version: 0.7.0
[2026-05-02 00:06:49] [WARNING]   Package not found in release-monitoring.org
[2026-05-02 00:06:49] [INFO] 
================================================================================
[2026-05-02 00:06:49] [INFO] Processing: natscli (target: user-natscli)
[2026-05-02 00:06:49] [INFO] ================================================================================
[2026-05-02 00:06:49] [INFO]   Current version: 0.4.0
[2026-05-02 00:06:49] [WARNING]   Package not found in release-monitoring.org
[2026-05-02 00:06:49] [INFO] 
================================================================================
[2026-05-02 00:06:49] [INFO] Processing: skalibs (target: user-skalibs)
[2026-05-02 00:06:49] [INFO] ================================================================================
[2026-05-02 00:06:49] [INFO]   Current version: 2.14.1.1
[2026-05-02 00:06:49] [WARNING]   Package not found in release-monitoring.org
[2026-05-02 00:06:49] [INFO] 
================================================================================
[2026-05-02 00:06:49] [INFO] Processing: libksba (target: user-libksba)
[2026-05-02 00:06:49] [INFO] ================================================================================
[2026-05-02 00:06:49] [INFO]   Current version: 1.6.8
[2026-05-02 00:06:49] [WARNING]   Package not found in release-monitoring.org
[2026-05-02 00:06:49] [INFO] 
================================================================================
[2026-05-02 00:06:49] [INFO] Processing: kernel-hardening-checker (target: user-kernel-hardening-checker)
[2026-05-02 00:06:49] [INFO] ================================================================================
[2026-05-02 00:06:49] [INFO]   Current version: 0.6.17.1
[2026-05-02 00:06:49] [WARNING]   Package not found in release-monitoring.org
[2026-05-02 00:06:49] [INFO] 
================================================================================
[2026-05-02 00:06:49] [INFO] Processing: hwdata (target: user-hwdata)
[2026-05-02 00:06:49] [INFO] ================================================================================
[2026-05-02 00:06:49] [INFO]   Current version: 0.406
[2026-05-02 00:06:49] [WARNING]   Package not found in release-monitoring.org
[2026-05-02 00:06:49] [INFO] 
================================================================================
[2026-05-02 00:06:49] [INFO] Processing: libpciaccess (target: user-libpciaccess)
[2026-05-02 00:06:49] [INFO] ================================================================================
[2026-05-02 00:06:49] [INFO]   Current version: 0.18.1
[2026-05-02 00:06:49] [WARNING]   Package not found in release-monitoring.org
[2026-05-02 00:06:49] [INFO] 
================================================================================
[2026-05-02 00:06:49] [INFO] Processing: talosctl (target: user-talosctl)
[2026-05-02 00:06:49] [INFO] ================================================================================
[2026-05-02 00:06:49] [INFO]   Current version: 1.13.0
[2026-05-02 00:06:49] [WARNING]   Package not found in release-monitoring.org
[2026-05-02 00:06:49] [INFO] 
================================================================================
[2026-05-02 00:06:49] [INFO] Processing: talosctl-completions (target: user-talosctl-completions)
[2026-05-02 00:06:49] [INFO] ================================================================================
[2026-05-02 00:06:49] [WARNING]   Package not found in tree
[2026-05-02 00:06:49] [INFO] 
================================================================================
[2026-05-02 00:06:49] [INFO] Processing: ninja (target: user-ninja)
[2026-05-02 00:06:49] [INFO] ================================================================================
[2026-05-02 00:06:49] [INFO]   Current version: 1.13.1
[2026-05-02 00:06:49] [WARNING]   Package not found in release-monitoring.org
[2026-05-02 00:06:49] [INFO] 
================================================================================
[2026-05-02 00:06:49] [INFO] Processing: libvdpau (target: user-libvdpau)
[2026-05-02 00:06:49] [INFO] ================================================================================
[2026-05-02 00:06:49] [INFO]   Current version: 1.5
[2026-05-02 00:06:49] [WARNING]   Package not found in release-monitoring.org
[2026-05-02 00:06:49] [INFO] 
================================================================================
[2026-05-02 00:06:49] [INFO] Processing: py-boto3 (target: user-py-boto3)
[2026-05-02 00:06:49] [INFO] ================================================================================
[2026-05-02 00:06:49] [INFO]   Current version: 1.43.1
[2026-05-02 00:06:49] [WARNING]   Package not found in release-monitoring.org
[2026-05-02 00:06:49] [INFO] 
================================================================================
[2026-05-02 00:06:49] [INFO] Processing: sxctl (target: user-sxctl)
[2026-05-02 00:06:49] [INFO] ================================================================================
[2026-05-02 00:06:49] [INFO]   Current version: 0.0.5
[2026-05-02 00:06:49] [WARNING]   Package not found in release-monitoring.org
[2026-05-02 00:06:49] [INFO] 
================================================================================
[2026-05-02 00:06:49] [INFO] Processing: hivemind (target: user-hivemind)
[2026-05-02 00:06:49] [INFO] ================================================================================
[2026-05-02 00:06:49] [INFO]   Current version: 1.1.0
[2026-05-02 00:06:49] [WARNING]   Package not found in release-monitoring.org
[2026-05-02 00:06:49] [INFO] 
================================================================================
[2026-05-02 00:06:49] [INFO] Processing: sshpass (target: user-sshpass)
[2026-05-02 00:06:49] [INFO] ================================================================================
[2026-05-02 00:06:49] [INFO]   Current version: 1.10
[2026-05-02 00:06:49] [WARNING]   Package not found in release-monitoring.org
[2026-05-02 00:06:49] [INFO] 
================================================================================
[2026-05-02 00:06:49] [INFO] Processing: just (target: user-just)
[2026-05-02 00:06:49] [INFO] ================================================================================
[2026-05-02 00:06:49] [INFO]   Current version: 1.49.0
[2026-05-02 00:06:49] [WARNING]   Package not found in release-monitoring.org
[2026-05-02 00:06:49] [INFO] 
================================================================================
[2026-05-02 00:06:49] [INFO] Processing: sevctl (target: user-sevctl)
[2026-05-02 00:06:49] [INFO] ================================================================================
[2026-05-02 00:06:49] [INFO]   Current version: 0.6.2
[2026-05-02 00:06:49] [WARNING]   Package not found in release-monitoring.org
[2026-05-02 00:06:49] [INFO] 
================================================================================
[2026-05-02 00:06:49] [INFO] Processing: capnproto (target: user-capnproto)
[2026-05-02 00:06:49] [INFO] ================================================================================
[2026-05-02 00:06:49] [INFO]   Current version: 1.0.2
[2026-05-02 00:06:49] [WARNING]   Package not found in release-monitoring.org
[2026-05-02 00:06:49] [INFO] 
================================================================================
[2026-05-02 00:06:49] [INFO] Processing: yarn (target: user-yarn)
[2026-05-02 00:06:49] [INFO] ================================================================================
[2026-05-02 00:06:49] [INFO]   Current version: 1.22.22
[2026-05-02 00:06:49] [WARNING]   Package not found in release-monitoring.org
[2026-05-02 00:06:49] [INFO] 
================================================================================
[2026-05-02 00:06:49] [INFO] Processing: libzbar-optimized-qrcode (target: user-libzbar-optimized-qrcode)
[2026-05-02 00:06:49] [INFO] ================================================================================
[2026-05-02 00:06:49] [WARNING]   Package not found in tree
[2026-05-02 00:06:49] [INFO] 
================================================================================
[2026-05-02 00:06:49] [INFO] Processing: keyfork (target: user-keyfork)
[2026-05-02 00:06:49] [INFO] ================================================================================
[2026-05-02 00:06:49] [INFO]   Current version: 0.3.6
[2026-05-02 00:06:49] [WARNING]   Package not found in release-monitoring.org
[2026-05-02 00:06:49] [INFO] 
================================================================================
[2026-05-02 00:06:49] [INFO] Processing: tree-sitter (target: user-tree-sitter)
[2026-05-02 00:06:49] [INFO] ================================================================================
[2026-05-02 00:06:49] [INFO]   Current version: 0.26.7
[2026-05-02 00:06:49] [WARNING]   Package not found in release-monitoring.org
[2026-05-02 00:06:49] [INFO] 
================================================================================
[2026-05-02 00:06:49] [INFO] Processing: tree-sitter-cli (target: user-tree-sitter-cli)
[2026-05-02 00:06:49] [INFO] ================================================================================
[2026-05-02 00:06:49] [WARNING]   Package not found in tree
[2026-05-02 00:06:49] [INFO] 
================================================================================
[2026-05-02 00:06:49] [INFO] Processing: gpg (target: user-gpg)
[2026-05-02 00:06:49] [INFO] ================================================================================
[2026-05-02 00:06:49] [INFO]   Current version: 2.5.18
[2026-05-02 00:06:49] [WARNING]   Package not found in release-monitoring.org
[2026-05-02 00:06:49] [INFO] 
================================================================================
[2026-05-02 00:06:49] [INFO] Processing: py-yaml (target: user-py-yaml)
[2026-05-02 00:06:49] [INFO] ================================================================================
[2026-05-02 00:06:49] [INFO]   Current version: 6.0.2
[2026-05-02 00:06:49] [WARNING]   Package not found in release-monitoring.org
[2026-05-02 00:06:49] [INFO] 
================================================================================
[2026-05-02 00:06:49] [INFO] Processing: py-argcomplete (target: user-py-argcomplete)
[2026-05-02 00:06:49] [INFO] ================================================================================
[2026-05-02 00:06:49] [INFO]   Current version: 3.6.2
[2026-05-02 00:06:49] [WARNING]   Package not found in release-monitoring.org
[2026-05-02 00:06:49] [INFO] 
================================================================================
[2026-05-02 00:06:49] [INFO] Processing: py-netaddr (target: user-py-netaddr)
[2026-05-02 00:06:49] [INFO] ================================================================================
[2026-05-02 00:06:49] [INFO]   Current version: 1.3.0
[2026-05-02 00:06:49] [WARNING]   Package not found in release-monitoring.org
[2026-05-02 00:06:49] [INFO] 
================================================================================
[2026-05-02 00:06:49] [INFO] Processing: ansible-core (target: user-ansible-core)
[2026-05-02 00:06:49] [INFO] ================================================================================
[2026-05-02 00:06:49] [INFO]   Current version: 2.19.1
[2026-05-02 00:06:49] [WARNING]   Package not found in release-monitoring.org
[2026-05-02 00:06:49] [INFO] 
================================================================================
[2026-05-02 00:06:49] [INFO] Processing: xorriso (target: user-xorriso)
[2026-05-02 00:06:49] [INFO] ================================================================================
[2026-05-02 00:06:49] [INFO]   Current version: 1.5.6
[2026-05-02 00:06:49] [WARNING]   Package not found in release-monitoring.org
[2026-05-02 00:06:49] [INFO] 
================================================================================
[2026-05-02 00:06:49] [INFO] Processing: ipxe (target: user-ipxe)
[2026-05-02 00:06:49] [INFO] ================================================================================
[2026-05-02 00:06:49] [INFO]   Current version: c8f088d4e11a1dedda4829c4be1bb1b14e9da016
[2026-05-02 00:06:49] [WARNING]   Package not found in release-monitoring.org
[2026-05-02 00:06:49] [INFO] 
================================================================================
[2026-05-02 00:06:49] [INFO] Processing: libxmu (target: user-libxmu)
[2026-05-02 00:06:49] [INFO] ================================================================================
[2026-05-02 00:06:49] [INFO]   Current version: 1.2.1
[2026-05-02 00:06:49] [WARNING]   Package not found in release-monitoring.org
[2026-05-02 00:06:49] [INFO] 
================================================================================
[2026-05-02 00:06:49] [INFO] Processing: nuspell (target: user-nuspell)
[2026-05-02 00:06:49] [INFO] ================================================================================
[2026-05-02 00:06:49] [INFO]   Current version: 5.1.6
[2026-05-02 00:06:49] [WARNING]   Package not found in release-monitoring.org
[2026-05-02 00:06:49] [INFO] 
================================================================================
[2026-05-02 00:06:49] [INFO] Processing: dosfstools (target: user-dosfstools)
[2026-05-02 00:06:49] [INFO] ================================================================================
[2026-05-02 00:06:49] [INFO]   Current version: 4.2
[2026-05-02 00:06:49] [WARNING]   Package not found in release-monitoring.org
[2026-05-02 00:06:49] [INFO] 
================================================================================
[2026-05-02 00:06:49] [INFO] Processing: protobuf (target: user-protobuf)
[2026-05-02 00:06:49] [INFO] ================================================================================
[2026-05-02 00:06:49] [INFO]   Current version: 26.1
[2026-05-02 00:06:49] [WARNING]   Package not found in release-monitoring.org
[2026-05-02 00:06:49] [INFO] 
================================================================================
[2026-05-02 00:06:49] [INFO] Processing: mtools (target: user-mtools)
[2026-05-02 00:06:49] [INFO] ================================================================================
[2026-05-02 00:06:49] [INFO]   Current version: 4.0.45
[2026-05-02 00:06:49] [WARNING]   Package not found in release-monitoring.org
[2026-05-02 00:06:49] [INFO] 
================================================================================
[2026-05-02 00:06:49] [INFO] Processing: tpm2-tools (target: user-tpm2-tools)
[2026-05-02 00:06:49] [INFO] ================================================================================
[2026-05-02 00:06:49] [INFO]   Current version: 5.6
[2026-05-02 00:06:49] [WARNING]   Package not found in release-monitoring.org
[2026-05-02 00:06:49] [INFO] 
================================================================================
[2026-05-02 00:06:49] [INFO] Processing: grub (target: user-grub)
[2026-05-02 00:06:49] [INFO] ================================================================================
[2026-05-02 00:06:49] [INFO]   Current version: 2.12
[2026-05-02 00:06:49] [WARNING]   Package not found in release-monitoring.org
[2026-05-02 00:06:49] [INFO] 
================================================================================
[2026-05-02 00:06:49] [INFO] Processing: py-fluidity (target: user-py-fluidity)
[2026-05-02 00:06:49] [INFO] ================================================================================
[2026-05-02 00:06:49] [INFO]   Current version: 0.2.1
[2026-05-02 00:06:49] [WARNING]   Package not found in release-monitoring.org
[2026-05-02 00:06:49] [INFO] 
================================================================================
[2026-05-02 00:06:49] [INFO] Processing: py-ply (target: user-py-ply)
[2026-05-02 00:06:49] [INFO] ================================================================================
[2026-05-02 00:06:49] [INFO]   Current version: 3.11
[2026-05-02 00:06:49] [WARNING]   Package not found in release-monitoring.org
[2026-05-02 00:06:49] [INFO] 
================================================================================
[2026-05-02 00:06:49] [INFO] Processing: osv-scanner (target: user-osv-scanner)
[2026-05-02 00:06:49] [INFO] ================================================================================
[2026-05-02 00:06:49] [INFO]   Current version: 2.3.6
[2026-05-02 00:06:49] [WARNING]   Package not found in release-monitoring.org
[2026-05-02 00:06:49] [INFO] 
================================================================================
[2026-05-02 00:06:49] [INFO] Processing: apr-util (target: user-apr-util)
[2026-05-02 00:06:49] [INFO] ================================================================================
[2026-05-02 00:06:49] [INFO]   Current version: 1.6.3
[2026-05-02 00:06:49] [WARNING]   Package not found in release-monitoring.org
[2026-05-02 00:06:49] [INFO] 
================================================================================
[2026-05-02 00:06:49] [INFO] Processing: strace (target: user-strace)
[2026-05-02 00:06:49] [INFO] ================================================================================
[2026-05-02 00:06:49] [INFO]   Current version: 6.18
[2026-05-02 00:06:49] [WARNING]   Package not found in release-monitoring.org
[2026-05-02 00:06:49] [INFO] 
================================================================================
[2026-05-02 00:06:49] [INFO] Processing: perl-dbi (target: user-perl-dbi)
[2026-05-02 00:06:49] [INFO] ================================================================================
[2026-05-02 00:06:49] [INFO]   Current version: 1.643
[2026-05-02 00:06:49] [WARNING]   Package not found in release-monitoring.org
[2026-05-02 00:06:49] [INFO] 
================================================================================
[2026-05-02 00:06:49] [INFO] Processing: opensc (target: user-opensc)
[2026-05-02 00:06:49] [INFO] ================================================================================
[2026-05-02 00:06:49] [INFO]   Current version: 0.25.1
[2026-05-02 00:06:49] [WARNING]   Package not found in release-monitoring.org
[2026-05-02 00:06:49] [INFO] 
================================================================================
[2026-05-02 00:06:49] [INFO] Processing: spirv-headers (target: user-spirv-headers)
[2026-05-02 00:06:49] [INFO] ================================================================================
[2026-05-02 00:06:49] [INFO]   Current version: 1.4.341.0
[2026-05-02 00:06:49] [WARNING]   Package not found in release-monitoring.org
[2026-05-02 00:06:49] [INFO] 
================================================================================
[2026-05-02 00:06:49] [INFO] Processing: spirv-tools (target: user-spirv-tools)
[2026-05-02 00:06:49] [INFO] ================================================================================
[2026-05-02 00:06:49] [INFO]   Current version: 1.4.341.0
[2026-05-02 00:06:49] [WARNING]   Package not found in release-monitoring.org
[2026-05-02 00:06:49] [INFO] 
================================================================================
[2026-05-02 00:06:49] [INFO] Processing: helm (target: user-helm)
[2026-05-02 00:06:49] [INFO] ================================================================================
[2026-05-02 00:06:49] [INFO]   Current version: 4.1.4
[2026-05-02 00:06:49] [WARNING]   Package not found in release-monitoring.org
[2026-05-02 00:06:49] [INFO] 
================================================================================
[2026-05-02 00:06:49] [INFO] Processing: utmps (target: user-utmps)
[2026-05-02 00:06:49] [INFO] ================================================================================
[2026-05-02 00:06:49] [INFO]   Current version: 0.1.2.2
[2026-05-02 00:06:49] [WARNING]   Package not found in release-monitoring.org
[2026-05-02 00:06:49] [INFO] 
================================================================================
[2026-05-02 00:06:49] [INFO] Processing: linux-pam (target: user-linux-pam)
[2026-05-02 00:06:49] [INFO] ================================================================================
[2026-05-02 00:06:49] [INFO]   Current version: 1.6.1
[2026-05-02 00:06:49] [WARNING]   Package not found in release-monitoring.org
[2026-05-02 00:06:49] [INFO] 
================================================================================
[2026-05-02 00:06:49] [INFO] Processing: openpgp-card-tools (target: user-openpgp-card-tools)
[2026-05-02 00:06:49] [INFO] ================================================================================
[2026-05-02 00:06:49] [INFO]   Current version: 0.10.1
[2026-05-02 00:06:49] [WARNING]   Package not found in release-monitoring.org
[2026-05-02 00:06:49] [INFO] 
================================================================================
[2026-05-02 00:06:49] [INFO] Processing: spirv-llvm-translator (target: user-spirv-llvm-translator)
[2026-05-02 00:06:49] [INFO] ================================================================================
[2026-05-02 00:06:49] [INFO]   Current version: f57c44c79895f35d7d02a2ee716148c48a73ec3f
[2026-05-02 00:06:49] [WARNING]   Package not found in release-monitoring.org
[2026-05-02 00:06:49] [INFO] 
================================================================================
[2026-05-02 00:06:49] [INFO] Processing: libclc (target: user-libclc)
[2026-05-02 00:06:49] [INFO] ================================================================================
[2026-05-02 00:06:49] [INFO]   Current version: 19.1.7
[2026-05-02 00:06:49] [WARNING]   Package not found in release-monitoring.org
[2026-05-02 00:06:49] [INFO] 
================================================================================
[2026-05-02 00:06:49] [INFO] Processing: libbsd (target: user-libbsd)
[2026-05-02 00:06:49] [INFO] ================================================================================
[2026-05-02 00:06:49] [INFO]   Current version: 0.12.2
[2026-05-02 00:06:49] [WARNING]   Package not found in release-monitoring.org
[2026-05-02 00:06:49] [INFO] 
================================================================================
[2026-05-02 00:06:49] [INFO] Processing: py-defusedxml (target: user-py-defusedxml)
[2026-05-02 00:06:49] [INFO] ================================================================================
[2026-05-02 00:06:49] [INFO]   Current version: 0.7.1
[2026-05-02 00:06:49] [WARNING]   Package not found in release-monitoring.org
[2026-05-02 00:06:49] [INFO] 
================================================================================
[2026-05-02 00:06:49] [INFO] Processing: iputils (target: user-iputils)
[2026-05-02 00:06:49] [INFO] ================================================================================
[2026-05-02 00:06:49] [INFO]   Current version: 20240117
[2026-05-02 00:06:49] [WARNING]   Package not found in release-monitoring.org
[2026-05-02 00:06:49] [INFO] 
================================================================================
[2026-05-02 00:06:49] [INFO] Processing: seabios (target: user-seabios)
[2026-05-02 00:06:49] [INFO] ================================================================================
[2026-05-02 00:06:49] [INFO]   Current version: 1.17.0
[2026-05-02 00:06:49] [WARNING]   Package not found in release-monitoring.org
[2026-05-02 00:06:49] [INFO] 
================================================================================
[2026-05-02 00:06:49] [INFO] Processing: tflint (target: user-tflint)
[2026-05-02 00:06:49] [INFO] ================================================================================
[2026-05-02 00:06:49] [INFO]   Current version: 0.53.0
[2026-05-02 00:06:49] [WARNING]   Package not found in release-monitoring.org
[2026-05-02 00:06:49] [INFO] 
================================================================================
[2026-05-02 00:06:49] [INFO] Processing: py-invoke (target: user-py-invoke)
[2026-05-02 00:06:49] [INFO] ================================================================================
[2026-05-02 00:06:49] [INFO]   Current version: 2.2.0
[2026-05-02 00:06:49] [WARNING]   Package not found in release-monitoring.org
[2026-05-02 00:06:49] [INFO] 
================================================================================
[2026-05-02 00:06:49] [INFO] Processing: protoc-go-inject-tag (target: user-protoc-go-inject-tag)
[2026-05-02 00:06:49] [INFO] ================================================================================
[2026-05-02 00:06:49] [INFO]   Current version: 1.4.0
[2026-05-02 00:06:49] [WARNING]   Package not found in release-monitoring.org
[2026-05-02 00:06:49] [INFO] 
================================================================================
[2026-05-02 00:06:49] [INFO] Processing: guestctl (target: user-guestctl)
[2026-05-02 00:06:49] [INFO] ================================================================================
[2026-05-02 00:06:49] [INFO]   Current version: 0.1.0
[2026-05-02 00:06:49] [WARNING]   Package not found in release-monitoring.org
[2026-05-02 00:06:49] [INFO] 
================================================================================
[2026-05-02 00:06:49] [INFO] Processing: usbmuxd (target: user-usbmuxd)
[2026-05-02 00:06:49] [INFO] ================================================================================
[2026-05-02 00:06:49] [INFO]   Current version: 1.1.1
[2026-05-02 00:06:49] [WARNING]   Package not found in release-monitoring.org
[2026-05-02 00:06:49] [INFO] 
================================================================================
[2026-05-02 00:06:49] [INFO] Processing: tmux (target: user-tmux)
[2026-05-02 00:06:49] [INFO] ================================================================================
[2026-05-02 00:06:49] [INFO]   Current version: 3.5
[2026-05-02 00:06:49] [WARNING]   Package not found in release-monitoring.org
[2026-05-02 00:06:49] [INFO] 
================================================================================
[2026-05-02 00:06:49] [INFO] Processing: py-ldap3 (target: user-py-ldap3)
[2026-05-02 00:06:49] [INFO] ================================================================================
[2026-05-02 00:06:49] [INFO]   Current version: 2.9.1
[2026-05-02 00:06:49] [WARNING]   Package not found in release-monitoring.org
[2026-05-02 00:06:49] [INFO] 
================================================================================
[2026-05-02 00:06:49] [INFO] Processing: sequoia-sq (target: user-sequoia-sq)
[2026-05-02 00:06:49] [INFO] ================================================================================
[2026-05-02 00:06:49] [INFO]   Current version: 1.3.1
[2026-05-02 00:06:49] [WARNING]   Package not found in release-monitoring.org
[2026-05-02 00:06:49] [INFO] 
================================================================================
[2026-05-02 00:06:49] [INFO] Processing: sequoia-sq-completions (target: user-sequoia-sq-completions)
[2026-05-02 00:06:49] [INFO] ================================================================================
[2026-05-02 00:06:49] [WARNING]   Package not found in tree
[2026-05-02 00:06:49] [INFO] 
================================================================================
[2026-05-02 00:06:49] [INFO] Processing: ansible (target: user-ansible)
[2026-05-02 00:06:49] [INFO] ================================================================================
[2026-05-02 00:06:49] [INFO]   Current version: 11.9.0
[2026-05-02 00:06:49] [WARNING]   Package not found in release-monitoring.org
[2026-05-02 00:06:49] [INFO] 
================================================================================
[2026-05-02 00:06:49] [INFO] Processing: bdftopcf (target: user-bdftopcf)
[2026-05-02 00:06:49] [INFO] ================================================================================
[2026-05-02 00:06:49] [INFO]   Current version: 1.1.2
[2026-05-02 00:06:49] [WARNING]   Package not found in release-monitoring.org
[2026-05-02 00:06:49] [INFO] 
================================================================================
[2026-05-02 00:06:49] [INFO] Processing: terminus-font (target: user-terminus-font)
[2026-05-02 00:06:49] [INFO] ================================================================================
[2026-05-02 00:06:49] [INFO]   Current version: 4.49.1
[2026-05-02 00:06:49] [WARNING]   Package not found in release-monitoring.org
[2026-05-02 00:06:49] [INFO] 
================================================================================
[2026-05-02 00:06:49] [INFO] Processing: flashtools (target: user-flashtools)
[2026-05-02 00:06:49] [INFO] ================================================================================
[2026-05-02 00:06:49] [INFO]   Current version: d1e6f12568cb23387144a4b7a6535fe1bc1e79b1
[2026-05-02 00:06:49] [WARNING]   Package not found in release-monitoring.org
[2026-05-02 00:06:49] [INFO] 
================================================================================
[2026-05-02 00:06:49] [INFO] Processing: snpguest (target: user-snpguest)
[2026-05-02 00:06:49] [INFO] ================================================================================
[2026-05-02 00:06:49] [INFO]   Current version: 0.10.0
[2026-05-02 00:06:49] [WARNING]   Package not found in release-monitoring.org
[2026-05-02 00:06:49] [INFO] 
================================================================================
[2026-05-02 00:06:49] [INFO] Processing: fuse-overlayfs (target: user-fuse-overlayfs)
[2026-05-02 00:06:49] [INFO] ================================================================================
[2026-05-02 00:06:49] [INFO]   Current version: 1.14
[2026-05-02 00:06:49] [WARNING]   Package not found in release-monitoring.org
[2026-05-02 00:06:49] [INFO] 
================================================================================
[2026-05-02 00:06:49] [INFO] Processing: nit (target: user-nit)
[2026-05-02 00:06:49] [INFO] ================================================================================
[2026-05-02 00:06:49] [INFO]   Current version: 00b5957d6e4849d397d1c398e8ebd7f2c29572db
[2026-05-02 00:06:49] [WARNING]   Package not found in release-monitoring.org
[2026-05-02 00:06:49] [INFO] 
================================================================================
[2026-05-02 00:06:49] [INFO] Processing: protoc-gen-grpc-gateway (target: user-protoc-gen-grpc-gateway)
[2026-05-02 00:06:49] [INFO] ================================================================================
[2026-05-02 00:06:49] [INFO]   Current version: 2.22.0
[2026-05-02 00:06:49] [WARNING]   Package not found in release-monitoring.org
[2026-05-02 00:06:49] [INFO] 
================================================================================
[2026-05-02 00:06:49] [INFO] Processing: eif_build (target: user-eif_build)
[2026-05-02 00:06:49] [INFO] ================================================================================
[2026-05-02 00:06:49] [INFO]   Current version: 0.2.2
[2026-05-02 00:06:49] [WARNING]   Package not found in release-monitoring.org
[2026-05-02 00:06:49] [INFO] 
================================================================================
[2026-05-02 00:06:49] [INFO] Processing: icepick (target: user-icepick)
[2026-05-02 00:06:49] [INFO] ================================================================================
[2026-05-02 00:06:49] [INFO]   Current version: 1b5d16864723dda22ce12fc31a253c03b6698499
[2026-05-02 00:06:49] [WARNING]   Package not found in release-monitoring.org
[2026-05-02 00:06:49] [INFO] 
================================================================================
[2026-05-02 00:06:49] [INFO] Processing: sdtool (target: user-sdtool)
[2026-05-02 00:06:49] [INFO] ================================================================================
[2026-05-02 00:06:50] [INFO]   Current version: ad4155c1d2988a17f4d5b13feaa6e4c1beb2cf4b
[2026-05-02 00:06:50] [WARNING]   Package not found in release-monitoring.org
[2026-05-02 00:06:50] [INFO] 
================================================================================
[2026-05-02 00:06:50] [INFO] Processing: protoc-gen-go-grpc (target: user-protoc-gen-go-grpc)
[2026-05-02 00:06:50] [INFO] ================================================================================
[2026-05-02 00:06:50] [INFO]   Current version: 1.67.0
[2026-05-02 00:06:50] [WARNING]   Package not found in release-monitoring.org
[2026-05-02 00:06:50] [INFO] 
================================================================================
[2026-05-02 00:06:50] [INFO] Processing: swig (target: user-swig)
[2026-05-02 00:06:50] [INFO] ================================================================================
[2026-05-02 00:06:50] [INFO]   Current version: 4.3.0
[2026-05-02 00:06:50] [WARNING]   Package not found in release-monitoring.org
[2026-05-02 00:06:50] [INFO] 
================================================================================
[2026-05-02 00:06:50] [INFO] Processing: lldb (target: user-lldb)
[2026-05-02 00:06:50] [INFO] ================================================================================
[2026-05-02 00:06:50] [INFO]   Current version: 21.1.8
[2026-05-02 00:06:50] [WARNING]   Package not found in release-monitoring.org
[2026-05-02 00:06:50] [INFO] 
================================================================================
[2026-05-02 00:06:50] [INFO] Processing: eudev (target: user-eudev)
[2026-05-02 00:06:50] [INFO] ================================================================================
[2026-05-02 00:06:50] [INFO]   Current version: 3.2.14
[2026-05-02 00:06:50] [WARNING]   Package not found in release-monitoring.org
[2026-05-02 00:06:50] [INFO] 
================================================================================
[2026-05-02 00:06:50] [INFO] Processing: hugo (target: user-hugo)
[2026-05-02 00:06:50] [INFO] ================================================================================
[2026-05-02 00:06:50] [INFO]   Current version: 0.161.1
[2026-05-02 00:06:50] [WARNING]   Package not found in release-monitoring.org
[2026-05-02 00:06:50] [INFO] 
================================================================================
[2026-05-02 00:06:50] [INFO] Processing: hugo-extended (target: user-hugo-extended)
[2026-05-02 00:06:50] [INFO] ================================================================================
[2026-05-02 00:06:50] [WARNING]   Package not found in tree
[2026-05-02 00:06:50] [INFO] 
================================================================================
[2026-05-02 00:06:50] [INFO] Processing: hugo-extended-with-deploy (target: user-hugo-extended-with-deploy)
[2026-05-02 00:06:50] [INFO] ================================================================================
[2026-05-02 00:06:50] [WARNING]   Package not found in tree
[2026-05-02 00:06:50] [INFO] 
================================================================================
[2026-05-02 00:06:50] [INFO] Processing: py-waitress (target: user-py-waitress)
[2026-05-02 00:06:50] [INFO] ================================================================================
[2026-05-02 00:06:50] [INFO]   Current version: 3.0.2
[2026-05-02 00:06:50] [WARNING]   Package not found in release-monitoring.org
[2026-05-02 00:06:50] [INFO] 
================================================================================
[2026-05-02 00:06:50] [INFO] Processing: protoc-gen-openapiv2 (target: user-protoc-gen-openapiv2)
[2026-05-02 00:06:50] [INFO] ================================================================================
[2026-05-02 00:06:50] [INFO]   Current version: 2.22.0
[2026-05-02 00:06:50] [WARNING]   Package not found in release-monitoring.org
[2026-05-02 00:06:50] [INFO] 
================================================================================
[2026-05-02 00:06:50] [INFO] Processing: bash-completion (target: user-bash-completion)
[2026-05-02 00:06:50] [INFO] ================================================================================
[2026-05-02 00:06:50] [INFO]   Current version: 2.16.0
[2026-05-02 00:06:50] [WARNING]   Package not found in release-monitoring.org
[2026-05-02 00:06:50] [INFO] 
================================================================================
[2026-05-02 00:06:50] [INFO] Processing: glslang (target: user-glslang)
[2026-05-02 00:06:50] [INFO] ================================================================================
[2026-05-02 00:06:50] [INFO]   Current version: 1.4.304.0
[2026-05-02 00:06:50] [WARNING]   Package not found in release-monitoring.org
[2026-05-02 00:06:50] [INFO] 
================================================================================
[2026-05-02 00:06:50] [INFO] Processing: llama-cpp (target: user-llama-cpp)
[2026-05-02 00:06:50] [INFO] ================================================================================
[2026-05-02 00:06:50] [INFO]   Current version: b4663
[2026-05-02 00:06:50] [WARNING]   Package not found in release-monitoring.org
[2026-05-02 00:06:50] [INFO] 
================================================================================
[2026-05-02 00:06:50] [INFO] Processing: docker-cli-buildx (target: user-docker-cli-buildx)
[2026-05-02 00:06:50] [INFO] ================================================================================
[2026-05-02 00:06:50] [INFO]   Current version: 0.32.1
[2026-05-02 00:06:50] [WARNING]   Package not found in release-monitoring.org
[2026-05-02 00:06:50] [INFO] 
================================================================================
[2026-05-02 00:06:50] [INFO] Processing: acme-tiny (target: user-acme-tiny)
[2026-05-02 00:06:50] [INFO] ================================================================================
[2026-05-02 00:06:50] [INFO]   Current version: 5.0.2
[2026-05-02 00:06:50] [WARNING]   Package not found in release-monitoring.org
[2026-05-02 00:06:50] [INFO] 
================================================================================
[2026-05-02 00:06:50] [INFO] Processing: wayland-protocols (target: user-wayland-protocols)
[2026-05-02 00:06:50] [INFO] ================================================================================
[2026-05-02 00:06:50] [INFO]   Current version: 1.48
[2026-05-02 00:06:50] [WARNING]   Package not found in release-monitoring.org
[2026-05-02 00:06:50] [INFO] 
================================================================================
[2026-05-02 00:06:50] [INFO] Processing: pcsc-tools (target: user-pcsc-tools)
[2026-05-02 00:06:50] [INFO] ================================================================================
[2026-05-02 00:06:50] [INFO]   Current version: 1.7.3
[2026-05-02 00:06:50] [WARNING]   Package not found in release-monitoring.org
[2026-05-02 00:06:50] [INFO] 
================================================================================
[2026-05-02 00:06:50] [INFO] Processing: yq (target: user-yq)
[2026-05-02 00:06:50] [INFO] ================================================================================
[2026-05-02 00:06:50] [INFO]   Current version: 4.52.5
[2026-05-02 00:06:50] [WARNING]   Package not found in release-monitoring.org
[2026-05-02 00:06:50] [INFO] 
================================================================================
[2026-05-02 00:06:50] [INFO] Processing: runc (target: user-runc)
[2026-05-02 00:06:50] [INFO] ================================================================================
[2026-05-02 00:06:50] [INFO]   Current version: 1.1.13
[2026-05-02 00:06:50] [WARNING]   Package not found in release-monitoring.org
[2026-05-02 00:06:50] [INFO] 
================================================================================
[2026-05-02 00:06:50] [INFO] Processing: libxxf86vm (target: user-libxxf86vm)
[2026-05-02 00:06:50] [INFO] ================================================================================
[2026-05-02 00:06:50] [INFO]   Current version: 1.1.6
[2026-05-02 00:06:50] [WARNING]   Package not found in release-monitoring.org
[2026-05-02 00:06:50] [INFO] 
================================================================================
[2026-05-02 00:06:50] [INFO] Processing: k9s (target: user-k9s)
[2026-05-02 00:06:50] [INFO] ================================================================================
[2026-05-02 00:06:50] [INFO]   Current version: 0.50.18
[2026-05-02 00:06:50] [WARNING]   Package not found in release-monitoring.org
[2026-05-02 00:06:50] [INFO] 
================================================================================
[2026-05-02 00:06:50] [INFO] Processing: sudo (target: user-sudo)
[2026-05-02 00:06:50] [INFO] ================================================================================
[2026-05-02 00:06:50] [INFO]   Current version: 1.9.17p2
[2026-05-02 00:06:50] [WARNING]   Package not found in release-monitoring.org
[2026-05-02 00:06:50] [INFO] 
================================================================================
[2026-05-02 00:06:50] [INFO] Processing: zbarcam (target: user-zbarcam)
[2026-05-02 00:06:50] [INFO] ================================================================================
[2026-05-02 00:06:50] [WARNING]   Package not found in tree
[2026-05-02 00:06:50] [INFO] 
================================================================================
[2026-05-02 00:06:50] [INFO] Processing: libzbar (target: user-libzbar)
[2026-05-02 00:06:50] [INFO] ================================================================================
[2026-05-02 00:06:50] [WARNING]   Package not found in tree
[2026-05-02 00:06:50] [INFO] 
================================================================================
[2026-05-02 00:06:50] [INFO] Processing: iproute2 (target: user-iproute2)
[2026-05-02 00:06:50] [INFO] ================================================================================
[2026-05-02 00:06:50] [INFO]   Current version: 6.16.0
[2026-05-02 00:06:50] [WARNING]   Package not found in release-monitoring.org
[2026-05-02 00:06:50] [INFO] 
================================================================================
[2026-05-02 00:06:50] [INFO] Processing: py-pika (target: user-py-pika)
[2026-05-02 00:06:50] [INFO] ================================================================================
[2026-05-02 00:06:50] [INFO]   Current version: 1.3.2
[2026-05-02 00:06:50] [WARNING]   Package not found in release-monitoring.org
[2026-05-02 00:06:50] [INFO] 
================================================================================
[2026-05-02 00:06:50] [INFO] Processing: py-pam (target: user-py-pam)
[2026-05-02 00:06:50] [INFO] ================================================================================
[2026-05-02 00:06:50] [INFO]   Current version: 2.0.2
[2026-05-02 00:06:50] [WARNING]   Package not found in release-monitoring.org
[2026-05-02 00:06:50] [INFO] 
================================================================================
[2026-05-02 00:06:50] [INFO] FINAL SUMMARY
[2026-05-02 00:06:50] [INFO] ================================================================================
[2026-05-02 00:06:50] [INFO] 
Successful updates: 0
[2026-05-02 00:06:50] [INFO] 
Failed updates: 80
[2026-05-02 00:06:50] [INFO]   - php-phar: Package not found
[2026-05-02 00:06:50] [INFO]   - php-filter: Package not found
[2026-05-02 00:06:50] [INFO]   - php-openssl: Package not found
[2026-05-02 00:06:50] [INFO]   - php-curl: Package not found
[2026-05-02 00:06:50] [INFO]   - php-zlib: Package not found
[2026-05-02 00:06:50] [INFO]   - php-zip: Package not found
[2026-05-02 00:06:50] [INFO]   - php-sodium: Package not found
[2026-05-02 00:06:50] [INFO]   - php-mbstring: Package not found
[2026-05-02 00:06:50] [INFO]   - php-tokenizer: Package not found
[2026-05-02 00:06:50] [INFO]   - php-dev: Package not found
[2026-05-02 00:06:50] [INFO]   - php-bcmath: Package not found
[2026-05-02 00:06:50] [INFO]   - php-curl: Package not found
[2026-05-02 00:06:50] [INFO]   - php-embed: Package not found
[2026-05-02 00:06:50] [INFO]   - php-fileinfo: Package not found
[2026-05-02 00:06:50] [INFO]   - php-filter: Package not found
[2026-05-02 00:06:50] [INFO]   - php-fpm: Package not found
[2026-05-02 00:06:50] [INFO]   - php-intl: Package not found
[2026-05-02 00:06:50] [INFO]   - php-openssl: Package not found
[2026-05-02 00:06:50] [INFO]   - php-phar: Package not found
[2026-05-02 00:06:50] [INFO]   - php-zip: Package not found
[2026-05-02 00:06:50] [INFO]   - php-zlib: Package not found
[2026-05-02 00:06:50] [INFO]   - php-zts: Package not found
[2026-05-02 00:06:50] [INFO]   - php-zts-bcmath: Package not found
[2026-05-02 00:06:50] [INFO]   - php-zts-curl: Package not found
[2026-05-02 00:06:50] [INFO]   - php-zts-dev: Package not found
[2026-05-02 00:06:50] [INFO]   - php-zts-embed: Package not found
[2026-05-02 00:06:50] [INFO]   - php-zts-fileinfo: Package not found
[2026-05-02 00:06:50] [INFO]   - php-zts-filter: Package not found
[2026-05-02 00:06:50] [INFO]   - php-zts-intl: Package not found
[2026-05-02 00:06:50] [INFO]   - php-zts-mbstring: Package not found
[2026-05-02 00:06:50] [INFO]   - php-zts-openssl: Package not found
[2026-05-02 00:06:50] [INFO]   - php-zts-phar: Package not found
[2026-05-02 00:06:50] [INFO]   - php-zts-sodium: Package not found
[2026-05-02 00:06:50] [INFO]   - php-zts-tokenizer: Package not found
[2026-05-02 00:06:50] [INFO]   - php-zts-zip: Package not found
[2026-05-02 00:06:50] [INFO]   - php-zts-zlib: Package not found
[2026-05-02 00:06:50] [INFO]   - llvm-binutils: Package not found
[2026-05-02 00:06:50] [INFO]   - clang-devel-static: Package not found
[2026-05-02 00:06:50] [INFO]   - clang-devel: Package not found
[2026-05-02 00:06:50] [INFO]   - clang-analyzer: Package not found
[2026-05-02 00:06:50] [INFO]   - clang-libs: Package not found
[2026-05-02 00:06:50] [INFO]   - clang-cpp-libs: Package not found
[2026-05-02 00:06:50] [INFO]   - mlir: Package not found
[2026-05-02 00:06:50] [INFO]   - mlir-libs: Package not found
[2026-05-02 00:06:50] [INFO]   - mlir-devel: Package not found
[2026-05-02 00:06:50] [INFO]   - mlir-devel-static: Package not found
[2026-05-02 00:06:50] [INFO]   - libunwind-devel: Package not found
[2026-05-02 00:06:50] [INFO]   - libunwind-devel-static: Package not found
[2026-05-02 00:06:50] [INFO]   - libcxx-devel: Package not found
[2026-05-02 00:06:50] [INFO]   - libcxx-devel-static: Package not found
[2026-05-02 00:06:50] [INFO]   - libcxxabi-devel: Package not found
[2026-05-02 00:06:50] [INFO]   - libcxxabi-devel-static: Package not found
[2026-05-02 00:06:50] [INFO]   - llvm-libs: Package not found
[2026-05-02 00:06:50] [INFO]   - lld: Package not found
[2026-05-02 00:06:50] [INFO]   - lld-devel: Package not found
[2026-05-02 00:06:50] [INFO]   - llvm-linker-tools: Package not found
[2026-05-02 00:06:50] [INFO]   - llvm-devel: Package not found
[2026-05-02 00:06:50] [INFO]   - llvm-devel-static: Package not found
[2026-05-02 00:06:50] [INFO]   - llvm-tools: Package not found
[2026-05-02 00:06:50] [INFO]   - llvm-runtime: Package not found
[2026-05-02 00:06:50] [INFO]   - vimdiff: Package not found
[2026-05-02 00:06:50] [INFO]   - vim-tutor: Package not found
[2026-05-02 00:06:50] [INFO]   - vim-common: Package not found
[2026-05-02 00:06:50] [INFO]   - xxd: Package not found
[2026-05-02 00:06:50] [INFO]   - linux-generic: Package not found
[2026-05-02 00:06:50] [INFO]   - linux-airgap: Package not found
[2026-05-02 00:06:50] [INFO]   - linux-server: Package not found
[2026-05-02 00:06:50] [INFO]   - linux-guest: Package not found
[2026-05-02 00:06:50] [INFO]   - linux-guest-net: Package not found
[2026-05-02 00:06:50] [INFO]   - linux-nitro: Package not found
[2026-05-02 00:06:50] [INFO]   - gen_initramfs: Package not found
[2026-05-02 00:06:50] [INFO]   - py-ruamel: Package not found
[2026-05-02 00:06:50] [INFO]   - talosctl-completions: Package not found
[2026-05-02 00:06:50] [INFO]   - libzbar-optimized-qrcode: Package not found
[2026-05-02 00:06:50] [INFO]   - tree-sitter-cli: Package not found
[2026-05-02 00:06:50] [INFO]   - sequoia-sq-completions: Package not found
[2026-05-02 00:06:50] [INFO]   - hugo-extended: Package not found
[2026-05-02 00:06:50] [INFO]   - hugo-extended-with-deploy: Package not found
[2026-05-02 00:06:50] [INFO]   - zbarcam: Package not found
[2026-05-02 00:06:50] [INFO]   - libzbar: Package not found
[2026-05-02 00:06:50] [INFO] 
================================================================================
