python3 src/targets.py > out/targets.mk
DEBUG3: Processing core/musl
DEBUG: Added musl-linux-aarch64 with deps=['bootstrap-stage3', 'pallet-clang', 'core-musl', 'core-mimalloc-linux-aarch64', 'core-llvm-compiler-rt-aarch64', 'core-busybox', 'core-make', 'core-git']
DEBUG3: Processing core/musl-fts
DEBUG3: Processing core/musl-obstack
DEBUG2: musl-linux-aarch64 deps=['bootstrap-stage3', 'pallet-clang', 'core-musl', 'core-mimalloc-linux-aarch64', 'core-llvm-compiler-rt-aarch64', 'core-busybox', 'core-make', 'core-git'], origin=musl
rm -rf out/core-clang-rt-crt-cross && \
mkdir -p out/core-clang-rt-crt-cross && \
mkdir -p fetch/core/llvm && \
python3 src/fetch.py llvm && \
 rm -rf packages/core/llvm/fetch && \
 mkdir -p packages/core/llvm/fetch && \
 ( [ -z "$(ls -A fetch/core/llvm)" ] || \
   cp -lR fetch/core/llvm/* packages/core/llvm/fetch ) && \
/bin/docker  \
  build \
  --ulimit nofile=2048:16384 \
  --tag stagex/core-clang-rt-crt-cross:21.1.8 \
  --provenance=false \
  --build-arg SOURCE_DATE_EPOCH=1 \
  --build-arg BUILDKIT_MULTI_PLATFORM=1 \
  --build-arg "BUILDKIT_DOCKERFILE_CHECK=skip=FromPlatformFlagConstDisallowed;error=true" \
  --output \
    name=core-clang-rt-crt-cross,type=oci,rewrite-timestamp=true,force-compression=true,annotation.containerd.io/distribution.source.docker.io=stagex/core-clang-rt-crt-cross,annotation.org.opencontainers.image.version=21.1.8,annotation.org.opencontainers.image.created=1970-01-01T00:00:01Z,tar=true,dest=- \
  --build-context fetch=fetch/core/llvm \
  --build-context stagex/core-filesystem=oci-layout://./out/core-filesystem \
  --target package-clang-rt-crt-cross \
  --build-arg VERSION=21.1.8 \
  --build-arg VERSION_UNDER=21_1_8 \
  --build-arg VERSION_DASH=21-1-8 \
  --build-arg VERSION_MAJOR=21 \
  --build-arg VERSION_MAJOR_MINOR=21.1 \
  --build-arg VERSION_STRIP_SUFFIX=21.1.8 \
  --build-arg CPORTS_VERSION=ae38ab55f1f9317f96af2cc75bc488f81729e16e \
  --build-arg CPORTS_SOURCE=cports-ae38ab55f1f9317f96af2cc75bc488f81729e16e.tar.gz \
  --build-arg MUSL_VERSION=1.2.5 \
  --build-arg MUSL_SOURCE=musl-1.2.5.tar.gz \
   \
   \
   \
  --platform=linux/amd64  \
  --progress=auto  \
  -f packages/core/llvm/Containerfile \
  packages/core/llvm \
| tar -C out/core-clang-rt-crt-cross -mx
[Thread 139882270021432] Starting: packages/core/llvm/package.toml

Parsing: packages/core/llvm/package.toml

Validating: llvm

Validating: cports

Validating: musl
[Thread 139882270021432] Finished: packages/core/llvm/package.toml in 0.10s

#0 building with "default" instance using docker driver

#1 [internal] load build definition from Containerfile
#1 transferring dockerfile: 23.79kB done
#1 DONE 0.0s

#2 [linux/amd64 internal] load metadata for docker.io/stagex/bootstrap-stage3:latest
#2 DONE 0.0s

#3 [context stagex/core-filesystem] load metadata for docker.io/stagex/core-filesystem@sha256:da28831927652291b0fa573092fd41c8c96ca181ea224df7bff40e1833c3db13
#3 DONE 0.0s

#4 [linux/amd64 internal] load metadata for docker.io/stagex/core-musl:latest
#4 DONE 0.3s

#5 [internal] load .dockerignore
#5 transferring context: 2B done
#5 DONE 0.0s

#6 [internal] preparing inline document
#6 DONE 0.0s

#7 FROM docker.io/stagex/bootstrap-stage3:latest@sha256:8077de97dae49bdaa2f0fb0ff06249fed4cc982a27e05b22e2df6dad6f71ab60
#7 resolve docker.io/stagex/bootstrap-stage3:latest@sha256:8077de97dae49bdaa2f0fb0ff06249fed4cc982a27e05b22e2df6dad6f71ab60 0.0s done
#7 DONE 0.0s

#8 [context stagex/core-filesystem] OCI load from client
#8 resolve docker.io/stagex/core-filesystem@sha256:da28831927652291b0fa573092fd41c8c96ca181ea224df7bff40e1833c3db13 0.0s done
#8 DONE 0.0s

#9 FROM docker.io/stagex/core-musl:latest@sha256:fe241a40ee103f34e8e2bc5054de9bf67ffe00593d7412b6d61e6d2795425f7c
#9 resolve docker.io/stagex/core-musl:latest@sha256:fe241a40ee103f34e8e2bc5054de9bf67ffe00593d7412b6d61e6d2795425f7c 0.0s done
#9 DONE 0.0s

#10 [internal] load build context
#10 transferring context: 356B done
#10 DONE 0.0s

#11 [linux/amd64 build  6/14] WORKDIR /llvm-project-21.1.8.src
#11 CACHED

#12 [build  8/14] RUN --network=none <<-EOF (cp /cports-ae38ab55f1f9317f96af2cc75bc488f81729e16e/main/llvm/patches/*.patch ....)
#12 CACHED

#13 [build 13/14] RUN --network=none <<-EOF (export LIBCC="/usr/lib/clang/21/lib/${TARGET}/libclang_rt.builtins.a"...)
#13 CACHED

#14 [linux/amd64 build  2/14] COPY <<-EOF /etc/profile
#14 CACHED

#15 [linux/amd64 build  7/14] ADD patches/*.patch .
#15 CACHED

#16 [build 12/14] RUN --network=none <<-EOF (export LIBCC="/usr/lib/clang/21/lib/${TARGET}/libclang_rt.builtins.a"...)
#16 CACHED

#17 [build 14/14] RUN --network=none <<-EOF (ln -sf /usr/bin/clang++ /rootfs/usr/bin/c++...)
#17 CACHED

#18 [linux/amd64 build  5/14] COPY fetch/musl-1.2.5.tar.gz .
#18 CACHED

#19 [linux/amd64 build 11/14] COPY --from=stagex/core-musl . /
#19 CACHED

#20 [build 10/14] RUN --network=none <<-EOF (# We first build LLVM with GCC, before we will build LLVM with LLVM...)
#20 CACHED

#21 [build  9/14] RUN --network=none <<-EOF (# CMake configuration arguments applicable to both of the following builds...)
#21 CACHED

#22 [linux/amd64 build  3/14] ADD fetch/llvm-21.1.8.tar.xz .
#22 CACHED

#23 [linux/amd64 build  1/14] COPY --from=stagex/bootstrap-stage3 . /
#23 CACHED

#24 [linux/amd64 build  4/14] ADD fetch/cports-ae38ab55f1f9317f96af2cc75bc488f81729e16e.tar.gz .
#24 CACHED

#25 [linux/amd64 build-clang-rt-crt-cross 1/2] COPY --from=build /musl-1.2.5.tar.gz /
#25 CACHED

#26 [build-clang-rt-crt-cross 2/2] RUN --network=none <<-EOF (set -eux...)
#26 0.125 + '[[' amd64 '==' amd64 ]]
#26 0.125 + ARCH=x86_64
#26 0.125 + LLVM_TARGET_ARCH=X86
#26 0.125 + '[[' amd64 '==' arm64 ]]
#26 0.125 + export ARCH
#26 0.125 + nproc
#26 0.126 + export 'MAKEFLAGS=-j384'
#26 0.126 + export 'BUILD=x86_64-unknown-linux-musl'
#26 0.126 + export 'TARGET=x86_64-unknown-linux-musl'
#26 0.126 + set -eux
#26 0.126 + export 'HOST_ARCH=x86_64'
#26 0.126 + TARGETS='aarch64 armhf armv7 ppc64le ppc64 ppc x86_64 riscv64 loongarch64'
#26 0.126 + CROSS_TARGETS=
#26 0.126 + '[' aarch64 '!=' x86_64 ]
#26 0.126 + CROSS_TARGETS=' aarch64'
#26 0.126 + '[' armhf '!=' x86_64 ]
#26 0.126 + CROSS_TARGETS=' aarch64 armhf'
#26 0.126 + '[' armv7 '!=' x86_64 ]
#26 0.126 + CROSS_TARGETS=' aarch64 armhf armv7'
#26 0.126 + '[' ppc64le '!=' x86_64 ]
#26 0.126 + CROSS_TARGETS=' aarch64 armhf armv7 ppc64le'
#26 0.126 + '[' ppc64 '!=' x86_64 ]
#26 0.126 + CROSS_TARGETS=' aarch64 armhf armv7 ppc64le ppc64'
#26 0.126 + '[' ppc '!=' x86_64 ]
#26 0.126 + CROSS_TARGETS=' aarch64 armhf armv7 ppc64le ppc64 ppc'
#26 0.126 + '[' x86_64 '!=' x86_64 ]
#26 0.126 + '[' riscv64 '!=' x86_64 ]
#26 0.126 + CROSS_TARGETS=' aarch64 armhf armv7 ppc64le ppc64 ppc riscv64'
#26 0.126 + '[' loongarch64 '!=' x86_64 ]
#26 0.126 + CROSS_TARGETS=' aarch64 armhf armv7 ppc64le ppc64 ppc riscv64 loongarch64'
#26 0.126 + echo 'Building for cross targets: aarch64 armhf armv7 ppc64le ppc64 ppc riscv64 loongarch64'
#26 0.126 + mkdir -p /tmp/musl-source
#26 0.126 Building for cross targets: aarch64 armhf armv7 ppc64le ppc64 ppc riscv64 loongarch64
#26 0.130 + cd /tmp/musl-source
#26 0.130 + tar -xf /musl-1.2.5.tar.gz '--strip-components=1'
#26 0.177 Building for aarch64...
#26 0.177 + echo 'Building for aarch64...'
#26 0.177 + TRIPLET=aarch64-unknown-linux-gnu
#26 0.177 + mkdir -p /tmp/musl-build-aarch64
#26 0.177 + cd /tmp/musl-build-aarch64
#26 0.177 + /tmp/musl-source/configure '--prefix=/usr' '--host=aarch64-unknown-linux-gnu' 'CC=clang -target aarch64-unknown-linux-gnu'
#26 0.178 checking for C compiler... clang -target aarch64-unknown-linux-gnu
#26 0.178 checking whether C compiler works... yes
#26 0.192 checking whether compiler accepts -Werror=unknown-warning-option... yes
#26 0.206 checking whether compiler accepts -Werror=unused-command-line-argument... yes
#26 0.218 checking whether compiler accepts -Werror=ignored-optimization-argument... yes
#26 0.229 checking whether linker accepts -Werror=unknown-warning-option... no
#26 0.247 checking whether linker accepts -Werror=unused-command-line-argument... no
#26 0.265 checking for C compiler family... clang
#26 0.275 checking for toolchain wrapper to build... none
#26 0.286 checking target system type... aarch64-unknown-linux-gnu
#26 0.286 checking whether compiler accepts -std=c99... yes
#26 0.299 checking whether compiler accepts -nostdinc... yes
#26 0.312 checking whether compiler accepts -ffreestanding... yes
#26 0.326 checking whether compiler accepts -fexcess-precision=standard... yes
#26 0.337 checking whether compiler accepts -frounding-math... yes
#26 0.351 checking whether compiler accepts -fno-strict-aliasing... yes
#26 0.362 checking whether compiler needs attribute((may_alias)) suppression... no
#26 0.375 checking whether compiler accepts -Wa,--noexecstack... yes
#26 0.387 checking whether compiler accepts -fno-stack-protector... yes
#26 0.398 checking whether compiler accepts -fno-tree-loop-distribute-patterns... no
#26 0.407 checking whether we should preprocess assembly to add debugging information... no
#26 0.407 checking for optimization settings... using defaults
#26 0.407 checking whether compiler accepts -O2... yes
#26 0.421 checking whether compiler accepts -fno-align-jumps... no
#26 0.430 checking whether compiler accepts -fno-align-functions... yes
#26 0.441 checking whether compiler accepts -fno-align-loops... no
#26 0.447 checking whether compiler accepts -fno-align-labels... no
#26 0.454 checking whether compiler accepts -fira-region=one... no
#26 0.462 checking whether compiler accepts -fira-hoist-pressure... no
#26 0.470 checking whether compiler accepts -freorder-blocks-algorithm=simple... no
#26 0.479 checking whether compiler accepts -fno-reorder-blocks... no
#26 0.485 checking whether compiler accepts -fno-prefetch-loop-arrays... no
#26 0.492 checking whether compiler accepts -fno-tree-ch... no
#26 0.499 components to be optimized for speed: internal malloc string
#26 0.499 checking whether compiler accepts -pipe... yes
#26 0.510 checking whether compiler accepts -fomit-frame-pointer... yes
#26 0.522 checking whether compiler accepts -fno-unwind-tables... yes
#26 0.534 checking whether compiler accepts -fno-asynchronous-unwind-tables... yes
#26 0.545 checking whether compiler accepts -ffunction-sections... yes
#26 0.556 checking whether compiler accepts -fdata-sections... yes
#26 0.567 checking whether compiler accepts -w... yes
#26 0.578 checking whether compiler accepts -Wno-pointer-to-int-cast... yes
#26 0.590 checking whether compiler accepts -Werror=implicit-function-declaration... yes
#26 0.601 checking whether compiler accepts -Werror=implicit-int... yes
#26 0.612 checking whether compiler accepts -Werror=pointer-sign... yes
#26 0.623 checking whether compiler accepts -Werror=pointer-arith... yes
#26 0.634 checking whether compiler accepts -Werror=int-conversion... yes
#26 0.645 checking whether compiler accepts -Werror=incompatible-pointer-types... yes
#26 0.657 checking whether compiler accepts -Werror=discarded-qualifiers... no
#26 0.664 checking whether compiler accepts -Werror=discarded-array-qualifiers... no
#26 0.675 checking whether compiler accepts -Qunused-arguments... yes
#26 0.688 checking whether compiler accepts -Waddress... yes
#26 0.701 checking whether compiler accepts -Warray-bounds... yes
#26 0.713 checking whether compiler accepts -Wchar-subscripts... yes
#26 0.725 checking whether compiler accepts -Wduplicate-decl-specifier... yes
#26 0.736 checking whether compiler accepts -Winit-self... yes
#26 0.747 checking whether compiler accepts -Wreturn-type... yes
#26 0.758 checking whether compiler accepts -Wsequence-point... yes
#26 0.769 checking whether compiler accepts -Wstrict-aliasing... yes
#26 0.781 checking whether compiler accepts -Wunused-function... yes
#26 0.792 checking whether compiler accepts -Wunused-label... yes
#26 0.803 checking whether compiler accepts -Wunused-variable... yes
#26 0.816 checking preprocessor condition __PIC__... true
#26 0.829 checking whether linker accepts -Wl,--sort-section,alignment... no
#26 0.849 checking whether linker accepts -Wl,--sort-common... no
#26 0.869 checking whether linker accepts -Wl,--gc-sections... no
#26 0.887 checking whether linker accepts -Wl,--hash-style=both... no
#26 0.906 checking whether linker accepts -Wl,--no-undefined... no
#26 0.924 checking whether linker accepts -Wl,--exclude-libs=ALL... no
#26 0.942 checking whether linker accepts -Wl,--dynamic-list=/tmp/musl-source/dynamic.list... no
#26 0.959 checking whether linker accepts -lgcc... no
#26 0.977 checking whether linker accepts -lcompiler_rt... no
#26 1.002 checking whether linker accepts /usr/lib/clang/21/lib/aarch64-unknown-linux-gnu/libclang_rt.builtins.a... no
#26 1.020 checking whether linker accepts libpcc.a... no
#26 1.027 using compiler runtime libraries: 
#26 1.027 checking preprocessor condition __AARCH64EB__... false
#26 1.039 checking whether compiler's long double definition matches float.h... yes
#26 1.050 checking preprocessor condition __FAST_MATH__... false
#26 1.063 creating config.mak... done
#26 1.067 + MUSL_SYSROOT=/tmp/musl-sysroot-aarch64
#26 1.067 + mkdir -p /tmp/musl-sysroot-aarch64
#26 1.068 + cd /tmp/musl-build-aarch64
#26 1.068 + make install-headers 'DESTDIR=/tmp/musl-sysroot-aarch64'
#26 1.183 /tmp/musl-source/tools/install.sh -D -m 644 /tmp/musl-source/include/aio.h /tmp/musl-sysroot-aarch64/usr/include/aio.h
#26 1.183 /tmp/musl-source/tools/install.sh -D -m 644 /tmp/musl-source/include/alloca.h /tmp/musl-sysroot-aarch64/usr/include/alloca.h
#26 1.184 /tmp/musl-source/tools/install.sh -D -m 644 /tmp/musl-source/include/ar.h /tmp/musl-sysroot-aarch64/usr/include/ar.h
#26 1.184 /tmp/musl-source/tools/install.sh -D -m 644 /tmp/musl-source/include/arpa/ftp.h /tmp/musl-sysroot-aarch64/usr/include/arpa/ftp.h
#26 1.184 /tmp/musl-source/tools/install.sh -D -m 644 /tmp/musl-source/include/arpa/inet.h /tmp/musl-sysroot-aarch64/usr/include/arpa/inet.h
#26 1.184 /tmp/musl-source/tools/install.sh -D -m 644 /tmp/musl-source/include/arpa/nameser.h /tmp/musl-sysroot-aarch64/usr/include/arpa/nameser.h
#26 1.184 /tmp/musl-source/tools/install.sh -D -m 644 /tmp/musl-source/include/arpa/nameser_compat.h /tmp/musl-sysroot-aarch64/usr/include/arpa/nameser_compat.h
#26 1.185 /tmp/musl-source/tools/install.sh -D -m 644 /tmp/musl-source/include/arpa/telnet.h /tmp/musl-sysroot-aarch64/usr/include/arpa/telnet.h
#26 1.185 /tmp/musl-source/tools/install.sh -D -m 644 /tmp/musl-source/include/arpa/tftp.h /tmp/musl-sysroot-aarch64/usr/include/arpa/tftp.h
#26 1.185 /tmp/musl-source/tools/install.sh -D -m 644 /tmp/musl-source/include/assert.h /tmp/musl-sysroot-aarch64/usr/include/assert.h
#26 1.186 mkdir -p lib
#26 1.186 mkdir -p obj/crt
#26 1.186 mkdir -p obj/crt/aarch64
#26 1.186 mkdir -p obj/include
#26 1.186 mkdir -p obj/include/bits
#26 1.186 mkdir -p obj/ldso
#26 1.186 mkdir -p obj/src/aio
#26 1.186 mkdir -p obj/src/complex
#26 1.187 mkdir -p obj/src/conf
#26 1.187 mkdir -p obj/src/crypt
#26 1.187 mkdir -p obj/src/ctype
#26 1.187 mkdir -p obj/src/dirent
#26 1.187 mkdir -p obj/src/env
#26 1.187 mkdir -p obj/src/errno
#26 1.187 mkdir -p obj/src/exit
#26 1.187 mkdir -p obj/src/fcntl
#26 1.187 mkdir -p obj/src/fenv
#26 1.187 mkdir -p obj/src/fenv/aarch64
#26 1.187 mkdir -p obj/src/internal
#26 1.187 mkdir -p obj/src/ipc
#26 1.188 mkdir -p obj/src/ldso
#26 1.188 mkdir -p obj/src/ldso/aarch64
#26 1.188 mkdir -p obj/src/legacy
#26 1.188 mkdir -p obj/src/linux
#26 1.188 mkdir -p obj/src/locale
#26 1.188 mkdir -p obj/src/malloc
#26 1.188 mkdir -p obj/src/malloc/mallocng
#26 1.188 mkdir -p obj/src/math
#26 1.188 mkdir -p obj/src/math/aarch64
#26 1.188 mkdir -p obj/src/misc
#26 1.188 mkdir -p obj/src/mman
#26 1.188 mkdir -p obj/src/mq
#26 1.188 mkdir -p obj/src/multibyte
#26 1.189 mkdir -p obj/src/network
#26 1.189 mkdir -p obj/src/passwd
#26 1.189 mkdir -p obj/src/prng
#26 1.189 mkdir -p obj/src/process
#26 1.189 mkdir -p obj/src/process/aarch64
#26 1.189 mkdir -p obj/src/regex
#26 1.189 mkdir -p obj/src/sched
#26 1.189 mkdir -p obj/src/search
#26 1.189 mkdir -p obj/src/select
#26 1.189 mkdir -p obj/src/setjmp/aarch64
#26 1.189 mkdir -p obj/src/signal
#26 1.189 mkdir -p obj/src/signal/aarch64
#26 1.189 mkdir -p obj/src/stat
#26 1.190 mkdir -p obj/src/stdio
#26 1.190 mkdir -p obj/src/stdlib
#26 1.190 mkdir -p obj/src/string
#26 1.190 mkdir -p obj/src/string/aarch64
#26 1.190 mkdir -p obj/src/temp
#26 1.190 mkdir -p obj/src/termios
#26 1.190 mkdir -p obj/src/thread
#26 1.190 mkdir -p obj/src/thread/aarch64
#26 1.190 mkdir -p obj/src/time
#26 1.190 mkdir -p obj/src/unistd
#26 1.190 /tmp/musl-source/tools/install.sh -D -m 644 /tmp/musl-source/arch/generic/bits/dirent.h /tmp/musl-sysroot-aarch64/usr/include/bits/dirent.h
#26 1.190 /tmp/musl-source/tools/install.sh -D -m 644 /tmp/musl-source/arch/generic/bits/errno.h /tmp/musl-sysroot-aarch64/usr/include/bits/errno.h
#26 1.191 /tmp/musl-source/tools/install.sh -D -m 644 /tmp/musl-source/arch/aarch64/bits/fcntl.h /tmp/musl-sysroot-aarch64/usr/include/bits/fcntl.h
#26 1.191 /tmp/musl-source/tools/install.sh -D -m 644 /tmp/musl-source/arch/aarch64/bits/fenv.h /tmp/musl-sysroot-aarch64/usr/include/bits/fenv.h
#26 1.191 /tmp/musl-source/tools/install.sh -D -m 644 /tmp/musl-source/arch/aarch64/bits/float.h /tmp/musl-sysroot-aarch64/usr/include/bits/float.h
#26 1.191 /tmp/musl-source/tools/install.sh -D -m 644 /tmp/musl-source/arch/aarch64/bits/hwcap.h /tmp/musl-sysroot-aarch64/usr/include/bits/hwcap.h
#26 1.191 /tmp/musl-source/tools/install.sh -D -m 644 /tmp/musl-source/arch/generic/bits/io.h /tmp/musl-sysroot-aarch64/usr/include/bits/io.h
#26 1.191 /tmp/musl-source/tools/install.sh -D -m 644 /tmp/musl-source/arch/generic/bits/ioctl.h /tmp/musl-sysroot-aarch64/usr/include/bits/ioctl.h
#26 1.191 /tmp/musl-source/tools/install.sh -D -m 644 /tmp/musl-source/arch/generic/bits/ioctl_fix.h /tmp/musl-sysroot-aarch64/usr/include/bits/ioctl_fix.h
#26 1.192 /tmp/musl-source/tools/install.sh -D -m 644 /tmp/musl-source/arch/generic/bits/ipc.h /tmp/musl-sysroot-aarch64/usr/include/bits/ipc.h
#26 1.192 /tmp/musl-source/tools/install.sh -D -m 644 /tmp/musl-source/arch/generic/bits/ipcstat.h /tmp/musl-sysroot-aarch64/usr/include/bits/ipcstat.h
#26 1.192 /tmp/musl-source/tools/install.sh -D -m 644 /tmp/musl-source/arch/generic/bits/kd.h /tmp/musl-sysroot-aarch64/usr/include/bits/kd.h
#26 1.192 /tmp/musl-source/tools/install.sh -D -m 644 /tmp/musl-source/arch/generic/bits/limits.h /tmp/musl-sysroot-aarch64/usr/include/bits/limits.h
#26 1.192 /tmp/musl-source/tools/install.sh -D -m 644 /tmp/musl-source/arch/generic/bits/link.h /tmp/musl-sysroot-aarch64/usr/include/bits/link.h
#26 1.192 /tmp/musl-source/tools/install.sh -D -m 644 /tmp/musl-source/arch/aarch64/bits/mman.h /tmp/musl-sysroot-aarch64/usr/include/bits/mman.h
#26 1.192 /tmp/musl-source/tools/install.sh -D -m 644 /tmp/musl-source/arch/generic/bits/msg.h /tmp/musl-sysroot-aarch64/usr/include/bits/msg.h
#26 1.193 /tmp/musl-source/tools/install.sh -D -m 644 /tmp/musl-source/arch/generic/bits/poll.h /tmp/musl-sysroot-aarch64/usr/include/bits/poll.h
#26 1.193 /tmp/musl-source/tools/install.sh -D -m 644 /tmp/musl-source/arch/aarch64/bits/posix.h /tmp/musl-sysroot-aarch64/usr/include/bits/posix.h
#26 1.193 /tmp/musl-source/tools/install.sh -D -m 644 /tmp/musl-source/arch/generic/bits/ptrace.h /tmp/musl-sysroot-aarch64/usr/include/bits/ptrace.h
#26 1.193 /tmp/musl-source/tools/install.sh -D -m 644 /tmp/musl-source/arch/aarch64/bits/reg.h /tmp/musl-sysroot-aarch64/usr/include/bits/reg.h
#26 1.193 /tmp/musl-source/tools/install.sh -D -m 644 /tmp/musl-source/arch/generic/bits/resource.h /tmp/musl-sysroot-aarch64/usr/include/bits/resource.h
#26 1.194 /tmp/musl-source/tools/install.sh -D -m 644 /tmp/musl-source/arch/generic/bits/sem.h /tmp/musl-sysroot-aarch64/usr/include/bits/sem.h
#26 1.194 /tmp/musl-source/tools/install.sh -D -m 644 /tmp/musl-source/arch/aarch64/bits/setjmp.h /tmp/musl-sysroot-aarch64/usr/include/bits/setjmp.h
#26 1.194 /tmp/musl-source/tools/install.sh -D -m 644 /tmp/musl-source/arch/generic/bits/shm.h /tmp/musl-sysroot-aarch64/usr/include/bits/shm.h
#26 1.194 /tmp/musl-source/tools/install.sh -D -m 644 /tmp/musl-source/arch/aarch64/bits/signal.h /tmp/musl-sysroot-aarch64/usr/include/bits/signal.h
#26 1.194 /tmp/musl-source/tools/install.sh -D -m 644 /tmp/musl-source/arch/generic/bits/socket.h /tmp/musl-sysroot-aarch64/usr/include/bits/socket.h
#26 1.194 /tmp/musl-source/tools/install.sh -D -m 644 /tmp/musl-source/arch/generic/bits/soundcard.h /tmp/musl-sysroot-aarch64/usr/include/bits/soundcard.h
#26 1.194 /tmp/musl-source/tools/install.sh -D -m 644 /tmp/musl-source/arch/aarch64/bits/stat.h /tmp/musl-sysroot-aarch64/usr/include/bits/stat.h
#26 1.195 /tmp/musl-source/tools/install.sh -D -m 644 /tmp/musl-source/arch/generic/bits/statfs.h /tmp/musl-sysroot-aarch64/usr/include/bits/statfs.h
#26 1.195 /tmp/musl-source/tools/install.sh -D -m 644 /tmp/musl-source/arch/aarch64/bits/stdint.h /tmp/musl-sysroot-aarch64/usr/include/bits/stdint.h
#26 1.195 cp /tmp/musl-source/arch/aarch64/bits/syscall.h.in obj/include/bits/syscall.h
#26 1.195 /tmp/musl-source/tools/install.sh -D -m 644 /tmp/musl-source/arch/generic/bits/termios.h /tmp/musl-sysroot-aarch64/usr/include/bits/termios.h
#26 1.196 sed -n -e s/__NR_/SYS_/p < /tmp/musl-source/arch/aarch64/bits/syscall.h.in >> obj/include/bits/syscall.h
#26 1.196 /tmp/musl-source/tools/install.sh -D -m 644 /tmp/musl-source/arch/aarch64/bits/user.h /tmp/musl-sysroot-aarch64/usr/include/bits/user.h
#26 1.196 /tmp/musl-source/tools/install.sh -D -m 644 /tmp/musl-source/arch/generic/bits/vt.h /tmp/musl-sysroot-aarch64/usr/include/bits/vt.h
#26 1.196 /tmp/musl-source/tools/install.sh -D -m 644 /tmp/musl-source/include/byteswap.h /tmp/musl-sysroot-aarch64/usr/include/byteswap.h
#26 1.196 /tmp/musl-source/tools/install.sh -D -m 644 /tmp/musl-source/include/complex.h /tmp/musl-sysroot-aarch64/usr/include/complex.h
#26 1.196 /tmp/musl-source/tools/install.sh -D -m 644 /tmp/musl-source/include/cpio.h /tmp/musl-sysroot-aarch64/usr/include/cpio.h
#26 1.197 /tmp/musl-source/tools/install.sh -D -m 644 /tmp/musl-source/include/crypt.h /tmp/musl-sysroot-aarch64/usr/include/crypt.h
#26 1.197 /tmp/musl-source/tools/install.sh -D -m 644 /tmp/musl-source/include/ctype.h /tmp/musl-sysroot-aarch64/usr/include/ctype.h
#26 1.197 /tmp/musl-source/tools/install.sh -D -m 644 /tmp/musl-source/include/dirent.h /tmp/musl-sysroot-aarch64/usr/include/dirent.h
#26 1.197 /tmp/musl-source/tools/install.sh -D -m 644 /tmp/musl-source/include/dlfcn.h /tmp/musl-sysroot-aarch64/usr/include/dlfcn.h
#26 1.197 /tmp/musl-source/tools/install.sh -D -m 644 /tmp/musl-source/include/elf.h /tmp/musl-sysroot-aarch64/usr/include/elf.h
#26 1.197 /tmp/musl-source/tools/install.sh -D -m 644 /tmp/musl-source/include/endian.h /tmp/musl-sysroot-aarch64/usr/include/endian.h
#26 1.197 /tmp/musl-source/tools/install.sh -D -m 644 /tmp/musl-source/include/err.h /tmp/musl-sysroot-aarch64/usr/include/err.h
#26 1.197 /tmp/musl-source/tools/install.sh -D -m 644 /tmp/musl-source/include/errno.h /tmp/musl-sysroot-aarch64/usr/include/errno.h
#26 1.198 /tmp/musl-source/tools/install.sh -D -m 644 /tmp/musl-source/include/fcntl.h /tmp/musl-sysroot-aarch64/usr/include/fcntl.h
#26 1.198 /tmp/musl-source/tools/install.sh -D -m 644 /tmp/musl-source/include/features.h /tmp/musl-sysroot-aarch64/usr/include/features.h
#26 1.198 /tmp/musl-source/tools/install.sh -D -m 644 /tmp/musl-source/include/fenv.h /tmp/musl-sysroot-aarch64/usr/include/fenv.h
#26 1.198 /tmp/musl-source/tools/install.sh -D -m 644 /tmp/musl-source/include/float.h /tmp/musl-sysroot-aarch64/usr/include/float.h
#26 1.198 /tmp/musl-source/tools/install.sh -D -m 644 /tmp/musl-source/include/fmtmsg.h /tmp/musl-sysroot-aarch64/usr/include/fmtmsg.h
#26 1.198 /tmp/musl-source/tools/install.sh -D -m 644 /tmp/musl-source/include/fnmatch.h /tmp/musl-sysroot-aarch64/usr/include/fnmatch.h
#26 1.198 /tmp/musl-source/tools/install.sh -D -m 644 /tmp/musl-source/include/ftw.h /tmp/musl-sysroot-aarch64/usr/include/ftw.h
#26 1.199 /tmp/musl-source/tools/install.sh -D -m 644 /tmp/musl-source/include/getopt.h /tmp/musl-sysroot-aarch64/usr/include/getopt.h
#26 1.199 /tmp/musl-source/tools/install.sh -D -m 644 /tmp/musl-source/include/glob.h /tmp/musl-sysroot-aarch64/usr/include/glob.h
#26 1.199 /tmp/musl-source/tools/install.sh -D -m 644 /tmp/musl-source/include/grp.h /tmp/musl-sysroot-aarch64/usr/include/grp.h
#26 1.199 /tmp/musl-source/tools/install.sh -D -m 644 /tmp/musl-source/include/iconv.h /tmp/musl-sysroot-aarch64/usr/include/iconv.h
#26 1.199 /tmp/musl-source/tools/install.sh -D -m 644 /tmp/musl-source/include/ifaddrs.h /tmp/musl-sysroot-aarch64/usr/include/ifaddrs.h
#26 1.199 /tmp/musl-source/tools/install.sh -D -m 644 /tmp/musl-source/include/inttypes.h /tmp/musl-sysroot-aarch64/usr/include/inttypes.h
#26 1.200 /tmp/musl-source/tools/install.sh -D -m 644 /tmp/musl-source/include/iso646.h /tmp/musl-sysroot-aarch64/usr/include/iso646.h
#26 1.200 /tmp/musl-source/tools/install.sh -D -m 644 /tmp/musl-source/include/langinfo.h /tmp/musl-sysroot-aarch64/usr/include/langinfo.h
#26 1.200 /tmp/musl-source/tools/install.sh -D -m 644 /tmp/musl-source/include/lastlog.h /tmp/musl-sysroot-aarch64/usr/include/lastlog.h
#26 1.200 /tmp/musl-source/tools/install.sh -D -m 644 /tmp/musl-source/include/libgen.h /tmp/musl-sysroot-aarch64/usr/include/libgen.h
#26 1.201 /tmp/musl-source/tools/install.sh -D -m 644 /tmp/musl-source/include/libintl.h /tmp/musl-sysroot-aarch64/usr/include/libintl.h
#26 1.201 /tmp/musl-source/tools/install.sh -D -m 644 /tmp/musl-source/include/limits.h /tmp/musl-sysroot-aarch64/usr/include/limits.h
#26 1.201 /tmp/musl-source/tools/install.sh -D -m 644 /tmp/musl-source/include/link.h /tmp/musl-sysroot-aarch64/usr/include/link.h
#26 1.201 /tmp/musl-source/tools/install.sh -D -m 644 /tmp/musl-source/include/locale.h /tmp/musl-sysroot-aarch64/usr/include/locale.h
#26 1.201 /tmp/musl-source/tools/install.sh -D -m 644 /tmp/musl-source/include/malloc.h /tmp/musl-sysroot-aarch64/usr/include/malloc.h
#26 1.202 /tmp/musl-source/tools/install.sh -D -m 644 /tmp/musl-source/include/math.h /tmp/musl-sysroot-aarch64/usr/include/math.h
#26 1.202 /tmp/musl-source/tools/install.sh -D -m 644 /tmp/musl-source/include/memory.h /tmp/musl-sysroot-aarch64/usr/include/memory.h
#26 1.202 /tmp/musl-source/tools/install.sh -D -m 644 /tmp/musl-source/include/mntent.h /tmp/musl-sysroot-aarch64/usr/include/mntent.h
#26 1.202 /tmp/musl-source/tools/install.sh -D -m 644 /tmp/musl-source/include/monetary.h /tmp/musl-sysroot-aarch64/usr/include/monetary.h
#26 1.202 /tmp/musl-source/tools/install.sh -D -m 644 /tmp/musl-source/include/mqueue.h /tmp/musl-sysroot-aarch64/usr/include/mqueue.h
#26 1.202 /tmp/musl-source/tools/install.sh -D -m 644 /tmp/musl-source/include/net/ethernet.h /tmp/musl-sysroot-aarch64/usr/include/net/ethernet.h
#26 1.202 /tmp/musl-source/tools/install.sh -D -m 644 /tmp/musl-source/include/net/if.h /tmp/musl-sysroot-aarch64/usr/include/net/if.h
#26 1.203 /tmp/musl-source/tools/install.sh -D -m 644 /tmp/musl-source/include/net/if_arp.h /tmp/musl-sysroot-aarch64/usr/include/net/if_arp.h
#26 1.203 /tmp/musl-source/tools/install.sh -D -m 644 /tmp/musl-source/include/net/route.h /tmp/musl-sysroot-aarch64/usr/include/net/route.h
#26 1.203 /tmp/musl-source/tools/install.sh -D -m 644 /tmp/musl-source/include/netdb.h /tmp/musl-sysroot-aarch64/usr/include/netdb.h
#26 1.203 /tmp/musl-source/tools/install.sh -D -m 644 /tmp/musl-source/include/netinet/ether.h /tmp/musl-sysroot-aarch64/usr/include/netinet/ether.h
#26 1.203 /tmp/musl-source/tools/install.sh -D -m 644 /tmp/musl-source/include/netinet/icmp6.h /tmp/musl-sysroot-aarch64/usr/include/netinet/icmp6.h
#26 1.203 /tmp/musl-source/tools/install.sh -D -m 644 /tmp/musl-source/include/netinet/if_ether.h /tmp/musl-sysroot-aarch64/usr/include/netinet/if_ether.h
#26 1.204 /tmp/musl-source/tools/install.sh -D -m 644 /tmp/musl-source/include/netinet/igmp.h /tmp/musl-sysroot-aarch64/usr/include/netinet/igmp.h
#26 1.204 /tmp/musl-source/tools/install.sh -D -m 644 /tmp/musl-source/include/netinet/in.h /tmp/musl-sysroot-aarch64/usr/include/netinet/in.h
#26 1.204 /tmp/musl-source/tools/install.sh -D -m 644 /tmp/musl-source/include/netinet/in_systm.h /tmp/musl-sysroot-aarch64/usr/include/netinet/in_systm.h
#26 1.204 /tmp/musl-source/tools/install.sh -D -m 644 /tmp/musl-source/include/netinet/ip.h /tmp/musl-sysroot-aarch64/usr/include/netinet/ip.h
#26 1.204 /tmp/musl-source/tools/install.sh -D -m 644 /tmp/musl-source/include/netinet/ip6.h /tmp/musl-sysroot-aarch64/usr/include/netinet/ip6.h
#26 1.204 /tmp/musl-source/tools/install.sh -D -m 644 /tmp/musl-source/include/netinet/ip_icmp.h /tmp/musl-sysroot-aarch64/usr/include/netinet/ip_icmp.h
#26 1.205 /tmp/musl-source/tools/install.sh -D -m 644 /tmp/musl-source/include/netinet/tcp.h /tmp/musl-sysroot-aarch64/usr/include/netinet/tcp.h
#26 1.205 /tmp/musl-source/tools/install.sh -D -m 644 /tmp/musl-source/include/netinet/udp.h /tmp/musl-sysroot-aarch64/usr/include/netinet/udp.h
#26 1.205 /tmp/musl-source/tools/install.sh -D -m 644 /tmp/musl-source/include/netpacket/packet.h /tmp/musl-sysroot-aarch64/usr/include/netpacket/packet.h
#26 1.205 /tmp/musl-source/tools/install.sh -D -m 644 /tmp/musl-source/include/nl_types.h /tmp/musl-sysroot-aarch64/usr/include/nl_types.h
#26 1.205 /tmp/musl-source/tools/install.sh -D -m 644 /tmp/musl-source/include/paths.h /tmp/musl-sysroot-aarch64/usr/include/paths.h
#26 1.205 /tmp/musl-source/tools/install.sh -D -m 644 /tmp/musl-source/include/poll.h /tmp/musl-sysroot-aarch64/usr/include/poll.h
#26 1.205 /tmp/musl-source/tools/install.sh -D -m 644 /tmp/musl-source/include/pthread.h /tmp/musl-sysroot-aarch64/usr/include/pthread.h
#26 1.206 /tmp/musl-source/tools/install.sh -D -m 644 /tmp/musl-source/include/pty.h /tmp/musl-sysroot-aarch64/usr/include/pty.h
#26 1.206 /tmp/musl-source/tools/install.sh -D -m 644 /tmp/musl-source/include/pwd.h /tmp/musl-sysroot-aarch64/usr/include/pwd.h
#26 1.206 /tmp/musl-source/tools/install.sh -D -m 644 /tmp/musl-source/include/regex.h /tmp/musl-sysroot-aarch64/usr/include/regex.h
#26 1.206 /tmp/musl-source/tools/install.sh -D -m 644 /tmp/musl-source/include/resolv.h /tmp/musl-sysroot-aarch64/usr/include/resolv.h
#26 1.206 /tmp/musl-source/tools/install.sh -D -m 644 /tmp/musl-source/include/sched.h /tmp/musl-sysroot-aarch64/usr/include/sched.h
#26 1.207 /tmp/musl-source/tools/install.sh -D -m 644 /tmp/musl-source/include/scsi/scsi.h /tmp/musl-sysroot-aarch64/usr/include/scsi/scsi.h
#26 1.207 /tmp/musl-source/tools/install.sh -D -m 644 /tmp/musl-source/include/scsi/scsi_ioctl.h /tmp/musl-sysroot-aarch64/usr/include/scsi/scsi_ioctl.h
#26 1.207 /tmp/musl-source/tools/install.sh -D -m 644 /tmp/musl-source/include/scsi/sg.h /tmp/musl-sysroot-aarch64/usr/include/scsi/sg.h
#26 1.207 /tmp/musl-source/tools/install.sh -D -m 644 /tmp/musl-source/include/search.h /tmp/musl-sysroot-aarch64/usr/include/search.h
#26 1.207 /tmp/musl-source/tools/install.sh -D -m 644 /tmp/musl-source/include/semaphore.h /tmp/musl-sysroot-aarch64/usr/include/semaphore.h
#26 1.207 /tmp/musl-source/tools/install.sh -D -m 644 /tmp/musl-source/include/setjmp.h /tmp/musl-sysroot-aarch64/usr/include/setjmp.h
#26 1.208 /tmp/musl-source/tools/install.sh -D -m 644 /tmp/musl-source/include/shadow.h /tmp/musl-sysroot-aarch64/usr/include/shadow.h
#26 1.208 /tmp/musl-source/tools/install.sh -D -m 644 /tmp/musl-source/include/signal.h /tmp/musl-sysroot-aarch64/usr/include/signal.h
#26 1.208 /tmp/musl-source/tools/install.sh -D -m 644 /tmp/musl-source/include/spawn.h /tmp/musl-sysroot-aarch64/usr/include/spawn.h
#26 1.208 /tmp/musl-source/tools/install.sh -D -m 644 /tmp/musl-source/include/stdalign.h /tmp/musl-sysroot-aarch64/usr/include/stdalign.h
#26 1.208 /tmp/musl-source/tools/install.sh -D -m 644 /tmp/musl-source/include/stdarg.h /tmp/musl-sysroot-aarch64/usr/include/stdarg.h
#26 1.208 /tmp/musl-source/tools/install.sh -D -m 644 /tmp/musl-source/include/stdbool.h /tmp/musl-sysroot-aarch64/usr/include/stdbool.h
#26 1.209 /tmp/musl-source/tools/install.sh -D -m 644 /tmp/musl-source/include/stdc-predef.h /tmp/musl-sysroot-aarch64/usr/include/stdc-predef.h
#26 1.209 /tmp/musl-source/tools/install.sh -D -m 644 /tmp/musl-source/include/stddef.h /tmp/musl-sysroot-aarch64/usr/include/stddef.h
#26 1.209 /tmp/musl-source/tools/install.sh -D -m 644 /tmp/musl-source/include/stdint.h /tmp/musl-sysroot-aarch64/usr/include/stdint.h
#26 1.209 /tmp/musl-source/tools/install.sh -D -m 644 /tmp/musl-source/include/stdio.h /tmp/musl-sysroot-aarch64/usr/include/stdio.h
#26 1.209 /tmp/musl-source/tools/install.sh -D -m 644 /tmp/musl-source/include/stdio_ext.h /tmp/musl-sysroot-aarch64/usr/include/stdio_ext.h
#26 1.209 /tmp/musl-source/tools/install.sh -D -m 644 /tmp/musl-source/include/stdlib.h /tmp/musl-sysroot-aarch64/usr/include/stdlib.h
#26 1.209 /tmp/musl-source/tools/install.sh -D -m 644 /tmp/musl-source/include/stdnoreturn.h /tmp/musl-sysroot-aarch64/usr/include/stdnoreturn.h
#26 1.210 /tmp/musl-source/tools/install.sh -D -m 644 /tmp/musl-source/include/string.h /tmp/musl-sysroot-aarch64/usr/include/string.h
#26 1.210 /tmp/musl-source/tools/install.sh -D -m 644 /tmp/musl-source/include/strings.h /tmp/musl-sysroot-aarch64/usr/include/strings.h
#26 1.210 /tmp/musl-source/tools/install.sh -D -m 644 /tmp/musl-source/include/stropts.h /tmp/musl-sysroot-aarch64/usr/include/stropts.h
#26 1.210 /tmp/musl-source/tools/install.sh -D -m 644 /tmp/musl-source/include/sys/acct.h /tmp/musl-sysroot-aarch64/usr/include/sys/acct.h
#26 1.210 /tmp/musl-source/tools/install.sh -D -m 644 /tmp/musl-source/include/sys/auxv.h /tmp/musl-sysroot-aarch64/usr/include/sys/auxv.h
#26 1.211 /tmp/musl-source/tools/install.sh -D -m 644 /tmp/musl-source/include/sys/cachectl.h /tmp/musl-sysroot-aarch64/usr/include/sys/cachectl.h
#26 1.211 /tmp/musl-source/tools/install.sh -D -m 644 /tmp/musl-source/include/sys/dir.h /tmp/musl-sysroot-aarch64/usr/include/sys/dir.h
#26 1.211 /tmp/musl-source/tools/install.sh -D -m 644 /tmp/musl-source/include/sys/epoll.h /tmp/musl-sysroot-aarch64/usr/include/sys/epoll.h
#26 1.211 /tmp/musl-source/tools/install.sh -D -m 644 /tmp/musl-source/include/sys/errno.h /tmp/musl-sysroot-aarch64/usr/include/sys/errno.h
#26 1.211 /tmp/musl-source/tools/install.sh -D -m 644 /tmp/musl-source/include/sys/eventfd.h /tmp/musl-sysroot-aarch64/usr/include/sys/eventfd.h
#26 1.211 /tmp/musl-source/tools/install.sh -D -m 644 /tmp/musl-source/include/sys/fanotify.h /tmp/musl-sysroot-aarch64/usr/include/sys/fanotify.h
#26 1.212 /tmp/musl-source/tools/install.sh -D -m 644 /tmp/musl-source/include/sys/fcntl.h /tmp/musl-sysroot-aarch64/usr/include/sys/fcntl.h
#26 1.212 /tmp/musl-source/tools/install.sh -D -m 644 /tmp/musl-source/include/sys/file.h /tmp/musl-sysroot-aarch64/usr/include/sys/file.h
#26 1.212 /tmp/musl-source/tools/install.sh -D -m 644 /tmp/musl-source/include/sys/fsuid.h /tmp/musl-sysroot-aarch64/usr/include/sys/fsuid.h
#26 1.212 /tmp/musl-source/tools/install.sh -D -m 644 /tmp/musl-source/include/sys/inotify.h /tmp/musl-sysroot-aarch64/usr/include/sys/inotify.h
#26 1.212 /tmp/musl-source/tools/install.sh -D -m 644 /tmp/musl-source/include/sys/io.h /tmp/musl-sysroot-aarch64/usr/include/sys/io.h
#26 1.212 /tmp/musl-source/tools/install.sh -D -m 644 /tmp/musl-source/include/sys/ioctl.h /tmp/musl-sysroot-aarch64/usr/include/sys/ioctl.h
#26 1.212 /tmp/musl-source/tools/install.sh -D -m 644 /tmp/musl-source/include/sys/ipc.h /tmp/musl-sysroot-aarch64/usr/include/sys/ipc.h
#26 1.213 /tmp/musl-source/tools/install.sh -D -m 644 /tmp/musl-source/include/sys/kd.h /tmp/musl-sysroot-aarch64/usr/include/sys/kd.h
#26 1.213 /tmp/musl-source/tools/install.sh -D -m 644 /tmp/musl-source/include/sys/klog.h /tmp/musl-sysroot-aarch64/usr/include/sys/klog.h
#26 1.213 /tmp/musl-source/tools/install.sh -D -m 644 /tmp/musl-source/include/sys/membarrier.h /tmp/musl-sysroot-aarch64/usr/include/sys/membarrier.h
#26 1.213 /tmp/musl-source/tools/install.sh -D -m 644 /tmp/musl-source/include/sys/mman.h /tmp/musl-sysroot-aarch64/usr/include/sys/mman.h
#26 1.213 /tmp/musl-source/tools/install.sh -D -m 644 /tmp/musl-source/include/sys/mount.h /tmp/musl-sysroot-aarch64/usr/include/sys/mount.h
#26 1.214 /tmp/musl-source/tools/install.sh -D -m 644 /tmp/musl-source/include/sys/msg.h /tmp/musl-sysroot-aarch64/usr/include/sys/msg.h
#26 1.214 /tmp/musl-source/tools/install.sh -D -m 644 /tmp/musl-source/include/sys/mtio.h /tmp/musl-sysroot-aarch64/usr/include/sys/mtio.h
#26 1.214 /tmp/musl-source/tools/install.sh -D -m 644 /tmp/musl-source/include/sys/param.h /tmp/musl-sysroot-aarch64/usr/include/sys/param.h
#26 1.214 /tmp/musl-source/tools/install.sh -D -m 644 /tmp/musl-source/include/sys/personality.h /tmp/musl-sysroot-aarch64/usr/include/sys/personality.h
#26 1.214 /tmp/musl-source/tools/install.sh -D -m 644 /tmp/musl-source/include/sys/poll.h /tmp/musl-sysroot-aarch64/usr/include/sys/poll.h
#26 1.214 /tmp/musl-source/tools/install.sh -D -m 644 /tmp/musl-source/include/sys/prctl.h /tmp/musl-sysroot-aarch64/usr/include/sys/prctl.h
#26 1.214 /tmp/musl-source/tools/install.sh -D -m 644 /tmp/musl-source/include/sys/procfs.h /tmp/musl-sysroot-aarch64/usr/include/sys/procfs.h
#26 1.215 /tmp/musl-source/tools/install.sh -D -m 644 /tmp/musl-source/include/sys/ptrace.h /tmp/musl-sysroot-aarch64/usr/include/sys/ptrace.h
#26 1.215 /tmp/musl-source/tools/install.sh -D -m 644 /tmp/musl-source/include/sys/quota.h /tmp/musl-sysroot-aarch64/usr/include/sys/quota.h
#26 1.215 /tmp/musl-source/tools/install.sh -D -m 644 /tmp/musl-source/include/sys/random.h /tmp/musl-sysroot-aarch64/usr/include/sys/random.h
#26 1.215 /tmp/musl-source/tools/install.sh -D -m 644 /tmp/musl-source/include/sys/reboot.h /tmp/musl-sysroot-aarch64/usr/include/sys/reboot.h
#26 1.215 /tmp/musl-source/tools/install.sh -D -m 644 /tmp/musl-source/include/sys/reg.h /tmp/musl-sysroot-aarch64/usr/include/sys/reg.h
#26 1.215 /tmp/musl-source/tools/install.sh -D -m 644 /tmp/musl-source/include/sys/resource.h /tmp/musl-sysroot-aarch64/usr/include/sys/resource.h
#26 1.216 /tmp/musl-source/tools/install.sh -D -m 644 /tmp/musl-source/include/sys/select.h /tmp/musl-sysroot-aarch64/usr/include/sys/select.h
#26 1.216 /tmp/musl-source/tools/install.sh -D -m 644 /tmp/musl-source/include/sys/sem.h /tmp/musl-sysroot-aarch64/usr/include/sys/sem.h
#26 1.216 /tmp/musl-source/tools/install.sh -D -m 644 /tmp/musl-source/include/sys/sendfile.h /tmp/musl-sysroot-aarch64/usr/include/sys/sendfile.h
#26 1.216 /tmp/musl-source/tools/install.sh -D -m 644 /tmp/musl-source/include/sys/shm.h /tmp/musl-sysroot-aarch64/usr/include/sys/shm.h
#26 1.216 /tmp/musl-source/tools/install.sh -D -m 644 /tmp/musl-source/include/sys/signal.h /tmp/musl-sysroot-aarch64/usr/include/sys/signal.h
#26 1.216 /tmp/musl-source/tools/install.sh -D -m 644 /tmp/musl-source/include/sys/signalfd.h /tmp/musl-sysroot-aarch64/usr/include/sys/signalfd.h
#26 1.216 /tmp/musl-source/tools/install.sh -D -m 644 /tmp/musl-source/include/sys/socket.h /tmp/musl-sysroot-aarch64/usr/include/sys/socket.h
#26 1.217 /tmp/musl-source/tools/install.sh -D -m 644 /tmp/musl-source/include/sys/soundcard.h /tmp/musl-sysroot-aarch64/usr/include/sys/soundcard.h
#26 1.217 /tmp/musl-source/tools/install.sh -D -m 644 /tmp/musl-source/include/sys/stat.h /tmp/musl-sysroot-aarch64/usr/include/sys/stat.h
#26 1.217 /tmp/musl-source/tools/install.sh -D -m 644 /tmp/musl-source/include/sys/statfs.h /tmp/musl-sysroot-aarch64/usr/include/sys/statfs.h
#26 1.217 /tmp/musl-source/tools/install.sh -D -m 644 /tmp/musl-source/include/sys/statvfs.h /tmp/musl-sysroot-aarch64/usr/include/sys/statvfs.h
#26 1.217 /tmp/musl-source/tools/install.sh -D -m 644 /tmp/musl-source/include/sys/stropts.h /tmp/musl-sysroot-aarch64/usr/include/sys/stropts.h
#26 1.218 /tmp/musl-source/tools/install.sh -D -m 644 /tmp/musl-source/include/sys/swap.h /tmp/musl-sysroot-aarch64/usr/include/sys/swap.h
#26 1.218 /tmp/musl-source/tools/install.sh -D -m 644 /tmp/musl-source/include/sys/syscall.h /tmp/musl-sysroot-aarch64/usr/include/sys/syscall.h
#26 1.218 /tmp/musl-source/tools/install.sh -D -m 644 /tmp/musl-source/include/sys/sysinfo.h /tmp/musl-sysroot-aarch64/usr/include/sys/sysinfo.h
#26 1.218 /tmp/musl-source/tools/install.sh -D -m 644 /tmp/musl-source/include/sys/syslog.h /tmp/musl-sysroot-aarch64/usr/include/sys/syslog.h
#26 1.218 /tmp/musl-source/tools/install.sh -D -m 644 /tmp/musl-source/include/sys/sysmacros.h /tmp/musl-sysroot-aarch64/usr/include/sys/sysmacros.h
#26 1.219 /tmp/musl-source/tools/install.sh -D -m 644 /tmp/musl-source/include/sys/termios.h /tmp/musl-sysroot-aarch64/usr/include/sys/termios.h
#26 1.219 /tmp/musl-source/tools/install.sh -D -m 644 /tmp/musl-source/include/sys/time.h /tmp/musl-sysroot-aarch64/usr/include/sys/time.h
#26 1.219 /tmp/musl-source/tools/install.sh -D -m 644 /tmp/musl-source/include/sys/timeb.h /tmp/musl-sysroot-aarch64/usr/include/sys/timeb.h
#26 1.219 /tmp/musl-source/tools/install.sh -D -m 644 /tmp/musl-source/include/sys/timerfd.h /tmp/musl-sysroot-aarch64/usr/include/sys/timerfd.h
#26 1.219 /tmp/musl-source/tools/install.sh -D -m 644 /tmp/musl-source/include/sys/times.h /tmp/musl-sysroot-aarch64/usr/include/sys/times.h
#26 1.219 /tmp/musl-source/tools/install.sh -D -m 644 /tmp/musl-source/include/sys/timex.h /tmp/musl-sysroot-aarch64/usr/include/sys/timex.h
#26 1.220 /tmp/musl-source/tools/install.sh -D -m 644 /tmp/musl-source/include/sys/ttydefaults.h /tmp/musl-sysroot-aarch64/usr/include/sys/ttydefaults.h
#26 1.220 /tmp/musl-source/tools/install.sh -D -m 644 /tmp/musl-source/include/sys/types.h /tmp/musl-sysroot-aarch64/usr/include/sys/types.h
#26 1.220 /tmp/musl-source/tools/install.sh -D -m 644 /tmp/musl-source/include/sys/ucontext.h /tmp/musl-sysroot-aarch64/usr/include/sys/ucontext.h
#26 1.220 /tmp/musl-source/tools/install.sh -D -m 644 /tmp/musl-source/include/sys/uio.h /tmp/musl-sysroot-aarch64/usr/include/sys/uio.h
#26 1.220 /tmp/musl-source/tools/install.sh -D -m 644 /tmp/musl-source/include/sys/un.h /tmp/musl-sysroot-aarch64/usr/include/sys/un.h
#26 1.220 /tmp/musl-source/tools/install.sh -D -m 644 /tmp/musl-source/include/sys/user.h /tmp/musl-sysroot-aarch64/usr/include/sys/user.h
#26 1.221 /tmp/musl-source/tools/install.sh -D -m 644 /tmp/musl-source/include/sys/utsname.h /tmp/musl-sysroot-aarch64/usr/include/sys/utsname.h
#26 1.221 /tmp/musl-source/tools/install.sh -D -m 644 /tmp/musl-source/include/sys/vfs.h /tmp/musl-sysroot-aarch64/usr/include/sys/vfs.h
#26 1.221 /tmp/musl-source/tools/install.sh -D -m 644 /tmp/musl-source/include/sys/vt.h /tmp/musl-sysroot-aarch64/usr/include/sys/vt.h
#26 1.221 /tmp/musl-source/tools/install.sh -D -m 644 /tmp/musl-source/include/sys/wait.h /tmp/musl-sysroot-aarch64/usr/include/sys/wait.h
#26 1.221 /tmp/musl-source/tools/install.sh -D -m 644 /tmp/musl-source/include/sys/xattr.h /tmp/musl-sysroot-aarch64/usr/include/sys/xattr.h
#26 1.221 /tmp/musl-source/tools/install.sh -D -m 644 /tmp/musl-source/include/syscall.h /tmp/musl-sysroot-aarch64/usr/include/syscall.h
#26 1.222 /tmp/musl-source/tools/install.sh -D -m 644 /tmp/musl-source/include/sysexits.h /tmp/musl-sysroot-aarch64/usr/include/sysexits.h
#26 1.222 /tmp/musl-source/tools/install.sh -D -m 644 /tmp/musl-source/include/syslog.h /tmp/musl-sysroot-aarch64/usr/include/syslog.h
#26 1.222 /tmp/musl-source/tools/install.sh -D -m 644 /tmp/musl-source/include/tar.h /tmp/musl-sysroot-aarch64/usr/include/tar.h
#26 1.222 /tmp/musl-source/tools/install.sh -D -m 644 /tmp/musl-source/include/termios.h /tmp/musl-sysroot-aarch64/usr/include/termios.h
#26 1.222 /tmp/musl-source/tools/install.sh -D -m 644 /tmp/musl-source/include/tgmath.h /tmp/musl-sysroot-aarch64/usr/include/tgmath.h
#26 1.222 /tmp/musl-source/tools/install.sh -D -m 644 /tmp/musl-source/include/threads.h /tmp/musl-sysroot-aarch64/usr/include/threads.h
#26 1.223 /tmp/musl-source/tools/install.sh -D -m 644 /tmp/musl-source/include/time.h /tmp/musl-sysroot-aarch64/usr/include/time.h
#26 1.223 /tmp/musl-source/tools/install.sh -D -m 644 /tmp/musl-source/include/uchar.h /tmp/musl-sysroot-aarch64/usr/include/uchar.h
#26 1.223 /tmp/musl-source/tools/install.sh -D -m 644 /tmp/musl-source/include/ucontext.h /tmp/musl-sysroot-aarch64/usr/include/ucontext.h
#26 1.223 /tmp/musl-source/tools/install.sh -D -m 644 /tmp/musl-source/include/ulimit.h /tmp/musl-sysroot-aarch64/usr/include/ulimit.h
#26 1.223 /tmp/musl-source/tools/install.sh -D -m 644 /tmp/musl-source/include/unistd.h /tmp/musl-sysroot-aarch64/usr/include/unistd.h
#26 1.223 /tmp/musl-source/tools/install.sh -D -m 644 /tmp/musl-source/include/utime.h /tmp/musl-sysroot-aarch64/usr/include/utime.h
#26 1.224 /tmp/musl-source/tools/install.sh -D -m 644 /tmp/musl-source/include/utmp.h /tmp/musl-sysroot-aarch64/usr/include/utmp.h
#26 1.224 /tmp/musl-source/tools/install.sh -D -m 644 /tmp/musl-source/include/utmpx.h /tmp/musl-sysroot-aarch64/usr/include/utmpx.h
#26 1.224 /tmp/musl-source/tools/install.sh -D -m 644 /tmp/musl-source/include/values.h /tmp/musl-sysroot-aarch64/usr/include/values.h
#26 1.224 /tmp/musl-source/tools/install.sh -D -m 644 /tmp/musl-source/include/wait.h /tmp/musl-sysroot-aarch64/usr/include/wait.h
#26 1.224 /tmp/musl-source/tools/install.sh -D -m 644 /tmp/musl-source/include/wchar.h /tmp/musl-sysroot-aarch64/usr/include/wchar.h
#26 1.224 /tmp/musl-source/tools/install.sh -D -m 644 /tmp/musl-source/include/wctype.h /tmp/musl-sysroot-aarch64/usr/include/wctype.h
#26 1.224 /tmp/musl-source/tools/install.sh -D -m 644 /tmp/musl-source/include/wordexp.h /tmp/musl-sysroot-aarch64/usr/include/wordexp.h
#26 1.225 sed -f /tmp/musl-source/tools/mkalltypes.sed /tmp/musl-source/arch/aarch64/bits/alltypes.h.in /tmp/musl-source/include/alltypes.h.in > obj/include/bits/alltypes.h
#26 1.225 /tmp/musl-source/tools/install.sh -D -m 644 obj/include/bits/syscall.h /tmp/musl-sysroot-aarch64/usr/include/bits/syscall.h
#26 1.225 /tmp/musl-source/tools/install.sh -D -m 644 obj/include/bits/alltypes.h /tmp/musl-sysroot-aarch64/usr/include/bits/alltypes.h
#26 1.228 + mkdir -p /tmp/build-rt-aarch64
#26 1.228 + cd /tmp/build-rt-aarch64
#26 1.228 + cmake -S /llvm-project-21.1.8.src/compiler-rt -B . '-DCMAKE_BUILD_TYPE=Release' '-DCMAKE_INSTALL_PREFIX=/usr/lib/clang/21' '-DCMAKE_C_COMPILER=/usr/bin/clang' '-DCMAKE_CXX_COMPILER=/usr/bin/clang++' '-DCMAKE_AR=/usr/bin/llvm-ar' '-DCMAKE_NM=/usr/bin/llvm-nm' '-DCMAKE_RANLIB=/usr/bin/llvm-ranlib' '-DCMAKE_C_COMPILER_TARGET=aarch64-unknown-linux-gnu' '-DCMAKE_CXX_COMPILER_TARGET=aarch64-unknown-linux-gnu' '-DCMAKE_ASM_COMPILER_TARGET=aarch64-unknown-linux-gnu' '-DCMAKE_SYSROOT=/tmp/musl-sysroot-aarch64' '-DCMAKE_TRY_COMPILE_TARGET_TYPE=STATIC_LIBRARY' '-DCOMPILER_RT_DEFAULT_TARGET_ONLY=ON' '-DCOMPILER_RT_BUILD_BUILTINS=ON' '-DCOMPILER_RT_BUILD_CRT=ON' '-DCOMPILER_RT_BUILD_LIBFUZZER=OFF' '-DCOMPILER_RT_BUILD_MEMPROF=OFF' '-DCOMPILER_RT_BUILD_PROFILE=OFF' '-DCOMPILER_RT_BUILD_SANITIZERS=OFF' '-DCOMPILER_RT_BUILD_XRAY=OFF' '-DCOMPILER_RT_BUILD_ORC=OFF' '-DCOMPILER_RT_BUILD_CTX_PROFILE=OFF' '-DCMAKE_C_FLAGS=--target=aarch64-unknown-linux-gnu --sysroot=/tmp/musl-sysroot-aarch64' '-DCMAKE_CXX_FLAGS=--target=aarch64-unknown-linux-gnu --sysroot=/tmp/musl-sysroot-aarch64' '-DCMAKE_ASM_FLAGS=--target=aarch64-unknown-linux-gnu --sysroot=/tmp/musl-sysroot-aarch64'
#26 1.274 -- The C compiler identification is Clang 21.1.8
#26 1.316 -- The CXX compiler identification is Clang 21.1.8
#26 1.354 -- The ASM compiler identification is Clang with GNU-like command-line
#26 1.356 -- Found assembler: /usr/bin/clang
#26 1.362 -- Detecting C compiler ABI info
#26 1.414 -- Detecting C compiler ABI info - done
#26 1.419 -- Check for working C compiler: /usr/bin/clang - skipped
#26 1.420 -- Detecting C compile features
#26 1.420 -- Detecting C compile features - done
#26 1.431 -- Detecting CXX compiler ABI info
#26 1.480 -- Detecting CXX compiler ABI info - done
#26 1.486 -- Check for working CXX compiler: /usr/bin/clang++ - skipped
#26 1.486 -- Detecting CXX compile features
#26 1.486 -- Detecting CXX compile features - done
#26 1.493 -- Looking for unwind.h
#26 1.536 -- Looking for unwind.h - found
#26 1.536 -- Looking for rpc/xdr.h
#26 1.565 -- Looking for rpc/xdr.h - not found
#26 1.568 -- Performing Test COMPILER_RT_HAS_NO_DEFAULT_CONFIG_FLAG
#26 1.614 -- Performing Test COMPILER_RT_HAS_NO_DEFAULT_CONFIG_FLAG - Success
#26 1.622 -- Found ZLIB: /usr/lib/libz.so (found version "1.3.2")
#26 1.637 CMake Warning at cmake/Modules/CompilerRTUtils.cmake:335 (message):
#26 1.637   LLVMTestingSupport not found in LLVM_AVAILABLE_LIBS
#26 1.637 Call Stack (most recent call first):
#26 1.637   CMakeLists.txt:69 (load_llvm_config)
#26 1.637 
#26 1.637 
#26 1.637 -- LLVM_MAIN_SRC_DIR: "/llvm-project-21.1.8.src/llvm"
#26 1.637 -- cmake c compiler target: aarch64-unknown-linux-gnu
#26 1.662 -- Linker detection: GNU ld
#26 1.665 -- Performing Test CXX_SUPPORTS_UNWINDLIB_NONE_FLAG
#26 1.712 -- Performing Test CXX_SUPPORTS_UNWINDLIB_NONE_FLAG - Success
#26 1.712 -- Looking for fopen in c
#26 1.762 -- Looking for fopen in c - found
#26 1.763 -- Looking for __gcc_personality_v0 in gcc_s
#26 1.810 -- Looking for __gcc_personality_v0 in gcc_s - found
#26 1.811 -- Performing Test C_SUPPORTS_NODEFAULTLIBS_FLAG
#26 1.857 -- Performing Test C_SUPPORTS_NODEFAULTLIBS_FLAG - Success
#26 1.857 -- Looking for _Unwind_GetRegionStart in unwind
#26 1.902 -- Looking for _Unwind_GetRegionStart in unwind - found
#26 1.902 -- Looking for __atomic_load_8 in atomic
#26 1.948 -- Looking for __atomic_load_8 in atomic - found
#26 1.949 -- Performing Test COMPILER_RT_HAS_FFREESTANDING_FLAG
#26 1.996 -- Performing Test COMPILER_RT_HAS_FFREESTANDING_FLAG - Success
#26 1.997 -- Performing Test COMPILER_RT_HAS_OMIT_FRAME_POINTER_FLAG
#26 2.044 -- Performing Test COMPILER_RT_HAS_OMIT_FRAME_POINTER_FLAG - Success
#26 2.045 -- Performing Test COMPILER_RT_HAS_STD_C11_FLAG
#26 2.089 -- Performing Test COMPILER_RT_HAS_STD_C11_FLAG - Success
#26 2.090 -- Performing Test COMPILER_RT_HAS_FCF_PROTECTION_FLAG
#26 2.122 -- Performing Test COMPILER_RT_HAS_FCF_PROTECTION_FLAG - Failed
#26 2.123 -- Performing Test COMPILER_RT_HAS_FPIC_FLAG
#26 2.171 -- Performing Test COMPILER_RT_HAS_FPIC_FLAG - Success
#26 2.172 -- Performing Test COMPILER_RT_HAS_FPIE_FLAG
#26 2.219 -- Performing Test COMPILER_RT_HAS_FPIE_FLAG - Success
#26 2.219 -- Performing Test COMPILER_RT_HAS_FNO_BUILTIN_FLAG
#26 2.267 -- Performing Test COMPILER_RT_HAS_FNO_BUILTIN_FLAG - Success
#26 2.267 -- Performing Test COMPILER_RT_HAS_FNO_EXCEPTIONS_FLAG
#26 2.314 -- Performing Test COMPILER_RT_HAS_FNO_EXCEPTIONS_FLAG - Success
#26 2.314 -- Performing Test COMPILER_RT_HAS_FOMIT_FRAME_POINTER_FLAG
#26 2.362 -- Performing Test COMPILER_RT_HAS_FOMIT_FRAME_POINTER_FLAG - Success
#26 2.362 -- Performing Test COMPILER_RT_HAS_FUNWIND_TABLES_FLAG
#26 2.409 -- Performing Test COMPILER_RT_HAS_FUNWIND_TABLES_FLAG - Success
#26 2.410 -- Performing Test COMPILER_RT_HAS_FNO_STACK_PROTECTOR_FLAG
#26 2.458 -- Performing Test COMPILER_RT_HAS_FNO_STACK_PROTECTOR_FLAG - Success
#26 2.458 -- Performing Test COMPILER_RT_HAS_FNO_SANITIZE_SAFE_STACK_FLAG
#26 2.506 -- Performing Test COMPILER_RT_HAS_FNO_SANITIZE_SAFE_STACK_FLAG - Success
#26 2.507 -- Performing Test COMPILER_RT_HAS_FVISIBILITY_HIDDEN_FLAG
#26 2.553 -- Performing Test COMPILER_RT_HAS_FVISIBILITY_HIDDEN_FLAG - Success
#26 2.554 -- Performing Test COMPILER_RT_HAS_FRTTI_FLAG
#26 2.600 -- Performing Test COMPILER_RT_HAS_FRTTI_FLAG - Success
#26 2.601 -- Performing Test COMPILER_RT_HAS_FNO_RTTI_FLAG
#26 2.649 -- Performing Test COMPILER_RT_HAS_FNO_RTTI_FLAG - Success
#26 2.649 -- Performing Test COMPILER_RT_HAS_FNO_FUNCTION_SECTIONS_FLAG
#26 2.695 -- Performing Test COMPILER_RT_HAS_FNO_FUNCTION_SECTIONS_FLAG - Success
#26 2.696 -- Performing Test COMPILER_RT_HAS_FTLS_MODEL_INITIAL_EXEC
#26 2.743 -- Performing Test COMPILER_RT_HAS_FTLS_MODEL_INITIAL_EXEC - Success
#26 2.743 -- Performing Test COMPILER_RT_HAS_FNO_LTO_FLAG
#26 2.791 -- Performing Test COMPILER_RT_HAS_FNO_LTO_FLAG - Success
#26 2.792 -- Performing Test COMPILER_RT_HAS_FNO_PROFILE_GENERATE_FLAG
#26 2.839 -- Performing Test COMPILER_RT_HAS_FNO_PROFILE_GENERATE_FLAG - Success
#26 2.839 -- Performing Test COMPILER_RT_HAS_FNO_PROFILE_INSTR_GENERATE_FLAG
#26 2.887 -- Performing Test COMPILER_RT_HAS_FNO_PROFILE_INSTR_GENERATE_FLAG - Success
#26 2.888 -- Performing Test COMPILER_RT_HAS_FNO_PROFILE_INSTR_USE_FLAG
#26 2.935 -- Performing Test COMPILER_RT_HAS_FNO_PROFILE_INSTR_USE_FLAG - Success
#26 2.935 -- Performing Test COMPILER_RT_HAS_FNO_COVERAGE_MAPPING_FLAG
#26 2.981 -- Performing Test COMPILER_RT_HAS_FNO_COVERAGE_MAPPING_FLAG - Success
#26 2.982 -- Performing Test COMPILER_RT_HAS_MCRC32_FLAG
#26 3.011 -- Performing Test COMPILER_RT_HAS_MCRC32_FLAG - Failed
#26 3.012 -- Performing Test COMPILER_RT_HAS_MSSE4_2_FLAG
#26 3.042 -- Performing Test COMPILER_RT_HAS_MSSE4_2_FLAG - Failed
#26 3.043 -- Performing Test COMPILER_RT_HAS_SYSROOT_FLAG
#26 3.076 -- Performing Test COMPILER_RT_HAS_SYSROOT_FLAG - Failed
#26 3.077 -- Performing Test COMPILER_RT_HAS_MCRC_FLAG
#26 3.122 -- Performing Test COMPILER_RT_HAS_MCRC_FLAG - Success
#26 3.123 -- Performing Test COMPILER_RT_HAS_FNO_PARTIAL_INLINING_FLAG
#26 3.153 -- Performing Test COMPILER_RT_HAS_FNO_PARTIAL_INLINING_FLAG - Failed
#26 3.153 -- Performing Test COMPILER_RT_HAS_TRIVIAL_AUTO_INIT
#26 3.202 -- Performing Test COMPILER_RT_HAS_TRIVIAL_AUTO_INIT - Success
#26 3.203 -- Performing Test COMPILER_RT_HAS_FVISIBILITY_INLINES_HIDDEN_FLAG
#26 3.247 -- Performing Test COMPILER_RT_HAS_FVISIBILITY_INLINES_HIDDEN_FLAG - Success
#26 3.248 -- Performing Test COMPILER_RT_HAS_GR_FLAG
#26 3.277 -- Performing Test COMPILER_RT_HAS_GR_FLAG - Failed
#26 3.278 -- Performing Test COMPILER_RT_HAS_GS_FLAG
#26 3.309 -- Performing Test COMPILER_RT_HAS_GS_FLAG - Failed
#26 3.309 -- Performing Test COMPILER_RT_HAS_MT_FLAG
#26 3.340 -- Performing Test COMPILER_RT_HAS_MT_FLAG - Failed
#26 3.340 -- Performing Test COMPILER_RT_HAS_Oy_FLAG
#26 3.371 -- Performing Test COMPILER_RT_HAS_Oy_FLAG - Failed
#26 3.372 -- Performing Test COMPILER_RT_HAS_GLINE_TABLES_ONLY_FLAG
#26 3.420 -- Performing Test COMPILER_RT_HAS_GLINE_TABLES_ONLY_FLAG - Success
#26 3.421 -- Performing Test COMPILER_RT_HAS_G_FLAG
#26 3.468 -- Performing Test COMPILER_RT_HAS_G_FLAG - Success
#26 3.469 -- Performing Test COMPILER_RT_HAS_Zi_FLAG
#26 3.498 -- Performing Test COMPILER_RT_HAS_Zi_FLAG - Failed
#26 3.499 -- Performing Test COMPILER_RT_HAS_WALL_FLAG
#26 3.546 -- Performing Test COMPILER_RT_HAS_WALL_FLAG - Success
#26 3.546 -- Performing Test COMPILER_RT_HAS_WERROR_FLAG
#26 3.593 -- Performing Test COMPILER_RT_HAS_WERROR_FLAG - Success
#26 3.594 -- Performing Test COMPILER_RT_HAS_WFRAME_LARGER_THAN_FLAG
#26 3.639 -- Performing Test COMPILER_RT_HAS_WFRAME_LARGER_THAN_FLAG - Success
#26 3.640 -- Performing Test COMPILER_RT_HAS_WGLOBAL_CONSTRUCTORS_FLAG
#26 3.687 -- Performing Test COMPILER_RT_HAS_WGLOBAL_CONSTRUCTORS_FLAG - Success
#26 3.688 -- Performing Test COMPILER_RT_HAS_WC99_EXTENSIONS_FLAG
#26 3.736 -- Performing Test COMPILER_RT_HAS_WC99_EXTENSIONS_FLAG - Success
#26 3.736 -- Performing Test COMPILER_RT_HAS_WGNU_FLAG
#26 3.784 -- Performing Test COMPILER_RT_HAS_WGNU_FLAG - Success
#26 3.784 -- Performing Test COMPILER_RT_HAS_WGNU_ANONYMOUS_STRUCT_FLAG
#26 3.832 -- Performing Test COMPILER_RT_HAS_WGNU_ANONYMOUS_STRUCT_FLAG - Success
#26 3.832 -- Performing Test COMPILER_RT_HAS_WVARIADIC_MACROS_FLAG
#26 3.879 -- Performing Test COMPILER_RT_HAS_WVARIADIC_MACROS_FLAG - Success
#26 3.880 -- Performing Test COMPILER_RT_HAS_WUNUSED_PARAMETER_FLAG
#26 3.927 -- Performing Test COMPILER_RT_HAS_WUNUSED_PARAMETER_FLAG - Success
#26 3.928 -- Performing Test COMPILER_RT_HAS_WCOVERED_SWITCH_DEFAULT_FLAG
#26 3.974 -- Performing Test COMPILER_RT_HAS_WCOVERED_SWITCH_DEFAULT_FLAG - Success
#26 3.974 -- Performing Test COMPILER_RT_HAS_WSUGGEST_OVERRIDE_FLAG
#26 4.021 -- Performing Test COMPILER_RT_HAS_WSUGGEST_OVERRIDE_FLAG - Success
#26 4.021 -- Performing Test COMPILER_RT_HAS_WTHREAD_SAFETY_FLAG
#26 4.069 -- Performing Test COMPILER_RT_HAS_WTHREAD_SAFETY_FLAG - Success
#26 4.070 -- Performing Test COMPILER_RT_HAS_WTHREAD_SAFETY_REFERENCE_FLAG
#26 4.116 -- Performing Test COMPILER_RT_HAS_WTHREAD_SAFETY_REFERENCE_FLAG - Success
#26 4.116 -- Performing Test COMPILER_RT_HAS_WTHREAD_SAFETY_BETA_FLAG
#26 4.162 -- Performing Test COMPILER_RT_HAS_WTHREAD_SAFETY_BETA_FLAG - Success
#26 4.162 -- Performing Test COMPILER_RT_HAS_WNO_PEDANTIC
#26 4.209 -- Performing Test COMPILER_RT_HAS_WNO_PEDANTIC - Success
#26 4.210 -- Performing Test COMPILER_RT_HAS_WNO_FORMAT
#26 4.257 -- Performing Test COMPILER_RT_HAS_WNO_FORMAT - Success
#26 4.258 -- Performing Test COMPILER_RT_HAS_WNO_FORMAT_PEDANTIC
#26 4.304 -- Performing Test COMPILER_RT_HAS_WNO_FORMAT_PEDANTIC - Success
#26 4.304 -- Performing Test COMPILER_RT_HAS_EXTERNAL_FLAG
#26 4.336 -- Performing Test COMPILER_RT_HAS_EXTERNAL_FLAG - Failed
#26 4.336 -- Performing Test COMPILER_RT_HAS_W4_FLAG
#26 4.368 -- Performing Test COMPILER_RT_HAS_W4_FLAG - Failed
#26 4.369 -- Performing Test COMPILER_RT_HAS_WX_FLAG
#26 4.398 -- Performing Test COMPILER_RT_HAS_WX_FLAG - Failed
#26 4.399 -- Performing Test COMPILER_RT_HAS_WD4146_FLAG
#26 4.429 -- Performing Test COMPILER_RT_HAS_WD4146_FLAG - Failed
#26 4.430 -- Performing Test COMPILER_RT_HAS_WD4206_FLAG
#26 4.458 -- Performing Test COMPILER_RT_HAS_WD4206_FLAG - Failed
#26 4.459 -- Performing Test COMPILER_RT_HAS_WD4291_FLAG
#26 4.488 -- Performing Test COMPILER_RT_HAS_WD4291_FLAG - Failed
#26 4.489 -- Performing Test COMPILER_RT_HAS_WD4221_FLAG
#26 4.517 -- Performing Test COMPILER_RT_HAS_WD4221_FLAG - Failed
#26 4.518 -- Performing Test COMPILER_RT_HAS_WD4391_FLAG
#26 4.549 -- Performing Test COMPILER_RT_HAS_WD4391_FLAG - Failed
#26 4.550 -- Performing Test COMPILER_RT_HAS_WD4722_FLAG
#26 4.577 -- Performing Test COMPILER_RT_HAS_WD4722_FLAG - Failed
#26 4.578 -- Performing Test COMPILER_RT_HAS_WD4800_FLAG
#26 4.609 -- Performing Test COMPILER_RT_HAS_WD4800_FLAG - Failed
#26 4.609 -- Performing Test COMPILER_RT_HAS_ARRAY_BOUNDS_FLAG
#26 4.657 -- Performing Test COMPILER_RT_HAS_ARRAY_BOUNDS_FLAG - Success
#26 4.657 -- Performing Test COMPILER_RT_HAS_UNINITIALIZED_FLAG
#26 4.706 -- Performing Test COMPILER_RT_HAS_UNINITIALIZED_FLAG - Success
#26 4.707 -- Performing Test COMPILER_RT_HAS_SHADOW_FLAG
#26 4.755 -- Performing Test COMPILER_RT_HAS_SHADOW_FLAG - Success
#26 4.755 -- Performing Test COMPILER_RT_HAS_EMPTY_BODY_FLAG
#26 4.802 -- Performing Test COMPILER_RT_HAS_EMPTY_BODY_FLAG - Success
#26 4.803 -- Performing Test COMPILER_RT_HAS_SIZEOF_POINTER_MEMACCESS_FLAG
#26 4.852 -- Performing Test COMPILER_RT_HAS_SIZEOF_POINTER_MEMACCESS_FLAG - Success
#26 4.852 -- Performing Test COMPILER_RT_HAS_SIZEOF_ARRAY_ARGUMENT_FLAG
#26 4.899 -- Performing Test COMPILER_RT_HAS_SIZEOF_ARRAY_ARGUMENT_FLAG - Success
#26 4.900 -- Performing Test COMPILER_RT_HAS_SUSPICIOUS_MEMACCESS_FLAG
#26 4.946 -- Performing Test COMPILER_RT_HAS_SUSPICIOUS_MEMACCESS_FLAG - Success
#26 4.947 -- Performing Test COMPILER_RT_HAS_BUILTIN_MEMCPY_CHK_SIZE_FLAG
#26 4.993 -- Performing Test COMPILER_RT_HAS_BUILTIN_MEMCPY_CHK_SIZE_FLAG - Success
#26 4.993 -- Performing Test COMPILER_RT_HAS_ARRAY_BOUNDS_POINTER_ARITHMETIC_FLAG
#26 5.040 -- Performing Test COMPILER_RT_HAS_ARRAY_BOUNDS_POINTER_ARITHMETIC_FLAG - Success
#26 5.040 -- Performing Test COMPILER_RT_HAS_RETURN_STACK_ADDRESS_FLAG
#26 5.090 -- Performing Test COMPILER_RT_HAS_RETURN_STACK_ADDRESS_FLAG - Success
#26 5.091 -- Performing Test COMPILER_RT_HAS_SIZEOF_ARRAY_DECAY_FLAG
#26 5.141 -- Performing Test COMPILER_RT_HAS_SIZEOF_ARRAY_DECAY_FLAG - Success
#26 5.142 -- Performing Test COMPILER_RT_HAS_FORMAT_INSUFFICIENT_ARGS_FLAG
#26 5.188 -- Performing Test COMPILER_RT_HAS_FORMAT_INSUFFICIENT_ARGS_FLAG - Success
#26 5.189 -- Performing Test COMPILER_RT_HAS_BUILTIN_FORMAL_SECURITY_FLAG
#26 5.234 -- Performing Test COMPILER_RT_HAS_BUILTIN_FORMAL_SECURITY_FLAG - Success
#26 5.235 -- Performing Test COMPILER_RT_HAS_SIZEOF_ARRAY_DIV_FLAG
#26 5.282 -- Performing Test COMPILER_RT_HAS_SIZEOF_ARRAY_DIV_FLAG - Success
#26 5.282 -- Performing Test COMPILER_RT_HAS_SIZEOF_POINTER_DIV_FLAG
#26 5.330 -- Performing Test COMPILER_RT_HAS_SIZEOF_POINTER_DIV_FLAG - Success
#26 5.330 -- Looking for __func__
#26 5.377 -- Looking for __func__ - found
#26 5.378 -- Performing Test COMPILER_RT_HAS_NOSTDINCXX_FLAG
#26 5.424 -- Performing Test COMPILER_RT_HAS_NOSTDINCXX_FLAG - Success
#26 5.425 -- Performing Test COMPILER_RT_HAS_NOSTDLIBXX_FLAG
#26 5.473 -- Performing Test COMPILER_RT_HAS_NOSTDLIBXX_FLAG - Success
#26 5.473 -- Looking for include file sys/auxv.h
#26 5.520 -- Looking for include file sys/auxv.h - found
#26 5.520 -- Looking for dlopen in dl
#26 5.568 -- Looking for dlopen in dl - found
#26 5.568 -- Looking for shm_open in rt
#26 5.615 -- Looking for shm_open in rt - found
#26 5.615 -- Looking for pow in m
#26 5.662 -- Looking for pow in m - found
#26 5.662 -- Looking for pthread_create in pthread
#26 5.710 -- Looking for pthread_create in pthread - found
#26 5.710 -- Looking for __cxa_throw in c++
#26 5.757 -- Looking for __cxa_throw in c++ - found
#26 5.757 -- Looking for __cxa_throw in stdc++
#26 5.801 -- Looking for __cxa_throw in stdc++ - found
#26 5.802 -- Performing Test COMPILER_RT_HAS_Z_TEXT
#26 5.847 -- Performing Test COMPILER_RT_HAS_Z_TEXT - Success
#26 5.848 -- Performing Test COMPILER_RT_HAS_FUSE_LD_LLD_FLAG
#26 5.893 -- Performing Test COMPILER_RT_HAS_FUSE_LD_LLD_FLAG - Success
#26 5.894 -- Performing Test COMPILER_RT_HAS_VERSION_SCRIPT
#26 5.940 -- Performing Test COMPILER_RT_HAS_VERSION_SCRIPT - Success
#26 5.943 -- Compiler-RT supported architectures: aarch64
#26 5.968 -- Performing Test COMPILER_RT_HAS_VISIBILITY_HIDDEN_FLAG
#26 5.984 -- Performing Test COMPILER_RT_HAS_VISIBILITY_HIDDEN_FLAG - Success
#26 5.984 -- Performing Test COMPILER_RT_HAS_XRAY_COMPILER_FLAG
#26 6.000 -- Performing Test COMPILER_RT_HAS_XRAY_COMPILER_FLAG - Success
#26 6.000 -- Performing Test COMPILER_RT_HAS_NOGPULIB_FLAG
#26 6.015 -- Performing Test COMPILER_RT_HAS_NOGPULIB_FLAG - Success
#26 6.015 -- Performing Test COMPILER_RT_HAS_FLTO_FLAG
#26 6.031 -- Performing Test COMPILER_RT_HAS_FLTO_FLAG - Success
#26 6.031 -- Performing Test COMPILER_RT_HAS_FCONVERGENT_FUNCTIONS_FLAG
#26 6.045 -- Performing Test COMPILER_RT_HAS_FCONVERGENT_FUNCTIONS_FLAG - Success
#26 6.045 -- Performing Test COMPILER_RT_HAS_CODE_OBJECT_VERSION_FLAG
#26 6.060 -- Performing Test COMPILER_RT_HAS_CODE_OBJECT_VERSION_FLAG - Success
#26 6.060 -- Performing Test COMPILER_RT_HAS_WBUILTIN_DECLARATION_MISMATCH_FLAG
#26 6.075 -- Performing Test COMPILER_RT_HAS_WBUILTIN_DECLARATION_MISMATCH_FLAG - Failed
#26 6.075 -- Performing Test COMPILER_RT_HAS_ZL_FLAG
#26 6.085 -- Performing Test COMPILER_RT_HAS_ZL_FLAG - Failed
#26 6.085 -- Performing Test COMPILER_RT_HAS_ATOMIC_KEYWORD
#26 6.101 -- Performing Test COMPILER_RT_HAS_ATOMIC_KEYWORD - Success
#26 6.101 -- Performing Test COMPILER_RT_HAS_ASM_LSE
#26 6.118 -- Performing Test COMPILER_RT_HAS_ASM_LSE - Success
#26 6.118 -- Performing Test COMPILER_RT_HAS_AARCH64_SME
#26 6.134 -- Performing Test COMPILER_RT_HAS_AARCH64_SME - Success
#26 6.134 -- Performing Test COMPILER_RT_HAS_ARM_UNALIGNED
#26 6.148 -- Performing Test COMPILER_RT_HAS_ARM_UNALIGNED - Success
#26 6.148 -- Performing Test COMPILER_RT_HAS_ARM_FP
#26 6.163 -- Performing Test COMPILER_RT_HAS_ARM_FP - Success
#26 6.167 -- Builtin supported architectures: aarch64
#26 6.167 -- AArch64 SME ABI routines enabled
#26 6.172 -- Performing additional configure checks with target flags:  -nodefaultlibs -fno-lto -Werror=array-bounds -Werror=uninitialized -Werror=shadow -Werror=empty-body -Werror=sizeof-pointer-memaccess -Werror=sizeof-array-argument -Werror=suspicious-memaccess -Werror=builtin-memcpy-chk-size -Werror=array-bounds-pointer-arithmetic -Werror=return-stack-address -Werror=sizeof-array-decay -Werror=format-insufficient-args -Wformat -nostdinc++ -fno-builtin -fvisibility=hidden -fomit-frame-pointer
#26 6.172 -- Performing Test COMPILER_RT_HAS_aarch64_FLOAT16
#26 6.221 -- Performing Test COMPILER_RT_HAS_aarch64_FLOAT16 - Success
#26 6.221 -- Performing Test COMPILER_RT_HAS_aarch64_BFLOAT16
#26 6.266 -- Performing Test COMPILER_RT_HAS_aarch64_BFLOAT16 - Success
#26 6.267 -- For aarch64 builtins preferring aarch64/fp_mode.c to fp_mode.c
#26 6.301 -- Configuring done (5.1s)
#26 6.346 -- Generating done (0.0s)
#26 6.346 -- Build files have been written to: /tmp/build-rt-aarch64
#26 6.354 + nproc
#26 6.354 + cmake --build . -v --parallel 384
#26 6.357 Change Dir: '/tmp/build-rt-aarch64'
#26 6.357 
#26 6.357 Run Build Command(s): /usr/bin/cmake -E env VERBOSE=1 /usr/bin/make -f Makefile -j384
#26 6.361 /usr/bin/cmake -S/llvm-project-21.1.8.src/compiler-rt -B/tmp/build-rt-aarch64 --check-build-system CMakeFiles/Makefile.cmake 0
#26 6.365 /usr/bin/cmake -E cmake_progress_start /tmp/build-rt-aarch64/CMakeFiles /tmp/build-rt-aarch64//CMakeFiles/progress.marks
#26 6.367 /usr/bin/make  -f CMakeFiles/Makefile2 all
#26 6.369 make[1]: Entering directory '/tmp/build-rt-aarch64'
#26 6.369 /usr/bin/make  -f lib/builtins/CMakeFiles/clang_rt.crtend-aarch64.dir/build.make lib/builtins/CMakeFiles/clang_rt.crtend-aarch64.dir/depend
#26 6.369 /usr/bin/make  -f lib/builtins/CMakeFiles/clang_rt.crtbegin-aarch64.dir/build.make lib/builtins/CMakeFiles/clang_rt.crtbegin-aarch64.dir/depend
#26 6.369 /usr/bin/make  -f include/CMakeFiles/compiler-rt-headers.dir/build.make include/CMakeFiles/compiler-rt-headers.dir/depend
#26 6.369 /usr/bin/make  -f lib/builtins/CMakeFiles/clang_rt.builtins-aarch64.dir/build.make lib/builtins/CMakeFiles/clang_rt.builtins-aarch64.dir/depend
#26 6.370 make[2]: Entering directory '/tmp/build-rt-aarch64'
#26 6.370 cd /tmp/build-rt-aarch64 && /usr/bin/cmake -E cmake_depends "Unix Makefiles" /llvm-project-21.1.8.src/compiler-rt /llvm-project-21.1.8.src/compiler-rt/lib/builtins /tmp/build-rt-aarch64 /tmp/build-rt-aarch64/lib/builtins /tmp/build-rt-aarch64/lib/builtins/CMakeFiles/clang_rt.crtend-aarch64.dir/DependInfo.cmake "--color="
#26 6.370 make[2]: Entering directory '/tmp/build-rt-aarch64'
#26 6.370 cd /tmp/build-rt-aarch64 && /usr/bin/cmake -E cmake_depends "Unix Makefiles" /llvm-project-21.1.8.src/compiler-rt /llvm-project-21.1.8.src/compiler-rt/lib/builtins /tmp/build-rt-aarch64 /tmp/build-rt-aarch64/lib/builtins /tmp/build-rt-aarch64/lib/builtins/CMakeFiles/clang_rt.crtbegin-aarch64.dir/DependInfo.cmake "--color="
#26 6.370 make[2]: Entering directory '/tmp/build-rt-aarch64'
#26 6.370 cd /tmp/build-rt-aarch64 && /usr/bin/cmake -E cmake_depends "Unix Makefiles" /llvm-project-21.1.8.src/compiler-rt /llvm-project-21.1.8.src/compiler-rt/include /tmp/build-rt-aarch64 /tmp/build-rt-aarch64/include /tmp/build-rt-aarch64/include/CMakeFiles/compiler-rt-headers.dir/DependInfo.cmake "--color="
#26 6.373 make[2]: Leaving directory '/tmp/build-rt-aarch64'
#26 6.373 /usr/bin/make  -f lib/builtins/CMakeFiles/clang_rt.crtend-aarch64.dir/build.make lib/builtins/CMakeFiles/clang_rt.crtend-aarch64.dir/build
#26 6.373 make[2]: Leaving directory '/tmp/build-rt-aarch64'
#26 6.373 /usr/bin/make  -f lib/builtins/CMakeFiles/clang_rt.crtbegin-aarch64.dir/build.make lib/builtins/CMakeFiles/clang_rt.crtbegin-aarch64.dir/build
#26 6.373 make[2]: Leaving directory '/tmp/build-rt-aarch64'
#26 6.373 /usr/bin/make  -f include/CMakeFiles/compiler-rt-headers.dir/build.make include/CMakeFiles/compiler-rt-headers.dir/build
#26 6.374 make[2]: Entering directory '/tmp/build-rt-aarch64'
#26 6.374 make[2]: Entering directory '/tmp/build-rt-aarch64'
#26 6.374 make[2]: Nothing to be done for 'include/CMakeFiles/compiler-rt-headers.dir/build'.
#26 6.374 make[2]: Leaving directory '/tmp/build-rt-aarch64'
#26 6.374 make[2]: Entering directory '/tmp/build-rt-aarch64'
#26 6.376 [  0%] Built target compiler-rt-headers
#26 6.376 [  1%] Building C object clang_rt.crtend-aarch64.o
#26 6.377 make[2]: Entering directory '/tmp/build-rt-aarch64'
#26 6.377 [  1%] Building C object clang_rt.crtbegin-aarch64.o
#26 6.377 cd /tmp/build-rt-aarch64/lib/builtins && /usr/bin/clang --target=aarch64-unknown-linux-gnu --sysroot=/tmp/musl-sysroot-aarch64 -Wall -Wno-unused-parameter -fno-lto -std=c11 -DCRT_HAS_INITFINI_ARRAY -DEH_USE_FRAME_REGISTRY -fPIC -Wno-pedantic --target=aarch64-unknown-linux-gnu --sysroot=/tmp/musl-sysroot-aarch64 -o /tmp/build-rt-aarch64/lib/linux/clang_rt.crtend-aarch64.o -c /llvm-project-21.1.8.src/compiler-rt/lib/builtins/crtend.c
#26 6.377 cd /tmp/build-rt-aarch64/lib/builtins && /usr/bin/clang --target=aarch64-unknown-linux-gnu --sysroot=/tmp/musl-sysroot-aarch64 -Wall -Wno-unused-parameter -fno-lto -std=c11 -DCRT_HAS_INITFINI_ARRAY -DEH_USE_FRAME_REGISTRY -fPIC -Wno-pedantic --target=aarch64-unknown-linux-gnu --sysroot=/tmp/musl-sysroot-aarch64 -o /tmp/build-rt-aarch64/lib/linux/clang_rt.crtbegin-aarch64.o -c /llvm-project-21.1.8.src/compiler-rt/lib/builtins/crtbegin.c
#26 6.378 [  1%] Generating outline_atomic_helpers.dir/outline_atomic_swp8_5.S
#26 6.379 [  1%] Generating outline_atomic_helpers.dir/outline_atomic_cas16_2.S
#26 6.379 cd /tmp/build-rt-aarch64/lib/builtins && /usr/bin/cmake -E create_symlink /llvm-project-21.1.8.src/compiler-rt/lib/builtins/aarch64/lse.S /tmp/build-rt-aarch64/lib/builtins/outline_atomic_helpers.dir/outline_atomic_swp8_5.S
#26 6.379 [  1%] Generating outline_atomic_helpers.dir/outline_atomic_cas16_3.S
#26 6.379 [  1%] Generating outline_atomic_helpers.dir/outline_atomic_cas16_4.S
#26 6.379 [  2%] Generating outline_atomic_helpers.dir/outline_atomic_cas16_1.S
#26 6.379 cd /tmp/build-rt-aarch64/lib/builtins && /usr/bin/cmake -E create_symlink /llvm-project-21.1.8.src/compiler-rt/lib/builtins/aarch64/lse.S /tmp/build-rt-aarch64/lib/builtins/outline_atomic_helpers.dir/outline_atomic_cas16_2.S
#26 6.380 [  3%] Generating outline_atomic_helpers.dir/outline_atomic_cas16_5.S
#26 6.380 cd /tmp/build-rt-aarch64/lib/builtins && /usr/bin/cmake -E create_symlink /llvm-project-21.1.8.src/compiler-rt/lib/builtins/aarch64/lse.S /tmp/build-rt-aarch64/lib/builtins/outline_atomic_helpers.dir/outline_atomic_cas16_3.S
#26 6.380 [  3%] Generating outline_atomic_helpers.dir/outline_atomic_cas1_3.S
#26 6.380 cd /tmp/build-rt-aarch64/lib/builtins && /usr/bin/cmake -E create_symlink /llvm-project-21.1.8.src/compiler-rt/lib/builtins/aarch64/lse.S /tmp/build-rt-aarch64/lib/builtins/outline_atomic_helpers.dir/outline_atomic_cas16_4.S
#26 6.380 cd /tmp/build-rt-aarch64/lib/builtins && /usr/bin/cmake -E create_symlink /llvm-project-21.1.8.src/compiler-rt/lib/builtins/aarch64/lse.S /tmp/build-rt-aarch64/lib/builtins/outline_atomic_helpers.dir/outline_atomic_cas16_1.S
#26 6.380 [  3%] Generating outline_atomic_helpers.dir/outline_atomic_cas1_1.S
#26 6.380 [  3%] Generating outline_atomic_helpers.dir/outline_atomic_cas1_2.S
#26 6.380 [  4%] Generating outline_atomic_helpers.dir/outline_atomic_cas1_5.S
#26 6.380 [  4%] Generating outline_atomic_helpers.dir/outline_atomic_cas2_3.S
#26 6.380 [  4%] Generating outline_atomic_helpers.dir/outline_atomic_cas1_4.S
#26 6.381 [  4%] Generating outline_atomic_helpers.dir/outline_atomic_cas2_1.S
#26 6.381 [  4%] Generating outline_atomic_helpers.dir/outline_atomic_cas2_2.S
#26 6.381 cd /tmp/build-rt-aarch64/lib/builtins && /usr/bin/cmake -E create_symlink /llvm-project-21.1.8.src/compiler-rt/lib/builtins/aarch64/lse.S /tmp/build-rt-aarch64/lib/builtins/outline_atomic_helpers.dir/outline_atomic_cas16_5.S
#26 6.381 [  4%] Generating outline_atomic_helpers.dir/outline_atomic_cas4_1.S
#26 6.381 cd /tmp/build-rt-aarch64/lib/builtins && /usr/bin/cmake -E create_symlink /llvm-project-21.1.8.src/compiler-rt/lib/builtins/aarch64/lse.S /tmp/build-rt-aarch64/lib/builtins/outline_atomic_helpers.dir/outline_atomic_cas1_1.S
#26 6.381 [  5%] Generating outline_atomic_helpers.dir/outline_atomic_cas2_5.S
#26 6.381 [  5%] Generating outline_atomic_helpers.dir/outline_atomic_cas2_4.S
#26 6.381 cd /tmp/build-rt-aarch64/lib/builtins && /usr/bin/cmake -E create_symlink /llvm-project-21.1.8.src/compiler-rt/lib/builtins/aarch64/lse.S /tmp/build-rt-aarch64/lib/builtins/outline_atomic_helpers.dir/outline_atomic_cas1_2.S
#26 6.381 cd /tmp/build-rt-aarch64/lib/builtins && /usr/bin/cmake -E create_symlink /llvm-project-21.1.8.src/compiler-rt/lib/builtins/aarch64/lse.S /tmp/build-rt-aarch64/lib/builtins/outline_atomic_helpers.dir/outline_atomic_cas1_3.S
#26 6.381 cd /tmp/build-rt-aarch64/lib/builtins && /usr/bin/cmake -E create_symlink /llvm-project-21.1.8.src/compiler-rt/lib/builtins/aarch64/lse.S /tmp/build-rt-aarch64/lib/builtins/outline_atomic_helpers.dir/outline_atomic_cas1_4.S
#26 6.381 [  5%] Generating outline_atomic_helpers.dir/outline_atomic_cas4_4.S
#26 6.381 cd /tmp/build-rt-aarch64/lib/builtins && /usr/bin/cmake -E create_symlink /llvm-project-21.1.8.src/compiler-rt/lib/builtins/aarch64/lse.S /tmp/build-rt-aarch64/lib/builtins/outline_atomic_helpers.dir/outline_atomic_cas1_5.S
#26 6.382 [  5%] Generating outline_atomic_helpers.dir/outline_atomic_cas4_2.S
#26 6.382 cd /tmp/build-rt-aarch64/lib/builtins && /usr/bin/cmake -E create_symlink /llvm-project-21.1.8.src/compiler-rt/lib/builtins/aarch64/lse.S /tmp/build-rt-aarch64/lib/builtins/outline_atomic_helpers.dir/outline_atomic_cas2_1.S
#26 6.382 cd /tmp/build-rt-aarch64/lib/builtins && /usr/bin/cmake -E create_symlink /llvm-project-21.1.8.src/compiler-rt/lib/builtins/aarch64/lse.S /tmp/build-rt-aarch64/lib/builtins/outline_atomic_helpers.dir/outline_atomic_cas2_2.S
#26 6.382 [  6%] Generating outline_atomic_helpers.dir/outline_atomic_cas4_3.S
#26 6.382 cd /tmp/build-rt-aarch64/lib/builtins && /usr/bin/cmake -E create_symlink /llvm-project-21.1.8.src/compiler-rt/lib/builtins/aarch64/lse.S /tmp/build-rt-aarch64/lib/builtins/outline_atomic_helpers.dir/outline_atomic_cas2_3.S
#26 6.382 cd /tmp/build-rt-aarch64/lib/builtins && /usr/bin/cmake -E create_symlink /llvm-project-21.1.8.src/compiler-rt/lib/builtins/aarch64/lse.S /tmp/build-rt-aarch64/lib/builtins/outline_atomic_helpers.dir/outline_atomic_cas2_4.S
#26 6.382 cd /tmp/build-rt-aarch64/lib/builtins && /usr/bin/cmake -E create_symlink /llvm-project-21.1.8.src/compiler-rt/lib/builtins/aarch64/lse.S /tmp/build-rt-aarch64/lib/builtins/outline_atomic_helpers.dir/outline_atomic_cas2_5.S
#26 6.383 [  6%] Generating outline_atomic_helpers.dir/outline_atomic_cas4_5.S
#26 6.385 cd /tmp/build-rt-aarch64/lib/builtins && /usr/bin/cmake -E create_symlink /llvm-project-21.1.8.src/compiler-rt/lib/builtins/aarch64/lse.S /tmp/build-rt-aarch64/lib/builtins/outline_atomic_helpers.dir/outline_atomic_cas4_1.S
#26 6.385 cd /tmp/build-rt-aarch64/lib/builtins && /usr/bin/cmake -E create_symlink /llvm-project-21.1.8.src/compiler-rt/lib/builtins/aarch64/lse.S /tmp/build-rt-aarch64/lib/builtins/outline_atomic_helpers.dir/outline_atomic_cas4_2.S
#26 6.385 cd /tmp/build-rt-aarch64/lib/builtins && /usr/bin/cmake -E create_symlink /llvm-project-21.1.8.src/compiler-rt/lib/builtins/aarch64/lse.S /tmp/build-rt-aarch64/lib/builtins/outline_atomic_helpers.dir/outline_atomic_cas4_3.S
#26 6.385 cd /tmp/build-rt-aarch64/lib/builtins && /usr/bin/cmake -E create_symlink /llvm-project-21.1.8.src/compiler-rt/lib/builtins/aarch64/lse.S /tmp/build-rt-aarch64/lib/builtins/outline_atomic_helpers.dir/outline_atomic_cas4_4.S
#26 6.386 cd /tmp/build-rt-aarch64/lib/builtins && /usr/bin/cmake -E create_symlink /llvm-project-21.1.8.src/compiler-rt/lib/builtins/aarch64/lse.S /tmp/build-rt-aarch64/lib/builtins/outline_atomic_helpers.dir/outline_atomic_cas4_5.S
#26 6.387 [  6%] Generating outline_atomic_helpers.dir/outline_atomic_cas8_1.S
#26 6.388 [  7%] Generating outline_atomic_helpers.dir/outline_atomic_cas8_2.S
#26 6.388 [  7%] Generating outline_atomic_helpers.dir/outline_atomic_cas8_3.S
#26 6.388 cd /tmp/build-rt-aarch64/lib/builtins && /usr/bin/cmake -E create_symlink /llvm-project-21.1.8.src/compiler-rt/lib/builtins/aarch64/lse.S /tmp/build-rt-aarch64/lib/builtins/outline_atomic_helpers.dir/outline_atomic_cas8_1.S
#26 6.388 cd /tmp/build-rt-aarch64/lib/builtins && /usr/bin/cmake -E create_symlink /llvm-project-21.1.8.src/compiler-rt/lib/builtins/aarch64/lse.S /tmp/build-rt-aarch64/lib/builtins/outline_atomic_helpers.dir/outline_atomic_cas8_2.S
#26 6.388 cd /tmp/build-rt-aarch64/lib/builtins && /usr/bin/cmake -E create_symlink /llvm-project-21.1.8.src/compiler-rt/lib/builtins/aarch64/lse.S /tmp/build-rt-aarch64/lib/builtins/outline_atomic_helpers.dir/outline_atomic_cas8_3.S
#26 6.388 [  7%] Generating outline_atomic_helpers.dir/outline_atomic_ldadd1_3.S
#26 6.388 [  7%] Generating outline_atomic_helpers.dir/outline_atomic_cas8_5.S
#26 6.388 [  7%] Generating outline_atomic_helpers.dir/outline_atomic_ldadd1_4.S
#26 6.388 [  7%] Generating outline_atomic_helpers.dir/outline_atomic_cas8_4.S
#26 6.389 [  8%] Generating outline_atomic_helpers.dir/outline_atomic_ldadd1_5.S
#26 6.389 [  9%] Generating outline_atomic_helpers.dir/outline_atomic_ldadd1_1.S
#26 6.389 [  9%] Generating outline_atomic_helpers.dir/outline_atomic_ldadd2_1.S
#26 6.389 [  9%] Generating outline_atomic_helpers.dir/outline_atomic_ldadd1_2.S
#26 6.389 [  9%] Generating outline_atomic_helpers.dir/outline_atomic_ldadd2_2.S
#26 6.389 cd /tmp/build-rt-aarch64/lib/builtins && /usr/bin/cmake -E create_symlink /llvm-project-21.1.8.src/compiler-rt/lib/builtins/aarch64/lse.S /tmp/build-rt-aarch64/lib/builtins/outline_atomic_helpers.dir/outline_atomic_cas8_5.S
#26 6.389 cd /tmp/build-rt-aarch64/lib/builtins && /usr/bin/cmake -E create_symlink /llvm-project-21.1.8.src/compiler-rt/lib/builtins/aarch64/lse.S /tmp/build-rt-aarch64/lib/builtins/outline_atomic_helpers.dir/outline_atomic_cas8_4.S
#26 6.389 [ 10%] Generating outline_atomic_helpers.dir/outline_atomic_ldadd2_4.S
#26 6.389 cd /tmp/build-rt-aarch64/lib/builtins && /usr/bin/cmake -E create_symlink /llvm-project-21.1.8.src/compiler-rt/lib/builtins/aarch64/lse.S /tmp/build-rt-aarch64/lib/builtins/outline_atomic_helpers.dir/outline_atomic_ldadd1_3.S
#26 6.389 [ 10%] Generating outline_atomic_helpers.dir/outline_atomic_ldadd2_5.S
#26 6.389 cd /tmp/build-rt-aarch64/lib/builtins && /usr/bin/cmake -E create_symlink /llvm-project-21.1.8.src/compiler-rt/lib/builtins/aarch64/lse.S /tmp/build-rt-aarch64/lib/builtins/outline_atomic_helpers.dir/outline_atomic_ldadd1_1.S
#26 6.389 cd /tmp/build-rt-aarch64/lib/builtins && /usr/bin/cmake -E create_symlink /llvm-project-21.1.8.src/compiler-rt/lib/builtins/aarch64/lse.S /tmp/build-rt-aarch64/lib/builtins/outline_atomic_helpers.dir/outline_atomic_ldadd1_2.S
#26 6.389 cd /tmp/build-rt-aarch64/lib/builtins && /usr/bin/cmake -E create_symlink /llvm-project-21.1.8.src/compiler-rt/lib/builtins/aarch64/lse.S /tmp/build-rt-aarch64/lib/builtins/outline_atomic_helpers.dir/outline_atomic_ldadd1_4.S
#26 6.390 [ 10%] Generating outline_atomic_helpers.dir/outline_atomic_ldadd2_3.S
#26 6.390 [ 10%] Generating outline_atomic_helpers.dir/outline_atomic_ldadd4_2.S
#26 6.390 [ 10%] Generating outline_atomic_helpers.dir/outline_atomic_ldadd4_3.S
#26 6.390 cd /tmp/build-rt-aarch64/lib/builtins && /usr/bin/cmake -E create_symlink /llvm-project-21.1.8.src/compiler-rt/lib/builtins/aarch64/lse.S /tmp/build-rt-aarch64/lib/builtins/outline_atomic_helpers.dir/outline_atomic_ldadd1_5.S
#26 6.390 cd /tmp/build-rt-aarch64/lib/builtins && /usr/bin/cmake -E create_symlink /llvm-project-21.1.8.src/compiler-rt/lib/builtins/aarch64/lse.S /tmp/build-rt-aarch64/lib/builtins/outline_atomic_helpers.dir/outline_atomic_ldadd2_1.S
#26 6.390 [ 11%] Generating outline_atomic_helpers.dir/outline_atomic_ldadd4_4.S
#26 6.390 cd /tmp/build-rt-aarch64/lib/builtins && /usr/bin/cmake -E create_symlink /llvm-project-21.1.8.src/compiler-rt/lib/builtins/aarch64/lse.S /tmp/build-rt-aarch64/lib/builtins/outline_atomic_helpers.dir/outline_atomic_ldadd2_2.S
#26 6.390 [ 11%] Generating outline_atomic_helpers.dir/outline_atomic_ldadd4_1.S
#26 6.390 cd /tmp/build-rt-aarch64/lib/builtins && /usr/bin/cmake -E create_symlink /llvm-project-21.1.8.src/compiler-rt/lib/builtins/aarch64/lse.S /tmp/build-rt-aarch64/lib/builtins/outline_atomic_helpers.dir/outline_atomic_ldadd2_4.S
#26 6.390 cd /tmp/build-rt-aarch64/lib/builtins && /usr/bin/cmake -E create_symlink /llvm-project-21.1.8.src/compiler-rt/lib/builtins/aarch64/lse.S /tmp/build-rt-aarch64/lib/builtins/outline_atomic_helpers.dir/outline_atomic_ldadd2_5.S
#26 6.390 cd /tmp/build-rt-aarch64/lib/builtins && /usr/bin/cmake -E create_symlink /llvm-project-21.1.8.src/compiler-rt/lib/builtins/aarch64/lse.S /tmp/build-rt-aarch64/lib/builtins/outline_atomic_helpers.dir/outline_atomic_ldadd2_3.S
#26 6.390 cd /tmp/build-rt-aarch64/lib/builtins && /usr/bin/cmake -E create_symlink /llvm-project-21.1.8.src/compiler-rt/lib/builtins/aarch64/lse.S /tmp/build-rt-aarch64/lib/builtins/outline_atomic_helpers.dir/outline_atomic_ldadd4_2.S
#26 6.390 cd /tmp/build-rt-aarch64/lib/builtins && /usr/bin/cmake -E create_symlink /llvm-project-21.1.8.src/compiler-rt/lib/builtins/aarch64/lse.S /tmp/build-rt-aarch64/lib/builtins/outline_atomic_helpers.dir/outline_atomic_ldadd4_3.S
#26 6.390 cd /tmp/build-rt-aarch64/lib/builtins && /usr/bin/cmake -E create_symlink /llvm-project-21.1.8.src/compiler-rt/lib/builtins/aarch64/lse.S /tmp/build-rt-aarch64/lib/builtins/outline_atomic_helpers.dir/outline_atomic_ldadd4_1.S
#26 6.391 [ 11%] Generating outline_atomic_helpers.dir/outline_atomic_ldadd4_5.S
#26 6.391 cd /tmp/build-rt-aarch64/lib/builtins && /usr/bin/cmake -E create_symlink /llvm-project-21.1.8.src/compiler-rt/lib/builtins/aarch64/lse.S /tmp/build-rt-aarch64/lib/builtins/outline_atomic_helpers.dir/outline_atomic_ldadd4_4.S
#26 6.391 [ 12%] Generating outline_atomic_helpers.dir/outline_atomic_ldadd8_1.S
#26 6.391 make[2]: Leaving directory '/tmp/build-rt-aarch64'
#26 6.391 [ 12%] Generating outline_atomic_helpers.dir/outline_atomic_ldadd8_3.S
#26 6.391 [ 12%] Generating outline_atomic_helpers.dir/outline_atomic_ldadd8_2.S
#26 6.391 cd /tmp/build-rt-aarch64/lib/builtins && /usr/bin/cmake -E create_symlink /llvm-project-21.1.8.src/compiler-rt/lib/builtins/aarch64/lse.S /tmp/build-rt-aarch64/lib/builtins/outline_atomic_helpers.dir/outline_atomic_ldadd4_5.S
#26 6.391 cd /tmp/build-rt-aarch64/lib/builtins && /usr/bin/cmake -E create_symlink /llvm-project-21.1.8.src/compiler-rt/lib/builtins/aarch64/lse.S /tmp/build-rt-aarch64/lib/builtins/outline_atomic_helpers.dir/outline_atomic_ldadd8_1.S
#26 6.391 cd /tmp/build-rt-aarch64/lib/builtins && /usr/bin/cmake -E create_symlink /llvm-project-21.1.8.src/compiler-rt/lib/builtins/aarch64/lse.S /tmp/build-rt-aarch64/lib/builtins/outline_atomic_helpers.dir/outline_atomic_ldadd8_3.S
#26 6.392 cd /tmp/build-rt-aarch64/lib/builtins && /usr/bin/cmake -E create_symlink /llvm-project-21.1.8.src/compiler-rt/lib/builtins/aarch64/lse.S /tmp/build-rt-aarch64/lib/builtins/outline_atomic_helpers.dir/outline_atomic_ldadd8_2.S
#26 6.393 [ 12%] Generating outline_atomic_helpers.dir/outline_atomic_ldadd8_4.S
#26 6.393 [ 12%] Built target clang_rt.crtend-aarch64
#26 6.393 [ 12%] Generating outline_atomic_helpers.dir/outline_atomic_ldclr1_1.S
#26 6.393 [ 13%] Generating outline_atomic_helpers.dir/outline_atomic_ldclr1_2.S
#26 6.393 [ 13%] Generating outline_atomic_helpers.dir/outline_atomic_ldadd8_5.S
#26 6.393 [ 13%] Generating outline_atomic_helpers.dir/outline_atomic_ldclr1_3.S
#26 6.394 [ 13%] Generating outline_atomic_helpers.dir/outline_atomic_ldclr1_4.S
#26 6.394 [ 13%] Generating outline_atomic_helpers.dir/outline_atomic_ldclr1_5.S
#26 6.394 [ 14%] Generating outline_atomic_helpers.dir/outline_atomic_ldclr2_1.S
#26 6.394 [ 14%] Generating outline_atomic_helpers.dir/outline_atomic_ldclr2_2.S
#26 6.395 cd /tmp/build-rt-aarch64/lib/builtins && /usr/bin/cmake -E create_symlink /llvm-project-21.1.8.src/compiler-rt/lib/builtins/aarch64/lse.S /tmp/build-rt-aarch64/lib/builtins/outline_atomic_helpers.dir/outline_atomic_ldadd8_4.S
#26 6.395 cd /tmp/build-rt-aarch64/lib/builtins && /usr/bin/cmake -E create_symlink /llvm-project-21.1.8.src/compiler-rt/lib/builtins/aarch64/lse.S /tmp/build-rt-aarch64/lib/builtins/outline_atomic_helpers.dir/outline_atomic_ldadd8_5.S
#26 6.395 cd /tmp/build-rt-aarch64/lib/builtins && /usr/bin/cmake -E create_symlink /llvm-project-21.1.8.src/compiler-rt/lib/builtins/aarch64/lse.S /tmp/build-rt-aarch64/lib/builtins/outline_atomic_helpers.dir/outline_atomic_ldclr1_1.S
#26 6.395 cd /tmp/build-rt-aarch64/lib/builtins && /usr/bin/cmake -E create_symlink /llvm-project-21.1.8.src/compiler-rt/lib/builtins/aarch64/lse.S /tmp/build-rt-aarch64/lib/builtins/outline_atomic_helpers.dir/outline_atomic_ldclr1_2.S
#26 6.395 cd /tmp/build-rt-aarch64/lib/builtins && /usr/bin/cmake -E create_symlink /llvm-project-21.1.8.src/compiler-rt/lib/builtins/aarch64/lse.S /tmp/build-rt-aarch64/lib/builtins/outline_atomic_helpers.dir/outline_atomic_ldclr1_3.S
#26 6.395 [ 14%] Generating outline_atomic_helpers.dir/outline_atomic_ldclr2_3.S
#26 6.395 cd /tmp/build-rt-aarch64/lib/builtins && /usr/bin/cmake -E create_symlink /llvm-project-21.1.8.src/compiler-rt/lib/builtins/aarch64/lse.S /tmp/build-rt-aarch64/lib/builtins/outline_atomic_helpers.dir/outline_atomic_ldclr1_4.S
#26 6.395 cd /tmp/build-rt-aarch64/lib/builtins && /usr/bin/cmake -E create_symlink /llvm-project-21.1.8.src/compiler-rt/lib/builtins/aarch64/lse.S /tmp/build-rt-aarch64/lib/builtins/outline_atomic_helpers.dir/outline_atomic_ldclr1_5.S
#26 6.395 cd /tmp/build-rt-aarch64/lib/builtins && /usr/bin/cmake -E create_symlink /llvm-project-21.1.8.src/compiler-rt/lib/builtins/aarch64/lse.S /tmp/build-rt-aarch64/lib/builtins/outline_atomic_helpers.dir/outline_atomic_ldclr2_1.S
#26 6.395 cd /tmp/build-rt-aarch64/lib/builtins && /usr/bin/cmake -E create_symlink /llvm-project-21.1.8.src/compiler-rt/lib/builtins/aarch64/lse.S /tmp/build-rt-aarch64/lib/builtins/outline_atomic_helpers.dir/outline_atomic_ldclr2_2.S
#26 6.396 cd /tmp/build-rt-aarch64/lib/builtins && /usr/bin/cmake -E create_symlink /llvm-project-21.1.8.src/compiler-rt/lib/builtins/aarch64/lse.S /tmp/build-rt-aarch64/lib/builtins/outline_atomic_helpers.dir/outline_atomic_ldclr2_3.S
#26 6.396 [ 14%] Generating outline_atomic_helpers.dir/outline_atomic_ldclr2_4.S
#26 6.396 make[2]: Leaving directory '/tmp/build-rt-aarch64'
#26 6.397 cd /tmp/build-rt-aarch64/lib/builtins && /usr/bin/cmake -E create_symlink /llvm-project-21.1.8.src/compiler-rt/lib/builtins/aarch64/lse.S /tmp/build-rt-aarch64/lib/builtins/outline_atomic_helpers.dir/outline_atomic_ldclr2_4.S
#26 6.397 [ 15%] Generating outline_atomic_helpers.dir/outline_atomic_ldclr2_5.S
#26 6.398 [ 15%] Generating outline_atomic_helpers.dir/outline_atomic_ldclr4_1.S
#26 6.398 [ 15%] Generating outline_atomic_helpers.dir/outline_atomic_ldclr4_2.S
#26 6.398 [ 15%] Generating outline_atomic_helpers.dir/outline_atomic_ldclr4_3.S
#26 6.398 cd /tmp/build-rt-aarch64/lib/builtins && /usr/bin/cmake -E create_symlink /llvm-project-21.1.8.src/compiler-rt/lib/builtins/aarch64/lse.S /tmp/build-rt-aarch64/lib/builtins/outline_atomic_helpers.dir/outline_atomic_ldclr2_5.S
#26 6.398 [ 16%] Generating outline_atomic_helpers.dir/outline_atomic_ldclr4_4.S
#26 6.398 [ 16%] Generating outline_atomic_helpers.dir/outline_atomic_ldclr4_5.S
#26 6.398 cd /tmp/build-rt-aarch64/lib/builtins && /usr/bin/cmake -E create_symlink /llvm-project-21.1.8.src/compiler-rt/lib/builtins/aarch64/lse.S /tmp/build-rt-aarch64/lib/builtins/outline_atomic_helpers.dir/outline_atomic_ldclr4_1.S
#26 6.398 cd /tmp/build-rt-aarch64/lib/builtins && /usr/bin/cmake -E create_symlink /llvm-project-21.1.8.src/compiler-rt/lib/builtins/aarch64/lse.S /tmp/build-rt-aarch64/lib/builtins/outline_atomic_helpers.dir/outline_atomic_ldclr4_2.S
#26 6.398 cd /tmp/build-rt-aarch64/lib/builtins && /usr/bin/cmake -E create_symlink /llvm-project-21.1.8.src/compiler-rt/lib/builtins/aarch64/lse.S /tmp/build-rt-aarch64/lib/builtins/outline_atomic_helpers.dir/outline_atomic_ldclr4_3.S
#26 6.398 [ 16%] Built target clang_rt.crtbegin-aarch64
#26 6.398 [ 16%] Generating outline_atomic_helpers.dir/outline_atomic_ldclr8_2.S
#26 6.399 cd /tmp/build-rt-aarch64/lib/builtins && /usr/bin/cmake -E create_symlink /llvm-project-21.1.8.src/compiler-rt/lib/builtins/aarch64/lse.S /tmp/build-rt-aarch64/lib/builtins/outline_atomic_helpers.dir/outline_atomic_ldclr4_4.S
#26 6.399 cd /tmp/build-rt-aarch64/lib/builtins && /usr/bin/cmake -E create_symlink /llvm-project-21.1.8.src/compiler-rt/lib/builtins/aarch64/lse.S /tmp/build-rt-aarch64/lib/builtins/outline_atomic_helpers.dir/outline_atomic_ldclr4_5.S
#26 6.399 [ 16%] Generating outline_atomic_helpers.dir/outline_atomic_ldclr8_1.S
#26 6.399 [ 16%] Generating outline_atomic_helpers.dir/outline_atomic_ldclr8_4.S
#26 6.399 [ 16%] Generating outline_atomic_helpers.dir/outline_atomic_ldclr8_5.S
#26 6.399 /usr/bin/make  -f lib/builtins/CMakeFiles/crt.dir/build.make lib/builtins/CMakeFiles/crt.dir/depend
#26 6.399 cd /tmp/build-rt-aarch64/lib/builtins && /usr/bin/cmake -E create_symlink /llvm-project-21.1.8.src/compiler-rt/lib/builtins/aarch64/lse.S /tmp/build-rt-aarch64/lib/builtins/outline_atomic_helpers.dir/outline_atomic_ldclr8_2.S
#26 6.399 [ 17%] Generating outline_atomic_helpers.dir/outline_atomic_ldeor1_1.S
#26 6.399 [ 17%] Generating outline_atomic_helpers.dir/outline_atomic_ldclr8_3.S
#26 6.399 [ 17%] Generating outline_atomic_helpers.dir/outline_atomic_ldeor1_2.S
#26 6.399 [ 18%] Generating outline_atomic_helpers.dir/outline_atomic_ldeor1_3.S
#26 6.400 make[2]: Entering directory '/tmp/build-rt-aarch64'
#26 6.400 cd /tmp/build-rt-aarch64 && /usr/bin/cmake -E cmake_depends "Unix Makefiles" /llvm-project-21.1.8.src/compiler-rt /llvm-project-21.1.8.src/compiler-rt/lib/builtins /tmp/build-rt-aarch64 /tmp/build-rt-aarch64/lib/builtins /tmp/build-rt-aarch64/lib/builtins/CMakeFiles/crt.dir/DependInfo.cmake "--color="
#26 6.400 [ 18%] Generating outline_atomic_helpers.dir/outline_atomic_ldeor1_5.S
#26 6.400 [ 18%] Generating outline_atomic_helpers.dir/outline_atomic_ldeor2_1.S
#26 6.400 [ 18%] Generating outline_atomic_helpers.dir/outline_atomic_ldeor1_4.S
#26 6.400 [ 19%] Generating outline_atomic_helpers.dir/outline_atomic_ldeor2_2.S
#26 6.401 [ 19%] Generating outline_atomic_helpers.dir/outline_atomic_ldeor2_3.S
#26 6.401 cd /tmp/build-rt-aarch64/lib/builtins && /usr/bin/cmake -E create_symlink /llvm-project-21.1.8.src/compiler-rt/lib/builtins/aarch64/lse.S /tmp/build-rt-aarch64/lib/builtins/outline_atomic_helpers.dir/outline_atomic_ldclr8_1.S
#26 6.401 cd /tmp/build-rt-aarch64/lib/builtins && /usr/bin/cmake -E create_symlink /llvm-project-21.1.8.src/compiler-rt/lib/builtins/aarch64/lse.S /tmp/build-rt-aarch64/lib/builtins/outline_atomic_helpers.dir/outline_atomic_ldclr8_3.S
#26 6.401 cd /tmp/build-rt-aarch64/lib/builtins && /usr/bin/cmake -E create_symlink /llvm-project-21.1.8.src/compiler-rt/lib/builtins/aarch64/lse.S /tmp/build-rt-aarch64/lib/builtins/outline_atomic_helpers.dir/outline_atomic_ldclr8_4.S
#26 6.401 cd /tmp/build-rt-aarch64/lib/builtins && /usr/bin/cmake -E create_symlink /llvm-project-21.1.8.src/compiler-rt/lib/builtins/aarch64/lse.S /tmp/build-rt-aarch64/lib/builtins/outline_atomic_helpers.dir/outline_atomic_ldclr8_5.S
#26 6.401 cd /tmp/build-rt-aarch64/lib/builtins && /usr/bin/cmake -E create_symlink /llvm-project-21.1.8.src/compiler-rt/lib/builtins/aarch64/lse.S /tmp/build-rt-aarch64/lib/builtins/outline_atomic_helpers.dir/outline_atomic_ldeor1_1.S
#26 6.402 cd /tmp/build-rt-aarch64/lib/builtins && /usr/bin/cmake -E create_symlink /llvm-project-21.1.8.src/compiler-rt/lib/builtins/aarch64/lse.S /tmp/build-rt-aarch64/lib/builtins/outline_atomic_helpers.dir/outline_atomic_ldeor1_2.S
#26 6.402 cd /tmp/build-rt-aarch64/lib/builtins && /usr/bin/cmake -E create_symlink /llvm-project-21.1.8.src/compiler-rt/lib/builtins/aarch64/lse.S /tmp/build-rt-aarch64/lib/builtins/outline_atomic_helpers.dir/outline_atomic_ldeor1_3.S
#26 6.402 cd /tmp/build-rt-aarch64/lib/builtins && /usr/bin/cmake -E create_symlink /llvm-project-21.1.8.src/compiler-rt/lib/builtins/aarch64/lse.S /tmp/build-rt-aarch64/lib/builtins/outline_atomic_helpers.dir/outline_atomic_ldeor1_4.S
#26 6.402 cd /tmp/build-rt-aarch64/lib/builtins && /usr/bin/cmake -E create_symlink /llvm-project-21.1.8.src/compiler-rt/lib/builtins/aarch64/lse.S /tmp/build-rt-aarch64/lib/builtins/outline_atomic_helpers.dir/outline_atomic_ldeor1_5.S
#26 6.402 cd /tmp/build-rt-aarch64/lib/builtins && /usr/bin/cmake -E create_symlink /llvm-project-21.1.8.src/compiler-rt/lib/builtins/aarch64/lse.S /tmp/build-rt-aarch64/lib/builtins/outline_atomic_helpers.dir/outline_atomic_ldeor2_1.S
#26 6.402 cd /tmp/build-rt-aarch64/lib/builtins && /usr/bin/cmake -E create_symlink /llvm-project-21.1.8.src/compiler-rt/lib/builtins/aarch64/lse.S /tmp/build-rt-aarch64/lib/builtins/outline_atomic_helpers.dir/outline_atomic_ldeor2_2.S
#26 6.402 make[2]: Leaving directory '/tmp/build-rt-aarch64'
#26 6.402 cd /tmp/build-rt-aarch64/lib/builtins && /usr/bin/cmake -E create_symlink /llvm-project-21.1.8.src/compiler-rt/lib/builtins/aarch64/lse.S /tmp/build-rt-aarch64/lib/builtins/outline_atomic_helpers.dir/outline_atomic_ldeor2_3.S
#26 6.402 /usr/bin/make  -f lib/builtins/CMakeFiles/crt.dir/build.make lib/builtins/CMakeFiles/crt.dir/build
#26 6.403 make[2]: Entering directory '/tmp/build-rt-aarch64'
#26 6.403 make[2]: Nothing to be done for 'lib/builtins/CMakeFiles/crt.dir/build'.
#26 6.403 make[2]: Leaving directory '/tmp/build-rt-aarch64'
#26 6.403 [ 19%] Generating outline_atomic_helpers.dir/outline_atomic_ldeor2_4.S
#26 6.403 cd /tmp/build-rt-aarch64/lib/builtins && /usr/bin/cmake -E create_symlink /llvm-project-21.1.8.src/compiler-rt/lib/builtins/aarch64/lse.S /tmp/build-rt-aarch64/lib/builtins/outline_atomic_helpers.dir/outline_atomic_ldeor2_4.S
#26 6.404 [ 19%] Generating outline_atomic_helpers.dir/outline_atomic_ldeor2_5.S
#26 6.404 [ 20%] Generating outline_atomic_helpers.dir/outline_atomic_ldeor4_1.S
#26 6.404 [ 20%] Generating outline_atomic_helpers.dir/outline_atomic_ldeor4_2.S
#26 6.405 [ 20%] Built target crt
#26 6.405 [ 20%] Generating outline_atomic_helpers.dir/outline_atomic_ldeor4_4.S
#26 6.405 cd /tmp/build-rt-aarch64/lib/builtins && /usr/bin/cmake -E create_symlink /llvm-project-21.1.8.src/compiler-rt/lib/builtins/aarch64/lse.S /tmp/build-rt-aarch64/lib/builtins/outline_atomic_helpers.dir/outline_atomic_ldeor2_5.S
#26 6.405 cd /tmp/build-rt-aarch64/lib/builtins && /usr/bin/cmake -E create_symlink /llvm-project-21.1.8.src/compiler-rt/lib/builtins/aarch64/lse.S /tmp/build-rt-aarch64/lib/builtins/outline_atomic_helpers.dir/outline_atomic_ldeor4_1.S
#26 6.405 [ 21%] Generating outline_atomic_helpers.dir/outline_atomic_ldeor4_5.S
#26 6.405 cd /tmp/build-rt-aarch64/lib/builtins && /usr/bin/cmake -E create_symlink /llvm-project-21.1.8.src/compiler-rt/lib/builtins/aarch64/lse.S /tmp/build-rt-aarch64/lib/builtins/outline_atomic_helpers.dir/outline_atomic_ldeor4_2.S
#26 6.405 [ 21%] Generating outline_atomic_helpers.dir/outline_atomic_ldeor8_2.S
#26 6.405 [ 21%] Generating outline_atomic_helpers.dir/outline_atomic_ldeor4_3.S
#26 6.405 cd /tmp/build-rt-aarch64/lib/builtins && /usr/bin/cmake -E create_symlink /llvm-project-21.1.8.src/compiler-rt/lib/builtins/aarch64/lse.S /tmp/build-rt-aarch64/lib/builtins/outline_atomic_helpers.dir/outline_atomic_ldeor4_4.S
#26 6.405 [ 22%] Generating outline_atomic_helpers.dir/outline_atomic_ldeor8_4.S
#26 6.405 [ 22%] Generating outline_atomic_helpers.dir/outline_atomic_ldeor8_1.S
#26 6.405 cd /tmp/build-rt-aarch64/lib/builtins && /usr/bin/cmake -E create_symlink /llvm-project-21.1.8.src/compiler-rt/lib/builtins/aarch64/lse.S /tmp/build-rt-aarch64/lib/builtins/outline_atomic_helpers.dir/outline_atomic_ldeor4_5.S
#26 6.405 [ 22%] Generating outline_atomic_helpers.dir/outline_atomic_ldeor8_5.S
#26 6.406 [ 22%] Generating outline_atomic_helpers.dir/outline_atomic_ldeor8_3.S
#26 6.406 [ 22%] Generating outline_atomic_helpers.dir/outline_atomic_ldset1_1.S
#26 6.406 cd /tmp/build-rt-aarch64/lib/builtins && /usr/bin/cmake -E create_symlink /llvm-project-21.1.8.src/compiler-rt/lib/builtins/aarch64/lse.S /tmp/build-rt-aarch64/lib/builtins/outline_atomic_helpers.dir/outline_atomic_ldeor8_2.S
#26 6.406 cd /tmp/build-rt-aarch64/lib/builtins && /usr/bin/cmake -E create_symlink /llvm-project-21.1.8.src/compiler-rt/lib/builtins/aarch64/lse.S /tmp/build-rt-aarch64/lib/builtins/outline_atomic_helpers.dir/outline_atomic_ldeor4_3.S
#26 6.406 [ 22%] Generating outline_atomic_helpers.dir/outline_atomic_ldset1_2.S
#26 6.406 cd /tmp/build-rt-aarch64/lib/builtins && /usr/bin/cmake -E create_symlink /llvm-project-21.1.8.src/compiler-rt/lib/builtins/aarch64/lse.S /tmp/build-rt-aarch64/lib/builtins/outline_atomic_helpers.dir/outline_atomic_ldeor8_1.S
#26 6.406 [ 23%] Generating outline_atomic_helpers.dir/outline_atomic_ldset1_3.S
#26 6.406 cd /tmp/build-rt-aarch64/lib/builtins && /usr/bin/cmake -E create_symlink /llvm-project-21.1.8.src/compiler-rt/lib/builtins/aarch64/lse.S /tmp/build-rt-aarch64/lib/builtins/outline_atomic_helpers.dir/outline_atomic_ldeor8_4.S
#26 6.406 [ 23%] Generating outline_atomic_helpers.dir/outline_atomic_ldset1_4.S
#26 6.406 cd /tmp/build-rt-aarch64/lib/builtins && /usr/bin/cmake -E create_symlink /llvm-project-21.1.8.src/compiler-rt/lib/builtins/aarch64/lse.S /tmp/build-rt-aarch64/lib/builtins/outline_atomic_helpers.dir/outline_atomic_ldeor8_3.S
#26 6.406 cd /tmp/build-rt-aarch64/lib/builtins && /usr/bin/cmake -E create_symlink /llvm-project-21.1.8.src/compiler-rt/lib/builtins/aarch64/lse.S /tmp/build-rt-aarch64/lib/builtins/outline_atomic_helpers.dir/outline_atomic_ldeor8_5.S
#26 6.406 cd /tmp/build-rt-aarch64/lib/builtins && /usr/bin/cmake -E create_symlink /llvm-project-21.1.8.src/compiler-rt/lib/builtins/aarch64/lse.S /tmp/build-rt-aarch64/lib/builtins/outline_atomic_helpers.dir/outline_atomic_ldset1_1.S
#26 6.406 [ 23%] Generating outline_atomic_helpers.dir/outline_atomic_ldset2_1.S
#26 6.407 cd /tmp/build-rt-aarch64/lib/builtins && /usr/bin/cmake -E create_symlink /llvm-project-21.1.8.src/compiler-rt/lib/builtins/aarch64/lse.S /tmp/build-rt-aarch64/lib/builtins/outline_atomic_helpers.dir/outline_atomic_ldset1_2.S
#26 6.407 cd /tmp/build-rt-aarch64/lib/builtins && /usr/bin/cmake -E create_symlink /llvm-project-21.1.8.src/compiler-rt/lib/builtins/aarch64/lse.S /tmp/build-rt-aarch64/lib/builtins/outline_atomic_helpers.dir/outline_atomic_ldset1_3.S
#26 6.407 cd /tmp/build-rt-aarch64/lib/builtins && /usr/bin/cmake -E create_symlink /llvm-project-21.1.8.src/compiler-rt/lib/builtins/aarch64/lse.S /tmp/build-rt-aarch64/lib/builtins/outline_atomic_helpers.dir/outline_atomic_ldset1_4.S
#26 6.407 [ 23%] Generating outline_atomic_helpers.dir/outline_atomic_ldset1_5.S
#26 6.407 cd /tmp/build-rt-aarch64/lib/builtins && /usr/bin/cmake -E create_symlink /llvm-project-21.1.8.src/compiler-rt/lib/builtins/aarch64/lse.S /tmp/build-rt-aarch64/lib/builtins/outline_atomic_helpers.dir/outline_atomic_ldset2_1.S
#26 6.407 [ 24%] Generating outline_atomic_helpers.dir/outline_atomic_ldset2_3.S
#26 6.407 [ 24%] Generating outline_atomic_helpers.dir/outline_atomic_ldset2_2.S
#26 6.408 [ 24%] Generating outline_atomic_helpers.dir/outline_atomic_ldset2_4.S
#26 6.408 [ 24%] Generating outline_atomic_helpers.dir/outline_atomic_ldset2_5.S
#26 6.408 cd /tmp/build-rt-aarch64/lib/builtins && /usr/bin/cmake -E create_symlink /llvm-project-21.1.8.src/compiler-rt/lib/builtins/aarch64/lse.S /tmp/build-rt-aarch64/lib/builtins/outline_atomic_helpers.dir/outline_atomic_ldset1_5.S
#26 6.408 cd /tmp/build-rt-aarch64/lib/builtins && /usr/bin/cmake -E create_symlink /llvm-project-21.1.8.src/compiler-rt/lib/builtins/aarch64/lse.S /tmp/build-rt-aarch64/lib/builtins/outline_atomic_helpers.dir/outline_atomic_ldset2_3.S
#26 6.408 cd /tmp/build-rt-aarch64/lib/builtins && /usr/bin/cmake -E create_symlink /llvm-project-21.1.8.src/compiler-rt/lib/builtins/aarch64/lse.S /tmp/build-rt-aarch64/lib/builtins/outline_atomic_helpers.dir/outline_atomic_ldset2_2.S
#26 6.408 cd /tmp/build-rt-aarch64/lib/builtins && /usr/bin/cmake -E create_symlink /llvm-project-21.1.8.src/compiler-rt/lib/builtins/aarch64/lse.S /tmp/build-rt-aarch64/lib/builtins/outline_atomic_helpers.dir/outline_atomic_ldset2_4.S
#26 6.408 cd /tmp/build-rt-aarch64/lib/builtins && /usr/bin/cmake -E create_symlink /llvm-project-21.1.8.src/compiler-rt/lib/builtins/aarch64/lse.S /tmp/build-rt-aarch64/lib/builtins/outline_atomic_helpers.dir/outline_atomic_ldset2_5.S
#26 6.409 [ 24%] Generating outline_atomic_helpers.dir/outline_atomic_ldset4_1.S
#26 6.409 [ 25%] Generating outline_atomic_helpers.dir/outline_atomic_ldset4_2.S
#26 6.409 [ 25%] Generating outline_atomic_helpers.dir/outline_atomic_ldset4_4.S
#26 6.409 [ 25%] Generating outline_atomic_helpers.dir/outline_atomic_ldset4_5.S
#26 6.409 cd /tmp/build-rt-aarch64/lib/builtins && /usr/bin/cmake -E create_symlink /llvm-project-21.1.8.src/compiler-rt/lib/builtins/aarch64/lse.S /tmp/build-rt-aarch64/lib/builtins/outline_atomic_helpers.dir/outline_atomic_ldset4_1.S
#26 6.409 [ 25%] Generating outline_atomic_helpers.dir/outline_atomic_ldset4_3.S
#26 6.409 cd /tmp/build-rt-aarch64/lib/builtins && /usr/bin/cmake -E create_symlink /llvm-project-21.1.8.src/compiler-rt/lib/builtins/aarch64/lse.S /tmp/build-rt-aarch64/lib/builtins/outline_atomic_helpers.dir/outline_atomic_ldset4_2.S
#26 6.410 cd /tmp/build-rt-aarch64/lib/builtins && /usr/bin/cmake -E create_symlink /llvm-project-21.1.8.src/compiler-rt/lib/builtins/aarch64/lse.S /tmp/build-rt-aarch64/lib/builtins/outline_atomic_helpers.dir/outline_atomic_ldset4_4.S
#26 6.410 cd /tmp/build-rt-aarch64/lib/builtins && /usr/bin/cmake -E create_symlink /llvm-project-21.1.8.src/compiler-rt/lib/builtins/aarch64/lse.S /tmp/build-rt-aarch64/lib/builtins/outline_atomic_helpers.dir/outline_atomic_ldset4_5.S
#26 6.410 cd /tmp/build-rt-aarch64/lib/builtins && /usr/bin/cmake -E create_symlink /llvm-project-21.1.8.src/compiler-rt/lib/builtins/aarch64/lse.S /tmp/build-rt-aarch64/lib/builtins/outline_atomic_helpers.dir/outline_atomic_ldset4_3.S
#26 6.410 [ 25%] Generating outline_atomic_helpers.dir/outline_atomic_ldset8_2.S
#26 6.410 [ 26%] Generating outline_atomic_helpers.dir/outline_atomic_ldset8_1.S
#26 6.410 [ 26%] Generating outline_atomic_helpers.dir/outline_atomic_ldset8_4.S
#26 6.410 [ 27%] Generating outline_atomic_helpers.dir/outline_atomic_ldset8_5.S
#26 6.411 [ 27%] Generating outline_atomic_helpers.dir/outline_atomic_swp1_1.S
#26 6.411 [ 27%] Generating outline_atomic_helpers.dir/outline_atomic_swp1_2.S
#26 6.411 [ 27%] Generating outline_atomic_helpers.dir/outline_atomic_ldset8_3.S
#26 6.411 [ 27%] Generating outline_atomic_helpers.dir/outline_atomic_swp1_3.S
#26 6.411 [ 27%] Generating outline_atomic_helpers.dir/outline_atomic_swp1_4.S
#26 6.412 [ 28%] Generating outline_atomic_helpers.dir/outline_atomic_swp1_5.S
#26 6.412 [ 28%] Generating outline_atomic_helpers.dir/outline_atomic_swp2_1.S
#26 6.412 [ 28%] Generating outline_atomic_helpers.dir/outline_atomic_swp2_2.S
#26 6.412 [ 28%] Generating outline_atomic_helpers.dir/outline_atomic_swp2_3.S
#26 6.412 [ 29%] Generating outline_atomic_helpers.dir/outline_atomic_swp2_4.S
#26 6.413 [ 29%] Generating outline_atomic_helpers.dir/outline_atomic_swp2_5.S
#26 6.413 cd /tmp/build-rt-aarch64/lib/builtins && /usr/bin/cmake -E create_symlink /llvm-project-21.1.8.src/compiler-rt/lib/builtins/aarch64/lse.S /tmp/build-rt-aarch64/lib/builtins/outline_atomic_helpers.dir/outline_atomic_ldset8_1.S
#26 6.413 cd /tmp/build-rt-aarch64/lib/builtins && /usr/bin/cmake -E create_symlink /llvm-project-21.1.8.src/compiler-rt/lib/builtins/aarch64/lse.S /tmp/build-rt-aarch64/lib/builtins/outline_atomic_helpers.dir/outline_atomic_ldset8_2.S
#26 6.413 cd /tmp/build-rt-aarch64/lib/builtins && /usr/bin/cmake -E create_symlink /llvm-project-21.1.8.src/compiler-rt/lib/builtins/aarch64/lse.S /tmp/build-rt-aarch64/lib/builtins/outline_atomic_helpers.dir/outline_atomic_ldset8_3.S
#26 6.414 cd /tmp/build-rt-aarch64/lib/builtins && /usr/bin/cmake -E create_symlink /llvm-project-21.1.8.src/compiler-rt/lib/builtins/aarch64/lse.S /tmp/build-rt-aarch64/lib/builtins/outline_atomic_helpers.dir/outline_atomic_ldset8_4.S
#26 6.414 cd /tmp/build-rt-aarch64/lib/builtins && /usr/bin/cmake -E create_symlink /llvm-project-21.1.8.src/compiler-rt/lib/builtins/aarch64/lse.S /tmp/build-rt-aarch64/lib/builtins/outline_atomic_helpers.dir/outline_atomic_ldset8_5.S
#26 6.414 cd /tmp/build-rt-aarch64/lib/builtins && /usr/bin/cmake -E create_symlink /llvm-project-21.1.8.src/compiler-rt/lib/builtins/aarch64/lse.S /tmp/build-rt-aarch64/lib/builtins/outline_atomic_helpers.dir/outline_atomic_swp1_1.S
#26 6.414 cd /tmp/build-rt-aarch64/lib/builtins && /usr/bin/cmake -E create_symlink /llvm-project-21.1.8.src/compiler-rt/lib/builtins/aarch64/lse.S /tmp/build-rt-aarch64/lib/builtins/outline_atomic_helpers.dir/outline_atomic_swp1_2.S
#26 6.414 cd /tmp/build-rt-aarch64/lib/builtins && /usr/bin/cmake -E create_symlink /llvm-project-21.1.8.src/compiler-rt/lib/builtins/aarch64/lse.S /tmp/build-rt-aarch64/lib/builtins/outline_atomic_helpers.dir/outline_atomic_swp1_3.S
#26 6.414 cd /tmp/build-rt-aarch64/lib/builtins && /usr/bin/cmake -E create_symlink /llvm-project-21.1.8.src/compiler-rt/lib/builtins/aarch64/lse.S /tmp/build-rt-aarch64/lib/builtins/outline_atomic_helpers.dir/outline_atomic_swp1_4.S
#26 6.414 cd /tmp/build-rt-aarch64/lib/builtins && /usr/bin/cmake -E create_symlink /llvm-project-21.1.8.src/compiler-rt/lib/builtins/aarch64/lse.S /tmp/build-rt-aarch64/lib/builtins/outline_atomic_helpers.dir/outline_atomic_swp1_5.S
#26 6.414 cd /tmp/build-rt-aarch64/lib/builtins && /usr/bin/cmake -E create_symlink /llvm-project-21.1.8.src/compiler-rt/lib/builtins/aarch64/lse.S /tmp/build-rt-aarch64/lib/builtins/outline_atomic_helpers.dir/outline_atomic_swp2_1.S
#26 6.414 cd /tmp/build-rt-aarch64/lib/builtins && /usr/bin/cmake -E create_symlink /llvm-project-21.1.8.src/compiler-rt/lib/builtins/aarch64/lse.S /tmp/build-rt-aarch64/lib/builtins/outline_atomic_helpers.dir/outline_atomic_swp2_2.S
#26 6.414 cd /tmp/build-rt-aarch64/lib/builtins && /usr/bin/cmake -E create_symlink /llvm-project-21.1.8.src/compiler-rt/lib/builtins/aarch64/lse.S /tmp/build-rt-aarch64/lib/builtins/outline_atomic_helpers.dir/outline_atomic_swp2_3.S
#26 6.415 cd /tmp/build-rt-aarch64/lib/builtins && /usr/bin/cmake -E create_symlink /llvm-project-21.1.8.src/compiler-rt/lib/builtins/aarch64/lse.S /tmp/build-rt-aarch64/lib/builtins/outline_atomic_helpers.dir/outline_atomic_swp2_4.S
#26 6.415 cd /tmp/build-rt-aarch64/lib/builtins && /usr/bin/cmake -E create_symlink /llvm-project-21.1.8.src/compiler-rt/lib/builtins/aarch64/lse.S /tmp/build-rt-aarch64/lib/builtins/outline_atomic_helpers.dir/outline_atomic_swp2_5.S
#26 6.415 [ 29%] Generating outline_atomic_helpers.dir/outline_atomic_swp4_1.S
#26 6.415 cd /tmp/build-rt-aarch64/lib/builtins && /usr/bin/cmake -E create_symlink /llvm-project-21.1.8.src/compiler-rt/lib/builtins/aarch64/lse.S /tmp/build-rt-aarch64/lib/builtins/outline_atomic_helpers.dir/outline_atomic_swp4_1.S
#26 6.417 [ 30%] Generating outline_atomic_helpers.dir/outline_atomic_swp4_3.S
#26 6.417 [ 30%] Generating outline_atomic_helpers.dir/outline_atomic_swp4_4.S
#26 6.417 [ 30%] Generating outline_atomic_helpers.dir/outline_atomic_swp4_2.S
#26 6.417 [ 30%] Generating outline_atomic_helpers.dir/outline_atomic_swp8_1.S
#26 6.417 [ 30%] Generating outline_atomic_helpers.dir/outline_atomic_swp4_5.S
#26 6.417 [ 30%] Generating outline_atomic_helpers.dir/outline_atomic_swp8_3.S
#26 6.417 cd /tmp/build-rt-aarch64/lib/builtins && /usr/bin/cmake -E create_symlink /llvm-project-21.1.8.src/compiler-rt/lib/builtins/aarch64/lse.S /tmp/build-rt-aarch64/lib/builtins/outline_atomic_helpers.dir/outline_atomic_swp4_3.S
#26 6.418 [ 30%] Generating outline_atomic_helpers.dir/outline_atomic_swp8_4.S
#26 6.418 cd /tmp/build-rt-aarch64/lib/builtins && /usr/bin/cmake -E create_symlink /llvm-project-21.1.8.src/compiler-rt/lib/builtins/aarch64/lse.S /tmp/build-rt-aarch64/lib/builtins/outline_atomic_helpers.dir/outline_atomic_swp4_2.S
#26 6.418 cd /tmp/build-rt-aarch64/lib/builtins && /usr/bin/cmake -E create_symlink /llvm-project-21.1.8.src/compiler-rt/lib/builtins/aarch64/lse.S /tmp/build-rt-aarch64/lib/builtins/outline_atomic_helpers.dir/outline_atomic_swp4_4.S
#26 6.418 [ 31%] Generating outline_atomic_helpers.dir/outline_atomic_swp8_2.S
#26 6.418 cd /tmp/build-rt-aarch64/lib/builtins && /usr/bin/cmake -E create_symlink /llvm-project-21.1.8.src/compiler-rt/lib/builtins/aarch64/lse.S /tmp/build-rt-aarch64/lib/builtins/outline_atomic_helpers.dir/outline_atomic_swp4_5.S
#26 6.418 cd /tmp/build-rt-aarch64/lib/builtins && /usr/bin/cmake -E create_symlink /llvm-project-21.1.8.src/compiler-rt/lib/builtins/aarch64/lse.S /tmp/build-rt-aarch64/lib/builtins/outline_atomic_helpers.dir/outline_atomic_swp8_1.S
#26 6.418 cd /tmp/build-rt-aarch64/lib/builtins && /usr/bin/cmake -E create_symlink /llvm-project-21.1.8.src/compiler-rt/lib/builtins/aarch64/lse.S /tmp/build-rt-aarch64/lib/builtins/outline_atomic_helpers.dir/outline_atomic_swp8_3.S
#26 6.418 cd /tmp/build-rt-aarch64/lib/builtins && /usr/bin/cmake -E create_symlink /llvm-project-21.1.8.src/compiler-rt/lib/builtins/aarch64/lse.S /tmp/build-rt-aarch64/lib/builtins/outline_atomic_helpers.dir/outline_atomic_swp8_4.S
#26 6.418 cd /tmp/build-rt-aarch64/lib/builtins && /usr/bin/cmake -E create_symlink /llvm-project-21.1.8.src/compiler-rt/lib/builtins/aarch64/lse.S /tmp/build-rt-aarch64/lib/builtins/outline_atomic_helpers.dir/outline_atomic_swp8_2.S
#26 6.421 cd /tmp/build-rt-aarch64 && /usr/bin/cmake -E cmake_depends "Unix Makefiles" /llvm-project-21.1.8.src/compiler-rt /llvm-project-21.1.8.src/compiler-rt/lib/builtins /tmp/build-rt-aarch64 /tmp/build-rt-aarch64/lib/builtins /tmp/build-rt-aarch64/lib/builtins/CMakeFiles/clang_rt.builtins-aarch64.dir/DependInfo.cmake "--color="
#26 6.424 Dependee "/tmp/build-rt-aarch64/lib/builtins/CMakeFiles/clang_rt.builtins-aarch64.dir/DependInfo.cmake" is newer than depender "/tmp/build-rt-aarch64/lib/builtins/CMakeFiles/clang_rt.builtins-aarch64.dir/depend.internal".
#26 6.424 Dependee "/tmp/build-rt-aarch64/lib/builtins/CMakeFiles/CMakeDirectoryInformation.cmake" is newer than depender "/tmp/build-rt-aarch64/lib/builtins/CMakeFiles/clang_rt.builtins-aarch64.dir/depend.internal".
#26 6.431 Scanning dependencies of target clang_rt.builtins-aarch64
#26 6.431 make[2]: Leaving directory '/tmp/build-rt-aarch64'
#26 6.432 /usr/bin/make  -f lib/builtins/CMakeFiles/clang_rt.builtins-aarch64.dir/build.make lib/builtins/CMakeFiles/clang_rt.builtins-aarch64.dir/build
#26 6.439 make[2]: Entering directory '/tmp/build-rt-aarch64'
#26 6.441 [ 31%] Building C object lib/builtins/CMakeFiles/clang_rt.builtins-aarch64.dir/addtf3.c.o
#26 6.441 [ 31%] Building C object lib/builtins/CMakeFiles/clang_rt.builtins-aarch64.dir/comparetf2.c.o
#26 6.441 [ 31%] Building C object lib/builtins/CMakeFiles/clang_rt.builtins-aarch64.dir/divtc3.c.o
#26 6.441 [ 31%] Building C object lib/builtins/CMakeFiles/clang_rt.builtins-aarch64.dir/extenddftf2.c.o
#26 6.441 cd /tmp/build-rt-aarch64/lib/builtins && /usr/bin/clang --target=aarch64-unknown-linux-gnu --sysroot=/tmp/musl-sysroot-aarch64 -DHAS_ASM_LSE -DVISIBILITY_HIDDEN -I/llvm-project-21.1.8.src/compiler-rt/lib/builtins/../../../third-party/siphash/include --target=aarch64-unknown-linux-gnu --sysroot=/tmp/musl-sysroot-aarch64 -Wall -Wno-unused-parameter -O3 -DNDEBUG -std=gnu11 -fno-lto -Werror=array-bounds -Werror=uninitialized -Werror=shadow -Werror=empty-body -Werror=sizeof-pointer-memaccess -Werror=sizeof-array-argument -Werror=suspicious-memaccess -Werror=builtin-memcpy-chk-size -Werror=array-bounds-pointer-arithmetic -Werror=return-stack-address -Werror=sizeof-array-decay -Werror=format-insufficient-args -Wformat -nostdinc++ -fno-builtin -fvisibility=hidden -fomit-frame-pointer -DCOMPILER_RT_HAS_FLOAT16 -MD -MT lib/builtins/CMakeFiles/clang_rt.builtins-aarch64.dir/addtf3.c.o -MF CMakeFiles/clang_rt.builtins-aarch64.dir/addtf3.c.o.d -o CMakeFiles/clang_rt.builtins-aarch64.dir/addtf3.c.o -c /llvm-project-21.1.8.src/compiler-rt/lib/builtins/addtf3.c
#26 6.441 [ 31%] Building C object lib/builtins/CMakeFiles/clang_rt.builtins-aarch64.dir/extendhftf2.c.o
#26 6.441 cd /tmp/build-rt-aarch64/lib/builtins && /usr/bin/clang --target=aarch64-unknown-linux-gnu --sysroot=/tmp/musl-sysroot-aarch64 -DHAS_ASM_LSE -DVISIBILITY_HIDDEN -I/llvm-project-21.1.8.src/compiler-rt/lib/builtins/../../../third-party/siphash/include --target=aarch64-unknown-linux-gnu --sysroot=/tmp/musl-sysroot-aarch64 -Wall -Wno-unused-parameter -O3 -DNDEBUG -std=gnu11 -fno-lto -Werror=array-bounds -Werror=uninitialized -Werror=shadow -Werror=empty-body -Werror=sizeof-pointer-memaccess -Werror=sizeof-array-argument -Werror=suspicious-memaccess -Werror=builtin-memcpy-chk-size -Werror=array-bounds-pointer-arithmetic -Werror=return-stack-address -Werror=sizeof-array-decay -Werror=format-insufficient-args -Wformat -nostdinc++ -fno-builtin -fvisibility=hidden -fomit-frame-pointer -DCOMPILER_RT_HAS_FLOAT16 -MD -MT lib/builtins/CMakeFiles/clang_rt.builtins-aarch64.dir/comparetf2.c.o -MF CMakeFiles/clang_rt.builtins-aarch64.dir/comparetf2.c.o.d -o CMakeFiles/clang_rt.builtins-aarch64.dir/comparetf2.c.o -c /llvm-project-21.1.8.src/compiler-rt/lib/builtins/comparetf2.c
#26 6.441 cd /tmp/build-rt-aarch64/lib/builtins && /usr/bin/clang --target=aarch64-unknown-linux-gnu --sysroot=/tmp/musl-sysroot-aarch64 -DHAS_ASM_LSE -DVISIBILITY_HIDDEN -I/llvm-project-21.1.8.src/compiler-rt/lib/builtins/../../../third-party/siphash/include --target=aarch64-unknown-linux-gnu --sysroot=/tmp/musl-sysroot-aarch64 -Wall -Wno-unused-parameter -O3 -DNDEBUG -std=gnu11 -fno-lto -Werror=array-bounds -Werror=uninitialized -Werror=shadow -Werror=empty-body -Werror=sizeof-pointer-memaccess -Werror=sizeof-array-argument -Werror=suspicious-memaccess -Werror=builtin-memcpy-chk-size -Werror=array-bounds-pointer-arithmetic -Werror=return-stack-address -Werror=sizeof-array-decay -Werror=format-insufficient-args -Wformat -nostdinc++ -fno-builtin -fvisibility=hidden -fomit-frame-pointer -DCOMPILER_RT_HAS_FLOAT16 -MD -MT lib/builtins/CMakeFiles/clang_rt.builtins-aarch64.dir/divtc3.c.o -MF CMakeFiles/clang_rt.builtins-aarch64.dir/divtc3.c.o.d -o CMakeFiles/clang_rt.builtins-aarch64.dir/divtc3.c.o -c /llvm-project-21.1.8.src/compiler-rt/lib/builtins/divtc3.c
#26 6.442 [ 32%] Building C object lib/builtins/CMakeFiles/clang_rt.builtins-aarch64.dir/divtf3.c.o
#26 6.442 [ 33%] Building C object lib/builtins/CMakeFiles/clang_rt.builtins-aarch64.dir/fixtfdi.c.o
#26 6.442 [ 33%] Building C object lib/builtins/CMakeFiles/clang_rt.builtins-aarch64.dir/fixtfsi.c.o
#26 6.442 cd /tmp/build-rt-aarch64/lib/builtins && /usr/bin/clang --target=aarch64-unknown-linux-gnu --sysroot=/tmp/musl-sysroot-aarch64 -DHAS_ASM_LSE -DVISIBILITY_HIDDEN -I/llvm-project-21.1.8.src/compiler-rt/lib/builtins/../../../third-party/siphash/include --target=aarch64-unknown-linux-gnu --sysroot=/tmp/musl-sysroot-aarch64 -Wall -Wno-unused-parameter -O3 -DNDEBUG -std=gnu11 -fno-lto -Werror=array-bounds -Werror=uninitialized -Werror=shadow -Werror=empty-body -Werror=sizeof-pointer-memaccess -Werror=sizeof-array-argument -Werror=suspicious-memaccess -Werror=builtin-memcpy-chk-size -Werror=array-bounds-pointer-arithmetic -Werror=return-stack-address -Werror=sizeof-array-decay -Werror=format-insufficient-args -Wformat -nostdinc++ -fno-builtin -fvisibility=hidden -fomit-frame-pointer -DCOMPILER_RT_HAS_FLOAT16 -MD -MT lib/builtins/CMakeFiles/clang_rt.builtins-aarch64.dir/extenddftf2.c.o -MF CMakeFiles/clang_rt.builtins-aarch64.dir/extenddftf2.c.o.d -o CMakeFiles/clang_rt.builtins-aarch64.dir/extenddftf2.c.o -c /llvm-project-21.1.8.src/compiler-rt/lib/builtins/extenddftf2.c
#26 6.442 cd /tmp/build-rt-aarch64/lib/builtins && /usr/bin/clang --target=aarch64-unknown-linux-gnu --sysroot=/tmp/musl-sysroot-aarch64 -DHAS_ASM_LSE -DVISIBILITY_HIDDEN -I/llvm-project-21.1.8.src/compiler-rt/lib/builtins/../../../third-party/siphash/include --target=aarch64-unknown-linux-gnu --sysroot=/tmp/musl-sysroot-aarch64 -Wall -Wno-unused-parameter -O3 -DNDEBUG -std=gnu11 -fno-lto -Werror=array-bounds -Werror=uninitialized -Werror=shadow -Werror=empty-body -Werror=sizeof-pointer-memaccess -Werror=sizeof-array-argument -Werror=suspicious-memaccess -Werror=builtin-memcpy-chk-size -Werror=array-bounds-pointer-arithmetic -Werror=return-stack-address -Werror=sizeof-array-decay -Werror=format-insufficient-args -Wformat -nostdinc++ -fno-builtin -fvisibility=hidden -fomit-frame-pointer -DCOMPILER_RT_HAS_FLOAT16 -MD -MT lib/builtins/CMakeFiles/clang_rt.builtins-aarch64.dir/extendhftf2.c.o -MF CMakeFiles/clang_rt.builtins-aarch64.dir/extendhftf2.c.o.d -o CMakeFiles/clang_rt.builtins-aarch64.dir/extendhftf2.c.o -c /llvm-project-21.1.8.src/compiler-rt/lib/builtins/extendhftf2.c
#26 6.442 [ 33%] Building C object lib/builtins/CMakeFiles/clang_rt.builtins-aarch64.dir/fixunstfdi.c.o
#26 6.442 [ 33%] Building C object lib/builtins/CMakeFiles/clang_rt.builtins-aarch64.dir/extendsftf2.c.o
#26 6.442 cd /tmp/build-rt-aarch64/lib/builtins && /usr/bin/clang --target=aarch64-unknown-linux-gnu --sysroot=/tmp/musl-sysroot-aarch64 -DHAS_ASM_LSE -DVISIBILITY_HIDDEN -I/llvm-project-21.1.8.src/compiler-rt/lib/builtins/../../../third-party/siphash/include --target=aarch64-unknown-linux-gnu --sysroot=/tmp/musl-sysroot-aarch64 -Wall -Wno-unused-parameter -O3 -DNDEBUG -std=gnu11 -fno-lto -Werror=array-bounds -Werror=uninitialized -Werror=shadow -Werror=empty-body -Werror=sizeof-pointer-memaccess -Werror=sizeof-array-argument -Werror=suspicious-memaccess -Werror=builtin-memcpy-chk-size -Werror=array-bounds-pointer-arithmetic -Werror=return-stack-address -Werror=sizeof-array-decay -Werror=format-insufficient-args -Wformat -nostdinc++ -fno-builtin -fvisibility=hidden -fomit-frame-pointer -DCOMPILER_RT_HAS_FLOAT16 -MD -MT lib/builtins/CMakeFiles/clang_rt.builtins-aarch64.dir/divtf3.c.o -MF CMakeFiles/clang_rt.builtins-aarch64.dir/divtf3.c.o.d -o CMakeFiles/clang_rt.builtins-aarch64.dir/divtf3.c.o -c /llvm-project-21.1.8.src/compiler-rt/lib/builtins/divtf3.c
#26 6.442 [ 33%] Building C object lib/builtins/CMakeFiles/clang_rt.builtins-aarch64.dir/fixtfti.c.o
#26 6.442 [ 33%] Building C object lib/builtins/CMakeFiles/clang_rt.builtins-aarch64.dir/fixunstfti.c.o
#26 6.442 cd /tmp/build-rt-aarch64/lib/builtins && /usr/bin/clang --target=aarch64-unknown-linux-gnu --sysroot=/tmp/musl-sysroot-aarch64 -DHAS_ASM_LSE -DVISIBILITY_HIDDEN -I/llvm-project-21.1.8.src/compiler-rt/lib/builtins/../../../third-party/siphash/include --target=aarch64-unknown-linux-gnu --sysroot=/tmp/musl-sysroot-aarch64 -Wall -Wno-unused-parameter -O3 -DNDEBUG -std=gnu11 -fno-lto -Werror=array-bounds -Werror=uninitialized -Werror=shadow -Werror=empty-body -Werror=sizeof-pointer-memaccess -Werror=sizeof-array-argument -Werror=suspicious-memaccess -Werror=builtin-memcpy-chk-size -Werror=array-bounds-pointer-arithmetic -Werror=return-stack-address -Werror=sizeof-array-decay -Werror=format-insufficient-args -Wformat -nostdinc++ -fno-builtin -fvisibility=hidden -fomit-frame-pointer -DCOMPILER_RT_HAS_FLOAT16 -MD -MT lib/builtins/CMakeFiles/clang_rt.builtins-aarch64.dir/fixtfdi.c.o -MF CMakeFiles/clang_rt.builtins-aarch64.dir/fixtfdi.c.o.d -o CMakeFiles/clang_rt.builtins-aarch64.dir/fixtfdi.c.o -c /llvm-project-21.1.8.src/compiler-rt/lib/builtins/fixtfdi.c
#26 6.443 [ 33%] Building C object lib/builtins/CMakeFiles/clang_rt.builtins-aarch64.dir/floatditf.c.o
#26 6.443 cd /tmp/build-rt-aarch64/lib/builtins && /usr/bin/clang --target=aarch64-unknown-linux-gnu --sysroot=/tmp/musl-sysroot-aarch64 -DHAS_ASM_LSE -DVISIBILITY_HIDDEN -I/llvm-project-21.1.8.src/compiler-rt/lib/builtins/../../../third-party/siphash/include --target=aarch64-unknown-linux-gnu --sysroot=/tmp/musl-sysroot-aarch64 -Wall -Wno-unused-parameter -O3 -DNDEBUG -std=gnu11 -fno-lto -Werror=array-bounds -Werror=uninitialized -Werror=shadow -Werror=empty-body -Werror=sizeof-pointer-memaccess -Werror=sizeof-array-argument -Werror=suspicious-memaccess -Werror=builtin-memcpy-chk-size -Werror=array-bounds-pointer-arithmetic -Werror=return-stack-address -Werror=sizeof-array-decay -Werror=format-insufficient-args -Wformat -nostdinc++ -fno-builtin -fvisibility=hidden -fomit-frame-pointer -DCOMPILER_RT_HAS_FLOAT16 -MD -MT lib/builtins/CMakeFiles/clang_rt.builtins-aarch64.dir/fixtfsi.c.o -MF CMakeFiles/clang_rt.builtins-aarch64.dir/fixtfsi.c.o.d -o CMakeFiles/clang_rt.builtins-aarch64.dir/fixtfsi.c.o -c /llvm-project-21.1.8.src/compiler-rt/lib/builtins/fixtfsi.c
#26 6.443 cd /tmp/build-rt-aarch64/lib/builtins && /usr/bin/clang --target=aarch64-unknown-linux-gnu --sysroot=/tmp/musl-sysroot-aarch64 -DHAS_ASM_LSE -DVISIBILITY_HIDDEN -I/llvm-project-21.1.8.src/compiler-rt/lib/builtins/../../../third-party/siphash/include --target=aarch64-unknown-linux-gnu --sysroot=/tmp/musl-sysroot-aarch64 -Wall -Wno-unused-parameter -O3 -DNDEBUG -std=gnu11 -fno-lto -Werror=array-bounds -Werror=uninitialized -Werror=shadow -Werror=empty-body -Werror=sizeof-pointer-memaccess -Werror=sizeof-array-argument -Werror=suspicious-memaccess -Werror=builtin-memcpy-chk-size -Werror=array-bounds-pointer-arithmetic -Werror=return-stack-address -Werror=sizeof-array-decay -Werror=format-insufficient-args -Wformat -nostdinc++ -fno-builtin -fvisibility=hidden -fomit-frame-pointer -DCOMPILER_RT_HAS_FLOAT16 -MD -MT lib/builtins/CMakeFiles/clang_rt.builtins-aarch64.dir/fixunstfdi.c.o -MF CMakeFiles/clang_rt.builtins-aarch64.dir/fixunstfdi.c.o.d -o CMakeFiles/clang_rt.builtins-aarch64.dir/fixunstfdi.c.o -c /llvm-project-21.1.8.src/compiler-rt/lib/builtins/fixunstfdi.c
#26 6.443 [ 34%] Building C object lib/builtins/CMakeFiles/clang_rt.builtins-aarch64.dir/fixunstfsi.c.o
#26 6.443 cd /tmp/build-rt-aarch64/lib/builtins && /usr/bin/clang --target=aarch64-unknown-linux-gnu --sysroot=/tmp/musl-sysroot-aarch64 -DHAS_ASM_LSE -DVISIBILITY_HIDDEN -I/llvm-project-21.1.8.src/compiler-rt/lib/builtins/../../../third-party/siphash/include --target=aarch64-unknown-linux-gnu --sysroot=/tmp/musl-sysroot-aarch64 -Wall -Wno-unused-parameter -O3 -DNDEBUG -std=gnu11 -fno-lto -Werror=array-bounds -Werror=uninitialized -Werror=shadow -Werror=empty-body -Werror=sizeof-pointer-memaccess -Werror=sizeof-array-argument -Werror=suspicious-memaccess -Werror=builtin-memcpy-chk-size -Werror=array-bounds-pointer-arithmetic -Werror=return-stack-address -Werror=sizeof-array-decay -Werror=format-insufficient-args -Wformat -nostdinc++ -fno-builtin -fvisibility=hidden -fomit-frame-pointer -DCOMPILER_RT_HAS_FLOAT16 -MD -MT lib/builtins/CMakeFiles/clang_rt.builtins-aarch64.dir/extendsftf2.c.o -MF CMakeFiles/clang_rt.builtins-aarch64.dir/extendsftf2.c.o.d -o CMakeFiles/clang_rt.builtins-aarch64.dir/extendsftf2.c.o -c /llvm-project-21.1.8.src/compiler-rt/lib/builtins/extendsftf2.c
#26 6.443 [ 34%] Building C object lib/builtins/CMakeFiles/clang_rt.builtins-aarch64.dir/floattitf.c.o
#26 6.443 cd /tmp/build-rt-aarch64/lib/builtins && /usr/bin/clang --target=aarch64-unknown-linux-gnu --sysroot=/tmp/musl-sysroot-aarch64 -DHAS_ASM_LSE -DVISIBILITY_HIDDEN -I/llvm-project-21.1.8.src/compiler-rt/lib/builtins/../../../third-party/siphash/include --target=aarch64-unknown-linux-gnu --sysroot=/tmp/musl-sysroot-aarch64 -Wall -Wno-unused-parameter -O3 -DNDEBUG -std=gnu11 -fno-lto -Werror=array-bounds -Werror=uninitialized -Werror=shadow -Werror=empty-body -Werror=sizeof-pointer-memaccess -Werror=sizeof-array-argument -Werror=suspicious-memaccess -Werror=builtin-memcpy-chk-size -Werror=array-bounds-pointer-arithmetic -Werror=return-stack-address -Werror=sizeof-array-decay -Werror=format-insufficient-args -Wformat -nostdinc++ -fno-builtin -fvisibility=hidden -fomit-frame-pointer -DCOMPILER_RT_HAS_FLOAT16 -MD -MT lib/builtins/CMakeFiles/clang_rt.builtins-aarch64.dir/fixtfti.c.o -MF CMakeFiles/clang_rt.builtins-aarch64.dir/fixtfti.c.o.d -o CMakeFiles/clang_rt.builtins-aarch64.dir/fixtfti.c.o -c /llvm-project-21.1.8.src/compiler-rt/lib/builtins/fixtfti.c
#26 6.443 [ 35%] Building C object lib/builtins/CMakeFiles/clang_rt.builtins-aarch64.dir/floatunditf.c.o
#26 6.443 cd /tmp/build-rt-aarch64/lib/builtins && /usr/bin/clang --target=aarch64-unknown-linux-gnu --sysroot=/tmp/musl-sysroot-aarch64 -DHAS_ASM_LSE -DVISIBILITY_HIDDEN -I/llvm-project-21.1.8.src/compiler-rt/lib/builtins/../../../third-party/siphash/include --target=aarch64-unknown-linux-gnu --sysroot=/tmp/musl-sysroot-aarch64 -Wall -Wno-unused-parameter -O3 -DNDEBUG -std=gnu11 -fno-lto -Werror=array-bounds -Werror=uninitialized -Werror=shadow -Werror=empty-body -Werror=sizeof-pointer-memaccess -Werror=sizeof-array-argument -Werror=suspicious-memaccess -Werror=builtin-memcpy-chk-size -Werror=array-bounds-pointer-arithmetic -Werror=return-stack-address -Werror=sizeof-array-decay -Werror=format-insufficient-args -Wformat -nostdinc++ -fno-builtin -fvisibility=hidden -fomit-frame-pointer -DCOMPILER_RT_HAS_FLOAT16 -MD -MT lib/builtins/CMakeFiles/clang_rt.builtins-aarch64.dir/fixunstfti.c.o -MF CMakeFiles/clang_rt.builtins-aarch64.dir/fixunstfti.c.o.d -o CMakeFiles/clang_rt.builtins-aarch64.dir/fixunstfti.c.o -c /llvm-project-21.1.8.src/compiler-rt/lib/builtins/fixunstfti.c
#26 6.443 cd /tmp/build-rt-aarch64/lib/builtins && /usr/bin/clang --target=aarch64-unknown-linux-gnu --sysroot=/tmp/musl-sysroot-aarch64 -DHAS_ASM_LSE -DVISIBILITY_HIDDEN -I/llvm-project-21.1.8.src/compiler-rt/lib/builtins/../../../third-party/siphash/include --target=aarch64-unknown-linux-gnu --sysroot=/tmp/musl-sysroot-aarch64 -Wall -Wno-unused-parameter -O3 -DNDEBUG -std=gnu11 -fno-lto -Werror=array-bounds -Werror=uninitialized -Werror=shadow -Werror=empty-body -Werror=sizeof-pointer-memaccess -Werror=sizeof-array-argument -Werror=suspicious-memaccess -Werror=builtin-memcpy-chk-size -Werror=array-bounds-pointer-arithmetic -Werror=return-stack-address -Werror=sizeof-array-decay -Werror=format-insufficient-args -Wformat -nostdinc++ -fno-builtin -fvisibility=hidden -fomit-frame-pointer -DCOMPILER_RT_HAS_FLOAT16 -MD -MT lib/builtins/CMakeFiles/clang_rt.builtins-aarch64.dir/floatditf.c.o -MF CMakeFiles/clang_rt.builtins-aarch64.dir/floatditf.c.o.d -o CMakeFiles/clang_rt.builtins-aarch64.dir/floatditf.c.o -c /llvm-project-21.1.8.src/compiler-rt/lib/builtins/floatditf.c
#26 6.443 [ 35%] Building C object lib/builtins/CMakeFiles/clang_rt.builtins-aarch64.dir/floatsitf.c.o
#26 6.443 cd /tmp/build-rt-aarch64/lib/builtins && /usr/bin/clang --target=aarch64-unknown-linux-gnu --sysroot=/tmp/musl-sysroot-aarch64 -DHAS_ASM_LSE -DVISIBILITY_HIDDEN -I/llvm-project-21.1.8.src/compiler-rt/lib/builtins/../../../third-party/siphash/include --target=aarch64-unknown-linux-gnu --sysroot=/tmp/musl-sysroot-aarch64 -Wall -Wno-unused-parameter -O3 -DNDEBUG -std=gnu11 -fno-lto -Werror=array-bounds -Werror=uninitialized -Werror=shadow -Werror=empty-body -Werror=sizeof-pointer-memaccess -Werror=sizeof-array-argument -Werror=suspicious-memaccess -Werror=builtin-memcpy-chk-size -Werror=array-bounds-pointer-arithmetic -Werror=return-stack-address -Werror=sizeof-array-decay -Werror=format-insufficient-args -Wformat -nostdinc++ -fno-builtin -fvisibility=hidden -fomit-frame-pointer -DCOMPILER_RT_HAS_FLOAT16 -MD -MT lib/builtins/CMakeFiles/clang_rt.builtins-aarch64.dir/fixunstfsi.c.o -MF CMakeFiles/clang_rt.builtins-aarch64.dir/fixunstfsi.c.o.d -o CMakeFiles/clang_rt.builtins-aarch64.dir/fixunstfsi.c.o -c /llvm-project-21.1.8.src/compiler-rt/lib/builtins/fixunstfsi.c
#26 6.444 cd /tmp/build-rt-aarch64/lib/builtins && /usr/bin/clang --target=aarch64-unknown-linux-gnu --sysroot=/tmp/musl-sysroot-aarch64 -DHAS_ASM_LSE -DVISIBILITY_HIDDEN -I/llvm-project-21.1.8.src/compiler-rt/lib/builtins/../../../third-party/siphash/include --target=aarch64-unknown-linux-gnu --sysroot=/tmp/musl-sysroot-aarch64 -Wall -Wno-unused-parameter -O3 -DNDEBUG -std=gnu11 -fno-lto -Werror=array-bounds -Werror=uninitialized -Werror=shadow -Werror=empty-body -Werror=sizeof-pointer-memaccess -Werror=sizeof-array-argument -Werror=suspicious-memaccess -Werror=builtin-memcpy-chk-size -Werror=array-bounds-pointer-arithmetic -Werror=return-stack-address -Werror=sizeof-array-decay -Werror=format-insufficient-args -Wformat -nostdinc++ -fno-builtin -fvisibility=hidden -fomit-frame-pointer -DCOMPILER_RT_HAS_FLOAT16 -MD -MT lib/builtins/CMakeFiles/clang_rt.builtins-aarch64.dir/floattitf.c.o -MF CMakeFiles/clang_rt.builtins-aarch64.dir/floattitf.c.o.d -o CMakeFiles/clang_rt.builtins-aarch64.dir/floattitf.c.o -c /llvm-project-21.1.8.src/compiler-rt/lib/builtins/floattitf.c
#26 6.444 cd /tmp/build-rt-aarch64/lib/builtins && /usr/bin/clang --target=aarch64-unknown-linux-gnu --sysroot=/tmp/musl-sysroot-aarch64 -DHAS_ASM_LSE -DVISIBILITY_HIDDEN -I/llvm-project-21.1.8.src/compiler-rt/lib/builtins/../../../third-party/siphash/include --target=aarch64-unknown-linux-gnu --sysroot=/tmp/musl-sysroot-aarch64 -Wall -Wno-unused-parameter -O3 -DNDEBUG -std=gnu11 -fno-lto -Werror=array-bounds -Werror=uninitialized -Werror=shadow -Werror=empty-body -Werror=sizeof-pointer-memaccess -Werror=sizeof-array-argument -Werror=suspicious-memaccess -Werror=builtin-memcpy-chk-size -Werror=array-bounds-pointer-arithmetic -Werror=return-stack-address -Werror=sizeof-array-decay -Werror=format-insufficient-args -Wformat -nostdinc++ -fno-builtin -fvisibility=hidden -fomit-frame-pointer -DCOMPILER_RT_HAS_FLOAT16 -MD -MT lib/builtins/CMakeFiles/clang_rt.builtins-aarch64.dir/floatunditf.c.o -MF CMakeFiles/clang_rt.builtins-aarch64.dir/floatunditf.c.o.d -o CMakeFiles/clang_rt.builtins-aarch64.dir/floatunditf.c.o -c /llvm-project-21.1.8.src/compiler-rt/lib/builtins/floatunditf.c
#26 6.444 cd /tmp/build-rt-aarch64/lib/builtins && /usr/bin/clang --target=aarch64-unknown-linux-gnu --sysroot=/tmp/musl-sysroot-aarch64 -DHAS_ASM_LSE -DVISIBILITY_HIDDEN -I/llvm-project-21.1.8.src/compiler-rt/lib/builtins/../../../third-party/siphash/include --target=aarch64-unknown-linux-gnu --sysroot=/tmp/musl-sysroot-aarch64 -Wall -Wno-unused-parameter -O3 -DNDEBUG -std=gnu11 -fno-lto -Werror=array-bounds -Werror=uninitialized -Werror=shadow -Werror=empty-body -Werror=sizeof-pointer-memaccess -Werror=sizeof-array-argument -Werror=suspicious-memaccess -Werror=builtin-memcpy-chk-size -Werror=array-bounds-pointer-arithmetic -Werror=return-stack-address -Werror=sizeof-array-decay -Werror=format-insufficient-args -Wformat -nostdinc++ -fno-builtin -fvisibility=hidden -fomit-frame-pointer -DCOMPILER_RT_HAS_FLOAT16 -MD -MT lib/builtins/CMakeFiles/clang_rt.builtins-aarch64.dir/floatsitf.c.o -MF CMakeFiles/clang_rt.builtins-aarch64.dir/floatsitf.c.o.d -o CMakeFiles/clang_rt.builtins-aarch64.dir/floatsitf.c.o -c /llvm-project-21.1.8.src/compiler-rt/lib/builtins/floatsitf.c
#26 6.444 [ 35%] Building C object lib/builtins/CMakeFiles/clang_rt.builtins-aarch64.dir/floatunsitf.c.o
#26 6.444 [ 35%] Building C object lib/builtins/CMakeFiles/clang_rt.builtins-aarch64.dir/floatuntitf.c.o
#26 6.444 cd /tmp/build-rt-aarch64/lib/builtins && /usr/bin/clang --target=aarch64-unknown-linux-gnu --sysroot=/tmp/musl-sysroot-aarch64 -DHAS_ASM_LSE -DVISIBILITY_HIDDEN -I/llvm-project-21.1.8.src/compiler-rt/lib/builtins/../../../third-party/siphash/include --target=aarch64-unknown-linux-gnu --sysroot=/tmp/musl-sysroot-aarch64 -Wall -Wno-unused-parameter -O3 -DNDEBUG -std=gnu11 -fno-lto -Werror=array-bounds -Werror=uninitialized -Werror=shadow -Werror=empty-body -Werror=sizeof-pointer-memaccess -Werror=sizeof-array-argument -Werror=suspicious-memaccess -Werror=builtin-memcpy-chk-size -Werror=array-bounds-pointer-arithmetic -Werror=return-stack-address -Werror=sizeof-array-decay -Werror=format-insufficient-args -Wformat -nostdinc++ -fno-builtin -fvisibility=hidden -fomit-frame-pointer -DCOMPILER_RT_HAS_FLOAT16 -MD -MT lib/builtins/CMakeFiles/clang_rt.builtins-aarch64.dir/floatuntitf.c.o -MF CMakeFiles/clang_rt.builtins-aarch64.dir/floatuntitf.c.o.d -o CMakeFiles/clang_rt.builtins-aarch64.dir/floatuntitf.c.o -c /llvm-project-21.1.8.src/compiler-rt/lib/builtins/floatuntitf.c
#26 6.445 cd /tmp/build-rt-aarch64/lib/builtins && /usr/bin/clang --target=aarch64-unknown-linux-gnu --sysroot=/tmp/musl-sysroot-aarch64 -DHAS_ASM_LSE -DVISIBILITY_HIDDEN -I/llvm-project-21.1.8.src/compiler-rt/lib/builtins/../../../third-party/siphash/include --target=aarch64-unknown-linux-gnu --sysroot=/tmp/musl-sysroot-aarch64 -Wall -Wno-unused-parameter -O3 -DNDEBUG -std=gnu11 -fno-lto -Werror=array-bounds -Werror=uninitialized -Werror=shadow -Werror=empty-body -Werror=sizeof-pointer-memaccess -Werror=sizeof-array-argument -Werror=suspicious-memaccess -Werror=builtin-memcpy-chk-size -Werror=array-bounds-pointer-arithmetic -Werror=return-stack-address -Werror=sizeof-array-decay -Werror=format-insufficient-args -Wformat -nostdinc++ -fno-builtin -fvisibility=hidden -fomit-frame-pointer -DCOMPILER_RT_HAS_FLOAT16 -MD -MT lib/builtins/CMakeFiles/clang_rt.builtins-aarch64.dir/floatunsitf.c.o -MF CMakeFiles/clang_rt.builtins-aarch64.dir/floatunsitf.c.o.d -o CMakeFiles/clang_rt.builtins-aarch64.dir/floatunsitf.c.o -c /llvm-project-21.1.8.src/compiler-rt/lib/builtins/floatunsitf.c
#26 6.445 [ 35%] Building C object lib/builtins/CMakeFiles/clang_rt.builtins-aarch64.dir/multc3.c.o
#26 6.446 cd /tmp/build-rt-aarch64/lib/builtins && /usr/bin/clang --target=aarch64-unknown-linux-gnu --sysroot=/tmp/musl-sysroot-aarch64 -DHAS_ASM_LSE -DVISIBILITY_HIDDEN -I/llvm-project-21.1.8.src/compiler-rt/lib/builtins/../../../third-party/siphash/include --target=aarch64-unknown-linux-gnu --sysroot=/tmp/musl-sysroot-aarch64 -Wall -Wno-unused-parameter -O3 -DNDEBUG -std=gnu11 -fno-lto -Werror=array-bounds -Werror=uninitialized -Werror=shadow -Werror=empty-body -Werror=sizeof-pointer-memaccess -Werror=sizeof-array-argument -Werror=suspicious-memaccess -Werror=builtin-memcpy-chk-size -Werror=array-bounds-pointer-arithmetic -Werror=return-stack-address -Werror=sizeof-array-decay -Werror=format-insufficient-args -Wformat -nostdinc++ -fno-builtin -fvisibility=hidden -fomit-frame-pointer -DCOMPILER_RT_HAS_FLOAT16 -MD -MT lib/builtins/CMakeFiles/clang_rt.builtins-aarch64.dir/multc3.c.o -MF CMakeFiles/clang_rt.builtins-aarch64.dir/multc3.c.o.d -o CMakeFiles/clang_rt.builtins-aarch64.dir/multc3.c.o -c /llvm-project-21.1.8.src/compiler-rt/lib/builtins/multc3.c
#26 6.446 [ 36%] Building C object lib/builtins/CMakeFiles/clang_rt.builtins-aarch64.dir/multf3.c.o
#26 6.446 [ 36%] Building C object lib/builtins/CMakeFiles/clang_rt.builtins-aarch64.dir/powitf2.c.o
#26 6.446 [ 36%] Building C object lib/builtins/CMakeFiles/clang_rt.builtins-aarch64.dir/subtf3.c.o
#26 6.446 [ 36%] Building C object lib/builtins/CMakeFiles/clang_rt.builtins-aarch64.dir/trunctfdf2.c.o
#26 6.447 cd /tmp/build-rt-aarch64/lib/builtins && /usr/bin/clang --target=aarch64-unknown-linux-gnu --sysroot=/tmp/musl-sysroot-aarch64 -DHAS_ASM_LSE -DVISIBILITY_HIDDEN -I/llvm-project-21.1.8.src/compiler-rt/lib/builtins/../../../third-party/siphash/include --target=aarch64-unknown-linux-gnu --sysroot=/tmp/musl-sysroot-aarch64 -Wall -Wno-unused-parameter -O3 -DNDEBUG -std=gnu11 -fno-lto -Werror=array-bounds -Werror=uninitialized -Werror=shadow -Werror=empty-body -Werror=sizeof-pointer-memaccess -Werror=sizeof-array-argument -Werror=suspicious-memaccess -Werror=builtin-memcpy-chk-size -Werror=array-bounds-pointer-arithmetic -Werror=return-stack-address -Werror=sizeof-array-decay -Werror=format-insufficient-args -Wformat -nostdinc++ -fno-builtin -fvisibility=hidden -fomit-frame-pointer -DCOMPILER_RT_HAS_FLOAT16 -MD -MT lib/builtins/CMakeFiles/clang_rt.builtins-aarch64.dir/powitf2.c.o -MF CMakeFiles/clang_rt.builtins-aarch64.dir/powitf2.c.o.d -o CMakeFiles/clang_rt.builtins-aarch64.dir/powitf2.c.o -c /llvm-project-21.1.8.src/compiler-rt/lib/builtins/powitf2.c
#26 6.447 cd /tmp/build-rt-aarch64/lib/builtins && /usr/bin/clang --target=aarch64-unknown-linux-gnu --sysroot=/tmp/musl-sysroot-aarch64 -DHAS_ASM_LSE -DVISIBILITY_HIDDEN -I/llvm-project-21.1.8.src/compiler-rt/lib/builtins/../../../third-party/siphash/include --target=aarch64-unknown-linux-gnu --sysroot=/tmp/musl-sysroot-aarch64 -Wall -Wno-unused-parameter -O3 -DNDEBUG -std=gnu11 -fno-lto -Werror=array-bounds -Werror=uninitialized -Werror=shadow -Werror=empty-body -Werror=sizeof-pointer-memaccess -Werror=sizeof-array-argument -Werror=suspicious-memaccess -Werror=builtin-memcpy-chk-size -Werror=array-bounds-pointer-arithmetic -Werror=return-stack-address -Werror=sizeof-array-decay -Werror=format-insufficient-args -Wformat -nostdinc++ -fno-builtin -fvisibility=hidden -fomit-frame-pointer -DCOMPILER_RT_HAS_FLOAT16 -MD -MT lib/builtins/CMakeFiles/clang_rt.builtins-aarch64.dir/subtf3.c.o -MF CMakeFiles/clang_rt.builtins-aarch64.dir/subtf3.c.o.d -o CMakeFiles/clang_rt.builtins-aarch64.dir/subtf3.c.o -c /llvm-project-21.1.8.src/compiler-rt/lib/builtins/subtf3.c
#26 6.447 cd /tmp/build-rt-aarch64/lib/builtins && /usr/bin/clang --target=aarch64-unknown-linux-gnu --sysroot=/tmp/musl-sysroot-aarch64 -DHAS_ASM_LSE -DVISIBILITY_HIDDEN -I/llvm-project-21.1.8.src/compiler-rt/lib/builtins/../../../third-party/siphash/include --target=aarch64-unknown-linux-gnu --sysroot=/tmp/musl-sysroot-aarch64 -Wall -Wno-unused-parameter -O3 -DNDEBUG -std=gnu11 -fno-lto -Werror=array-bounds -Werror=uninitialized -Werror=shadow -Werror=empty-body -Werror=sizeof-pointer-memaccess -Werror=sizeof-array-argument -Werror=suspicious-memaccess -Werror=builtin-memcpy-chk-size -Werror=array-bounds-pointer-arithmetic -Werror=return-stack-address -Werror=sizeof-array-decay -Werror=format-insufficient-args -Wformat -nostdinc++ -fno-builtin -fvisibility=hidden -fomit-frame-pointer -DCOMPILER_RT_HAS_FLOAT16 -MD -MT lib/builtins/CMakeFiles/clang_rt.builtins-aarch64.dir/trunctfdf2.c.o -MF CMakeFiles/clang_rt.builtins-aarch64.dir/trunctfdf2.c.o.d -o CMakeFiles/clang_rt.builtins-aarch64.dir/trunctfdf2.c.o -c /llvm-project-21.1.8.src/compiler-rt/lib/builtins/trunctfdf2.c
#26 6.447 cd /tmp/build-rt-aarch64/lib/builtins && /usr/bin/clang --target=aarch64-unknown-linux-gnu --sysroot=/tmp/musl-sysroot-aarch64 -DHAS_ASM_LSE -DVISIBILITY_HIDDEN -I/llvm-project-21.1.8.src/compiler-rt/lib/builtins/../../../third-party/siphash/include --target=aarch64-unknown-linux-gnu --sysroot=/tmp/musl-sysroot-aarch64 -Wall -Wno-unused-parameter -O3 -DNDEBUG -std=gnu11 -fno-lto -Werror=array-bounds -Werror=uninitialized -Werror=shadow -Werror=empty-body -Werror=sizeof-pointer-memaccess -Werror=sizeof-array-argument -Werror=suspicious-memaccess -Werror=builtin-memcpy-chk-size -Werror=array-bounds-pointer-arithmetic -Werror=return-stack-address -Werror=sizeof-array-decay -Werror=format-insufficient-args -Wformat -nostdinc++ -fno-builtin -fvisibility=hidden -fomit-frame-pointer -DCOMPILER_RT_HAS_FLOAT16 -MD -MT lib/builtins/CMakeFiles/clang_rt.builtins-aarch64.dir/multf3.c.o -MF CMakeFiles/clang_rt.builtins-aarch64.dir/multf3.c.o.d -o CMakeFiles/clang_rt.builtins-aarch64.dir/multf3.c.o -c /llvm-project-21.1.8.src/compiler-rt/lib/builtins/multf3.c
#26 6.447 [ 36%] Building C object lib/builtins/CMakeFiles/clang_rt.builtins-aarch64.dir/trunctfsf2.c.o
#26 6.447 [ 37%] Building C object lib/builtins/CMakeFiles/clang_rt.builtins-aarch64.dir/trunctfhf2.c.o
#26 6.447 [ 37%] Building C object lib/builtins/CMakeFiles/clang_rt.builtins-aarch64.dir/absvdi2.c.o
#26 6.447 [ 38%] Building C object lib/builtins/CMakeFiles/clang_rt.builtins-aarch64.dir/absvti2.c.o
#26 6.447 [ 38%] Building C object lib/builtins/CMakeFiles/clang_rt.builtins-aarch64.dir/adddf3.c.o
#26 6.447 [ 38%] Building C object lib/builtins/CMakeFiles/clang_rt.builtins-aarch64.dir/absvsi2.c.o
#26 6.448 [ 38%] Building C object lib/builtins/CMakeFiles/clang_rt.builtins-aarch64.dir/addvdi3.c.o
#26 6.448 [ 39%] Building C object lib/builtins/CMakeFiles/clang_rt.builtins-aarch64.dir/addvsi3.c.o
#26 6.448 cd /tmp/build-rt-aarch64/lib/builtins && /usr/bin/clang --target=aarch64-unknown-linux-gnu --sysroot=/tmp/musl-sysroot-aarch64 -DHAS_ASM_LSE -DVISIBILITY_HIDDEN -I/llvm-project-21.1.8.src/compiler-rt/lib/builtins/../../../third-party/siphash/include --target=aarch64-unknown-linux-gnu --sysroot=/tmp/musl-sysroot-aarch64 -Wall -Wno-unused-parameter -O3 -DNDEBUG -std=gnu11 -fno-lto -Werror=array-bounds -Werror=uninitialized -Werror=shadow -Werror=empty-body -Werror=sizeof-pointer-memaccess -Werror=sizeof-array-argument -Werror=suspicious-memaccess -Werror=builtin-memcpy-chk-size -Werror=array-bounds-pointer-arithmetic -Werror=return-stack-address -Werror=sizeof-array-decay -Werror=format-insufficient-args -Wformat -nostdinc++ -fno-builtin -fvisibility=hidden -fomit-frame-pointer -DCOMPILER_RT_HAS_FLOAT16 -MD -MT lib/builtins/CMakeFiles/clang_rt.builtins-aarch64.dir/trunctfhf2.c.o -MF CMakeFiles/clang_rt.builtins-aarch64.dir/trunctfhf2.c.o.d -o CMakeFiles/clang_rt.builtins-aarch64.dir/trunctfhf2.c.o -c /llvm-project-21.1.8.src/compiler-rt/lib/builtins/trunctfhf2.c
#26 6.448 cd /tmp/build-rt-aarch64/lib/builtins && /usr/bin/clang --target=aarch64-unknown-linux-gnu --sysroot=/tmp/musl-sysroot-aarch64 -DHAS_ASM_LSE -DVISIBILITY_HIDDEN -I/llvm-project-21.1.8.src/compiler-rt/lib/builtins/../../../third-party/siphash/include --target=aarch64-unknown-linux-gnu --sysroot=/tmp/musl-sysroot-aarch64 -Wall -Wno-unused-parameter -O3 -DNDEBUG -std=gnu11 -fno-lto -Werror=array-bounds -Werror=uninitialized -Werror=shadow -Werror=empty-body -Werror=sizeof-pointer-memaccess -Werror=sizeof-array-argument -Werror=suspicious-memaccess -Werror=builtin-memcpy-chk-size -Werror=array-bounds-pointer-arithmetic -Werror=return-stack-address -Werror=sizeof-array-decay -Werror=format-insufficient-args -Wformat -nostdinc++ -fno-builtin -fvisibility=hidden -fomit-frame-pointer -DCOMPILER_RT_HAS_FLOAT16 -MD -MT lib/builtins/CMakeFiles/clang_rt.builtins-aarch64.dir/trunctfsf2.c.o -MF CMakeFiles/clang_rt.builtins-aarch64.dir/trunctfsf2.c.o.d -o CMakeFiles/clang_rt.builtins-aarch64.dir/trunctfsf2.c.o -c /llvm-project-21.1.8.src/compiler-rt/lib/builtins/trunctfsf2.c
#26 6.448 [ 39%] Building C object lib/builtins/CMakeFiles/clang_rt.builtins-aarch64.dir/apple_versioning.c.o
#26 6.448 [ 39%] Building C object lib/builtins/CMakeFiles/clang_rt.builtins-aarch64.dir/addvti3.c.o
#26 6.448 [ 39%] Building C object lib/builtins/CMakeFiles/clang_rt.builtins-aarch64.dir/addsf3.c.o
#26 6.448 cd /tmp/build-rt-aarch64/lib/builtins && /usr/bin/clang --target=aarch64-unknown-linux-gnu --sysroot=/tmp/musl-sysroot-aarch64 -DHAS_ASM_LSE -DVISIBILITY_HIDDEN -I/llvm-project-21.1.8.src/compiler-rt/lib/builtins/../../../third-party/siphash/include --target=aarch64-unknown-linux-gnu --sysroot=/tmp/musl-sysroot-aarch64 -Wall -Wno-unused-parameter -O3 -DNDEBUG -std=gnu11 -fno-lto -Werror=array-bounds -Werror=uninitialized -Werror=shadow -Werror=empty-body -Werror=sizeof-pointer-memaccess -Werror=sizeof-array-argument -Werror=suspicious-memaccess -Werror=builtin-memcpy-chk-size -Werror=array-bounds-pointer-arithmetic -Werror=return-stack-address -Werror=sizeof-array-decay -Werror=format-insufficient-args -Wformat -nostdinc++ -fno-builtin -fvisibility=hidden -fomit-frame-pointer -DCOMPILER_RT_HAS_FLOAT16 -MD -MT lib/builtins/CMakeFiles/clang_rt.builtins-aarch64.dir/absvdi2.c.o -MF CMakeFiles/clang_rt.builtins-aarch64.dir/absvdi2.c.o.d -o CMakeFiles/clang_rt.builtins-aarch64.dir/absvdi2.c.o -c /llvm-project-21.1.8.src/compiler-rt/lib/builtins/absvdi2.c
#26 6.448 cd /tmp/build-rt-aarch64/lib/builtins && /usr/bin/clang --target=aarch64-unknown-linux-gnu --sysroot=/tmp/musl-sysroot-aarch64 -DHAS_ASM_LSE -DVISIBILITY_HIDDEN -I/llvm-project-21.1.8.src/compiler-rt/lib/builtins/../../../third-party/siphash/include --target=aarch64-unknown-linux-gnu --sysroot=/tmp/musl-sysroot-aarch64 -Wall -Wno-unused-parameter -O3 -DNDEBUG -std=gnu11 -fno-lto -Werror=array-bounds -Werror=uninitialized -Werror=shadow -Werror=empty-body -Werror=sizeof-pointer-memaccess -Werror=sizeof-array-argument -Werror=suspicious-memaccess -Werror=builtin-memcpy-chk-size -Werror=array-bounds-pointer-arithmetic -Werror=return-stack-address -Werror=sizeof-array-decay -Werror=format-insufficient-args -Wformat -nostdinc++ -fno-builtin -fvisibility=hidden -fomit-frame-pointer -DCOMPILER_RT_HAS_FLOAT16 -MD -MT lib/builtins/CMakeFiles/clang_rt.builtins-aarch64.dir/absvsi2.c.o -MF CMakeFiles/clang_rt.builtins-aarch64.dir/absvsi2.c.o.d -o CMakeFiles/clang_rt.builtins-aarch64.dir/absvsi2.c.o -c /llvm-project-21.1.8.src/compiler-rt/lib/builtins/absvsi2.c
#26 6.448 cd /tmp/build-rt-aarch64/lib/builtins && /usr/bin/clang --target=aarch64-unknown-linux-gnu --sysroot=/tmp/musl-sysroot-aarch64 -DHAS_ASM_LSE -DVISIBILITY_HIDDEN -I/llvm-project-21.1.8.src/compiler-rt/lib/builtins/../../../third-party/siphash/include --target=aarch64-unknown-linux-gnu --sysroot=/tmp/musl-sysroot-aarch64 -Wall -Wno-unused-parameter -O3 -DNDEBUG -std=gnu11 -fno-lto -Werror=array-bounds -Werror=uninitialized -Werror=shadow -Werror=empty-body -Werror=sizeof-pointer-memaccess -Werror=sizeof-array-argument -Werror=suspicious-memaccess -Werror=builtin-memcpy-chk-size -Werror=array-bounds-pointer-arithmetic -Werror=return-stack-address -Werror=sizeof-array-decay -Werror=format-insufficient-args -Wformat -nostdinc++ -fno-builtin -fvisibility=hidden -fomit-frame-pointer -DCOMPILER_RT_HAS_FLOAT16 -MD -MT lib/builtins/CMakeFiles/clang_rt.builtins-aarch64.dir/absvti2.c.o -MF CMakeFiles/clang_rt.builtins-aarch64.dir/absvti2.c.o.d -o CMakeFiles/clang_rt.builtins-aarch64.dir/absvti2.c.o -c /llvm-project-21.1.8.src/compiler-rt/lib/builtins/absvti2.c
#26 6.449 cd /tmp/build-rt-aarch64/lib/builtins && /usr/bin/clang --target=aarch64-unknown-linux-gnu --sysroot=/tmp/musl-sysroot-aarch64 -DHAS_ASM_LSE -DVISIBILITY_HIDDEN -I/llvm-project-21.1.8.src/compiler-rt/lib/builtins/../../../third-party/siphash/include --target=aarch64-unknown-linux-gnu --sysroot=/tmp/musl-sysroot-aarch64 -Wall -Wno-unused-parameter -O3 -DNDEBUG -std=gnu11 -fno-lto -Werror=array-bounds -Werror=uninitialized -Werror=shadow -Werror=empty-body -Werror=sizeof-pointer-memaccess -Werror=sizeof-array-argument -Werror=suspicious-memaccess -Werror=builtin-memcpy-chk-size -Werror=array-bounds-pointer-arithmetic -Werror=return-stack-address -Werror=sizeof-array-decay -Werror=format-insufficient-args -Wformat -nostdinc++ -fno-builtin -fvisibility=hidden -fomit-frame-pointer -DCOMPILER_RT_HAS_FLOAT16 -MD -MT lib/builtins/CMakeFiles/clang_rt.builtins-aarch64.dir/adddf3.c.o -MF CMakeFiles/clang_rt.builtins-aarch64.dir/adddf3.c.o.d -o CMakeFiles/clang_rt.builtins-aarch64.dir/adddf3.c.o -c /llvm-project-21.1.8.src/compiler-rt/lib/builtins/adddf3.c
#26 6.449 cd /tmp/build-rt-aarch64/lib/builtins && /usr/bin/clang --target=aarch64-unknown-linux-gnu --sysroot=/tmp/musl-sysroot-aarch64 -DHAS_ASM_LSE -DVISIBILITY_HIDDEN -I/llvm-project-21.1.8.src/compiler-rt/lib/builtins/../../../third-party/siphash/include --target=aarch64-unknown-linux-gnu --sysroot=/tmp/musl-sysroot-aarch64 -Wall -Wno-unused-parameter -O3 -DNDEBUG -std=gnu11 -fno-lto -Werror=array-bounds -Werror=uninitialized -Werror=shadow -Werror=empty-body -Werror=sizeof-pointer-memaccess -Werror=sizeof-array-argument -Werror=suspicious-memaccess -Werror=builtin-memcpy-chk-size -Werror=array-bounds-pointer-arithmetic -Werror=return-stack-address -Werror=sizeof-array-decay -Werror=format-insufficient-args -Wformat -nostdinc++ -fno-builtin -fvisibility=hidden -fomit-frame-pointer -DCOMPILER_RT_HAS_FLOAT16 -MD -MT lib/builtins/CMakeFiles/clang_rt.builtins-aarch64.dir/addsf3.c.o -MF CMakeFiles/clang_rt.builtins-aarch64.dir/addsf3.c.o.d -o CMakeFiles/clang_rt.builtins-aarch64.dir/addsf3.c.o -c /llvm-project-21.1.8.src/compiler-rt/lib/builtins/addsf3.c
#26 6.449 cd /tmp/build-rt-aarch64/lib/builtins && /usr/bin/clang --target=aarch64-unknown-linux-gnu --sysroot=/tmp/musl-sysroot-aarch64 -DHAS_ASM_LSE -DVISIBILITY_HIDDEN -I/llvm-project-21.1.8.src/compiler-rt/lib/builtins/../../../third-party/siphash/include --target=aarch64-unknown-linux-gnu --sysroot=/tmp/musl-sysroot-aarch64 -Wall -Wno-unused-parameter -O3 -DNDEBUG -std=gnu11 -fno-lto -Werror=array-bounds -Werror=uninitialized -Werror=shadow -Werror=empty-body -Werror=sizeof-pointer-memaccess -Werror=sizeof-array-argument -Werror=suspicious-memaccess -Werror=builtin-memcpy-chk-size -Werror=array-bounds-pointer-arithmetic -Werror=return-stack-address -Werror=sizeof-array-decay -Werror=format-insufficient-args -Wformat -nostdinc++ -fno-builtin -fvisibility=hidden -fomit-frame-pointer -DCOMPILER_RT_HAS_FLOAT16 -MD -MT lib/builtins/CMakeFiles/clang_rt.builtins-aarch64.dir/addvdi3.c.o -MF CMakeFiles/clang_rt.builtins-aarch64.dir/addvdi3.c.o.d -o CMakeFiles/clang_rt.builtins-aarch64.dir/addvdi3.c.o -c /llvm-project-21.1.8.src/compiler-rt/lib/builtins/addvdi3.c
#26 6.449 cd /tmp/build-rt-aarch64/lib/builtins && /usr/bin/clang --target=aarch64-unknown-linux-gnu --sysroot=/tmp/musl-sysroot-aarch64 -DHAS_ASM_LSE -DVISIBILITY_HIDDEN -I/llvm-project-21.1.8.src/compiler-rt/lib/builtins/../../../third-party/siphash/include --target=aarch64-unknown-linux-gnu --sysroot=/tmp/musl-sysroot-aarch64 -Wall -Wno-unused-parameter -O3 -DNDEBUG -std=gnu11 -fno-lto -Werror=array-bounds -Werror=uninitialized -Werror=shadow -Werror=empty-body -Werror=sizeof-pointer-memaccess -Werror=sizeof-array-argument -Werror=suspicious-memaccess -Werror=builtin-memcpy-chk-size -Werror=array-bounds-pointer-arithmetic -Werror=return-stack-address -Werror=sizeof-array-decay -Werror=format-insufficient-args -Wformat -nostdinc++ -fno-builtin -fvisibility=hidden -fomit-frame-pointer -DCOMPILER_RT_HAS_FLOAT16 -MD -MT lib/builtins/CMakeFiles/clang_rt.builtins-aarch64.dir/addvsi3.c.o -MF CMakeFiles/clang_rt.builtins-aarch64.dir/addvsi3.c.o.d -o CMakeFiles/clang_rt.builtins-aarch64.dir/addvsi3.c.o -c /llvm-project-21.1.8.src/compiler-rt/lib/builtins/addvsi3.c
#26 6.449 cd /tmp/build-rt-aarch64/lib/builtins && /usr/bin/clang --target=aarch64-unknown-linux-gnu --sysroot=/tmp/musl-sysroot-aarch64 -DHAS_ASM_LSE -DVISIBILITY_HIDDEN -I/llvm-project-21.1.8.src/compiler-rt/lib/builtins/../../../third-party/siphash/include --target=aarch64-unknown-linux-gnu --sysroot=/tmp/musl-sysroot-aarch64 -Wall -Wno-unused-parameter -O3 -DNDEBUG -std=gnu11 -fno-lto -Werror=array-bounds -Werror=uninitialized -Werror=shadow -Werror=empty-body -Werror=sizeof-pointer-memaccess -Werror=sizeof-array-argument -Werror=suspicious-memaccess -Werror=builtin-memcpy-chk-size -Werror=array-bounds-pointer-arithmetic -Werror=return-stack-address -Werror=sizeof-array-decay -Werror=format-insufficient-args -Wformat -nostdinc++ -fno-builtin -fvisibility=hidden -fomit-frame-pointer -DCOMPILER_RT_HAS_FLOAT16 -MD -MT lib/builtins/CMakeFiles/clang_rt.builtins-aarch64.dir/addvti3.c.o -MF CMakeFiles/clang_rt.builtins-aarch64.dir/addvti3.c.o.d -o CMakeFiles/clang_rt.builtins-aarch64.dir/addvti3.c.o -c /llvm-project-21.1.8.src/compiler-rt/lib/builtins/addvti3.c
#26 6.449 cd /tmp/build-rt-aarch64/lib/builtins && /usr/bin/clang --target=aarch64-unknown-linux-gnu --sysroot=/tmp/musl-sysroot-aarch64 -DHAS_ASM_LSE -DVISIBILITY_HIDDEN -I/llvm-project-21.1.8.src/compiler-rt/lib/builtins/../../../third-party/siphash/include --target=aarch64-unknown-linux-gnu --sysroot=/tmp/musl-sysroot-aarch64 -Wall -Wno-unused-parameter -O3 -DNDEBUG -std=gnu11 -fno-lto -Werror=array-bounds -Werror=uninitialized -Werror=shadow -Werror=empty-body -Werror=sizeof-pointer-memaccess -Werror=sizeof-array-argument -Werror=suspicious-memaccess -Werror=builtin-memcpy-chk-size -Werror=array-bounds-pointer-arithmetic -Werror=return-stack-address -Werror=sizeof-array-decay -Werror=format-insufficient-args -Wformat -nostdinc++ -fno-builtin -fvisibility=hidden -fomit-frame-pointer -DCOMPILER_RT_HAS_FLOAT16 -MD -MT lib/builtins/CMakeFiles/clang_rt.builtins-aarch64.dir/apple_versioning.c.o -MF CMakeFiles/clang_rt.builtins-aarch64.dir/apple_versioning.c.o.d -o CMakeFiles/clang_rt.builtins-aarch64.dir/apple_versioning.c.o -c /llvm-project-21.1.8.src/compiler-rt/lib/builtins/apple_versioning.c
#26 6.449 [ 40%] Building C object lib/builtins/CMakeFiles/clang_rt.builtins-aarch64.dir/ashlti3.c.o
#26 6.449 [ 40%] Building C object lib/builtins/CMakeFiles/clang_rt.builtins-aarch64.dir/ashldi3.c.o
#26 6.450 [ 40%] Building C object lib/builtins/CMakeFiles/clang_rt.builtins-aarch64.dir/ashrdi3.c.o
#26 6.450 [ 40%] Building C object lib/builtins/CMakeFiles/clang_rt.builtins-aarch64.dir/ashrti3.c.o
#26 6.450 cd /tmp/build-rt-aarch64/lib/builtins && /usr/bin/clang --target=aarch64-unknown-linux-gnu --sysroot=/tmp/musl-sysroot-aarch64 -DHAS_ASM_LSE -DVISIBILITY_HIDDEN -I/llvm-project-21.1.8.src/compiler-rt/lib/builtins/../../../third-party/siphash/include --target=aarch64-unknown-linux-gnu --sysroot=/tmp/musl-sysroot-aarch64 -Wall -Wno-unused-parameter -O3 -DNDEBUG -std=gnu11 -fno-lto -Werror=array-bounds -Werror=uninitialized -Werror=shadow -Werror=empty-body -Werror=sizeof-pointer-memaccess -Werror=sizeof-array-argument -Werror=suspicious-memaccess -Werror=builtin-memcpy-chk-size -Werror=array-bounds-pointer-arithmetic -Werror=return-stack-address -Werror=sizeof-array-decay -Werror=format-insufficient-args -Wformat -nostdinc++ -fno-builtin -fvisibility=hidden -fomit-frame-pointer -DCOMPILER_RT_HAS_FLOAT16 -MD -MT lib/builtins/CMakeFiles/clang_rt.builtins-aarch64.dir/ashlti3.c.o -MF CMakeFiles/clang_rt.builtins-aarch64.dir/ashlti3.c.o.d -o CMakeFiles/clang_rt.builtins-aarch64.dir/ashlti3.c.o -c /llvm-project-21.1.8.src/compiler-rt/lib/builtins/ashlti3.c
#26 6.451 cd /tmp/build-rt-aarch64/lib/builtins && /usr/bin/clang --target=aarch64-unknown-linux-gnu --sysroot=/tmp/musl-sysroot-aarch64 -DHAS_ASM_LSE -DVISIBILITY_HIDDEN -I/llvm-project-21.1.8.src/compiler-rt/lib/builtins/../../../third-party/siphash/include --target=aarch64-unknown-linux-gnu --sysroot=/tmp/musl-sysroot-aarch64 -Wall -Wno-unused-parameter -O3 -DNDEBUG -std=gnu11 -fno-lto -Werror=array-bounds -Werror=uninitialized -Werror=shadow -Werror=empty-body -Werror=sizeof-pointer-memaccess -Werror=sizeof-array-argument -Werror=suspicious-memaccess -Werror=builtin-memcpy-chk-size -Werror=array-bounds-pointer-arithmetic -Werror=return-stack-address -Werror=sizeof-array-decay -Werror=format-insufficient-args -Wformat -nostdinc++ -fno-builtin -fvisibility=hidden -fomit-frame-pointer -DCOMPILER_RT_HAS_FLOAT16 -MD -MT lib/builtins/CMakeFiles/clang_rt.builtins-aarch64.dir/ashldi3.c.o -MF CMakeFiles/clang_rt.builtins-aarch64.dir/ashldi3.c.o.d -o CMakeFiles/clang_rt.builtins-aarch64.dir/ashldi3.c.o -c /llvm-project-21.1.8.src/compiler-rt/lib/builtins/ashldi3.c
#26 6.451 cd /tmp/build-rt-aarch64/lib/builtins && /usr/bin/clang --target=aarch64-unknown-linux-gnu --sysroot=/tmp/musl-sysroot-aarch64 -DHAS_ASM_LSE -DVISIBILITY_HIDDEN -I/llvm-project-21.1.8.src/compiler-rt/lib/builtins/../../../third-party/siphash/include --target=aarch64-unknown-linux-gnu --sysroot=/tmp/musl-sysroot-aarch64 -Wall -Wno-unused-parameter -O3 -DNDEBUG -std=gnu11 -fno-lto -Werror=array-bounds -Werror=uninitialized -Werror=shadow -Werror=empty-body -Werror=sizeof-pointer-memaccess -Werror=sizeof-array-argument -Werror=suspicious-memaccess -Werror=builtin-memcpy-chk-size -Werror=array-bounds-pointer-arithmetic -Werror=return-stack-address -Werror=sizeof-array-decay -Werror=format-insufficient-args -Wformat -nostdinc++ -fno-builtin -fvisibility=hidden -fomit-frame-pointer -DCOMPILER_RT_HAS_FLOAT16 -MD -MT lib/builtins/CMakeFiles/clang_rt.builtins-aarch64.dir/ashrdi3.c.o -MF CMakeFiles/clang_rt.builtins-aarch64.dir/ashrdi3.c.o.d -o CMakeFiles/clang_rt.builtins-aarch64.dir/ashrdi3.c.o -c /llvm-project-21.1.8.src/compiler-rt/lib/builtins/ashrdi3.c
#26 6.451 cd /tmp/build-rt-aarch64/lib/builtins && /usr/bin/clang --target=aarch64-unknown-linux-gnu --sysroot=/tmp/musl-sysroot-aarch64 -DHAS_ASM_LSE -DVISIBILITY_HIDDEN -I/llvm-project-21.1.8.src/compiler-rt/lib/builtins/../../../third-party/siphash/include --target=aarch64-unknown-linux-gnu --sysroot=/tmp/musl-sysroot-aarch64 -Wall -Wno-unused-parameter -O3 -DNDEBUG -std=gnu11 -fno-lto -Werror=array-bounds -Werror=uninitialized -Werror=shadow -Werror=empty-body -Werror=sizeof-pointer-memaccess -Werror=sizeof-array-argument -Werror=suspicious-memaccess -Werror=builtin-memcpy-chk-size -Werror=array-bounds-pointer-arithmetic -Werror=return-stack-address -Werror=sizeof-array-decay -Werror=format-insufficient-args -Wformat -nostdinc++ -fno-builtin -fvisibility=hidden -fomit-frame-pointer -DCOMPILER_RT_HAS_FLOAT16 -MD -MT lib/builtins/CMakeFiles/clang_rt.builtins-aarch64.dir/ashrti3.c.o -MF CMakeFiles/clang_rt.builtins-aarch64.dir/ashrti3.c.o.d -o CMakeFiles/clang_rt.builtins-aarch64.dir/ashrti3.c.o -c /llvm-project-21.1.8.src/compiler-rt/lib/builtins/ashrti3.c
#26 6.452 [ 40%] Building C object lib/builtins/CMakeFiles/clang_rt.builtins-aarch64.dir/bswapdi2.c.o
#26 6.452 [ 40%] Building C object lib/builtins/CMakeFiles/clang_rt.builtins-aarch64.dir/clzdi2.c.o
#26 6.452 [ 41%] Building C object lib/builtins/CMakeFiles/clang_rt.builtins-aarch64.dir/bswapsi2.c.o
#26 6.453 cd /tmp/build-rt-aarch64/lib/builtins && /usr/bin/clang --target=aarch64-unknown-linux-gnu --sysroot=/tmp/musl-sysroot-aarch64 -DHAS_ASM_LSE -DVISIBILITY_HIDDEN -I/llvm-project-21.1.8.src/compiler-rt/lib/builtins/../../../third-party/siphash/include --target=aarch64-unknown-linux-gnu --sysroot=/tmp/musl-sysroot-aarch64 -Wall -Wno-unused-parameter -O3 -DNDEBUG -std=gnu11 -fno-lto -Werror=array-bounds -Werror=uninitialized -Werror=shadow -Werror=empty-body -Werror=sizeof-pointer-memaccess -Werror=sizeof-array-argument -Werror=suspicious-memaccess -Werror=builtin-memcpy-chk-size -Werror=array-bounds-pointer-arithmetic -Werror=return-stack-address -Werror=sizeof-array-decay -Werror=format-insufficient-args -Wformat -nostdinc++ -fno-builtin -fvisibility=hidden -fomit-frame-pointer -DCOMPILER_RT_HAS_FLOAT16 -MD -MT lib/builtins/CMakeFiles/clang_rt.builtins-aarch64.dir/bswapdi2.c.o -MF CMakeFiles/clang_rt.builtins-aarch64.dir/bswapdi2.c.o.d -o CMakeFiles/clang_rt.builtins-aarch64.dir/bswapdi2.c.o -c /llvm-project-21.1.8.src/compiler-rt/lib/builtins/bswapdi2.c
#26 6.453 cd /tmp/build-rt-aarch64/lib/builtins && /usr/bin/clang --target=aarch64-unknown-linux-gnu --sysroot=/tmp/musl-sysroot-aarch64 -DHAS_ASM_LSE -DVISIBILITY_HIDDEN -I/llvm-project-21.1.8.src/compiler-rt/lib/builtins/../../../third-party/siphash/include --target=aarch64-unknown-linux-gnu --sysroot=/tmp/musl-sysroot-aarch64 -Wall -Wno-unused-parameter -O3 -DNDEBUG -std=gnu11 -fno-lto -Werror=array-bounds -Werror=uninitialized -Werror=shadow -Werror=empty-body -Werror=sizeof-pointer-memaccess -Werror=sizeof-array-argument -Werror=suspicious-memaccess -Werror=builtin-memcpy-chk-size -Werror=array-bounds-pointer-arithmetic -Werror=return-stack-address -Werror=sizeof-array-decay -Werror=format-insufficient-args -Wformat -nostdinc++ -fno-builtin -fvisibility=hidden -fomit-frame-pointer -DCOMPILER_RT_HAS_FLOAT16 -MD -MT lib/builtins/CMakeFiles/clang_rt.builtins-aarch64.dir/clzdi2.c.o -MF CMakeFiles/clang_rt.builtins-aarch64.dir/clzdi2.c.o.d -o CMakeFiles/clang_rt.builtins-aarch64.dir/clzdi2.c.o -c /llvm-project-21.1.8.src/compiler-rt/lib/builtins/clzdi2.c
#26 6.453 cd /tmp/build-rt-aarch64/lib/builtins && /usr/bin/clang --target=aarch64-unknown-linux-gnu --sysroot=/tmp/musl-sysroot-aarch64 -DHAS_ASM_LSE -DVISIBILITY_HIDDEN -I/llvm-project-21.1.8.src/compiler-rt/lib/builtins/../../../third-party/siphash/include --target=aarch64-unknown-linux-gnu --sysroot=/tmp/musl-sysroot-aarch64 -Wall -Wno-unused-parameter -O3 -DNDEBUG -std=gnu11 -fno-lto -Werror=array-bounds -Werror=uninitialized -Werror=shadow -Werror=empty-body -Werror=sizeof-pointer-memaccess -Werror=sizeof-array-argument -Werror=suspicious-memaccess -Werror=builtin-memcpy-chk-size -Werror=array-bounds-pointer-arithmetic -Werror=return-stack-address -Werror=sizeof-array-decay -Werror=format-insufficient-args -Wformat -nostdinc++ -fno-builtin -fvisibility=hidden -fomit-frame-pointer -DCOMPILER_RT_HAS_FLOAT16 -MD -MT lib/builtins/CMakeFiles/clang_rt.builtins-aarch64.dir/bswapsi2.c.o -MF CMakeFiles/clang_rt.builtins-aarch64.dir/bswapsi2.c.o.d -o CMakeFiles/clang_rt.builtins-aarch64.dir/bswapsi2.c.o -c /llvm-project-21.1.8.src/compiler-rt/lib/builtins/bswapsi2.c
#26 6.453 [ 41%] Building C object lib/builtins/CMakeFiles/clang_rt.builtins-aarch64.dir/clzsi2.c.o
#26 6.454 [ 41%] Building C object lib/builtins/CMakeFiles/clang_rt.builtins-aarch64.dir/clzti2.c.o
#26 6.454 [ 41%] Building C object lib/builtins/CMakeFiles/clang_rt.builtins-aarch64.dir/cmpdi2.c.o
#26 6.454 [ 41%] Building C object lib/builtins/CMakeFiles/clang_rt.builtins-aarch64.dir/comparesf2.c.o
#26 6.454 cd /tmp/build-rt-aarch64/lib/builtins && /usr/bin/clang --target=aarch64-unknown-linux-gnu --sysroot=/tmp/musl-sysroot-aarch64 -DHAS_ASM_LSE -DVISIBILITY_HIDDEN -I/llvm-project-21.1.8.src/compiler-rt/lib/builtins/../../../third-party/siphash/include --target=aarch64-unknown-linux-gnu --sysroot=/tmp/musl-sysroot-aarch64 -Wall -Wno-unused-parameter -O3 -DNDEBUG -std=gnu11 -fno-lto -Werror=array-bounds -Werror=uninitialized -Werror=shadow -Werror=empty-body -Werror=sizeof-pointer-memaccess -Werror=sizeof-array-argument -Werror=suspicious-memaccess -Werror=builtin-memcpy-chk-size -Werror=array-bounds-pointer-arithmetic -Werror=return-stack-address -Werror=sizeof-array-decay -Werror=format-insufficient-args -Wformat -nostdinc++ -fno-builtin -fvisibility=hidden -fomit-frame-pointer -DCOMPILER_RT_HAS_FLOAT16 -MD -MT lib/builtins/CMakeFiles/clang_rt.builtins-aarch64.dir/clzsi2.c.o -MF CMakeFiles/clang_rt.builtins-aarch64.dir/clzsi2.c.o.d -o CMakeFiles/clang_rt.builtins-aarch64.dir/clzsi2.c.o -c /llvm-project-21.1.8.src/compiler-rt/lib/builtins/clzsi2.c
#26 6.454 [ 42%] Building C object lib/builtins/CMakeFiles/clang_rt.builtins-aarch64.dir/cmpti2.c.o
#26 6.454 cd /tmp/build-rt-aarch64/lib/builtins && /usr/bin/clang --target=aarch64-unknown-linux-gnu --sysroot=/tmp/musl-sysroot-aarch64 -DHAS_ASM_LSE -DVISIBILITY_HIDDEN -I/llvm-project-21.1.8.src/compiler-rt/lib/builtins/../../../third-party/siphash/include --target=aarch64-unknown-linux-gnu --sysroot=/tmp/musl-sysroot-aarch64 -Wall -Wno-unused-parameter -O3 -DNDEBUG -std=gnu11 -fno-lto -Werror=array-bounds -Werror=uninitialized -Werror=shadow -Werror=empty-body -Werror=sizeof-pointer-memaccess -Werror=sizeof-array-argument -Werror=suspicious-memaccess -Werror=builtin-memcpy-chk-size -Werror=array-bounds-pointer-arithmetic -Werror=return-stack-address -Werror=sizeof-array-decay -Werror=format-insufficient-args -Wformat -nostdinc++ -fno-builtin -fvisibility=hidden -fomit-frame-pointer -DCOMPILER_RT_HAS_FLOAT16 -MD -MT lib/builtins/CMakeFiles/clang_rt.builtins-aarch64.dir/clzti2.c.o -MF CMakeFiles/clang_rt.builtins-aarch64.dir/clzti2.c.o.d -o CMakeFiles/clang_rt.builtins-aarch64.dir/clzti2.c.o -c /llvm-project-21.1.8.src/compiler-rt/lib/builtins/clzti2.c
#26 6.454 cd /tmp/build-rt-aarch64/lib/builtins && /usr/bin/clang --target=aarch64-unknown-linux-gnu --sysroot=/tmp/musl-sysroot-aarch64 -DHAS_ASM_LSE -DVISIBILITY_HIDDEN -I/llvm-project-21.1.8.src/compiler-rt/lib/builtins/../../../third-party/siphash/include --target=aarch64-unknown-linux-gnu --sysroot=/tmp/musl-sysroot-aarch64 -Wall -Wno-unused-parameter -O3 -DNDEBUG -std=gnu11 -fno-lto -Werror=array-bounds -Werror=uninitialized -Werror=shadow -Werror=empty-body -Werror=sizeof-pointer-memaccess -Werror=sizeof-array-argument -Werror=suspicious-memaccess -Werror=builtin-memcpy-chk-size -Werror=array-bounds-pointer-arithmetic -Werror=return-stack-address -Werror=sizeof-array-decay -Werror=format-insufficient-args -Wformat -nostdinc++ -fno-builtin -fvisibility=hidden -fomit-frame-pointer -DCOMPILER_RT_HAS_FLOAT16 -MD -MT lib/builtins/CMakeFiles/clang_rt.builtins-aarch64.dir/cmpdi2.c.o -MF CMakeFiles/clang_rt.builtins-aarch64.dir/cmpdi2.c.o.d -o CMakeFiles/clang_rt.builtins-aarch64.dir/cmpdi2.c.o -c /llvm-project-21.1.8.src/compiler-rt/lib/builtins/cmpdi2.c
#26 6.454 [ 43%] Building C object lib/builtins/CMakeFiles/clang_rt.builtins-aarch64.dir/ctzsi2.c.o
#26 6.454 [ 43%] Building C object lib/builtins/CMakeFiles/clang_rt.builtins-aarch64.dir/ctzti2.c.o
#26 6.455 [ 43%] Building C object lib/builtins/CMakeFiles/clang_rt.builtins-aarch64.dir/comparedf2.c.o
#26 6.455 [ 43%] Building C object lib/builtins/CMakeFiles/clang_rt.builtins-aarch64.dir/ctzdi2.c.o
#26 6.455 cd /tmp/build-rt-aarch64/lib/builtins && /usr/bin/clang --target=aarch64-unknown-linux-gnu --sysroot=/tmp/musl-sysroot-aarch64 -DHAS_ASM_LSE -DVISIBILITY_HIDDEN -I/llvm-project-21.1.8.src/compiler-rt/lib/builtins/../../../third-party/siphash/include --target=aarch64-unknown-linux-gnu --sysroot=/tmp/musl-sysroot-aarch64 -Wall -Wno-unused-parameter -O3 -DNDEBUG -std=gnu11 -fno-lto -Werror=array-bounds -Werror=uninitialized -Werror=shadow -Werror=empty-body -Werror=sizeof-pointer-memaccess -Werror=sizeof-array-argument -Werror=suspicious-memaccess -Werror=builtin-memcpy-chk-size -Werror=array-bounds-pointer-arithmetic -Werror=return-stack-address -Werror=sizeof-array-decay -Werror=format-insufficient-args -Wformat -nostdinc++ -fno-builtin -fvisibility=hidden -fomit-frame-pointer -DCOMPILER_RT_HAS_FLOAT16 -MD -MT lib/builtins/CMakeFiles/clang_rt.builtins-aarch64.dir/cmpti2.c.o -MF CMakeFiles/clang_rt.builtins-aarch64.dir/cmpti2.c.o.d -o CMakeFiles/clang_rt.builtins-aarch64.dir/cmpti2.c.o -c /llvm-project-21.1.8.src/compiler-rt/lib/builtins/cmpti2.c
#26 6.455 cd /tmp/build-rt-aarch64/lib/builtins && /usr/bin/clang --target=aarch64-unknown-linux-gnu --sysroot=/tmp/musl-sysroot-aarch64 -DHAS_ASM_LSE -DVISIBILITY_HIDDEN -I/llvm-project-21.1.8.src/compiler-rt/lib/builtins/../../../third-party/siphash/include --target=aarch64-unknown-linux-gnu --sysroot=/tmp/musl-sysroot-aarch64 -Wall -Wno-unused-parameter -O3 -DNDEBUG -std=gnu11 -fno-lto -Werror=array-bounds -Werror=uninitialized -Werror=shadow -Werror=empty-body -Werror=sizeof-pointer-memaccess -Werror=sizeof-array-argument -Werror=suspicious-memaccess -Werror=builtin-memcpy-chk-size -Werror=array-bounds-pointer-arithmetic -Werror=return-stack-address -Werror=sizeof-array-decay -Werror=format-insufficient-args -Wformat -nostdinc++ -fno-builtin -fvisibility=hidden -fomit-frame-pointer -DCOMPILER_RT_HAS_FLOAT16 -MD -MT lib/builtins/CMakeFiles/clang_rt.builtins-aarch64.dir/comparesf2.c.o -MF CMakeFiles/clang_rt.builtins-aarch64.dir/comparesf2.c.o.d -o CMakeFiles/clang_rt.builtins-aarch64.dir/comparesf2.c.o -c /llvm-project-21.1.8.src/compiler-rt/lib/builtins/comparesf2.c
#26 6.455 cd /tmp/build-rt-aarch64/lib/builtins && /usr/bin/clang --target=aarch64-unknown-linux-gnu --sysroot=/tmp/musl-sysroot-aarch64 -DHAS_ASM_LSE -DVISIBILITY_HIDDEN -I/llvm-project-21.1.8.src/compiler-rt/lib/builtins/../../../third-party/siphash/include --target=aarch64-unknown-linux-gnu --sysroot=/tmp/musl-sysroot-aarch64 -Wall -Wno-unused-parameter -O3 -DNDEBUG -std=gnu11 -fno-lto -Werror=array-bounds -Werror=uninitialized -Werror=shadow -Werror=empty-body -Werror=sizeof-pointer-memaccess -Werror=sizeof-array-argument -Werror=suspicious-memaccess -Werror=builtin-memcpy-chk-size -Werror=array-bounds-pointer-arithmetic -Werror=return-stack-address -Werror=sizeof-array-decay -Werror=format-insufficient-args -Wformat -nostdinc++ -fno-builtin -fvisibility=hidden -fomit-frame-pointer -DCOMPILER_RT_HAS_FLOAT16 -MD -MT lib/builtins/CMakeFiles/clang_rt.builtins-aarch64.dir/comparedf2.c.o -MF CMakeFiles/clang_rt.builtins-aarch64.dir/comparedf2.c.o.d -o CMakeFiles/clang_rt.builtins-aarch64.dir/comparedf2.c.o -c /llvm-project-21.1.8.src/compiler-rt/lib/builtins/comparedf2.c
#26 6.455 cd /tmp/build-rt-aarch64/lib/builtins && /usr/bin/clang --target=aarch64-unknown-linux-gnu --sysroot=/tmp/musl-sysroot-aarch64 -DHAS_ASM_LSE -DVISIBILITY_HIDDEN -I/llvm-project-21.1.8.src/compiler-rt/lib/builtins/../../../third-party/siphash/include --target=aarch64-unknown-linux-gnu --sysroot=/tmp/musl-sysroot-aarch64 -Wall -Wno-unused-parameter -O3 -DNDEBUG -std=gnu11 -fno-lto -Werror=array-bounds -Werror=uninitialized -Werror=shadow -Werror=empty-body -Werror=sizeof-pointer-memaccess -Werror=sizeof-array-argument -Werror=suspicious-memaccess -Werror=builtin-memcpy-chk-size -Werror=array-bounds-pointer-arithmetic -Werror=return-stack-address -Werror=sizeof-array-decay -Werror=format-insufficient-args -Wformat -nostdinc++ -fno-builtin -fvisibility=hidden -fomit-frame-pointer -DCOMPILER_RT_HAS_FLOAT16 -MD -MT lib/builtins/CMakeFiles/clang_rt.builtins-aarch64.dir/ctzdi2.c.o -MF CMakeFiles/clang_rt.builtins-aarch64.dir/ctzdi2.c.o.d -o CMakeFiles/clang_rt.builtins-aarch64.dir/ctzdi2.c.o -c /llvm-project-21.1.8.src/compiler-rt/lib/builtins/ctzdi2.c
#26 6.455 [ 43%] Building C object lib/builtins/CMakeFiles/clang_rt.builtins-aarch64.dir/divdf3.c.o
#26 6.455 [ 43%] Building C object lib/builtins/CMakeFiles/clang_rt.builtins-aarch64.dir/divdc3.c.o
#26 6.455 cd /tmp/build-rt-aarch64/lib/builtins && /usr/bin/clang --target=aarch64-unknown-linux-gnu --sysroot=/tmp/musl-sysroot-aarch64 -DHAS_ASM_LSE -DVISIBILITY_HIDDEN -I/llvm-project-21.1.8.src/compiler-rt/lib/builtins/../../../third-party/siphash/include --target=aarch64-unknown-linux-gnu --sysroot=/tmp/musl-sysroot-aarch64 -Wall -Wno-unused-parameter -O3 -DNDEBUG -std=gnu11 -fno-lto -Werror=array-bounds -Werror=uninitialized -Werror=shadow -Werror=empty-body -Werror=sizeof-pointer-memaccess -Werror=sizeof-array-argument -Werror=suspicious-memaccess -Werror=builtin-memcpy-chk-size -Werror=array-bounds-pointer-arithmetic -Werror=return-stack-address -Werror=sizeof-array-decay -Werror=format-insufficient-args -Wformat -nostdinc++ -fno-builtin -fvisibility=hidden -fomit-frame-pointer -DCOMPILER_RT_HAS_FLOAT16 -MD -MT lib/builtins/CMakeFiles/clang_rt.builtins-aarch64.dir/ctzsi2.c.o -MF CMakeFiles/clang_rt.builtins-aarch64.dir/ctzsi2.c.o.d -o CMakeFiles/clang_rt.builtins-aarch64.dir/ctzsi2.c.o -c /llvm-project-21.1.8.src/compiler-rt/lib/builtins/ctzsi2.c
#26 6.456 [ 44%] Building C object lib/builtins/CMakeFiles/clang_rt.builtins-aarch64.dir/divdi3.c.o
#26 6.456 cd /tmp/build-rt-aarch64/lib/builtins && /usr/bin/clang --target=aarch64-unknown-linux-gnu --sysroot=/tmp/musl-sysroot-aarch64 -DHAS_ASM_LSE -DVISIBILITY_HIDDEN -I/llvm-project-21.1.8.src/compiler-rt/lib/builtins/../../../third-party/siphash/include --target=aarch64-unknown-linux-gnu --sysroot=/tmp/musl-sysroot-aarch64 -Wall -Wno-unused-parameter -O3 -DNDEBUG -std=gnu11 -fno-lto -Werror=array-bounds -Werror=uninitialized -Werror=shadow -Werror=empty-body -Werror=sizeof-pointer-memaccess -Werror=sizeof-array-argument -Werror=suspicious-memaccess -Werror=builtin-memcpy-chk-size -Werror=array-bounds-pointer-arithmetic -Werror=return-stack-address -Werror=sizeof-array-decay -Werror=format-insufficient-args -Wformat -nostdinc++ -fno-builtin -fvisibility=hidden -fomit-frame-pointer -DCOMPILER_RT_HAS_FLOAT16 -MD -MT lib/builtins/CMakeFiles/clang_rt.builtins-aarch64.dir/ctzti2.c.o -MF CMakeFiles/clang_rt.builtins-aarch64.dir/ctzti2.c.o.d -o CMakeFiles/clang_rt.builtins-aarch64.dir/ctzti2.c.o -c /llvm-project-21.1.8.src/compiler-rt/lib/builtins/ctzti2.c
#26 6.456 [ 44%] Building C object lib/builtins/CMakeFiles/clang_rt.builtins-aarch64.dir/divmodti4.c.o
#26 6.456 cd /tmp/build-rt-aarch64/lib/builtins && /usr/bin/clang --target=aarch64-unknown-linux-gnu --sysroot=/tmp/musl-sysroot-aarch64 -DHAS_ASM_LSE -DVISIBILITY_HIDDEN -I/llvm-project-21.1.8.src/compiler-rt/lib/builtins/../../../third-party/siphash/include --target=aarch64-unknown-linux-gnu --sysroot=/tmp/musl-sysroot-aarch64 -Wall -Wno-unused-parameter -O3 -DNDEBUG -std=gnu11 -fno-lto -Werror=array-bounds -Werror=uninitialized -Werror=shadow -Werror=empty-body -Werror=sizeof-pointer-memaccess -Werror=sizeof-array-argument -Werror=suspicious-memaccess -Werror=builtin-memcpy-chk-size -Werror=array-bounds-pointer-arithmetic -Werror=return-stack-address -Werror=sizeof-array-decay -Werror=format-insufficient-args -Wformat -nostdinc++ -fno-builtin -fvisibility=hidden -fomit-frame-pointer -DCOMPILER_RT_HAS_FLOAT16 -MD -MT lib/builtins/CMakeFiles/clang_rt.builtins-aarch64.dir/divdf3.c.o -MF CMakeFiles/clang_rt.builtins-aarch64.dir/divdf3.c.o.d -o CMakeFiles/clang_rt.builtins-aarch64.dir/divdf3.c.o -c /llvm-project-21.1.8.src/compiler-rt/lib/builtins/divdf3.c
#26 6.456 [ 44%] Building C object lib/builtins/CMakeFiles/clang_rt.builtins-aarch64.dir/divmoddi4.c.o
#26 6.456 [ 44%] Building C object lib/builtins/CMakeFiles/clang_rt.builtins-aarch64.dir/divmodsi4.c.o
#26 6.456 cd /tmp/build-rt-aarch64/lib/builtins && /usr/bin/clang --target=aarch64-unknown-linux-gnu --sysroot=/tmp/musl-sysroot-aarch64 -DHAS_ASM_LSE -DVISIBILITY_HIDDEN -I/llvm-project-21.1.8.src/compiler-rt/lib/builtins/../../../third-party/siphash/include --target=aarch64-unknown-linux-gnu --sysroot=/tmp/musl-sysroot-aarch64 -Wall -Wno-unused-parameter -O3 -DNDEBUG -std=gnu11 -fno-lto -Werror=array-bounds -Werror=uninitialized -Werror=shadow -Werror=empty-body -Werror=sizeof-pointer-memaccess -Werror=sizeof-array-argument -Werror=suspicious-memaccess -Werror=builtin-memcpy-chk-size -Werror=array-bounds-pointer-arithmetic -Werror=return-stack-address -Werror=sizeof-array-decay -Werror=format-insufficient-args -Wformat -nostdinc++ -fno-builtin -fvisibility=hidden -fomit-frame-pointer -DCOMPILER_RT_HAS_FLOAT16 -MD -MT lib/builtins/CMakeFiles/clang_rt.builtins-aarch64.dir/divdc3.c.o -MF CMakeFiles/clang_rt.builtins-aarch64.dir/divdc3.c.o.d -o CMakeFiles/clang_rt.builtins-aarch64.dir/divdc3.c.o -c /llvm-project-21.1.8.src/compiler-rt/lib/builtins/divdc3.c
#26 6.456 cd /tmp/build-rt-aarch64/lib/builtins && /usr/bin/clang --target=aarch64-unknown-linux-gnu --sysroot=/tmp/musl-sysroot-aarch64 -DHAS_ASM_LSE -DVISIBILITY_HIDDEN -I/llvm-project-21.1.8.src/compiler-rt/lib/builtins/../../../third-party/siphash/include --target=aarch64-unknown-linux-gnu --sysroot=/tmp/musl-sysroot-aarch64 -Wall -Wno-unused-parameter -O3 -DNDEBUG -std=gnu11 -fno-lto -Werror=array-bounds -Werror=uninitialized -Werror=shadow -Werror=empty-body -Werror=sizeof-pointer-memaccess -Werror=sizeof-array-argument -Werror=suspicious-memaccess -Werror=builtin-memcpy-chk-size -Werror=array-bounds-pointer-arithmetic -Werror=return-stack-address -Werror=sizeof-array-decay -Werror=format-insufficient-args -Wformat -nostdinc++ -fno-builtin -fvisibility=hidden -fomit-frame-pointer -DCOMPILER_RT_HAS_FLOAT16 -MD -MT lib/builtins/CMakeFiles/clang_rt.builtins-aarch64.dir/divdi3.c.o -MF CMakeFiles/clang_rt.builtins-aarch64.dir/divdi3.c.o.d -o CMakeFiles/clang_rt.builtins-aarch64.dir/divdi3.c.o -c /llvm-project-21.1.8.src/compiler-rt/lib/builtins/divdi3.c
#26 6.456 [ 45%] Building C object lib/builtins/CMakeFiles/clang_rt.builtins-aarch64.dir/divsc3.c.o
#26 6.456 cd /tmp/build-rt-aarch64/lib/builtins && /usr/bin/clang --target=aarch64-unknown-linux-gnu --sysroot=/tmp/musl-sysroot-aarch64 -DHAS_ASM_LSE -DVISIBILITY_HIDDEN -I/llvm-project-21.1.8.src/compiler-rt/lib/builtins/../../../third-party/siphash/include --target=aarch64-unknown-linux-gnu --sysroot=/tmp/musl-sysroot-aarch64 -Wall -Wno-unused-parameter -O3 -DNDEBUG -std=gnu11 -fno-lto -Werror=array-bounds -Werror=uninitialized -Werror=shadow -Werror=empty-body -Werror=sizeof-pointer-memaccess -Werror=sizeof-array-argument -Werror=suspicious-memaccess -Werror=builtin-memcpy-chk-size -Werror=array-bounds-pointer-arithmetic -Werror=return-stack-address -Werror=sizeof-array-decay -Werror=format-insufficient-args -Wformat -nostdinc++ -fno-builtin -fvisibility=hidden -fomit-frame-pointer -DCOMPILER_RT_HAS_FLOAT16 -MD -MT lib/builtins/CMakeFiles/clang_rt.builtins-aarch64.dir/divmodti4.c.o -MF CMakeFiles/clang_rt.builtins-aarch64.dir/divmodti4.c.o.d -o CMakeFiles/clang_rt.builtins-aarch64.dir/divmodti4.c.o -c /llvm-project-21.1.8.src/compiler-rt/lib/builtins/divmodti4.c
#26 6.457 [ 45%] Building C object lib/builtins/CMakeFiles/clang_rt.builtins-aarch64.dir/divsf3.c.o
#26 6.457 cd /tmp/build-rt-aarch64/lib/builtins && /usr/bin/clang --target=aarch64-unknown-linux-gnu --sysroot=/tmp/musl-sysroot-aarch64 -DHAS_ASM_LSE -DVISIBILITY_HIDDEN -I/llvm-project-21.1.8.src/compiler-rt/lib/builtins/../../../third-party/siphash/include --target=aarch64-unknown-linux-gnu --sysroot=/tmp/musl-sysroot-aarch64 -Wall -Wno-unused-parameter -O3 -DNDEBUG -std=gnu11 -fno-lto -Werror=array-bounds -Werror=uninitialized -Werror=shadow -Werror=empty-body -Werror=sizeof-pointer-memaccess -Werror=sizeof-array-argument -Werror=suspicious-memaccess -Werror=builtin-memcpy-chk-size -Werror=array-bounds-pointer-arithmetic -Werror=return-stack-address -Werror=sizeof-array-decay -Werror=format-insufficient-args -Wformat -nostdinc++ -fno-builtin -fvisibility=hidden -fomit-frame-pointer -DCOMPILER_RT_HAS_FLOAT16 -MD -MT lib/builtins/CMakeFiles/clang_rt.builtins-aarch64.dir/divmoddi4.c.o -MF CMakeFiles/clang_rt.builtins-aarch64.dir/divmoddi4.c.o.d -o CMakeFiles/clang_rt.builtins-aarch64.dir/divmoddi4.c.o -c /llvm-project-21.1.8.src/compiler-rt/lib/builtins/divmoddi4.c
#26 6.457 cd /tmp/build-rt-aarch64/lib/builtins && /usr/bin/clang --target=aarch64-unknown-linux-gnu --sysroot=/tmp/musl-sysroot-aarch64 -DHAS_ASM_LSE -DVISIBILITY_HIDDEN -I/llvm-project-21.1.8.src/compiler-rt/lib/builtins/../../../third-party/siphash/include --target=aarch64-unknown-linux-gnu --sysroot=/tmp/musl-sysroot-aarch64 -Wall -Wno-unused-parameter -O3 -DNDEBUG -std=gnu11 -fno-lto -Werror=array-bounds -Werror=uninitialized -Werror=shadow -Werror=empty-body -Werror=sizeof-pointer-memaccess -Werror=sizeof-array-argument -Werror=suspicious-memaccess -Werror=builtin-memcpy-chk-size -Werror=array-bounds-pointer-arithmetic -Werror=return-stack-address -Werror=sizeof-array-decay -Werror=format-insufficient-args -Wformat -nostdinc++ -fno-builtin -fvisibility=hidden -fomit-frame-pointer -DCOMPILER_RT_HAS_FLOAT16 -MD -MT lib/builtins/CMakeFiles/clang_rt.builtins-aarch64.dir/divmodsi4.c.o -MF CMakeFiles/clang_rt.builtins-aarch64.dir/divmodsi4.c.o.d -o CMakeFiles/clang_rt.builtins-aarch64.dir/divmodsi4.c.o -c /llvm-project-21.1.8.src/compiler-rt/lib/builtins/divmodsi4.c
#26 6.457 cd /tmp/build-rt-aarch64/lib/builtins && /usr/bin/clang --target=aarch64-unknown-linux-gnu --sysroot=/tmp/musl-sysroot-aarch64 -DHAS_ASM_LSE -DVISIBILITY_HIDDEN -I/llvm-project-21.1.8.src/compiler-rt/lib/builtins/../../../third-party/siphash/include --target=aarch64-unknown-linux-gnu --sysroot=/tmp/musl-sysroot-aarch64 -Wall -Wno-unused-parameter -O3 -DNDEBUG -std=gnu11 -fno-lto -Werror=array-bounds -Werror=uninitialized -Werror=shadow -Werror=empty-body -Werror=sizeof-pointer-memaccess -Werror=sizeof-array-argument -Werror=suspicious-memaccess -Werror=builtin-memcpy-chk-size -Werror=array-bounds-pointer-arithmetic -Werror=return-stack-address -Werror=sizeof-array-decay -Werror=format-insufficient-args -Wformat -nostdinc++ -fno-builtin -fvisibility=hidden -fomit-frame-pointer -DCOMPILER_RT_HAS_FLOAT16 -MD -MT lib/builtins/CMakeFiles/clang_rt.builtins-aarch64.dir/divsc3.c.o -MF CMakeFiles/clang_rt.builtins-aarch64.dir/divsc3.c.o.d -o CMakeFiles/clang_rt.builtins-aarch64.dir/divsc3.c.o -c /llvm-project-21.1.8.src/compiler-rt/lib/builtins/divsc3.c
#26 6.457 cd /tmp/build-rt-aarch64/lib/builtins && /usr/bin/clang --target=aarch64-unknown-linux-gnu --sysroot=/tmp/musl-sysroot-aarch64 -DHAS_ASM_LSE -DVISIBILITY_HIDDEN -I/llvm-project-21.1.8.src/compiler-rt/lib/builtins/../../../third-party/siphash/include --target=aarch64-unknown-linux-gnu --sysroot=/tmp/musl-sysroot-aarch64 -Wall -Wno-unused-parameter -O3 -DNDEBUG -std=gnu11 -fno-lto -Werror=array-bounds -Werror=uninitialized -Werror=shadow -Werror=empty-body -Werror=sizeof-pointer-memaccess -Werror=sizeof-array-argument -Werror=suspicious-memaccess -Werror=builtin-memcpy-chk-size -Werror=array-bounds-pointer-arithmetic -Werror=return-stack-address -Werror=sizeof-array-decay -Werror=format-insufficient-args -Wformat -nostdinc++ -fno-builtin -fvisibility=hidden -fomit-frame-pointer -DCOMPILER_RT_HAS_FLOAT16 -MD -MT lib/builtins/CMakeFiles/clang_rt.builtins-aarch64.dir/divsf3.c.o -MF CMakeFiles/clang_rt.builtins-aarch64.dir/divsf3.c.o.d -o CMakeFiles/clang_rt.builtins-aarch64.dir/divsf3.c.o -c /llvm-project-21.1.8.src/compiler-rt/lib/builtins/divsf3.c
#26 6.458 [ 45%] Building C object lib/builtins/CMakeFiles/clang_rt.builtins-aarch64.dir/divsi3.c.o
#26 6.458 [ 45%] Building C object lib/builtins/CMakeFiles/clang_rt.builtins-aarch64.dir/divti3.c.o
#26 6.458 cd /tmp/build-rt-aarch64/lib/builtins && /usr/bin/clang --target=aarch64-unknown-linux-gnu --sysroot=/tmp/musl-sysroot-aarch64 -DHAS_ASM_LSE -DVISIBILITY_HIDDEN -I/llvm-project-21.1.8.src/compiler-rt/lib/builtins/../../../third-party/siphash/include --target=aarch64-unknown-linux-gnu --sysroot=/tmp/musl-sysroot-aarch64 -Wall -Wno-unused-parameter -O3 -DNDEBUG -std=gnu11 -fno-lto -Werror=array-bounds -Werror=uninitialized -Werror=shadow -Werror=empty-body -Werror=sizeof-pointer-memaccess -Werror=sizeof-array-argument -Werror=suspicious-memaccess -Werror=builtin-memcpy-chk-size -Werror=array-bounds-pointer-arithmetic -Werror=return-stack-address -Werror=sizeof-array-decay -Werror=format-insufficient-args -Wformat -nostdinc++ -fno-builtin -fvisibility=hidden -fomit-frame-pointer -DCOMPILER_RT_HAS_FLOAT16 -MD -MT lib/builtins/CMakeFiles/clang_rt.builtins-aarch64.dir/divsi3.c.o -MF CMakeFiles/clang_rt.builtins-aarch64.dir/divsi3.c.o.d -o CMakeFiles/clang_rt.builtins-aarch64.dir/divsi3.c.o -c /llvm-project-21.1.8.src/compiler-rt/lib/builtins/divsi3.c
#26 6.459 [ 46%] Building C object lib/builtins/CMakeFiles/clang_rt.builtins-aarch64.dir/extendsfdf2.c.o
#26 6.459 cd /tmp/build-rt-aarch64/lib/builtins && /usr/bin/clang --target=aarch64-unknown-linux-gnu --sysroot=/tmp/musl-sysroot-aarch64 -DHAS_ASM_LSE -DVISIBILITY_HIDDEN -I/llvm-project-21.1.8.src/compiler-rt/lib/builtins/../../../third-party/siphash/include --target=aarch64-unknown-linux-gnu --sysroot=/tmp/musl-sysroot-aarch64 -Wall -Wno-unused-parameter -O3 -DNDEBUG -std=gnu11 -fno-lto -Werror=array-bounds -Werror=uninitialized -Werror=shadow -Werror=empty-body -Werror=sizeof-pointer-memaccess -Werror=sizeof-array-argument -Werror=suspicious-memaccess -Werror=builtin-memcpy-chk-size -Werror=array-bounds-pointer-arithmetic -Werror=return-stack-address -Werror=sizeof-array-decay -Werror=format-insufficient-args -Wformat -nostdinc++ -fno-builtin -fvisibility=hidden -fomit-frame-pointer -DCOMPILER_RT_HAS_FLOAT16 -MD -MT lib/builtins/CMakeFiles/clang_rt.builtins-aarch64.dir/divti3.c.o -MF CMakeFiles/clang_rt.builtins-aarch64.dir/divti3.c.o.d -o CMakeFiles/clang_rt.builtins-aarch64.dir/divti3.c.o -c /llvm-project-21.1.8.src/compiler-rt/lib/builtins/divti3.c
#26 6.459 cd /tmp/build-rt-aarch64/lib/builtins && /usr/bin/clang --target=aarch64-unknown-linux-gnu --sysroot=/tmp/musl-sysroot-aarch64 -DHAS_ASM_LSE -DVISIBILITY_HIDDEN -I/llvm-project-21.1.8.src/compiler-rt/lib/builtins/../../../third-party/siphash/include --target=aarch64-unknown-linux-gnu --sysroot=/tmp/musl-sysroot-aarch64 -Wall -Wno-unused-parameter -O3 -DNDEBUG -std=gnu11 -fno-lto -Werror=array-bounds -Werror=uninitialized -Werror=shadow -Werror=empty-body -Werror=sizeof-pointer-memaccess -Werror=sizeof-array-argument -Werror=suspicious-memaccess -Werror=builtin-memcpy-chk-size -Werror=array-bounds-pointer-arithmetic -Werror=return-stack-address -Werror=sizeof-array-decay -Werror=format-insufficient-args -Wformat -nostdinc++ -fno-builtin -fvisibility=hidden -fomit-frame-pointer -DCOMPILER_RT_HAS_FLOAT16 -MD -MT lib/builtins/CMakeFiles/clang_rt.builtins-aarch64.dir/extendsfdf2.c.o -MF CMakeFiles/clang_rt.builtins-aarch64.dir/extendsfdf2.c.o.d -o CMakeFiles/clang_rt.builtins-aarch64.dir/extendsfdf2.c.o -c /llvm-project-21.1.8.src/compiler-rt/lib/builtins/extendsfdf2.c
#26 6.460 [ 46%] Building C object lib/builtins/CMakeFiles/clang_rt.builtins-aarch64.dir/extendhfsf2.c.o
#26 6.460 [ 46%] Building C object lib/builtins/CMakeFiles/clang_rt.builtins-aarch64.dir/extendhfdf2.c.o
#26 6.460 cd /tmp/build-rt-aarch64/lib/builtins && /usr/bin/clang --target=aarch64-unknown-linux-gnu --sysroot=/tmp/musl-sysroot-aarch64 -DHAS_ASM_LSE -DVISIBILITY_HIDDEN -I/llvm-project-21.1.8.src/compiler-rt/lib/builtins/../../../third-party/siphash/include --target=aarch64-unknown-linux-gnu --sysroot=/tmp/musl-sysroot-aarch64 -Wall -Wno-unused-parameter -O3 -DNDEBUG -std=gnu11 -fno-lto -Werror=array-bounds -Werror=uninitialized -Werror=shadow -Werror=empty-body -Werror=sizeof-pointer-memaccess -Werror=sizeof-array-argument -Werror=suspicious-memaccess -Werror=builtin-memcpy-chk-size -Werror=array-bounds-pointer-arithmetic -Werror=return-stack-address -Werror=sizeof-array-decay -Werror=format-insufficient-args -Wformat -nostdinc++ -fno-builtin -fvisibility=hidden -fomit-frame-pointer -DCOMPILER_RT_HAS_FLOAT16 -MD -MT lib/builtins/CMakeFiles/clang_rt.builtins-aarch64.dir/extendhfsf2.c.o -MF CMakeFiles/clang_rt.builtins-aarch64.dir/extendhfsf2.c.o.d -o CMakeFiles/clang_rt.builtins-aarch64.dir/extendhfsf2.c.o -c /llvm-project-21.1.8.src/compiler-rt/lib/builtins/extendhfsf2.c
#26 6.461 cd /tmp/build-rt-aarch64/lib/builtins && /usr/bin/clang --target=aarch64-unknown-linux-gnu --sysroot=/tmp/musl-sysroot-aarch64 -DHAS_ASM_LSE -DVISIBILITY_HIDDEN -I/llvm-project-21.1.8.src/compiler-rt/lib/builtins/../../../third-party/siphash/include --target=aarch64-unknown-linux-gnu --sysroot=/tmp/musl-sysroot-aarch64 -Wall -Wno-unused-parameter -O3 -DNDEBUG -std=gnu11 -fno-lto -Werror=array-bounds -Werror=uninitialized -Werror=shadow -Werror=empty-body -Werror=sizeof-pointer-memaccess -Werror=sizeof-array-argument -Werror=suspicious-memaccess -Werror=builtin-memcpy-chk-size -Werror=array-bounds-pointer-arithmetic -Werror=return-stack-address -Werror=sizeof-array-decay -Werror=format-insufficient-args -Wformat -nostdinc++ -fno-builtin -fvisibility=hidden -fomit-frame-pointer -DCOMPILER_RT_HAS_FLOAT16 -MD -MT lib/builtins/CMakeFiles/clang_rt.builtins-aarch64.dir/extendhfdf2.c.o -MF CMakeFiles/clang_rt.builtins-aarch64.dir/extendhfdf2.c.o.d -o CMakeFiles/clang_rt.builtins-aarch64.dir/extendhfdf2.c.o -c /llvm-project-21.1.8.src/compiler-rt/lib/builtins/extendhfdf2.c
#26 6.461 [ 47%] Building C object lib/builtins/CMakeFiles/clang_rt.builtins-aarch64.dir/ffsdi2.c.o
#26 6.461 [ 47%] Building C object lib/builtins/CMakeFiles/clang_rt.builtins-aarch64.dir/ffssi2.c.o
#26 6.462 [ 47%] Building C object lib/builtins/CMakeFiles/clang_rt.builtins-aarch64.dir/fixdfdi.c.o
#26 6.462 [ 47%] Building C object lib/builtins/CMakeFiles/clang_rt.builtins-aarch64.dir/fixdfsi.c.o
#26 6.462 [ 47%] Building C object lib/builtins/CMakeFiles/clang_rt.builtins-aarch64.dir/ffsti2.c.o
#26 6.462 [ 47%] Building C object lib/builtins/CMakeFiles/clang_rt.builtins-aarch64.dir/fixdfti.c.o
#26 6.462 cd /tmp/build-rt-aarch64/lib/builtins && /usr/bin/clang --target=aarch64-unknown-linux-gnu --sysroot=/tmp/musl-sysroot-aarch64 -DHAS_ASM_LSE -DVISIBILITY_HIDDEN -I/llvm-project-21.1.8.src/compiler-rt/lib/builtins/../../../third-party/siphash/include --target=aarch64-unknown-linux-gnu --sysroot=/tmp/musl-sysroot-aarch64 -Wall -Wno-unused-parameter -O3 -DNDEBUG -std=gnu11 -fno-lto -Werror=array-bounds -Werror=uninitialized -Werror=shadow -Werror=empty-body -Werror=sizeof-pointer-memaccess -Werror=sizeof-array-argument -Werror=suspicious-memaccess -Werror=builtin-memcpy-chk-size -Werror=array-bounds-pointer-arithmetic -Werror=return-stack-address -Werror=sizeof-array-decay -Werror=format-insufficient-args -Wformat -nostdinc++ -fno-builtin -fvisibility=hidden -fomit-frame-pointer -DCOMPILER_RT_HAS_FLOAT16 -MD -MT lib/builtins/CMakeFiles/clang_rt.builtins-aarch64.dir/ffsdi2.c.o -MF CMakeFiles/clang_rt.builtins-aarch64.dir/ffsdi2.c.o.d -o CMakeFiles/clang_rt.builtins-aarch64.dir/ffsdi2.c.o -c /llvm-project-21.1.8.src/compiler-rt/lib/builtins/ffsdi2.c
#26 6.462 cd /tmp/build-rt-aarch64/lib/builtins && /usr/bin/clang --target=aarch64-unknown-linux-gnu --sysroot=/tmp/musl-sysroot-aarch64 -DHAS_ASM_LSE -DVISIBILITY_HIDDEN -I/llvm-project-21.1.8.src/compiler-rt/lib/builtins/../../../third-party/siphash/include --target=aarch64-unknown-linux-gnu --sysroot=/tmp/musl-sysroot-aarch64 -Wall -Wno-unused-parameter -O3 -DNDEBUG -std=gnu11 -fno-lto -Werror=array-bounds -Werror=uninitialized -Werror=shadow -Werror=empty-body -Werror=sizeof-pointer-memaccess -Werror=sizeof-array-argument -Werror=suspicious-memaccess -Werror=builtin-memcpy-chk-size -Werror=array-bounds-pointer-arithmetic -Werror=return-stack-address -Werror=sizeof-array-decay -Werror=format-insufficient-args -Wformat -nostdinc++ -fno-builtin -fvisibility=hidden -fomit-frame-pointer -DCOMPILER_RT_HAS_FLOAT16 -MD -MT lib/builtins/CMakeFiles/clang_rt.builtins-aarch64.dir/ffssi2.c.o -MF CMakeFiles/clang_rt.builtins-aarch64.dir/ffssi2.c.o.d -o CMakeFiles/clang_rt.builtins-aarch64.dir/ffssi2.c.o -c /llvm-project-21.1.8.src/compiler-rt/lib/builtins/ffssi2.c
#26 6.462 cd /tmp/build-rt-aarch64/lib/builtins && /usr/bin/clang --target=aarch64-unknown-linux-gnu --sysroot=/tmp/musl-sysroot-aarch64 -DHAS_ASM_LSE -DVISIBILITY_HIDDEN -I/llvm-project-21.1.8.src/compiler-rt/lib/builtins/../../../third-party/siphash/include --target=aarch64-unknown-linux-gnu --sysroot=/tmp/musl-sysroot-aarch64 -Wall -Wno-unused-parameter -O3 -DNDEBUG -std=gnu11 -fno-lto -Werror=array-bounds -Werror=uninitialized -Werror=shadow -Werror=empty-body -Werror=sizeof-pointer-memaccess -Werror=sizeof-array-argument -Werror=suspicious-memaccess -Werror=builtin-memcpy-chk-size -Werror=array-bounds-pointer-arithmetic -Werror=return-stack-address -Werror=sizeof-array-decay -Werror=format-insufficient-args -Wformat -nostdinc++ -fno-builtin -fvisibility=hidden -fomit-frame-pointer -DCOMPILER_RT_HAS_FLOAT16 -MD -MT lib/builtins/CMakeFiles/clang_rt.builtins-aarch64.dir/fixdfdi.c.o -MF CMakeFiles/clang_rt.builtins-aarch64.dir/fixdfdi.c.o.d -o CMakeFiles/clang_rt.builtins-aarch64.dir/fixdfdi.c.o -c /llvm-project-21.1.8.src/compiler-rt/lib/builtins/fixdfdi.c
#26 6.463 cd /tmp/build-rt-aarch64/lib/builtins && /usr/bin/clang --target=aarch64-unknown-linux-gnu --sysroot=/tmp/musl-sysroot-aarch64 -DHAS_ASM_LSE -DVISIBILITY_HIDDEN -I/llvm-project-21.1.8.src/compiler-rt/lib/builtins/../../../third-party/siphash/include --target=aarch64-unknown-linux-gnu --sysroot=/tmp/musl-sysroot-aarch64 -Wall -Wno-unused-parameter -O3 -DNDEBUG -std=gnu11 -fno-lto -Werror=array-bounds -Werror=uninitialized -Werror=shadow -Werror=empty-body -Werror=sizeof-pointer-memaccess -Werror=sizeof-array-argument -Werror=suspicious-memaccess -Werror=builtin-memcpy-chk-size -Werror=array-bounds-pointer-arithmetic -Werror=return-stack-address -Werror=sizeof-array-decay -Werror=format-insufficient-args -Wformat -nostdinc++ -fno-builtin -fvisibility=hidden -fomit-frame-pointer -DCOMPILER_RT_HAS_FLOAT16 -MD -MT lib/builtins/CMakeFiles/clang_rt.builtins-aarch64.dir/fixdfsi.c.o -MF CMakeFiles/clang_rt.builtins-aarch64.dir/fixdfsi.c.o.d -o CMakeFiles/clang_rt.builtins-aarch64.dir/fixdfsi.c.o -c /llvm-project-21.1.8.src/compiler-rt/lib/builtins/fixdfsi.c
#26 6.463 cd /tmp/build-rt-aarch64/lib/builtins && /usr/bin/clang --target=aarch64-unknown-linux-gnu --sysroot=/tmp/musl-sysroot-aarch64 -DHAS_ASM_LSE -DVISIBILITY_HIDDEN -I/llvm-project-21.1.8.src/compiler-rt/lib/builtins/../../../third-party/siphash/include --target=aarch64-unknown-linux-gnu --sysroot=/tmp/musl-sysroot-aarch64 -Wall -Wno-unused-parameter -O3 -DNDEBUG -std=gnu11 -fno-lto -Werror=array-bounds -Werror=uninitialized -Werror=shadow -Werror=empty-body -Werror=sizeof-pointer-memaccess -Werror=sizeof-array-argument -Werror=suspicious-memaccess -Werror=builtin-memcpy-chk-size -Werror=array-bounds-pointer-arithmetic -Werror=return-stack-address -Werror=sizeof-array-decay -Werror=format-insufficient-args -Wformat -nostdinc++ -fno-builtin -fvisibility=hidden -fomit-frame-pointer -DCOMPILER_RT_HAS_FLOAT16 -MD -MT lib/builtins/CMakeFiles/clang_rt.builtins-aarch64.dir/ffsti2.c.o -MF CMakeFiles/clang_rt.builtins-aarch64.dir/ffsti2.c.o.d -o CMakeFiles/clang_rt.builtins-aarch64.dir/ffsti2.c.o -c /llvm-project-21.1.8.src/compiler-rt/lib/builtins/ffsti2.c
#26 6.463 cd /tmp/build-rt-aarch64/lib/builtins && /usr/bin/clang --target=aarch64-unknown-linux-gnu --sysroot=/tmp/musl-sysroot-aarch64 -DHAS_ASM_LSE -DVISIBILITY_HIDDEN -I/llvm-project-21.1.8.src/compiler-rt/lib/builtins/../../../third-party/siphash/include --target=aarch64-unknown-linux-gnu --sysroot=/tmp/musl-sysroot-aarch64 -Wall -Wno-unused-parameter -O3 -DNDEBUG -std=gnu11 -fno-lto -Werror=array-bounds -Werror=uninitialized -Werror=shadow -Werror=empty-body -Werror=sizeof-pointer-memaccess -Werror=sizeof-array-argument -Werror=suspicious-memaccess -Werror=builtin-memcpy-chk-size -Werror=array-bounds-pointer-arithmetic -Werror=return-stack-address -Werror=sizeof-array-decay -Werror=format-insufficient-args -Wformat -nostdinc++ -fno-builtin -fvisibility=hidden -fomit-frame-pointer -DCOMPILER_RT_HAS_FLOAT16 -MD -MT lib/builtins/CMakeFiles/clang_rt.builtins-aarch64.dir/fixdfti.c.o -MF CMakeFiles/clang_rt.builtins-aarch64.dir/fixdfti.c.o.d -o CMakeFiles/clang_rt.builtins-aarch64.dir/fixdfti.c.o -c /llvm-project-21.1.8.src/compiler-rt/lib/builtins/fixdfti.c
#26 6.463 [ 48%] Building C object lib/builtins/CMakeFiles/clang_rt.builtins-aarch64.dir/fixsfsi.c.o
#26 6.463 [ 48%] Building C object lib/builtins/CMakeFiles/clang_rt.builtins-aarch64.dir/fixsfti.c.o
#26 6.464 [ 48%] Building C object lib/builtins/CMakeFiles/clang_rt.builtins-aarch64.dir/fixsfdi.c.o
#26 6.464 cd /tmp/build-rt-aarch64/lib/builtins && /usr/bin/clang --target=aarch64-unknown-linux-gnu --sysroot=/tmp/musl-sysroot-aarch64 -DHAS_ASM_LSE -DVISIBILITY_HIDDEN -I/llvm-project-21.1.8.src/compiler-rt/lib/builtins/../../../third-party/siphash/include --target=aarch64-unknown-linux-gnu --sysroot=/tmp/musl-sysroot-aarch64 -Wall -Wno-unused-parameter -O3 -DNDEBUG -std=gnu11 -fno-lto -Werror=array-bounds -Werror=uninitialized -Werror=shadow -Werror=empty-body -Werror=sizeof-pointer-memaccess -Werror=sizeof-array-argument -Werror=suspicious-memaccess -Werror=builtin-memcpy-chk-size -Werror=array-bounds-pointer-arithmetic -Werror=return-stack-address -Werror=sizeof-array-decay -Werror=format-insufficient-args -Wformat -nostdinc++ -fno-builtin -fvisibility=hidden -fomit-frame-pointer -DCOMPILER_RT_HAS_FLOAT16 -MD -MT lib/builtins/CMakeFiles/clang_rt.builtins-aarch64.dir/fixsfsi.c.o -MF CMakeFiles/clang_rt.builtins-aarch64.dir/fixsfsi.c.o.d -o CMakeFiles/clang_rt.builtins-aarch64.dir/fixsfsi.c.o -c /llvm-project-21.1.8.src/compiler-rt/lib/builtins/fixsfsi.c
#26 6.464 [ 48%] Building C object lib/builtins/CMakeFiles/clang_rt.builtins-aarch64.dir/fixunssfdi.c.o
#26 6.464 [ 49%] Building C object lib/builtins/CMakeFiles/clang_rt.builtins-aarch64.dir/fixunsdfsi.c.o
#26 6.464 [ 49%] Building C object lib/builtins/CMakeFiles/clang_rt.builtins-aarch64.dir/fixunsdfdi.c.o
#26 6.464 cd /tmp/build-rt-aarch64/lib/builtins && /usr/bin/clang --target=aarch64-unknown-linux-gnu --sysroot=/tmp/musl-sysroot-aarch64 -DHAS_ASM_LSE -DVISIBILITY_HIDDEN -I/llvm-project-21.1.8.src/compiler-rt/lib/builtins/../../../third-party/siphash/include --target=aarch64-unknown-linux-gnu --sysroot=/tmp/musl-sysroot-aarch64 -Wall -Wno-unused-parameter -O3 -DNDEBUG -std=gnu11 -fno-lto -Werror=array-bounds -Werror=uninitialized -Werror=shadow -Werror=empty-body -Werror=sizeof-pointer-memaccess -Werror=sizeof-array-argument -Werror=suspicious-memaccess -Werror=builtin-memcpy-chk-size -Werror=array-bounds-pointer-arithmetic -Werror=return-stack-address -Werror=sizeof-array-decay -Werror=format-insufficient-args -Wformat -nostdinc++ -fno-builtin -fvisibility=hidden -fomit-frame-pointer -DCOMPILER_RT_HAS_FLOAT16 -MD -MT lib/builtins/CMakeFiles/clang_rt.builtins-aarch64.dir/fixsfdi.c.o -MF CMakeFiles/clang_rt.builtins-aarch64.dir/fixsfdi.c.o.d -o CMakeFiles/clang_rt.builtins-aarch64.dir/fixsfdi.c.o -c /llvm-project-21.1.8.src/compiler-rt/lib/builtins/fixsfdi.c
#26 6.464 cd /tmp/build-rt-aarch64/lib/builtins && /usr/bin/clang --target=aarch64-unknown-linux-gnu --sysroot=/tmp/musl-sysroot-aarch64 -DHAS_ASM_LSE -DVISIBILITY_HIDDEN -I/llvm-project-21.1.8.src/compiler-rt/lib/builtins/../../../third-party/siphash/include --target=aarch64-unknown-linux-gnu --sysroot=/tmp/musl-sysroot-aarch64 -Wall -Wno-unused-parameter -O3 -DNDEBUG -std=gnu11 -fno-lto -Werror=array-bounds -Werror=uninitialized -Werror=shadow -Werror=empty-body -Werror=sizeof-pointer-memaccess -Werror=sizeof-array-argument -Werror=suspicious-memaccess -Werror=builtin-memcpy-chk-size -Werror=array-bounds-pointer-arithmetic -Werror=return-stack-address -Werror=sizeof-array-decay -Werror=format-insufficient-args -Wformat -nostdinc++ -fno-builtin -fvisibility=hidden -fomit-frame-pointer -DCOMPILER_RT_HAS_FLOAT16 -MD -MT lib/builtins/CMakeFiles/clang_rt.builtins-aarch64.dir/fixsfti.c.o -MF CMakeFiles/clang_rt.builtins-aarch64.dir/fixsfti.c.o.d -o CMakeFiles/clang_rt.builtins-aarch64.dir/fixsfti.c.o -c /llvm-project-21.1.8.src/compiler-rt/lib/builtins/fixsfti.c
#26 6.464 [ 49%] Building C object lib/builtins/CMakeFiles/clang_rt.builtins-aarch64.dir/fixunsdfti.c.o
#26 6.464 cd /tmp/build-rt-aarch64/lib/builtins && /usr/bin/clang --target=aarch64-unknown-linux-gnu --sysroot=/tmp/musl-sysroot-aarch64 -DHAS_ASM_LSE -DVISIBILITY_HIDDEN -I/llvm-project-21.1.8.src/compiler-rt/lib/builtins/../../../third-party/siphash/include --target=aarch64-unknown-linux-gnu --sysroot=/tmp/musl-sysroot-aarch64 -Wall -Wno-unused-parameter -O3 -DNDEBUG -std=gnu11 -fno-lto -Werror=array-bounds -Werror=uninitialized -Werror=shadow -Werror=empty-body -Werror=sizeof-pointer-memaccess -Werror=sizeof-array-argument -Werror=suspicious-memaccess -Werror=builtin-memcpy-chk-size -Werror=array-bounds-pointer-arithmetic -Werror=return-stack-address -Werror=sizeof-array-decay -Werror=format-insufficient-args -Wformat -nostdinc++ -fno-builtin -fvisibility=hidden -fomit-frame-pointer -DCOMPILER_RT_HAS_FLOAT16 -MD -MT lib/builtins/CMakeFiles/clang_rt.builtins-aarch64.dir/fixunssfdi.c.o -MF CMakeFiles/clang_rt.builtins-aarch64.dir/fixunssfdi.c.o.d -o CMakeFiles/clang_rt.builtins-aarch64.dir/fixunssfdi.c.o -c /llvm-project-21.1.8.src/compiler-rt/lib/builtins/fixunssfdi.c
#26 6.465 cd /tmp/build-rt-aarch64/lib/builtins && /usr/bin/clang --target=aarch64-unknown-linux-gnu --sysroot=/tmp/musl-sysroot-aarch64 -DHAS_ASM_LSE -DVISIBILITY_HIDDEN -I/llvm-project-21.1.8.src/compiler-rt/lib/builtins/../../../third-party/siphash/include --target=aarch64-unknown-linux-gnu --sysroot=/tmp/musl-sysroot-aarch64 -Wall -Wno-unused-parameter -O3 -DNDEBUG -std=gnu11 -fno-lto -Werror=array-bounds -Werror=uninitialized -Werror=shadow -Werror=empty-body -Werror=sizeof-pointer-memaccess -Werror=sizeof-array-argument -Werror=suspicious-memaccess -Werror=builtin-memcpy-chk-size -Werror=array-bounds-pointer-arithmetic -Werror=return-stack-address -Werror=sizeof-array-decay -Werror=format-insufficient-args -Wformat -nostdinc++ -fno-builtin -fvisibility=hidden -fomit-frame-pointer -DCOMPILER_RT_HAS_FLOAT16 -MD -MT lib/builtins/CMakeFiles/clang_rt.builtins-aarch64.dir/fixunsdfdi.c.o -MF CMakeFiles/clang_rt.builtins-aarch64.dir/fixunsdfdi.c.o.d -o CMakeFiles/clang_rt.builtins-aarch64.dir/fixunsdfdi.c.o -c /llvm-project-21.1.8.src/compiler-rt/lib/builtins/fixunsdfdi.c
#26 6.465 [ 49%] Building C object lib/builtins/CMakeFiles/clang_rt.builtins-aarch64.dir/fixunssfsi.c.o
#26 6.465 cd /tmp/build-rt-aarch64/lib/builtins && /usr/bin/clang --target=aarch64-unknown-linux-gnu --sysroot=/tmp/musl-sysroot-aarch64 -DHAS_ASM_LSE -DVISIBILITY_HIDDEN -I/llvm-project-21.1.8.src/compiler-rt/lib/builtins/../../../third-party/siphash/include --target=aarch64-unknown-linux-gnu --sysroot=/tmp/musl-sysroot-aarch64 -Wall -Wno-unused-parameter -O3 -DNDEBUG -std=gnu11 -fno-lto -Werror=array-bounds -Werror=uninitialized -Werror=shadow -Werror=empty-body -Werror=sizeof-pointer-memaccess -Werror=sizeof-array-argument -Werror=suspicious-memaccess -Werror=builtin-memcpy-chk-size -Werror=array-bounds-pointer-arithmetic -Werror=return-stack-address -Werror=sizeof-array-decay -Werror=format-insufficient-args -Wformat -nostdinc++ -fno-builtin -fvisibility=hidden -fomit-frame-pointer -DCOMPILER_RT_HAS_FLOAT16 -MD -MT lib/builtins/CMakeFiles/clang_rt.builtins-aarch64.dir/fixunsdfsi.c.o -MF CMakeFiles/clang_rt.builtins-aarch64.dir/fixunsdfsi.c.o.d -o CMakeFiles/clang_rt.builtins-aarch64.dir/fixunsdfsi.c.o -c /llvm-project-21.1.8.src/compiler-rt/lib/builtins/fixunsdfsi.c
#26 6.465 cd /tmp/build-rt-aarch64/lib/builtins && /usr/bin/clang --target=aarch64-unknown-linux-gnu --sysroot=/tmp/musl-sysroot-aarch64 -DHAS_ASM_LSE -DVISIBILITY_HIDDEN -I/llvm-project-21.1.8.src/compiler-rt/lib/builtins/../../../third-party/siphash/include --target=aarch64-unknown-linux-gnu --sysroot=/tmp/musl-sysroot-aarch64 -Wall -Wno-unused-parameter -O3 -DNDEBUG -std=gnu11 -fno-lto -Werror=array-bounds -Werror=uninitialized -Werror=shadow -Werror=empty-body -Werror=sizeof-pointer-memaccess -Werror=sizeof-array-argument -Werror=suspicious-memaccess -Werror=builtin-memcpy-chk-size -Werror=array-bounds-pointer-arithmetic -Werror=return-stack-address -Werror=sizeof-array-decay -Werror=format-insufficient-args -Wformat -nostdinc++ -fno-builtin -fvisibility=hidden -fomit-frame-pointer -DCOMPILER_RT_HAS_FLOAT16 -MD -MT lib/builtins/CMakeFiles/clang_rt.builtins-aarch64.dir/fixunsdfti.c.o -MF CMakeFiles/clang_rt.builtins-aarch64.dir/fixunsdfti.c.o.d -o CMakeFiles/clang_rt.builtins-aarch64.dir/fixunsdfti.c.o -c /llvm-project-21.1.8.src/compiler-rt/lib/builtins/fixunsdfti.c
#26 6.466 [ 49%] Building C object lib/builtins/CMakeFiles/clang_rt.builtins-aarch64.dir/floatdidf.c.o
#26 6.466 cd /tmp/build-rt-aarch64/lib/builtins && /usr/bin/clang --target=aarch64-unknown-linux-gnu --sysroot=/tmp/musl-sysroot-aarch64 -DHAS_ASM_LSE -DVISIBILITY_HIDDEN -I/llvm-project-21.1.8.src/compiler-rt/lib/builtins/../../../third-party/siphash/include --target=aarch64-unknown-linux-gnu --sysroot=/tmp/musl-sysroot-aarch64 -Wall -Wno-unused-parameter -O3 -DNDEBUG -std=gnu11 -fno-lto -Werror=array-bounds -Werror=uninitialized -Werror=shadow -Werror=empty-body -Werror=sizeof-pointer-memaccess -Werror=sizeof-array-argument -Werror=suspicious-memaccess -Werror=builtin-memcpy-chk-size -Werror=array-bounds-pointer-arithmetic -Werror=return-stack-address -Werror=sizeof-array-decay -Werror=format-insufficient-args -Wformat -nostdinc++ -fno-builtin -fvisibility=hidden -fomit-frame-pointer -DCOMPILER_RT_HAS_FLOAT16 -MD -MT lib/builtins/CMakeFiles/clang_rt.builtins-aarch64.dir/fixunssfsi.c.o -MF CMakeFiles/clang_rt.builtins-aarch64.dir/fixunssfsi.c.o.d -o CMakeFiles/clang_rt.builtins-aarch64.dir/fixunssfsi.c.o -c /llvm-project-21.1.8.src/compiler-rt/lib/builtins/fixunssfsi.c
#26 6.466 [ 50%] Building C object lib/builtins/CMakeFiles/clang_rt.builtins-aarch64.dir/fixunssfti.c.o
#26 6.467 cd /tmp/build-rt-aarch64/lib/builtins && /usr/bin/clang --target=aarch64-unknown-linux-gnu --sysroot=/tmp/musl-sysroot-aarch64 -DHAS_ASM_LSE -DVISIBILITY_HIDDEN -I/llvm-project-21.1.8.src/compiler-rt/lib/builtins/../../../third-party/siphash/include --target=aarch64-unknown-linux-gnu --sysroot=/tmp/musl-sysroot-aarch64 -Wall -Wno-unused-parameter -O3 -DNDEBUG -std=gnu11 -fno-lto -Werror=array-bounds -Werror=uninitialized -Werror=shadow -Werror=empty-body -Werror=sizeof-pointer-memaccess -Werror=sizeof-array-argument -Werror=suspicious-memaccess -Werror=builtin-memcpy-chk-size -Werror=array-bounds-pointer-arithmetic -Werror=return-stack-address -Werror=sizeof-array-decay -Werror=format-insufficient-args -Wformat -nostdinc++ -fno-builtin -fvisibility=hidden -fomit-frame-pointer -DCOMPILER_RT_HAS_FLOAT16 -MD -MT lib/builtins/CMakeFiles/clang_rt.builtins-aarch64.dir/floatdidf.c.o -MF CMakeFiles/clang_rt.builtins-aarch64.dir/floatdidf.c.o.d -o CMakeFiles/clang_rt.builtins-aarch64.dir/floatdidf.c.o -c /llvm-project-21.1.8.src/compiler-rt/lib/builtins/floatdidf.c
#26 6.467 cd /tmp/build-rt-aarch64/lib/builtins && /usr/bin/clang --target=aarch64-unknown-linux-gnu --sysroot=/tmp/musl-sysroot-aarch64 -DHAS_ASM_LSE -DVISIBILITY_HIDDEN -I/llvm-project-21.1.8.src/compiler-rt/lib/builtins/../../../third-party/siphash/include --target=aarch64-unknown-linux-gnu --sysroot=/tmp/musl-sysroot-aarch64 -Wall -Wno-unused-parameter -O3 -DNDEBUG -std=gnu11 -fno-lto -Werror=array-bounds -Werror=uninitialized -Werror=shadow -Werror=empty-body -Werror=sizeof-pointer-memaccess -Werror=sizeof-array-argument -Werror=suspicious-memaccess -Werror=builtin-memcpy-chk-size -Werror=array-bounds-pointer-arithmetic -Werror=return-stack-address -Werror=sizeof-array-decay -Werror=format-insufficient-args -Wformat -nostdinc++ -fno-builtin -fvisibility=hidden -fomit-frame-pointer -DCOMPILER_RT_HAS_FLOAT16 -MD -MT lib/builtins/CMakeFiles/clang_rt.builtins-aarch64.dir/fixunssfti.c.o -MF CMakeFiles/clang_rt.builtins-aarch64.dir/fixunssfti.c.o.d -o CMakeFiles/clang_rt.builtins-aarch64.dir/fixunssfti.c.o -c /llvm-project-21.1.8.src/compiler-rt/lib/builtins/fixunssfti.c
#26 6.467 [ 50%] Building C object lib/builtins/CMakeFiles/clang_rt.builtins-aarch64.dir/floatdisf.c.o
#26 6.468 cd /tmp/build-rt-aarch64/lib/builtins && /usr/bin/clang --target=aarch64-unknown-linux-gnu --sysroot=/tmp/musl-sysroot-aarch64 -DHAS_ASM_LSE -DVISIBILITY_HIDDEN -I/llvm-project-21.1.8.src/compiler-rt/lib/builtins/../../../third-party/siphash/include --target=aarch64-unknown-linux-gnu --sysroot=/tmp/musl-sysroot-aarch64 -Wall -Wno-unused-parameter -O3 -DNDEBUG -std=gnu11 -fno-lto -Werror=array-bounds -Werror=uninitialized -Werror=shadow -Werror=empty-body -Werror=sizeof-pointer-memaccess -Werror=sizeof-array-argument -Werror=suspicious-memaccess -Werror=builtin-memcpy-chk-size -Werror=array-bounds-pointer-arithmetic -Werror=return-stack-address -Werror=sizeof-array-decay -Werror=format-insufficient-args -Wformat -nostdinc++ -fno-builtin -fvisibility=hidden -fomit-frame-pointer -DCOMPILER_RT_HAS_FLOAT16 -MD -MT lib/builtins/CMakeFiles/clang_rt.builtins-aarch64.dir/floatdisf.c.o -MF CMakeFiles/clang_rt.builtins-aarch64.dir/floatdisf.c.o.d -o CMakeFiles/clang_rt.builtins-aarch64.dir/floatdisf.c.o -c /llvm-project-21.1.8.src/compiler-rt/lib/builtins/floatdisf.c
#26 6.469 [ 51%] Building C object lib/builtins/CMakeFiles/clang_rt.builtins-aarch64.dir/floatsisf.c.o
#26 6.470 [ 51%] Building C object lib/builtins/CMakeFiles/clang_rt.builtins-aarch64.dir/floatsidf.c.o
#26 6.470 [ 51%] Building C object lib/builtins/CMakeFiles/clang_rt.builtins-aarch64.dir/floattidf.c.o
#26 6.470 cd /tmp/build-rt-aarch64/lib/builtins && /usr/bin/clang --target=aarch64-unknown-linux-gnu --sysroot=/tmp/musl-sysroot-aarch64 -DHAS_ASM_LSE -DVISIBILITY_HIDDEN -I/llvm-project-21.1.8.src/compiler-rt/lib/builtins/../../../third-party/siphash/include --target=aarch64-unknown-linux-gnu --sysroot=/tmp/musl-sysroot-aarch64 -Wall -Wno-unused-parameter -O3 -DNDEBUG -std=gnu11 -fno-lto -Werror=array-bounds -Werror=uninitialized -Werror=shadow -Werror=empty-body -Werror=sizeof-pointer-memaccess -Werror=sizeof-array-argument -Werror=suspicious-memaccess -Werror=builtin-memcpy-chk-size -Werror=array-bounds-pointer-arithmetic -Werror=return-stack-address -Werror=sizeof-array-decay -Werror=format-insufficient-args -Wformat -nostdinc++ -fno-builtin -fvisibility=hidden -fomit-frame-pointer -DCOMPILER_RT_HAS_FLOAT16 -MD -MT lib/builtins/CMakeFiles/clang_rt.builtins-aarch64.dir/floatsisf.c.o -MF CMakeFiles/clang_rt.builtins-aarch64.dir/floatsisf.c.o.d -o CMakeFiles/clang_rt.builtins-aarch64.dir/floatsisf.c.o -c /llvm-project-21.1.8.src/compiler-rt/lib/builtins/floatsisf.c
#26 6.470 [ 51%] Building C object lib/builtins/CMakeFiles/clang_rt.builtins-aarch64.dir/floattisf.c.o
#26 6.471 [ 52%] Building C object lib/builtins/CMakeFiles/clang_rt.builtins-aarch64.dir/floatundisf.c.o
#26 6.471 cd /tmp/build-rt-aarch64/lib/builtins && /usr/bin/clang --target=aarch64-unknown-linux-gnu --sysroot=/tmp/musl-sysroot-aarch64 -DHAS_ASM_LSE -DVISIBILITY_HIDDEN -I/llvm-project-21.1.8.src/compiler-rt/lib/builtins/../../../third-party/siphash/include --target=aarch64-unknown-linux-gnu --sysroot=/tmp/musl-sysroot-aarch64 -Wall -Wno-unused-parameter -O3 -DNDEBUG -std=gnu11 -fno-lto -Werror=array-bounds -Werror=uninitialized -Werror=shadow -Werror=empty-body -Werror=sizeof-pointer-memaccess -Werror=sizeof-array-argument -Werror=suspicious-memaccess -Werror=builtin-memcpy-chk-size -Werror=array-bounds-pointer-arithmetic -Werror=return-stack-address -Werror=sizeof-array-decay -Werror=format-insufficient-args -Wformat -nostdinc++ -fno-builtin -fvisibility=hidden -fomit-frame-pointer -DCOMPILER_RT_HAS_FLOAT16 -MD -MT lib/builtins/CMakeFiles/clang_rt.builtins-aarch64.dir/floatsidf.c.o -MF CMakeFiles/clang_rt.builtins-aarch64.dir/floatsidf.c.o.d -o CMakeFiles/clang_rt.builtins-aarch64.dir/floatsidf.c.o -c /llvm-project-21.1.8.src/compiler-rt/lib/builtins/floatsidf.c
#26 6.471 [ 52%] Building C object lib/builtins/CMakeFiles/clang_rt.builtins-aarch64.dir/floatunsidf.c.o
#26 6.471 cd /tmp/build-rt-aarch64/lib/builtins && /usr/bin/clang --target=aarch64-unknown-linux-gnu --sysroot=/tmp/musl-sysroot-aarch64 -DHAS_ASM_LSE -DVISIBILITY_HIDDEN -I/llvm-project-21.1.8.src/compiler-rt/lib/builtins/../../../third-party/siphash/include --target=aarch64-unknown-linux-gnu --sysroot=/tmp/musl-sysroot-aarch64 -Wall -Wno-unused-parameter -O3 -DNDEBUG -std=gnu11 -fno-lto -Werror=array-bounds -Werror=uninitialized -Werror=shadow -Werror=empty-body -Werror=sizeof-pointer-memaccess -Werror=sizeof-array-argument -Werror=suspicious-memaccess -Werror=builtin-memcpy-chk-size -Werror=array-bounds-pointer-arithmetic -Werror=return-stack-address -Werror=sizeof-array-decay -Werror=format-insufficient-args -Wformat -nostdinc++ -fno-builtin -fvisibility=hidden -fomit-frame-pointer -DCOMPILER_RT_HAS_FLOAT16 -MD -MT lib/builtins/CMakeFiles/clang_rt.builtins-aarch64.dir/floattidf.c.o -MF CMakeFiles/clang_rt.builtins-aarch64.dir/floattidf.c.o.d -o CMakeFiles/clang_rt.builtins-aarch64.dir/floattidf.c.o -c /llvm-project-21.1.8.src/compiler-rt/lib/builtins/floattidf.c
#26 6.471 [ 52%] Building C object lib/builtins/CMakeFiles/clang_rt.builtins-aarch64.dir/floatundidf.c.o
#26 6.471 [ 52%] Building C object lib/builtins/CMakeFiles/clang_rt.builtins-aarch64.dir/floatunsisf.c.o
#26 6.472 cd /tmp/build-rt-aarch64/lib/builtins && /usr/bin/clang --target=aarch64-unknown-linux-gnu --sysroot=/tmp/musl-sysroot-aarch64 -DHAS_ASM_LSE -DVISIBILITY_HIDDEN -I/llvm-project-21.1.8.src/compiler-rt/lib/builtins/../../../third-party/siphash/include --target=aarch64-unknown-linux-gnu --sysroot=/tmp/musl-sysroot-aarch64 -Wall -Wno-unused-parameter -O3 -DNDEBUG -std=gnu11 -fno-lto -Werror=array-bounds -Werror=uninitialized -Werror=shadow -Werror=empty-body -Werror=sizeof-pointer-memaccess -Werror=sizeof-array-argument -Werror=suspicious-memaccess -Werror=builtin-memcpy-chk-size -Werror=array-bounds-pointer-arithmetic -Werror=return-stack-address -Werror=sizeof-array-decay -Werror=format-insufficient-args -Wformat -nostdinc++ -fno-builtin -fvisibility=hidden -fomit-frame-pointer -DCOMPILER_RT_HAS_FLOAT16 -MD -MT lib/builtins/CMakeFiles/clang_rt.builtins-aarch64.dir/floattisf.c.o -MF CMakeFiles/clang_rt.builtins-aarch64.dir/floattisf.c.o.d -o CMakeFiles/clang_rt.builtins-aarch64.dir/floattisf.c.o -c /llvm-project-21.1.8.src/compiler-rt/lib/builtins/floattisf.c
#26 6.472 cd /tmp/build-rt-aarch64/lib/builtins && /usr/bin/clang --target=aarch64-unknown-linux-gnu --sysroot=/tmp/musl-sysroot-aarch64 -DHAS_ASM_LSE -DVISIBILITY_HIDDEN -I/llvm-project-21.1.8.src/compiler-rt/lib/builtins/../../../third-party/siphash/include --target=aarch64-unknown-linux-gnu --sysroot=/tmp/musl-sysroot-aarch64 -Wall -Wno-unused-parameter -O3 -DNDEBUG -std=gnu11 -fno-lto -Werror=array-bounds -Werror=uninitialized -Werror=shadow -Werror=empty-body -Werror=sizeof-pointer-memaccess -Werror=sizeof-array-argument -Werror=suspicious-memaccess -Werror=builtin-memcpy-chk-size -Werror=array-bounds-pointer-arithmetic -Werror=return-stack-address -Werror=sizeof-array-decay -Werror=format-insufficient-args -Wformat -nostdinc++ -fno-builtin -fvisibility=hidden -fomit-frame-pointer -DCOMPILER_RT_HAS_FLOAT16 -MD -MT lib/builtins/CMakeFiles/clang_rt.builtins-aarch64.dir/floatundisf.c.o -MF CMakeFiles/clang_rt.builtins-aarch64.dir/floatundisf.c.o.d -o CMakeFiles/clang_rt.builtins-aarch64.dir/floatundisf.c.o -c /llvm-project-21.1.8.src/compiler-rt/lib/builtins/floatundisf.c
#26 6.472 [ 52%] Building C object lib/builtins/CMakeFiles/clang_rt.builtins-aarch64.dir/int_util.c.o
#26 6.472 [ 53%] Building C object lib/builtins/CMakeFiles/clang_rt.builtins-aarch64.dir/floatuntidf.c.o
#26 6.472 [ 53%] Building C object lib/builtins/CMakeFiles/clang_rt.builtins-aarch64.dir/floatuntisf.c.o
#26 6.472 cd /tmp/build-rt-aarch64/lib/builtins && /usr/bin/clang --target=aarch64-unknown-linux-gnu --sysroot=/tmp/musl-sysroot-aarch64 -DHAS_ASM_LSE -DVISIBILITY_HIDDEN -I/llvm-project-21.1.8.src/compiler-rt/lib/builtins/../../../third-party/siphash/include --target=aarch64-unknown-linux-gnu --sysroot=/tmp/musl-sysroot-aarch64 -Wall -Wno-unused-parameter -O3 -DNDEBUG -std=gnu11 -fno-lto -Werror=array-bounds -Werror=uninitialized -Werror=shadow -Werror=empty-body -Werror=sizeof-pointer-memaccess -Werror=sizeof-array-argument -Werror=suspicious-memaccess -Werror=builtin-memcpy-chk-size -Werror=array-bounds-pointer-arithmetic -Werror=return-stack-address -Werror=sizeof-array-decay -Werror=format-insufficient-args -Wformat -nostdinc++ -fno-builtin -fvisibility=hidden -fomit-frame-pointer -DCOMPILER_RT_HAS_FLOAT16 -MD -MT lib/builtins/CMakeFiles/clang_rt.builtins-aarch64.dir/floatunsidf.c.o -MF CMakeFiles/clang_rt.builtins-aarch64.dir/floatunsidf.c.o.d -o CMakeFiles/clang_rt.builtins-aarch64.dir/floatunsidf.c.o -c /llvm-project-21.1.8.src/compiler-rt/lib/builtins/floatunsidf.c
#26 6.473 [ 53%] Building C object lib/builtins/CMakeFiles/clang_rt.builtins-aarch64.dir/lshrdi3.c.o
#26 6.473 cd /tmp/build-rt-aarch64/lib/builtins && /usr/bin/clang --target=aarch64-unknown-linux-gnu --sysroot=/tmp/musl-sysroot-aarch64 -DHAS_ASM_LSE -DVISIBILITY_HIDDEN -I/llvm-project-21.1.8.src/compiler-rt/lib/builtins/../../../third-party/siphash/include --target=aarch64-unknown-linux-gnu --sysroot=/tmp/musl-sysroot-aarch64 -Wall -Wno-unused-parameter -O3 -DNDEBUG -std=gnu11 -fno-lto -Werror=array-bounds -Werror=uninitialized -Werror=shadow -Werror=empty-body -Werror=sizeof-pointer-memaccess -Werror=sizeof-array-argument -Werror=suspicious-memaccess -Werror=builtin-memcpy-chk-size -Werror=array-bounds-pointer-arithmetic -Werror=return-stack-address -Werror=sizeof-array-decay -Werror=format-insufficient-args -Wformat -nostdinc++ -fno-builtin -fvisibility=hidden -fomit-frame-pointer -DCOMPILER_RT_HAS_FLOAT16 -MD -MT lib/builtins/CMakeFiles/clang_rt.builtins-aarch64.dir/floatundidf.c.o -MF CMakeFiles/clang_rt.builtins-aarch64.dir/floatundidf.c.o.d -o CMakeFiles/clang_rt.builtins-aarch64.dir/floatundidf.c.o -c /llvm-project-21.1.8.src/compiler-rt/lib/builtins/floatundidf.c
#26 6.473 [ 53%] Building C object lib/builtins/CMakeFiles/clang_rt.builtins-aarch64.dir/modsi3.c.o
#26 6.473 cd /tmp/build-rt-aarch64/lib/builtins && /usr/bin/clang --target=aarch64-unknown-linux-gnu --sysroot=/tmp/musl-sysroot-aarch64 -DHAS_ASM_LSE -DVISIBILITY_HIDDEN -I/llvm-project-21.1.8.src/compiler-rt/lib/builtins/../../../third-party/siphash/include --target=aarch64-unknown-linux-gnu --sysroot=/tmp/musl-sysroot-aarch64 -Wall -Wno-unused-parameter -O3 -DNDEBUG -std=gnu11 -fno-lto -Werror=array-bounds -Werror=uninitialized -Werror=shadow -Werror=empty-body -Werror=sizeof-pointer-memaccess -Werror=sizeof-array-argument -Werror=suspicious-memaccess -Werror=builtin-memcpy-chk-size -Werror=array-bounds-pointer-arithmetic -Werror=return-stack-address -Werror=sizeof-array-decay -Werror=format-insufficient-args -Wformat -nostdinc++ -fno-builtin -fvisibility=hidden -fomit-frame-pointer -DCOMPILER_RT_HAS_FLOAT16 -MD -MT lib/builtins/CMakeFiles/clang_rt.builtins-aarch64.dir/floatunsisf.c.o -MF CMakeFiles/clang_rt.builtins-aarch64.dir/floatunsisf.c.o.d -o CMakeFiles/clang_rt.builtins-aarch64.dir/floatunsisf.c.o -c /llvm-project-21.1.8.src/compiler-rt/lib/builtins/floatunsisf.c
#26 6.473 [ 53%] Building C object lib/builtins/CMakeFiles/clang_rt.builtins-aarch64.dir/modti3.c.o
#26 6.473 cd /tmp/build-rt-aarch64/lib/builtins && /usr/bin/clang --target=aarch64-unknown-linux-gnu --sysroot=/tmp/musl-sysroot-aarch64 -DHAS_ASM_LSE -DVISIBILITY_HIDDEN -I/llvm-project-21.1.8.src/compiler-rt/lib/builtins/../../../third-party/siphash/include --target=aarch64-unknown-linux-gnu --sysroot=/tmp/musl-sysroot-aarch64 -Wall -Wno-unused-parameter -O3 -DNDEBUG -std=gnu11 -fno-lto -Werror=array-bounds -Werror=uninitialized -Werror=shadow -Werror=empty-body -Werror=sizeof-pointer-memaccess -Werror=sizeof-array-argument -Werror=suspicious-memaccess -Werror=builtin-memcpy-chk-size -Werror=array-bounds-pointer-arithmetic -Werror=return-stack-address -Werror=sizeof-array-decay -Werror=format-insufficient-args -Wformat -nostdinc++ -fno-builtin -fvisibility=hidden -fomit-frame-pointer -DCOMPILER_RT_HAS_FLOAT16 -MD -MT lib/builtins/CMakeFiles/clang_rt.builtins-aarch64.dir/int_util.c.o -MF CMakeFiles/clang_rt.builtins-aarch64.dir/int_util.c.o.d -o CMakeFiles/clang_rt.builtins-aarch64.dir/int_util.c.o -c /llvm-project-21.1.8.src/compiler-rt/lib/builtins/int_util.c
#26 6.473 [ 54%] Building C object lib/builtins/CMakeFiles/clang_rt.builtins-aarch64.dir/moddi3.c.o
#26 6.474 cd /tmp/build-rt-aarch64/lib/builtins && /usr/bin/clang --target=aarch64-unknown-linux-gnu --sysroot=/tmp/musl-sysroot-aarch64 -DHAS_ASM_LSE -DVISIBILITY_HIDDEN -I/llvm-project-21.1.8.src/compiler-rt/lib/builtins/../../../third-party/siphash/include --target=aarch64-unknown-linux-gnu --sysroot=/tmp/musl-sysroot-aarch64 -Wall -Wno-unused-parameter -O3 -DNDEBUG -std=gnu11 -fno-lto -Werror=array-bounds -Werror=uninitialized -Werror=shadow -Werror=empty-body -Werror=sizeof-pointer-memaccess -Werror=sizeof-array-argument -Werror=suspicious-memaccess -Werror=builtin-memcpy-chk-size -Werror=array-bounds-pointer-arithmetic -Werror=return-stack-address -Werror=sizeof-array-decay -Werror=format-insufficient-args -Wformat -nostdinc++ -fno-builtin -fvisibility=hidden -fomit-frame-pointer -DCOMPILER_RT_HAS_FLOAT16 -MD -MT lib/builtins/CMakeFiles/clang_rt.builtins-aarch64.dir/floatuntidf.c.o -MF CMakeFiles/clang_rt.builtins-aarch64.dir/floatuntidf.c.o.d -o CMakeFiles/clang_rt.builtins-aarch64.dir/floatuntidf.c.o -c /llvm-project-21.1.8.src/compiler-rt/lib/builtins/floatuntidf.c
#26 6.474 cd /tmp/build-rt-aarch64/lib/builtins && /usr/bin/clang --target=aarch64-unknown-linux-gnu --sysroot=/tmp/musl-sysroot-aarch64 -DHAS_ASM_LSE -DVISIBILITY_HIDDEN -I/llvm-project-21.1.8.src/compiler-rt/lib/builtins/../../../third-party/siphash/include --target=aarch64-unknown-linux-gnu --sysroot=/tmp/musl-sysroot-aarch64 -Wall -Wno-unused-parameter -O3 -DNDEBUG -std=gnu11 -fno-lto -Werror=array-bounds -Werror=uninitialized -Werror=shadow -Werror=empty-body -Werror=sizeof-pointer-memaccess -Werror=sizeof-array-argument -Werror=suspicious-memaccess -Werror=builtin-memcpy-chk-size -Werror=array-bounds-pointer-arithmetic -Werror=return-stack-address -Werror=sizeof-array-decay -Werror=format-insufficient-args -Wformat -nostdinc++ -fno-builtin -fvisibility=hidden -fomit-frame-pointer -DCOMPILER_RT_HAS_FLOAT16 -MD -MT lib/builtins/CMakeFiles/clang_rt.builtins-aarch64.dir/floatuntisf.c.o -MF CMakeFiles/clang_rt.builtins-aarch64.dir/floatuntisf.c.o.d -o CMakeFiles/clang_rt.builtins-aarch64.dir/floatuntisf.c.o -c /llvm-project-21.1.8.src/compiler-rt/lib/builtins/floatuntisf.c
#26 6.474 [ 54%] Building C object lib/builtins/CMakeFiles/clang_rt.builtins-aarch64.dir/muldc3.c.o
#26 6.474 [ 54%] Building C object lib/builtins/CMakeFiles/clang_rt.builtins-aarch64.dir/lshrti3.c.o
#26 6.474 cd /tmp/build-rt-aarch64/lib/builtins && /usr/bin/clang --target=aarch64-unknown-linux-gnu --sysroot=/tmp/musl-sysroot-aarch64 -DHAS_ASM_LSE -DVISIBILITY_HIDDEN -I/llvm-project-21.1.8.src/compiler-rt/lib/builtins/../../../third-party/siphash/include --target=aarch64-unknown-linux-gnu --sysroot=/tmp/musl-sysroot-aarch64 -Wall -Wno-unused-parameter -O3 -DNDEBUG -std=gnu11 -fno-lto -Werror=array-bounds -Werror=uninitialized -Werror=shadow -Werror=empty-body -Werror=sizeof-pointer-memaccess -Werror=sizeof-array-argument -Werror=suspicious-memaccess -Werror=builtin-memcpy-chk-size -Werror=array-bounds-pointer-arithmetic -Werror=return-stack-address -Werror=sizeof-array-decay -Werror=format-insufficient-args -Wformat -nostdinc++ -fno-builtin -fvisibility=hidden -fomit-frame-pointer -DCOMPILER_RT_HAS_FLOAT16 -MD -MT lib/builtins/CMakeFiles/clang_rt.builtins-aarch64.dir/lshrdi3.c.o -MF CMakeFiles/clang_rt.builtins-aarch64.dir/lshrdi3.c.o.d -o CMakeFiles/clang_rt.builtins-aarch64.dir/lshrdi3.c.o -c /llvm-project-21.1.8.src/compiler-rt/lib/builtins/lshrdi3.c
#26 6.474 cd /tmp/build-rt-aarch64/lib/builtins && /usr/bin/clang --target=aarch64-unknown-linux-gnu --sysroot=/tmp/musl-sysroot-aarch64 -DHAS_ASM_LSE -DVISIBILITY_HIDDEN -I/llvm-project-21.1.8.src/compiler-rt/lib/builtins/../../../third-party/siphash/include --target=aarch64-unknown-linux-gnu --sysroot=/tmp/musl-sysroot-aarch64 -Wall -Wno-unused-parameter -O3 -DNDEBUG -std=gnu11 -fno-lto -Werror=array-bounds -Werror=uninitialized -Werror=shadow -Werror=empty-body -Werror=sizeof-pointer-memaccess -Werror=sizeof-array-argument -Werror=suspicious-memaccess -Werror=builtin-memcpy-chk-size -Werror=array-bounds-pointer-arithmetic -Werror=return-stack-address -Werror=sizeof-array-decay -Werror=format-insufficient-args -Wformat -nostdinc++ -fno-builtin -fvisibility=hidden -fomit-frame-pointer -DCOMPILER_RT_HAS_FLOAT16 -MD -MT lib/builtins/CMakeFiles/clang_rt.builtins-aarch64.dir/modsi3.c.o -MF CMakeFiles/clang_rt.builtins-aarch64.dir/modsi3.c.o.d -o CMakeFiles/clang_rt.builtins-aarch64.dir/modsi3.c.o -c /llvm-project-21.1.8.src/compiler-rt/lib/builtins/modsi3.c
#26 6.474 cd /tmp/build-rt-aarch64/lib/builtins && /usr/bin/clang --target=aarch64-unknown-linux-gnu --sysroot=/tmp/musl-sysroot-aarch64 -DHAS_ASM_LSE -DVISIBILITY_HIDDEN -I/llvm-project-21.1.8.src/compiler-rt/lib/builtins/../../../third-party/siphash/include --target=aarch64-unknown-linux-gnu --sysroot=/tmp/musl-sysroot-aarch64 -Wall -Wno-unused-parameter -O3 -DNDEBUG -std=gnu11 -fno-lto -Werror=array-bounds -Werror=uninitialized -Werror=shadow -Werror=empty-body -Werror=sizeof-pointer-memaccess -Werror=sizeof-array-argument -Werror=suspicious-memaccess -Werror=builtin-memcpy-chk-size -Werror=array-bounds-pointer-arithmetic -Werror=return-stack-address -Werror=sizeof-array-decay -Werror=format-insufficient-args -Wformat -nostdinc++ -fno-builtin -fvisibility=hidden -fomit-frame-pointer -DCOMPILER_RT_HAS_FLOAT16 -MD -MT lib/builtins/CMakeFiles/clang_rt.builtins-aarch64.dir/modti3.c.o -MF CMakeFiles/clang_rt.builtins-aarch64.dir/modti3.c.o.d -o CMakeFiles/clang_rt.builtins-aarch64.dir/modti3.c.o -c /llvm-project-21.1.8.src/compiler-rt/lib/builtins/modti3.c
#26 6.475 [ 54%] Building C object lib/builtins/CMakeFiles/clang_rt.builtins-aarch64.dir/muldf3.c.o
#26 6.475 cd /tmp/build-rt-aarch64/lib/builtins && /usr/bin/clang --target=aarch64-unknown-linux-gnu --sysroot=/tmp/musl-sysroot-aarch64 -DHAS_ASM_LSE -DVISIBILITY_HIDDEN -I/llvm-project-21.1.8.src/compiler-rt/lib/builtins/../../../third-party/siphash/include --target=aarch64-unknown-linux-gnu --sysroot=/tmp/musl-sysroot-aarch64 -Wall -Wno-unused-parameter -O3 -DNDEBUG -std=gnu11 -fno-lto -Werror=array-bounds -Werror=uninitialized -Werror=shadow -Werror=empty-body -Werror=sizeof-pointer-memaccess -Werror=sizeof-array-argument -Werror=suspicious-memaccess -Werror=builtin-memcpy-chk-size -Werror=array-bounds-pointer-arithmetic -Werror=return-stack-address -Werror=sizeof-array-decay -Werror=format-insufficient-args -Wformat -nostdinc++ -fno-builtin -fvisibility=hidden -fomit-frame-pointer -DCOMPILER_RT_HAS_FLOAT16 -MD -MT lib/builtins/CMakeFiles/clang_rt.builtins-aarch64.dir/moddi3.c.o -MF CMakeFiles/clang_rt.builtins-aarch64.dir/moddi3.c.o.d -o CMakeFiles/clang_rt.builtins-aarch64.dir/moddi3.c.o -c /llvm-project-21.1.8.src/compiler-rt/lib/builtins/moddi3.c
#26 6.475 cd /tmp/build-rt-aarch64/lib/builtins && /usr/bin/clang --target=aarch64-unknown-linux-gnu --sysroot=/tmp/musl-sysroot-aarch64 -DHAS_ASM_LSE -DVISIBILITY_HIDDEN -I/llvm-project-21.1.8.src/compiler-rt/lib/builtins/../../../third-party/siphash/include --target=aarch64-unknown-linux-gnu --sysroot=/tmp/musl-sysroot-aarch64 -Wall -Wno-unused-parameter -O3 -DNDEBUG -std=gnu11 -fno-lto -Werror=array-bounds -Werror=uninitialized -Werror=shadow -Werror=empty-body -Werror=sizeof-pointer-memaccess -Werror=sizeof-array-argument -Werror=suspicious-memaccess -Werror=builtin-memcpy-chk-size -Werror=array-bounds-pointer-arithmetic -Werror=return-stack-address -Werror=sizeof-array-decay -Werror=format-insufficient-args -Wformat -nostdinc++ -fno-builtin -fvisibility=hidden -fomit-frame-pointer -DCOMPILER_RT_HAS_FLOAT16 -MD -MT lib/builtins/CMakeFiles/clang_rt.builtins-aarch64.dir/lshrti3.c.o -MF CMakeFiles/clang_rt.builtins-aarch64.dir/lshrti3.c.o.d -o CMakeFiles/clang_rt.builtins-aarch64.dir/lshrti3.c.o -c /llvm-project-21.1.8.src/compiler-rt/lib/builtins/lshrti3.c
#26 6.475 cd /tmp/build-rt-aarch64/lib/builtins && /usr/bin/clang --target=aarch64-unknown-linux-gnu --sysroot=/tmp/musl-sysroot-aarch64 -DHAS_ASM_LSE -DVISIBILITY_HIDDEN -I/llvm-project-21.1.8.src/compiler-rt/lib/builtins/../../../third-party/siphash/include --target=aarch64-unknown-linux-gnu --sysroot=/tmp/musl-sysroot-aarch64 -Wall -Wno-unused-parameter -O3 -DNDEBUG -std=gnu11 -fno-lto -Werror=array-bounds -Werror=uninitialized -Werror=shadow -Werror=empty-body -Werror=sizeof-pointer-memaccess -Werror=sizeof-array-argument -Werror=suspicious-memaccess -Werror=builtin-memcpy-chk-size -Werror=array-bounds-pointer-arithmetic -Werror=return-stack-address -Werror=sizeof-array-decay -Werror=format-insufficient-args -Wformat -nostdinc++ -fno-builtin -fvisibility=hidden -fomit-frame-pointer -DCOMPILER_RT_HAS_FLOAT16 -MD -MT lib/builtins/CMakeFiles/clang_rt.builtins-aarch64.dir/muldc3.c.o -MF CMakeFiles/clang_rt.builtins-aarch64.dir/muldc3.c.o.d -o CMakeFiles/clang_rt.builtins-aarch64.dir/muldc3.c.o -c /llvm-project-21.1.8.src/compiler-rt/lib/builtins/muldc3.c
#26 6.475 [ 55%] Building C object lib/builtins/CMakeFiles/clang_rt.builtins-aarch64.dir/muldi3.c.o
#26 6.476 cd /tmp/build-rt-aarch64/lib/builtins && /usr/bin/clang --target=aarch64-unknown-linux-gnu --sysroot=/tmp/musl-sysroot-aarch64 -DHAS_ASM_LSE -DVISIBILITY_HIDDEN -I/llvm-project-21.1.8.src/compiler-rt/lib/builtins/../../../third-party/siphash/include --target=aarch64-unknown-linux-gnu --sysroot=/tmp/musl-sysroot-aarch64 -Wall -Wno-unused-parameter -O3 -DNDEBUG -std=gnu11 -fno-lto -Werror=array-bounds -Werror=uninitialized -Werror=shadow -Werror=empty-body -Werror=sizeof-pointer-memaccess -Werror=sizeof-array-argument -Werror=suspicious-memaccess -Werror=builtin-memcpy-chk-size -Werror=array-bounds-pointer-arithmetic -Werror=return-stack-address -Werror=sizeof-array-decay -Werror=format-insufficient-args -Wformat -nostdinc++ -fno-builtin -fvisibility=hidden -fomit-frame-pointer -DCOMPILER_RT_HAS_FLOAT16 -MD -MT lib/builtins/CMakeFiles/clang_rt.builtins-aarch64.dir/muldf3.c.o -MF CMakeFiles/clang_rt.builtins-aarch64.dir/muldf3.c.o.d -o CMakeFiles/clang_rt.builtins-aarch64.dir/muldf3.c.o -c /llvm-project-21.1.8.src/compiler-rt/lib/builtins/muldf3.c
#26 6.476 cd /tmp/build-rt-aarch64/lib/builtins && /usr/bin/clang --target=aarch64-unknown-linux-gnu --sysroot=/tmp/musl-sysroot-aarch64 -DHAS_ASM_LSE -DVISIBILITY_HIDDEN -I/llvm-project-21.1.8.src/compiler-rt/lib/builtins/../../../third-party/siphash/include --target=aarch64-unknown-linux-gnu --sysroot=/tmp/musl-sysroot-aarch64 -Wall -Wno-unused-parameter -O3 -DNDEBUG -std=gnu11 -fno-lto -Werror=array-bounds -Werror=uninitialized -Werror=shadow -Werror=empty-body -Werror=sizeof-pointer-memaccess -Werror=sizeof-array-argument -Werror=suspicious-memaccess -Werror=builtin-memcpy-chk-size -Werror=array-bounds-pointer-arithmetic -Werror=return-stack-address -Werror=sizeof-array-decay -Werror=format-insufficient-args -Wformat -nostdinc++ -fno-builtin -fvisibility=hidden -fomit-frame-pointer -DCOMPILER_RT_HAS_FLOAT16 -MD -MT lib/builtins/CMakeFiles/clang_rt.builtins-aarch64.dir/muldi3.c.o -MF CMakeFiles/clang_rt.builtins-aarch64.dir/muldi3.c.o.d -o CMakeFiles/clang_rt.builtins-aarch64.dir/muldi3.c.o -c /llvm-project-21.1.8.src/compiler-rt/lib/builtins/muldi3.c
#26 6.476 [ 55%] Building C object lib/builtins/CMakeFiles/clang_rt.builtins-aarch64.dir/mulosi4.c.o
#26 6.477 [ 55%] Building C object lib/builtins/CMakeFiles/clang_rt.builtins-aarch64.dir/mulodi4.c.o
#26 6.477 [ 55%] Building C object lib/builtins/CMakeFiles/clang_rt.builtins-aarch64.dir/muloti4.c.o
#26 6.477 cd /tmp/build-rt-aarch64/lib/builtins && /usr/bin/clang --target=aarch64-unknown-linux-gnu --sysroot=/tmp/musl-sysroot-aarch64 -DHAS_ASM_LSE -DVISIBILITY_HIDDEN -I/llvm-project-21.1.8.src/compiler-rt/lib/builtins/../../../third-party/siphash/include --target=aarch64-unknown-linux-gnu --sysroot=/tmp/musl-sysroot-aarch64 -Wall -Wno-unused-parameter -O3 -DNDEBUG -std=gnu11 -fno-lto -Werror=array-bounds -Werror=uninitialized -Werror=shadow -Werror=empty-body -Werror=sizeof-pointer-memaccess -Werror=sizeof-array-argument -Werror=suspicious-memaccess -Werror=builtin-memcpy-chk-size -Werror=array-bounds-pointer-arithmetic -Werror=return-stack-address -Werror=sizeof-array-decay -Werror=format-insufficient-args -Wformat -nostdinc++ -fno-builtin -fvisibility=hidden -fomit-frame-pointer -DCOMPILER_RT_HAS_FLOAT16 -MD -MT lib/builtins/CMakeFiles/clang_rt.builtins-aarch64.dir/mulosi4.c.o -MF CMakeFiles/clang_rt.builtins-aarch64.dir/mulosi4.c.o.d -o CMakeFiles/clang_rt.builtins-aarch64.dir/mulosi4.c.o -c /llvm-project-21.1.8.src/compiler-rt/lib/builtins/mulosi4.c
#26 6.478 [ 55%] Building C object lib/builtins/CMakeFiles/clang_rt.builtins-aarch64.dir/mulsf3.c.o
#26 6.479 [ 56%] Building C object lib/builtins/CMakeFiles/clang_rt.builtins-aarch64.dir/mulsc3.c.o
#26 6.479 cd /tmp/build-rt-aarch64/lib/builtins && /usr/bin/clang --target=aarch64-unknown-linux-gnu --sysroot=/tmp/musl-sysroot-aarch64 -DHAS_ASM_LSE -DVISIBILITY_HIDDEN -I/llvm-project-21.1.8.src/compiler-rt/lib/builtins/../../../third-party/siphash/include --target=aarch64-unknown-linux-gnu --sysroot=/tmp/musl-sysroot-aarch64 -Wall -Wno-unused-parameter -O3 -DNDEBUG -std=gnu11 -fno-lto -Werror=array-bounds -Werror=uninitialized -Werror=shadow -Werror=empty-body -Werror=sizeof-pointer-memaccess -Werror=sizeof-array-argument -Werror=suspicious-memaccess -Werror=builtin-memcpy-chk-size -Werror=array-bounds-pointer-arithmetic -Werror=return-stack-address -Werror=sizeof-array-decay -Werror=format-insufficient-args -Wformat -nostdinc++ -fno-builtin -fvisibility=hidden -fomit-frame-pointer -DCOMPILER_RT_HAS_FLOAT16 -MD -MT lib/builtins/CMakeFiles/clang_rt.builtins-aarch64.dir/mulodi4.c.o -MF CMakeFiles/clang_rt.builtins-aarch64.dir/mulodi4.c.o.d -o CMakeFiles/clang_rt.builtins-aarch64.dir/mulodi4.c.o -c /llvm-project-21.1.8.src/compiler-rt/lib/builtins/mulodi4.c
#26 6.479 [ 56%] Building C object lib/builtins/CMakeFiles/clang_rt.builtins-aarch64.dir/multi3.c.o
#26 6.479 cd /tmp/build-rt-aarch64/lib/builtins && /usr/bin/clang --target=aarch64-unknown-linux-gnu --sysroot=/tmp/musl-sysroot-aarch64 -DHAS_ASM_LSE -DVISIBILITY_HIDDEN -I/llvm-project-21.1.8.src/compiler-rt/lib/builtins/../../../third-party/siphash/include --target=aarch64-unknown-linux-gnu --sysroot=/tmp/musl-sysroot-aarch64 -Wall -Wno-unused-parameter -O3 -DNDEBUG -std=gnu11 -fno-lto -Werror=array-bounds -Werror=uninitialized -Werror=shadow -Werror=empty-body -Werror=sizeof-pointer-memaccess -Werror=sizeof-array-argument -Werror=suspicious-memaccess -Werror=builtin-memcpy-chk-size -Werror=array-bounds-pointer-arithmetic -Werror=return-stack-address -Werror=sizeof-array-decay -Werror=format-insufficient-args -Wformat -nostdinc++ -fno-builtin -fvisibility=hidden -fomit-frame-pointer -DCOMPILER_RT_HAS_FLOAT16 -MD -MT lib/builtins/CMakeFiles/clang_rt.builtins-aarch64.dir/muloti4.c.o -MF CMakeFiles/clang_rt.builtins-aarch64.dir/muloti4.c.o.d -o CMakeFiles/clang_rt.builtins-aarch64.dir/muloti4.c.o -c /llvm-project-21.1.8.src/compiler-rt/lib/builtins/muloti4.c
#26 6.479 cd /tmp/build-rt-aarch64/lib/builtins && /usr/bin/clang --target=aarch64-unknown-linux-gnu --sysroot=/tmp/musl-sysroot-aarch64 -DHAS_ASM_LSE -DVISIBILITY_HIDDEN -I/llvm-project-21.1.8.src/compiler-rt/lib/builtins/../../../third-party/siphash/include --target=aarch64-unknown-linux-gnu --sysroot=/tmp/musl-sysroot-aarch64 -Wall -Wno-unused-parameter -O3 -DNDEBUG -std=gnu11 -fno-lto -Werror=array-bounds -Werror=uninitialized -Werror=shadow -Werror=empty-body -Werror=sizeof-pointer-memaccess -Werror=sizeof-array-argument -Werror=suspicious-memaccess -Werror=builtin-memcpy-chk-size -Werror=array-bounds-pointer-arithmetic -Werror=return-stack-address -Werror=sizeof-array-decay -Werror=format-insufficient-args -Wformat -nostdinc++ -fno-builtin -fvisibility=hidden -fomit-frame-pointer -DCOMPILER_RT_HAS_FLOAT16 -MD -MT lib/builtins/CMakeFiles/clang_rt.builtins-aarch64.dir/mulsc3.c.o -MF CMakeFiles/clang_rt.builtins-aarch64.dir/mulsc3.c.o.d -o CMakeFiles/clang_rt.builtins-aarch64.dir/mulsc3.c.o -c /llvm-project-21.1.8.src/compiler-rt/lib/builtins/mulsc3.c
#26 6.480 cd /tmp/build-rt-aarch64/lib/builtins && /usr/bin/clang --target=aarch64-unknown-linux-gnu --sysroot=/tmp/musl-sysroot-aarch64 -DHAS_ASM_LSE -DVISIBILITY_HIDDEN -I/llvm-project-21.1.8.src/compiler-rt/lib/builtins/../../../third-party/siphash/include --target=aarch64-unknown-linux-gnu --sysroot=/tmp/musl-sysroot-aarch64 -Wall -Wno-unused-parameter -O3 -DNDEBUG -std=gnu11 -fno-lto -Werror=array-bounds -Werror=uninitialized -Werror=shadow -Werror=empty-body -Werror=sizeof-pointer-memaccess -Werror=sizeof-array-argument -Werror=suspicious-memaccess -Werror=builtin-memcpy-chk-size -Werror=array-bounds-pointer-arithmetic -Werror=return-stack-address -Werror=sizeof-array-decay -Werror=format-insufficient-args -Wformat -nostdinc++ -fno-builtin -fvisibility=hidden -fomit-frame-pointer -DCOMPILER_RT_HAS_FLOAT16 -MD -MT lib/builtins/CMakeFiles/clang_rt.builtins-aarch64.dir/mulsf3.c.o -MF CMakeFiles/clang_rt.builtins-aarch64.dir/mulsf3.c.o.d -o CMakeFiles/clang_rt.builtins-aarch64.dir/mulsf3.c.o -c /llvm-project-21.1.8.src/compiler-rt/lib/builtins/mulsf3.c
#26 6.480 [ 56%] Building C object lib/builtins/CMakeFiles/clang_rt.builtins-aarch64.dir/mulvdi3.c.o
#26 6.480 cd /tmp/build-rt-aarch64/lib/builtins && /usr/bin/clang --target=aarch64-unknown-linux-gnu --sysroot=/tmp/musl-sysroot-aarch64 -DHAS_ASM_LSE -DVISIBILITY_HIDDEN -I/llvm-project-21.1.8.src/compiler-rt/lib/builtins/../../../third-party/siphash/include --target=aarch64-unknown-linux-gnu --sysroot=/tmp/musl-sysroot-aarch64 -Wall -Wno-unused-parameter -O3 -DNDEBUG -std=gnu11 -fno-lto -Werror=array-bounds -Werror=uninitialized -Werror=shadow -Werror=empty-body -Werror=sizeof-pointer-memaccess -Werror=sizeof-array-argument -Werror=suspicious-memaccess -Werror=builtin-memcpy-chk-size -Werror=array-bounds-pointer-arithmetic -Werror=return-stack-address -Werror=sizeof-array-decay -Werror=format-insufficient-args -Wformat -nostdinc++ -fno-builtin -fvisibility=hidden -fomit-frame-pointer -DCOMPILER_RT_HAS_FLOAT16 -MD -MT lib/builtins/CMakeFiles/clang_rt.builtins-aarch64.dir/multi3.c.o -MF CMakeFiles/clang_rt.builtins-aarch64.dir/multi3.c.o.d -o CMakeFiles/clang_rt.builtins-aarch64.dir/multi3.c.o -c /llvm-project-21.1.8.src/compiler-rt/lib/builtins/multi3.c
#26 6.481 cd /tmp/build-rt-aarch64/lib/builtins && /usr/bin/clang --target=aarch64-unknown-linux-gnu --sysroot=/tmp/musl-sysroot-aarch64 -DHAS_ASM_LSE -DVISIBILITY_HIDDEN -I/llvm-project-21.1.8.src/compiler-rt/lib/builtins/../../../third-party/siphash/include --target=aarch64-unknown-linux-gnu --sysroot=/tmp/musl-sysroot-aarch64 -Wall -Wno-unused-parameter -O3 -DNDEBUG -std=gnu11 -fno-lto -Werror=array-bounds -Werror=uninitialized -Werror=shadow -Werror=empty-body -Werror=sizeof-pointer-memaccess -Werror=sizeof-array-argument -Werror=suspicious-memaccess -Werror=builtin-memcpy-chk-size -Werror=array-bounds-pointer-arithmetic -Werror=return-stack-address -Werror=sizeof-array-decay -Werror=format-insufficient-args -Wformat -nostdinc++ -fno-builtin -fvisibility=hidden -fomit-frame-pointer -DCOMPILER_RT_HAS_FLOAT16 -MD -MT lib/builtins/CMakeFiles/clang_rt.builtins-aarch64.dir/mulvdi3.c.o -MF CMakeFiles/clang_rt.builtins-aarch64.dir/mulvdi3.c.o.d -o CMakeFiles/clang_rt.builtins-aarch64.dir/mulvdi3.c.o -c /llvm-project-21.1.8.src/compiler-rt/lib/builtins/mulvdi3.c
#26 6.481 [ 57%] Building C object lib/builtins/CMakeFiles/clang_rt.builtins-aarch64.dir/mulvsi3.c.o
#26 6.482 cd /tmp/build-rt-aarch64/lib/builtins && /usr/bin/clang --target=aarch64-unknown-linux-gnu --sysroot=/tmp/musl-sysroot-aarch64 -DHAS_ASM_LSE -DVISIBILITY_HIDDEN -I/llvm-project-21.1.8.src/compiler-rt/lib/builtins/../../../third-party/siphash/include --target=aarch64-unknown-linux-gnu --sysroot=/tmp/musl-sysroot-aarch64 -Wall -Wno-unused-parameter -O3 -DNDEBUG -std=gnu11 -fno-lto -Werror=array-bounds -Werror=uninitialized -Werror=shadow -Werror=empty-body -Werror=sizeof-pointer-memaccess -Werror=sizeof-array-argument -Werror=suspicious-memaccess -Werror=builtin-memcpy-chk-size -Werror=array-bounds-pointer-arithmetic -Werror=return-stack-address -Werror=sizeof-array-decay -Werror=format-insufficient-args -Wformat -nostdinc++ -fno-builtin -fvisibility=hidden -fomit-frame-pointer -DCOMPILER_RT_HAS_FLOAT16 -MD -MT lib/builtins/CMakeFiles/clang_rt.builtins-aarch64.dir/mulvsi3.c.o -MF CMakeFiles/clang_rt.builtins-aarch64.dir/mulvsi3.c.o.d -o CMakeFiles/clang_rt.builtins-aarch64.dir/mulvsi3.c.o -c /llvm-project-21.1.8.src/compiler-rt/lib/builtins/mulvsi3.c
#26 6.483 [ 57%] Building C object lib/builtins/CMakeFiles/clang_rt.builtins-aarch64.dir/negdf2.c.o
#26 6.483 [ 57%] Building C object lib/builtins/CMakeFiles/clang_rt.builtins-aarch64.dir/negdi2.c.o
#26 6.483 [ 57%] Building C object lib/builtins/CMakeFiles/clang_rt.builtins-aarch64.dir/mulvti3.c.o
#26 6.483 [ 58%] Building C object lib/builtins/CMakeFiles/clang_rt.builtins-aarch64.dir/negsf2.c.o
#26 6.483 cd /tmp/build-rt-aarch64/lib/builtins && /usr/bin/clang --target=aarch64-unknown-linux-gnu --sysroot=/tmp/musl-sysroot-aarch64 -DHAS_ASM_LSE -DVISIBILITY_HIDDEN -I/llvm-project-21.1.8.src/compiler-rt/lib/builtins/../../../third-party/siphash/include --target=aarch64-unknown-linux-gnu --sysroot=/tmp/musl-sysroot-aarch64 -Wall -Wno-unused-parameter -O3 -DNDEBUG -std=gnu11 -fno-lto -Werror=array-bounds -Werror=uninitialized -Werror=shadow -Werror=empty-body -Werror=sizeof-pointer-memaccess -Werror=sizeof-array-argument -Werror=suspicious-memaccess -Werror=builtin-memcpy-chk-size -Werror=array-bounds-pointer-arithmetic -Werror=return-stack-address -Werror=sizeof-array-decay -Werror=format-insufficient-args -Wformat -nostdinc++ -fno-builtin -fvisibility=hidden -fomit-frame-pointer -DCOMPILER_RT_HAS_FLOAT16 -MD -MT lib/builtins/CMakeFiles/clang_rt.builtins-aarch64.dir/negdf2.c.o -MF CMakeFiles/clang_rt.builtins-aarch64.dir/negdf2.c.o.d -o CMakeFiles/clang_rt.builtins-aarch64.dir/negdf2.c.o -c /llvm-project-21.1.8.src/compiler-rt/lib/builtins/negdf2.c
#26 6.483 cd /tmp/build-rt-aarch64/lib/builtins && /usr/bin/clang --target=aarch64-unknown-linux-gnu --sysroot=/tmp/musl-sysroot-aarch64 -DHAS_ASM_LSE -DVISIBILITY_HIDDEN -I/llvm-project-21.1.8.src/compiler-rt/lib/builtins/../../../third-party/siphash/include --target=aarch64-unknown-linux-gnu --sysroot=/tmp/musl-sysroot-aarch64 -Wall -Wno-unused-parameter -O3 -DNDEBUG -std=gnu11 -fno-lto -Werror=array-bounds -Werror=uninitialized -Werror=shadow -Werror=empty-body -Werror=sizeof-pointer-memaccess -Werror=sizeof-array-argument -Werror=suspicious-memaccess -Werror=builtin-memcpy-chk-size -Werror=array-bounds-pointer-arithmetic -Werror=return-stack-address -Werror=sizeof-array-decay -Werror=format-insufficient-args -Wformat -nostdinc++ -fno-builtin -fvisibility=hidden -fomit-frame-pointer -DCOMPILER_RT_HAS_FLOAT16 -MD -MT lib/builtins/CMakeFiles/clang_rt.builtins-aarch64.dir/mulvti3.c.o -MF CMakeFiles/clang_rt.builtins-aarch64.dir/mulvti3.c.o.d -o CMakeFiles/clang_rt.builtins-aarch64.dir/mulvti3.c.o -c /llvm-project-21.1.8.src/compiler-rt/lib/builtins/mulvti3.c
#26 6.483 [ 58%] Building C object lib/builtins/CMakeFiles/clang_rt.builtins-aarch64.dir/negvsi2.c.o
#26 6.483 cd /tmp/build-rt-aarch64/lib/builtins && /usr/bin/clang --target=aarch64-unknown-linux-gnu --sysroot=/tmp/musl-sysroot-aarch64 -DHAS_ASM_LSE -DVISIBILITY_HIDDEN -I/llvm-project-21.1.8.src/compiler-rt/lib/builtins/../../../third-party/siphash/include --target=aarch64-unknown-linux-gnu --sysroot=/tmp/musl-sysroot-aarch64 -Wall -Wno-unused-parameter -O3 -DNDEBUG -std=gnu11 -fno-lto -Werror=array-bounds -Werror=uninitialized -Werror=shadow -Werror=empty-body -Werror=sizeof-pointer-memaccess -Werror=sizeof-array-argument -Werror=suspicious-memaccess -Werror=builtin-memcpy-chk-size -Werror=array-bounds-pointer-arithmetic -Werror=return-stack-address -Werror=sizeof-array-decay -Werror=format-insufficient-args -Wformat -nostdinc++ -fno-builtin -fvisibility=hidden -fomit-frame-pointer -DCOMPILER_RT_HAS_FLOAT16 -MD -MT lib/builtins/CMakeFiles/clang_rt.builtins-aarch64.dir/negdi2.c.o -MF CMakeFiles/clang_rt.builtins-aarch64.dir/negdi2.c.o.d -o CMakeFiles/clang_rt.builtins-aarch64.dir/negdi2.c.o -c /llvm-project-21.1.8.src/compiler-rt/lib/builtins/negdi2.c
#26 6.484 [ 58%] Building C object lib/builtins/CMakeFiles/clang_rt.builtins-aarch64.dir/negti2.c.o
#26 6.484 [ 58%] Building C object lib/builtins/CMakeFiles/clang_rt.builtins-aarch64.dir/negvdi2.c.o
#26 6.484 cd /tmp/build-rt-aarch64/lib/builtins && /usr/bin/clang --target=aarch64-unknown-linux-gnu --sysroot=/tmp/musl-sysroot-aarch64 -DHAS_ASM_LSE -DVISIBILITY_HIDDEN -I/llvm-project-21.1.8.src/compiler-rt/lib/builtins/../../../third-party/siphash/include --target=aarch64-unknown-linux-gnu --sysroot=/tmp/musl-sysroot-aarch64 -Wall -Wno-unused-parameter -O3 -DNDEBUG -std=gnu11 -fno-lto -Werror=array-bounds -Werror=uninitialized -Werror=shadow -Werror=empty-body -Werror=sizeof-pointer-memaccess -Werror=sizeof-array-argument -Werror=suspicious-memaccess -Werror=builtin-memcpy-chk-size -Werror=array-bounds-pointer-arithmetic -Werror=return-stack-address -Werror=sizeof-array-decay -Werror=format-insufficient-args -Wformat -nostdinc++ -fno-builtin -fvisibility=hidden -fomit-frame-pointer -DCOMPILER_RT_HAS_FLOAT16 -MD -MT lib/builtins/CMakeFiles/clang_rt.builtins-aarch64.dir/negsf2.c.o -MF CMakeFiles/clang_rt.builtins-aarch64.dir/negsf2.c.o.d -o CMakeFiles/clang_rt.builtins-aarch64.dir/negsf2.c.o -c /llvm-project-21.1.8.src/compiler-rt/lib/builtins/negsf2.c
#26 6.484 cd /tmp/build-rt-aarch64/lib/builtins && /usr/bin/clang --target=aarch64-unknown-linux-gnu --sysroot=/tmp/musl-sysroot-aarch64 -DHAS_ASM_LSE -DVISIBILITY_HIDDEN -I/llvm-project-21.1.8.src/compiler-rt/lib/builtins/../../../third-party/siphash/include --target=aarch64-unknown-linux-gnu --sysroot=/tmp/musl-sysroot-aarch64 -Wall -Wno-unused-parameter -O3 -DNDEBUG -std=gnu11 -fno-lto -Werror=array-bounds -Werror=uninitialized -Werror=shadow -Werror=empty-body -Werror=sizeof-pointer-memaccess -Werror=sizeof-array-argument -Werror=suspicious-memaccess -Werror=builtin-memcpy-chk-size -Werror=array-bounds-pointer-arithmetic -Werror=return-stack-address -Werror=sizeof-array-decay -Werror=format-insufficient-args -Wformat -nostdinc++ -fno-builtin -fvisibility=hidden -fomit-frame-pointer -DCOMPILER_RT_HAS_FLOAT16 -MD -MT lib/builtins/CMakeFiles/clang_rt.builtins-aarch64.dir/negvsi2.c.o -MF CMakeFiles/clang_rt.builtins-aarch64.dir/negvsi2.c.o.d -o CMakeFiles/clang_rt.builtins-aarch64.dir/negvsi2.c.o -c /llvm-project-21.1.8.src/compiler-rt/lib/builtins/negvsi2.c
#26 6.484 cd /tmp/build-rt-aarch64/lib/builtins && /usr/bin/clang --target=aarch64-unknown-linux-gnu --sysroot=/tmp/musl-sysroot-aarch64 -DHAS_ASM_LSE -DVISIBILITY_HIDDEN -I/llvm-project-21.1.8.src/compiler-rt/lib/builtins/../../../third-party/siphash/include --target=aarch64-unknown-linux-gnu --sysroot=/tmp/musl-sysroot-aarch64 -Wall -Wno-unused-parameter -O3 -DNDEBUG -std=gnu11 -fno-lto -Werror=array-bounds -Werror=uninitialized -Werror=shadow -Werror=empty-body -Werror=sizeof-pointer-memaccess -Werror=sizeof-array-argument -Werror=suspicious-memaccess -Werror=builtin-memcpy-chk-size -Werror=array-bounds-pointer-arithmetic -Werror=return-stack-address -Werror=sizeof-array-decay -Werror=format-insufficient-args -Wformat -nostdinc++ -fno-builtin -fvisibility=hidden -fomit-frame-pointer -DCOMPILER_RT_HAS_FLOAT16 -MD -MT lib/builtins/CMakeFiles/clang_rt.builtins-aarch64.dir/negti2.c.o -MF CMakeFiles/clang_rt.builtins-aarch64.dir/negti2.c.o.d -o CMakeFiles/clang_rt.builtins-aarch64.dir/negti2.c.o -c /llvm-project-21.1.8.src/compiler-rt/lib/builtins/negti2.c
#26 6.485 [ 59%] Building C object lib/builtins/CMakeFiles/clang_rt.builtins-aarch64.dir/negvti2.c.o
#26 6.485 cd /tmp/build-rt-aarch64/lib/builtins && /usr/bin/clang --target=aarch64-unknown-linux-gnu --sysroot=/tmp/musl-sysroot-aarch64 -DHAS_ASM_LSE -DVISIBILITY_HIDDEN -I/llvm-project-21.1.8.src/compiler-rt/lib/builtins/../../../third-party/siphash/include --target=aarch64-unknown-linux-gnu --sysroot=/tmp/musl-sysroot-aarch64 -Wall -Wno-unused-parameter -O3 -DNDEBUG -std=gnu11 -fno-lto -Werror=array-bounds -Werror=uninitialized -Werror=shadow -Werror=empty-body -Werror=sizeof-pointer-memaccess -Werror=sizeof-array-argument -Werror=suspicious-memaccess -Werror=builtin-memcpy-chk-size -Werror=array-bounds-pointer-arithmetic -Werror=return-stack-address -Werror=sizeof-array-decay -Werror=format-insufficient-args -Wformat -nostdinc++ -fno-builtin -fvisibility=hidden -fomit-frame-pointer -DCOMPILER_RT_HAS_FLOAT16 -MD -MT lib/builtins/CMakeFiles/clang_rt.builtins-aarch64.dir/negvdi2.c.o -MF CMakeFiles/clang_rt.builtins-aarch64.dir/negvdi2.c.o.d -o CMakeFiles/clang_rt.builtins-aarch64.dir/negvdi2.c.o -c /llvm-project-21.1.8.src/compiler-rt/lib/builtins/negvdi2.c
#26 6.485 [ 59%] Building C object lib/builtins/CMakeFiles/clang_rt.builtins-aarch64.dir/paritysi2.c.o
#26 6.485 [ 59%] Building C object lib/builtins/CMakeFiles/clang_rt.builtins-aarch64.dir/os_version_check.c.o
#26 6.485 [ 59%] Building C object lib/builtins/CMakeFiles/clang_rt.builtins-aarch64.dir/paritydi2.c.o
#26 6.485 cd /tmp/build-rt-aarch64/lib/builtins && /usr/bin/clang --target=aarch64-unknown-linux-gnu --sysroot=/tmp/musl-sysroot-aarch64 -DHAS_ASM_LSE -DVISIBILITY_HIDDEN -I/llvm-project-21.1.8.src/compiler-rt/lib/builtins/../../../third-party/siphash/include --target=aarch64-unknown-linux-gnu --sysroot=/tmp/musl-sysroot-aarch64 -Wall -Wno-unused-parameter -O3 -DNDEBUG -std=gnu11 -fno-lto -Werror=array-bounds -Werror=uninitialized -Werror=shadow -Werror=empty-body -Werror=sizeof-pointer-memaccess -Werror=sizeof-array-argument -Werror=suspicious-memaccess -Werror=builtin-memcpy-chk-size -Werror=array-bounds-pointer-arithmetic -Werror=return-stack-address -Werror=sizeof-array-decay -Werror=format-insufficient-args -Wformat -nostdinc++ -fno-builtin -fvisibility=hidden -fomit-frame-pointer -DCOMPILER_RT_HAS_FLOAT16 -MD -MT lib/builtins/CMakeFiles/clang_rt.builtins-aarch64.dir/negvti2.c.o -MF CMakeFiles/clang_rt.builtins-aarch64.dir/negvti2.c.o.d -o CMakeFiles/clang_rt.builtins-aarch64.dir/negvti2.c.o -c /llvm-project-21.1.8.src/compiler-rt/lib/builtins/negvti2.c
#26 6.486 cd /tmp/build-rt-aarch64/lib/builtins && /usr/bin/clang --target=aarch64-unknown-linux-gnu --sysroot=/tmp/musl-sysroot-aarch64 -DHAS_ASM_LSE -DVISIBILITY_HIDDEN -I/llvm-project-21.1.8.src/compiler-rt/lib/builtins/../../../third-party/siphash/include --target=aarch64-unknown-linux-gnu --sysroot=/tmp/musl-sysroot-aarch64 -Wall -Wno-unused-parameter -O3 -DNDEBUG -std=gnu11 -fno-lto -Werror=array-bounds -Werror=uninitialized -Werror=shadow -Werror=empty-body -Werror=sizeof-pointer-memaccess -Werror=sizeof-array-argument -Werror=suspicious-memaccess -Werror=builtin-memcpy-chk-size -Werror=array-bounds-pointer-arithmetic -Werror=return-stack-address -Werror=sizeof-array-decay -Werror=format-insufficient-args -Wformat -nostdinc++ -fno-builtin -fvisibility=hidden -fomit-frame-pointer -DCOMPILER_RT_HAS_FLOAT16 -MD -MT lib/builtins/CMakeFiles/clang_rt.builtins-aarch64.dir/os_version_check.c.o -MF CMakeFiles/clang_rt.builtins-aarch64.dir/os_version_check.c.o.d -o CMakeFiles/clang_rt.builtins-aarch64.dir/os_version_check.c.o -c /llvm-project-21.1.8.src/compiler-rt/lib/builtins/os_version_check.c
#26 6.486 cd /tmp/build-rt-aarch64/lib/builtins && /usr/bin/clang --target=aarch64-unknown-linux-gnu --sysroot=/tmp/musl-sysroot-aarch64 -DHAS_ASM_LSE -DVISIBILITY_HIDDEN -I/llvm-project-21.1.8.src/compiler-rt/lib/builtins/../../../third-party/siphash/include --target=aarch64-unknown-linux-gnu --sysroot=/tmp/musl-sysroot-aarch64 -Wall -Wno-unused-parameter -O3 -DNDEBUG -std=gnu11 -fno-lto -Werror=array-bounds -Werror=uninitialized -Werror=shadow -Werror=empty-body -Werror=sizeof-pointer-memaccess -Werror=sizeof-array-argument -Werror=suspicious-memaccess -Werror=builtin-memcpy-chk-size -Werror=array-bounds-pointer-arithmetic -Werror=return-stack-address -Werror=sizeof-array-decay -Werror=format-insufficient-args -Wformat -nostdinc++ -fno-builtin -fvisibility=hidden -fomit-frame-pointer -DCOMPILER_RT_HAS_FLOAT16 -MD -MT lib/builtins/CMakeFiles/clang_rt.builtins-aarch64.dir/paritysi2.c.o -MF CMakeFiles/clang_rt.builtins-aarch64.dir/paritysi2.c.o.d -o CMakeFiles/clang_rt.builtins-aarch64.dir/paritysi2.c.o -c /llvm-project-21.1.8.src/compiler-rt/lib/builtins/paritysi2.c
#26 6.486 [ 59%] Building C object lib/builtins/CMakeFiles/clang_rt.builtins-aarch64.dir/popcountdi2.c.o
#26 6.486 cd /tmp/build-rt-aarch64/lib/builtins && /usr/bin/clang --target=aarch64-unknown-linux-gnu --sysroot=/tmp/musl-sysroot-aarch64 -DHAS_ASM_LSE -DVISIBILITY_HIDDEN -I/llvm-project-21.1.8.src/compiler-rt/lib/builtins/../../../third-party/siphash/include --target=aarch64-unknown-linux-gnu --sysroot=/tmp/musl-sysroot-aarch64 -Wall -Wno-unused-parameter -O3 -DNDEBUG -std=gnu11 -fno-lto -Werror=array-bounds -Werror=uninitialized -Werror=shadow -Werror=empty-body -Werror=sizeof-pointer-memaccess -Werror=sizeof-array-argument -Werror=suspicious-memaccess -Werror=builtin-memcpy-chk-size -Werror=array-bounds-pointer-arithmetic -Werror=return-stack-address -Werror=sizeof-array-decay -Werror=format-insufficient-args -Wformat -nostdinc++ -fno-builtin -fvisibility=hidden -fomit-frame-pointer -DCOMPILER_RT_HAS_FLOAT16 -MD -MT lib/builtins/CMakeFiles/clang_rt.builtins-aarch64.dir/paritydi2.c.o -MF CMakeFiles/clang_rt.builtins-aarch64.dir/paritydi2.c.o.d -o CMakeFiles/clang_rt.builtins-aarch64.dir/paritydi2.c.o -c /llvm-project-21.1.8.src/compiler-rt/lib/builtins/paritydi2.c
#26 6.486 [ 60%] Building C object lib/builtins/CMakeFiles/clang_rt.builtins-aarch64.dir/parityti2.c.o
#26 6.487 cd /tmp/build-rt-aarch64/lib/builtins && /usr/bin/clang --target=aarch64-unknown-linux-gnu --sysroot=/tmp/musl-sysroot-aarch64 -DHAS_ASM_LSE -DVISIBILITY_HIDDEN -I/llvm-project-21.1.8.src/compiler-rt/lib/builtins/../../../third-party/siphash/include --target=aarch64-unknown-linux-gnu --sysroot=/tmp/musl-sysroot-aarch64 -Wall -Wno-unused-parameter -O3 -DNDEBUG -std=gnu11 -fno-lto -Werror=array-bounds -Werror=uninitialized -Werror=shadow -Werror=empty-body -Werror=sizeof-pointer-memaccess -Werror=sizeof-array-argument -Werror=suspicious-memaccess -Werror=builtin-memcpy-chk-size -Werror=array-bounds-pointer-arithmetic -Werror=return-stack-address -Werror=sizeof-array-decay -Werror=format-insufficient-args -Wformat -nostdinc++ -fno-builtin -fvisibility=hidden -fomit-frame-pointer -DCOMPILER_RT_HAS_FLOAT16 -MD -MT lib/builtins/CMakeFiles/clang_rt.builtins-aarch64.dir/popcountdi2.c.o -MF CMakeFiles/clang_rt.builtins-aarch64.dir/popcountdi2.c.o.d -o CMakeFiles/clang_rt.builtins-aarch64.dir/popcountdi2.c.o -c /llvm-project-21.1.8.src/compiler-rt/lib/builtins/popcountdi2.c
#26 6.487 [ 60%] Building C object lib/builtins/CMakeFiles/clang_rt.builtins-aarch64.dir/popcountsi2.c.o
#26 6.487 cd /tmp/build-rt-aarch64/lib/builtins && /usr/bin/clang --target=aarch64-unknown-linux-gnu --sysroot=/tmp/musl-sysroot-aarch64 -DHAS_ASM_LSE -DVISIBILITY_HIDDEN -I/llvm-project-21.1.8.src/compiler-rt/lib/builtins/../../../third-party/siphash/include --target=aarch64-unknown-linux-gnu --sysroot=/tmp/musl-sysroot-aarch64 -Wall -Wno-unused-parameter -O3 -DNDEBUG -std=gnu11 -fno-lto -Werror=array-bounds -Werror=uninitialized -Werror=shadow -Werror=empty-body -Werror=sizeof-pointer-memaccess -Werror=sizeof-array-argument -Werror=suspicious-memaccess -Werror=builtin-memcpy-chk-size -Werror=array-bounds-pointer-arithmetic -Werror=return-stack-address -Werror=sizeof-array-decay -Werror=format-insufficient-args -Wformat -nostdinc++ -fno-builtin -fvisibility=hidden -fomit-frame-pointer -DCOMPILER_RT_HAS_FLOAT16 -MD -MT lib/builtins/CMakeFiles/clang_rt.builtins-aarch64.dir/parityti2.c.o -MF CMakeFiles/clang_rt.builtins-aarch64.dir/parityti2.c.o.d -o CMakeFiles/clang_rt.builtins-aarch64.dir/parityti2.c.o -c /llvm-project-21.1.8.src/compiler-rt/lib/builtins/parityti2.c
#26 6.487 [ 61%] Building C object lib/builtins/CMakeFiles/clang_rt.builtins-aarch64.dir/powidf2.c.o
#26 6.487 cd /tmp/build-rt-aarch64/lib/builtins && /usr/bin/clang --target=aarch64-unknown-linux-gnu --sysroot=/tmp/musl-sysroot-aarch64 -DHAS_ASM_LSE -DVISIBILITY_HIDDEN -I/llvm-project-21.1.8.src/compiler-rt/lib/builtins/../../../third-party/siphash/include --target=aarch64-unknown-linux-gnu --sysroot=/tmp/musl-sysroot-aarch64 -Wall -Wno-unused-parameter -O3 -DNDEBUG -std=gnu11 -fno-lto -Werror=array-bounds -Werror=uninitialized -Werror=shadow -Werror=empty-body -Werror=sizeof-pointer-memaccess -Werror=sizeof-array-argument -Werror=suspicious-memaccess -Werror=builtin-memcpy-chk-size -Werror=array-bounds-pointer-arithmetic -Werror=return-stack-address -Werror=sizeof-array-decay -Werror=format-insufficient-args -Wformat -nostdinc++ -fno-builtin -fvisibility=hidden -fomit-frame-pointer -DCOMPILER_RT_HAS_FLOAT16 -MD -MT lib/builtins/CMakeFiles/clang_rt.builtins-aarch64.dir/popcountsi2.c.o -MF CMakeFiles/clang_rt.builtins-aarch64.dir/popcountsi2.c.o.d -o CMakeFiles/clang_rt.builtins-aarch64.dir/popcountsi2.c.o -c /llvm-project-21.1.8.src/compiler-rt/lib/builtins/popcountsi2.c
#26 6.487 [ 61%] Building C object lib/builtins/CMakeFiles/clang_rt.builtins-aarch64.dir/popcountti2.c.o
#26 6.488 cd /tmp/build-rt-aarch64/lib/builtins && /usr/bin/clang --target=aarch64-unknown-linux-gnu --sysroot=/tmp/musl-sysroot-aarch64 -DHAS_ASM_LSE -DVISIBILITY_HIDDEN -I/llvm-project-21.1.8.src/compiler-rt/lib/builtins/../../../third-party/siphash/include --target=aarch64-unknown-linux-gnu --sysroot=/tmp/musl-sysroot-aarch64 -Wall -Wno-unused-parameter -O3 -DNDEBUG -std=gnu11 -fno-lto -Werror=array-bounds -Werror=uninitialized -Werror=shadow -Werror=empty-body -Werror=sizeof-pointer-memaccess -Werror=sizeof-array-argument -Werror=suspicious-memaccess -Werror=builtin-memcpy-chk-size -Werror=array-bounds-pointer-arithmetic -Werror=return-stack-address -Werror=sizeof-array-decay -Werror=format-insufficient-args -Wformat -nostdinc++ -fno-builtin -fvisibility=hidden -fomit-frame-pointer -DCOMPILER_RT_HAS_FLOAT16 -MD -MT lib/builtins/CMakeFiles/clang_rt.builtins-aarch64.dir/powidf2.c.o -MF CMakeFiles/clang_rt.builtins-aarch64.dir/powidf2.c.o.d -o CMakeFiles/clang_rt.builtins-aarch64.dir/powidf2.c.o -c /llvm-project-21.1.8.src/compiler-rt/lib/builtins/powidf2.c
#26 6.488 cd /tmp/build-rt-aarch64/lib/builtins && /usr/bin/clang --target=aarch64-unknown-linux-gnu --sysroot=/tmp/musl-sysroot-aarch64 -DHAS_ASM_LSE -DVISIBILITY_HIDDEN -I/llvm-project-21.1.8.src/compiler-rt/lib/builtins/../../../third-party/siphash/include --target=aarch64-unknown-linux-gnu --sysroot=/tmp/musl-sysroot-aarch64 -Wall -Wno-unused-parameter -O3 -DNDEBUG -std=gnu11 -fno-lto -Werror=array-bounds -Werror=uninitialized -Werror=shadow -Werror=empty-body -Werror=sizeof-pointer-memaccess -Werror=sizeof-array-argument -Werror=suspicious-memaccess -Werror=builtin-memcpy-chk-size -Werror=array-bounds-pointer-arithmetic -Werror=return-stack-address -Werror=sizeof-array-decay -Werror=format-insufficient-args -Wformat -nostdinc++ -fno-builtin -fvisibility=hidden -fomit-frame-pointer -DCOMPILER_RT_HAS_FLOAT16 -MD -MT lib/builtins/CMakeFiles/clang_rt.builtins-aarch64.dir/popcountti2.c.o -MF CMakeFiles/clang_rt.builtins-aarch64.dir/popcountti2.c.o.d -o CMakeFiles/clang_rt.builtins-aarch64.dir/popcountti2.c.o -c /llvm-project-21.1.8.src/compiler-rt/lib/builtins/popcountti2.c
#26 6.489 [ 61%] Building C object lib/builtins/CMakeFiles/clang_rt.builtins-aarch64.dir/subdf3.c.o
#26 6.489 [ 61%] Building C object lib/builtins/CMakeFiles/clang_rt.builtins-aarch64.dir/powisf2.c.o
#26 6.489 [ 61%] Building C object lib/builtins/CMakeFiles/clang_rt.builtins-aarch64.dir/subvdi3.c.o
#26 6.490 cd /tmp/build-rt-aarch64/lib/builtins && /usr/bin/clang --target=aarch64-unknown-linux-gnu --sysroot=/tmp/musl-sysroot-aarch64 -DHAS_ASM_LSE -DVISIBILITY_HIDDEN -I/llvm-project-21.1.8.src/compiler-rt/lib/builtins/../../../third-party/siphash/include --target=aarch64-unknown-linux-gnu --sysroot=/tmp/musl-sysroot-aarch64 -Wall -Wno-unused-parameter -O3 -DNDEBUG -std=gnu11 -fno-lto -Werror=array-bounds -Werror=uninitialized -Werror=shadow -Werror=empty-body -Werror=sizeof-pointer-memaccess -Werror=sizeof-array-argument -Werror=suspicious-memaccess -Werror=builtin-memcpy-chk-size -Werror=array-bounds-pointer-arithmetic -Werror=return-stack-address -Werror=sizeof-array-decay -Werror=format-insufficient-args -Wformat -nostdinc++ -fno-builtin -fvisibility=hidden -fomit-frame-pointer -DCOMPILER_RT_HAS_FLOAT16 -MD -MT lib/builtins/CMakeFiles/clang_rt.builtins-aarch64.dir/subdf3.c.o -MF CMakeFiles/clang_rt.builtins-aarch64.dir/subdf3.c.o.d -o CMakeFiles/clang_rt.builtins-aarch64.dir/subdf3.c.o -c /llvm-project-21.1.8.src/compiler-rt/lib/builtins/subdf3.c
#26 6.490 [ 61%] Building C object lib/builtins/CMakeFiles/clang_rt.builtins-aarch64.dir/subsf3.c.o
#26 6.490 cd /tmp/build-rt-aarch64/lib/builtins && /usr/bin/clang --target=aarch64-unknown-linux-gnu --sysroot=/tmp/musl-sysroot-aarch64 -DHAS_ASM_LSE -DVISIBILITY_HIDDEN -I/llvm-project-21.1.8.src/compiler-rt/lib/builtins/../../../third-party/siphash/include --target=aarch64-unknown-linux-gnu --sysroot=/tmp/musl-sysroot-aarch64 -Wall -Wno-unused-parameter -O3 -DNDEBUG -std=gnu11 -fno-lto -Werror=array-bounds -Werror=uninitialized -Werror=shadow -Werror=empty-body -Werror=sizeof-pointer-memaccess -Werror=sizeof-array-argument -Werror=suspicious-memaccess -Werror=builtin-memcpy-chk-size -Werror=array-bounds-pointer-arithmetic -Werror=return-stack-address -Werror=sizeof-array-decay -Werror=format-insufficient-args -Wformat -nostdinc++ -fno-builtin -fvisibility=hidden -fomit-frame-pointer -DCOMPILER_RT_HAS_FLOAT16 -MD -MT lib/builtins/CMakeFiles/clang_rt.builtins-aarch64.dir/powisf2.c.o -MF CMakeFiles/clang_rt.builtins-aarch64.dir/powisf2.c.o.d -o CMakeFiles/clang_rt.builtins-aarch64.dir/powisf2.c.o -c /llvm-project-21.1.8.src/compiler-rt/lib/builtins/powisf2.c
#26 6.490 [ 62%] Building C object lib/builtins/CMakeFiles/clang_rt.builtins-aarch64.dir/subvti3.c.o
#26 6.490 [ 62%] Building C object lib/builtins/CMakeFiles/clang_rt.builtins-aarch64.dir/subvsi3.c.o
#26 6.490 cd /tmp/build-rt-aarch64/lib/builtins && /usr/bin/clang --target=aarch64-unknown-linux-gnu --sysroot=/tmp/musl-sysroot-aarch64 -DHAS_ASM_LSE -DVISIBILITY_HIDDEN -I/llvm-project-21.1.8.src/compiler-rt/lib/builtins/../../../third-party/siphash/include --target=aarch64-unknown-linux-gnu --sysroot=/tmp/musl-sysroot-aarch64 -Wall -Wno-unused-parameter -O3 -DNDEBUG -std=gnu11 -fno-lto -Werror=array-bounds -Werror=uninitialized -Werror=shadow -Werror=empty-body -Werror=sizeof-pointer-memaccess -Werror=sizeof-array-argument -Werror=suspicious-memaccess -Werror=builtin-memcpy-chk-size -Werror=array-bounds-pointer-arithmetic -Werror=return-stack-address -Werror=sizeof-array-decay -Werror=format-insufficient-args -Wformat -nostdinc++ -fno-builtin -fvisibility=hidden -fomit-frame-pointer -DCOMPILER_RT_HAS_FLOAT16 -MD -MT lib/builtins/CMakeFiles/clang_rt.builtins-aarch64.dir/subvdi3.c.o -MF CMakeFiles/clang_rt.builtins-aarch64.dir/subvdi3.c.o.d -o CMakeFiles/clang_rt.builtins-aarch64.dir/subvdi3.c.o -c /llvm-project-21.1.8.src/compiler-rt/lib/builtins/subvdi3.c
#26 6.490 cd /tmp/build-rt-aarch64/lib/builtins && /usr/bin/clang --target=aarch64-unknown-linux-gnu --sysroot=/tmp/musl-sysroot-aarch64 -DHAS_ASM_LSE -DVISIBILITY_HIDDEN -I/llvm-project-21.1.8.src/compiler-rt/lib/builtins/../../../third-party/siphash/include --target=aarch64-unknown-linux-gnu --sysroot=/tmp/musl-sysroot-aarch64 -Wall -Wno-unused-parameter -O3 -DNDEBUG -std=gnu11 -fno-lto -Werror=array-bounds -Werror=uninitialized -Werror=shadow -Werror=empty-body -Werror=sizeof-pointer-memaccess -Werror=sizeof-array-argument -Werror=suspicious-memaccess -Werror=builtin-memcpy-chk-size -Werror=array-bounds-pointer-arithmetic -Werror=return-stack-address -Werror=sizeof-array-decay -Werror=format-insufficient-args -Wformat -nostdinc++ -fno-builtin -fvisibility=hidden -fomit-frame-pointer -DCOMPILER_RT_HAS_FLOAT16 -MD -MT lib/builtins/CMakeFiles/clang_rt.builtins-aarch64.dir/subsf3.c.o -MF CMakeFiles/clang_rt.builtins-aarch64.dir/subsf3.c.o.d -o CMakeFiles/clang_rt.builtins-aarch64.dir/subsf3.c.o -c /llvm-project-21.1.8.src/compiler-rt/lib/builtins/subsf3.c
#26 6.491 cd /tmp/build-rt-aarch64/lib/builtins && /usr/bin/clang --target=aarch64-unknown-linux-gnu --sysroot=/tmp/musl-sysroot-aarch64 -DHAS_ASM_LSE -DVISIBILITY_HIDDEN -I/llvm-project-21.1.8.src/compiler-rt/lib/builtins/../../../third-party/siphash/include --target=aarch64-unknown-linux-gnu --sysroot=/tmp/musl-sysroot-aarch64 -Wall -Wno-unused-parameter -O3 -DNDEBUG -std=gnu11 -fno-lto -Werror=array-bounds -Werror=uninitialized -Werror=shadow -Werror=empty-body -Werror=sizeof-pointer-memaccess -Werror=sizeof-array-argument -Werror=suspicious-memaccess -Werror=builtin-memcpy-chk-size -Werror=array-bounds-pointer-arithmetic -Werror=return-stack-address -Werror=sizeof-array-decay -Werror=format-insufficient-args -Wformat -nostdinc++ -fno-builtin -fvisibility=hidden -fomit-frame-pointer -DCOMPILER_RT_HAS_FLOAT16 -MD -MT lib/builtins/CMakeFiles/clang_rt.builtins-aarch64.dir/subvti3.c.o -MF CMakeFiles/clang_rt.builtins-aarch64.dir/subvti3.c.o.d -o CMakeFiles/clang_rt.builtins-aarch64.dir/subvti3.c.o -c /llvm-project-21.1.8.src/compiler-rt/lib/builtins/subvti3.c
#26 6.491 cd /tmp/build-rt-aarch64/lib/builtins && /usr/bin/clang --target=aarch64-unknown-linux-gnu --sysroot=/tmp/musl-sysroot-aarch64 -DHAS_ASM_LSE -DVISIBILITY_HIDDEN -I/llvm-project-21.1.8.src/compiler-rt/lib/builtins/../../../third-party/siphash/include --target=aarch64-unknown-linux-gnu --sysroot=/tmp/musl-sysroot-aarch64 -Wall -Wno-unused-parameter -O3 -DNDEBUG -std=gnu11 -fno-lto -Werror=array-bounds -Werror=uninitialized -Werror=shadow -Werror=empty-body -Werror=sizeof-pointer-memaccess -Werror=sizeof-array-argument -Werror=suspicious-memaccess -Werror=builtin-memcpy-chk-size -Werror=array-bounds-pointer-arithmetic -Werror=return-stack-address -Werror=sizeof-array-decay -Werror=format-insufficient-args -Wformat -nostdinc++ -fno-builtin -fvisibility=hidden -fomit-frame-pointer -DCOMPILER_RT_HAS_FLOAT16 -MD -MT lib/builtins/CMakeFiles/clang_rt.builtins-aarch64.dir/subvsi3.c.o -MF CMakeFiles/clang_rt.builtins-aarch64.dir/subvsi3.c.o.d -o CMakeFiles/clang_rt.builtins-aarch64.dir/subvsi3.c.o -c /llvm-project-21.1.8.src/compiler-rt/lib/builtins/subvsi3.c
#26 6.492 [ 62%] Building C object lib/builtins/CMakeFiles/clang_rt.builtins-aarch64.dir/truncdfhf2.c.o
#26 6.492 [ 63%] Building C object lib/builtins/CMakeFiles/clang_rt.builtins-aarch64.dir/trampoline_setup.c.o
#26 6.492 [ 63%] Building C object lib/builtins/CMakeFiles/clang_rt.builtins-aarch64.dir/truncdfsf2.c.o
#26 6.492 [ 63%] Building C object lib/builtins/CMakeFiles/clang_rt.builtins-aarch64.dir/truncsfhf2.c.o
#26 6.492 cd /tmp/build-rt-aarch64/lib/builtins && /usr/bin/clang --target=aarch64-unknown-linux-gnu --sysroot=/tmp/musl-sysroot-aarch64 -DHAS_ASM_LSE -DVISIBILITY_HIDDEN -I/llvm-project-21.1.8.src/compiler-rt/lib/builtins/../../../third-party/siphash/include --target=aarch64-unknown-linux-gnu --sysroot=/tmp/musl-sysroot-aarch64 -Wall -Wno-unused-parameter -O3 -DNDEBUG -std=gnu11 -fno-lto -Werror=array-bounds -Werror=uninitialized -Werror=shadow -Werror=empty-body -Werror=sizeof-pointer-memaccess -Werror=sizeof-array-argument -Werror=suspicious-memaccess -Werror=builtin-memcpy-chk-size -Werror=array-bounds-pointer-arithmetic -Werror=return-stack-address -Werror=sizeof-array-decay -Werror=format-insufficient-args -Wformat -nostdinc++ -fno-builtin -fvisibility=hidden -fomit-frame-pointer -DCOMPILER_RT_HAS_FLOAT16 -MD -MT lib/builtins/CMakeFiles/clang_rt.builtins-aarch64.dir/trampoline_setup.c.o -MF CMakeFiles/clang_rt.builtins-aarch64.dir/trampoline_setup.c.o.d -o CMakeFiles/clang_rt.builtins-aarch64.dir/trampoline_setup.c.o -c /llvm-project-21.1.8.src/compiler-rt/lib/builtins/trampoline_setup.c
#26 6.493 cd /tmp/build-rt-aarch64/lib/builtins && /usr/bin/clang --target=aarch64-unknown-linux-gnu --sysroot=/tmp/musl-sysroot-aarch64 -DHAS_ASM_LSE -DVISIBILITY_HIDDEN -I/llvm-project-21.1.8.src/compiler-rt/lib/builtins/../../../third-party/siphash/include --target=aarch64-unknown-linux-gnu --sysroot=/tmp/musl-sysroot-aarch64 -Wall -Wno-unused-parameter -O3 -DNDEBUG -std=gnu11 -fno-lto -Werror=array-bounds -Werror=uninitialized -Werror=shadow -Werror=empty-body -Werror=sizeof-pointer-memaccess -Werror=sizeof-array-argument -Werror=suspicious-memaccess -Werror=builtin-memcpy-chk-size -Werror=array-bounds-pointer-arithmetic -Werror=return-stack-address -Werror=sizeof-array-decay -Werror=format-insufficient-args -Wformat -nostdinc++ -fno-builtin -fvisibility=hidden -fomit-frame-pointer -DCOMPILER_RT_HAS_FLOAT16 -MD -MT lib/builtins/CMakeFiles/clang_rt.builtins-aarch64.dir/truncdfhf2.c.o -MF CMakeFiles/clang_rt.builtins-aarch64.dir/truncdfhf2.c.o.d -o CMakeFiles/clang_rt.builtins-aarch64.dir/truncdfhf2.c.o -c /llvm-project-21.1.8.src/compiler-rt/lib/builtins/truncdfhf2.c
#26 6.493 [ 63%] Building C object lib/builtins/CMakeFiles/clang_rt.builtins-aarch64.dir/ucmpdi2.c.o
#26 6.493 cd /tmp/build-rt-aarch64/lib/builtins && /usr/bin/clang --target=aarch64-unknown-linux-gnu --sysroot=/tmp/musl-sysroot-aarch64 -DHAS_ASM_LSE -DVISIBILITY_HIDDEN -I/llvm-project-21.1.8.src/compiler-rt/lib/builtins/../../../third-party/siphash/include --target=aarch64-unknown-linux-gnu --sysroot=/tmp/musl-sysroot-aarch64 -Wall -Wno-unused-parameter -O3 -DNDEBUG -std=gnu11 -fno-lto -Werror=array-bounds -Werror=uninitialized -Werror=shadow -Werror=empty-body -Werror=sizeof-pointer-memaccess -Werror=sizeof-array-argument -Werror=suspicious-memaccess -Werror=builtin-memcpy-chk-size -Werror=array-bounds-pointer-arithmetic -Werror=return-stack-address -Werror=sizeof-array-decay -Werror=format-insufficient-args -Wformat -nostdinc++ -fno-builtin -fvisibility=hidden -fomit-frame-pointer -DCOMPILER_RT_HAS_FLOAT16 -MD -MT lib/builtins/CMakeFiles/clang_rt.builtins-aarch64.dir/truncdfsf2.c.o -MF CMakeFiles/clang_rt.builtins-aarch64.dir/truncdfsf2.c.o.d -o CMakeFiles/clang_rt.builtins-aarch64.dir/truncdfsf2.c.o -c /llvm-project-21.1.8.src/compiler-rt/lib/builtins/truncdfsf2.c
#26 6.493 cd /tmp/build-rt-aarch64/lib/builtins && /usr/bin/clang --target=aarch64-unknown-linux-gnu --sysroot=/tmp/musl-sysroot-aarch64 -DHAS_ASM_LSE -DVISIBILITY_HIDDEN -I/llvm-project-21.1.8.src/compiler-rt/lib/builtins/../../../third-party/siphash/include --target=aarch64-unknown-linux-gnu --sysroot=/tmp/musl-sysroot-aarch64 -Wall -Wno-unused-parameter -O3 -DNDEBUG -std=gnu11 -fno-lto -Werror=array-bounds -Werror=uninitialized -Werror=shadow -Werror=empty-body -Werror=sizeof-pointer-memaccess -Werror=sizeof-array-argument -Werror=suspicious-memaccess -Werror=builtin-memcpy-chk-size -Werror=array-bounds-pointer-arithmetic -Werror=return-stack-address -Werror=sizeof-array-decay -Werror=format-insufficient-args -Wformat -nostdinc++ -fno-builtin -fvisibility=hidden -fomit-frame-pointer -DCOMPILER_RT_HAS_FLOAT16 -MD -MT lib/builtins/CMakeFiles/clang_rt.builtins-aarch64.dir/truncsfhf2.c.o -MF CMakeFiles/clang_rt.builtins-aarch64.dir/truncsfhf2.c.o.d -o CMakeFiles/clang_rt.builtins-aarch64.dir/truncsfhf2.c.o -c /llvm-project-21.1.8.src/compiler-rt/lib/builtins/truncsfhf2.c
#26 6.494 cd /tmp/build-rt-aarch64/lib/builtins && /usr/bin/clang --target=aarch64-unknown-linux-gnu --sysroot=/tmp/musl-sysroot-aarch64 -DHAS_ASM_LSE -DVISIBILITY_HIDDEN -I/llvm-project-21.1.8.src/compiler-rt/lib/builtins/../../../third-party/siphash/include --target=aarch64-unknown-linux-gnu --sysroot=/tmp/musl-sysroot-aarch64 -Wall -Wno-unused-parameter -O3 -DNDEBUG -std=gnu11 -fno-lto -Werror=array-bounds -Werror=uninitialized -Werror=shadow -Werror=empty-body -Werror=sizeof-pointer-memaccess -Werror=sizeof-array-argument -Werror=suspicious-memaccess -Werror=builtin-memcpy-chk-size -Werror=array-bounds-pointer-arithmetic -Werror=return-stack-address -Werror=sizeof-array-decay -Werror=format-insufficient-args -Wformat -nostdinc++ -fno-builtin -fvisibility=hidden -fomit-frame-pointer -DCOMPILER_RT_HAS_FLOAT16 -MD -MT lib/builtins/CMakeFiles/clang_rt.builtins-aarch64.dir/ucmpdi2.c.o -MF CMakeFiles/clang_rt.builtins-aarch64.dir/ucmpdi2.c.o.d -o CMakeFiles/clang_rt.builtins-aarch64.dir/ucmpdi2.c.o -c /llvm-project-21.1.8.src/compiler-rt/lib/builtins/ucmpdi2.c
#26 6.494 [ 63%] Building C object lib/builtins/CMakeFiles/clang_rt.builtins-aarch64.dir/ucmpti2.c.o
#26 6.494 [ 63%] Building C object lib/builtins/CMakeFiles/clang_rt.builtins-aarch64.dir/udivmoddi4.c.o
#26 6.494 [ 63%] Building C object lib/builtins/CMakeFiles/clang_rt.builtins-aarch64.dir/udivmodsi4.c.o
#26 6.494 [ 65%] Building C object lib/builtins/CMakeFiles/clang_rt.builtins-aarch64.dir/udivsi3.c.o
#26 6.494 [ 65%] Building C object lib/builtins/CMakeFiles/clang_rt.builtins-aarch64.dir/udivmodti4.c.o
#26 6.494 [ 64%] Building C object lib/builtins/CMakeFiles/clang_rt.builtins-aarch64.dir/udivdi3.c.o
#26 6.495 cd /tmp/build-rt-aarch64/lib/builtins && /usr/bin/clang --target=aarch64-unknown-linux-gnu --sysroot=/tmp/musl-sysroot-aarch64 -DHAS_ASM_LSE -DVISIBILITY_HIDDEN -I/llvm-project-21.1.8.src/compiler-rt/lib/builtins/../../../third-party/siphash/include --target=aarch64-unknown-linux-gnu --sysroot=/tmp/musl-sysroot-aarch64 -Wall -Wno-unused-parameter -O3 -DNDEBUG -std=gnu11 -fno-lto -Werror=array-bounds -Werror=uninitialized -Werror=shadow -Werror=empty-body -Werror=sizeof-pointer-memaccess -Werror=sizeof-array-argument -Werror=suspicious-memaccess -Werror=builtin-memcpy-chk-size -Werror=array-bounds-pointer-arithmetic -Werror=return-stack-address -Werror=sizeof-array-decay -Werror=format-insufficient-args -Wformat -nostdinc++ -fno-builtin -fvisibility=hidden -fomit-frame-pointer -DCOMPILER_RT_HAS_FLOAT16 -MD -MT lib/builtins/CMakeFiles/clang_rt.builtins-aarch64.dir/ucmpti2.c.o -MF CMakeFiles/clang_rt.builtins-aarch64.dir/ucmpti2.c.o.d -o CMakeFiles/clang_rt.builtins-aarch64.dir/ucmpti2.c.o -c /llvm-project-21.1.8.src/compiler-rt/lib/builtins/ucmpti2.c
#26 6.495 cd /tmp/build-rt-aarch64/lib/builtins && /usr/bin/clang --target=aarch64-unknown-linux-gnu --sysroot=/tmp/musl-sysroot-aarch64 -DHAS_ASM_LSE -DVISIBILITY_HIDDEN -I/llvm-project-21.1.8.src/compiler-rt/lib/builtins/../../../third-party/siphash/include --target=aarch64-unknown-linux-gnu --sysroot=/tmp/musl-sysroot-aarch64 -Wall -Wno-unused-parameter -O3 -DNDEBUG -std=gnu11 -fno-lto -Werror=array-bounds -Werror=uninitialized -Werror=shadow -Werror=empty-body -Werror=sizeof-pointer-memaccess -Werror=sizeof-array-argument -Werror=suspicious-memaccess -Werror=builtin-memcpy-chk-size -Werror=array-bounds-pointer-arithmetic -Werror=return-stack-address -Werror=sizeof-array-decay -Werror=format-insufficient-args -Wformat -nostdinc++ -fno-builtin -fvisibility=hidden -fomit-frame-pointer -DCOMPILER_RT_HAS_FLOAT16 -MD -MT lib/builtins/CMakeFiles/clang_rt.builtins-aarch64.dir/udivmoddi4.c.o -MF CMakeFiles/clang_rt.builtins-aarch64.dir/udivmoddi4.c.o.d -o CMakeFiles/clang_rt.builtins-aarch64.dir/udivmoddi4.c.o -c /llvm-project-21.1.8.src/compiler-rt/lib/builtins/udivmoddi4.c
#26 6.495 cd /tmp/build-rt-aarch64/lib/builtins && /usr/bin/clang --target=aarch64-unknown-linux-gnu --sysroot=/tmp/musl-sysroot-aarch64 -DHAS_ASM_LSE -DVISIBILITY_HIDDEN -I/llvm-project-21.1.8.src/compiler-rt/lib/builtins/../../../third-party/siphash/include --target=aarch64-unknown-linux-gnu --sysroot=/tmp/musl-sysroot-aarch64 -Wall -Wno-unused-parameter -O3 -DNDEBUG -std=gnu11 -fno-lto -Werror=array-bounds -Werror=uninitialized -Werror=shadow -Werror=empty-body -Werror=sizeof-pointer-memaccess -Werror=sizeof-array-argument -Werror=suspicious-memaccess -Werror=builtin-memcpy-chk-size -Werror=array-bounds-pointer-arithmetic -Werror=return-stack-address -Werror=sizeof-array-decay -Werror=format-insufficient-args -Wformat -nostdinc++ -fno-builtin -fvisibility=hidden -fomit-frame-pointer -DCOMPILER_RT_HAS_FLOAT16 -MD -MT lib/builtins/CMakeFiles/clang_rt.builtins-aarch64.dir/udivdi3.c.o -MF CMakeFiles/clang_rt.builtins-aarch64.dir/udivdi3.c.o.d -o CMakeFiles/clang_rt.builtins-aarch64.dir/udivdi3.c.o -c /llvm-project-21.1.8.src/compiler-rt/lib/builtins/udivdi3.c
#26 6.495 cd /tmp/build-rt-aarch64/lib/builtins && /usr/bin/clang --target=aarch64-unknown-linux-gnu --sysroot=/tmp/musl-sysroot-aarch64 -DHAS_ASM_LSE -DVISIBILITY_HIDDEN -I/llvm-project-21.1.8.src/compiler-rt/lib/builtins/../../../third-party/siphash/include --target=aarch64-unknown-linux-gnu --sysroot=/tmp/musl-sysroot-aarch64 -Wall -Wno-unused-parameter -O3 -DNDEBUG -std=gnu11 -fno-lto -Werror=array-bounds -Werror=uninitialized -Werror=shadow -Werror=empty-body -Werror=sizeof-pointer-memaccess -Werror=sizeof-array-argument -Werror=suspicious-memaccess -Werror=builtin-memcpy-chk-size -Werror=array-bounds-pointer-arithmetic -Werror=return-stack-address -Werror=sizeof-array-decay -Werror=format-insufficient-args -Wformat -nostdinc++ -fno-builtin -fvisibility=hidden -fomit-frame-pointer -DCOMPILER_RT_HAS_FLOAT16 -MD -MT lib/builtins/CMakeFiles/clang_rt.builtins-aarch64.dir/udivmodsi4.c.o -MF CMakeFiles/clang_rt.builtins-aarch64.dir/udivmodsi4.c.o.d -o CMakeFiles/clang_rt.builtins-aarch64.dir/udivmodsi4.c.o -c /llvm-project-21.1.8.src/compiler-rt/lib/builtins/udivmodsi4.c
#26 6.495 cd /tmp/build-rt-aarch64/lib/builtins && /usr/bin/clang --target=aarch64-unknown-linux-gnu --sysroot=/tmp/musl-sysroot-aarch64 -DHAS_ASM_LSE -DVISIBILITY_HIDDEN -I/llvm-project-21.1.8.src/compiler-rt/lib/builtins/../../../third-party/siphash/include --target=aarch64-unknown-linux-gnu --sysroot=/tmp/musl-sysroot-aarch64 -Wall -Wno-unused-parameter -O3 -DNDEBUG -std=gnu11 -fno-lto -Werror=array-bounds -Werror=uninitialized -Werror=shadow -Werror=empty-body -Werror=sizeof-pointer-memaccess -Werror=sizeof-array-argument -Werror=suspicious-memaccess -Werror=builtin-memcpy-chk-size -Werror=array-bounds-pointer-arithmetic -Werror=return-stack-address -Werror=sizeof-array-decay -Werror=format-insufficient-args -Wformat -nostdinc++ -fno-builtin -fvisibility=hidden -fomit-frame-pointer -DCOMPILER_RT_HAS_FLOAT16 -MD -MT lib/builtins/CMakeFiles/clang_rt.builtins-aarch64.dir/udivmodti4.c.o -MF CMakeFiles/clang_rt.builtins-aarch64.dir/udivmodti4.c.o.d -o CMakeFiles/clang_rt.builtins-aarch64.dir/udivmodti4.c.o -c /llvm-project-21.1.8.src/compiler-rt/lib/builtins/udivmodti4.c
#26 6.496 cd /tmp/build-rt-aarch64/lib/builtins && /usr/bin/clang --target=aarch64-unknown-linux-gnu --sysroot=/tmp/musl-sysroot-aarch64 -DHAS_ASM_LSE -DVISIBILITY_HIDDEN -I/llvm-project-21.1.8.src/compiler-rt/lib/builtins/../../../third-party/siphash/include --target=aarch64-unknown-linux-gnu --sysroot=/tmp/musl-sysroot-aarch64 -Wall -Wno-unused-parameter -O3 -DNDEBUG -std=gnu11 -fno-lto -Werror=array-bounds -Werror=uninitialized -Werror=shadow -Werror=empty-body -Werror=sizeof-pointer-memaccess -Werror=sizeof-array-argument -Werror=suspicious-memaccess -Werror=builtin-memcpy-chk-size -Werror=array-bounds-pointer-arithmetic -Werror=return-stack-address -Werror=sizeof-array-decay -Werror=format-insufficient-args -Wformat -nostdinc++ -fno-builtin -fvisibility=hidden -fomit-frame-pointer -DCOMPILER_RT_HAS_FLOAT16 -MD -MT lib/builtins/CMakeFiles/clang_rt.builtins-aarch64.dir/udivsi3.c.o -MF CMakeFiles/clang_rt.builtins-aarch64.dir/udivsi3.c.o.d -o CMakeFiles/clang_rt.builtins-aarch64.dir/udivsi3.c.o -c /llvm-project-21.1.8.src/compiler-rt/lib/builtins/udivsi3.c
#26 6.496 [ 65%] Building C object lib/builtins/CMakeFiles/clang_rt.builtins-aarch64.dir/udivti3.c.o
#26 6.496 [ 65%] Building C object lib/builtins/CMakeFiles/clang_rt.builtins-aarch64.dir/umoddi3.c.o
#26 6.496 [ 65%] Building C object lib/builtins/CMakeFiles/clang_rt.builtins-aarch64.dir/umodsi3.c.o
#26 6.496 [ 65%] Building C object lib/builtins/CMakeFiles/clang_rt.builtins-aarch64.dir/enable_execute_stack.c.o
#26 6.496 cd /tmp/build-rt-aarch64/lib/builtins && /usr/bin/clang --target=aarch64-unknown-linux-gnu --sysroot=/tmp/musl-sysroot-aarch64 -DHAS_ASM_LSE -DVISIBILITY_HIDDEN -I/llvm-project-21.1.8.src/compiler-rt/lib/builtins/../../../third-party/siphash/include --target=aarch64-unknown-linux-gnu --sysroot=/tmp/musl-sysroot-aarch64 -Wall -Wno-unused-parameter -O3 -DNDEBUG -std=gnu11 -fno-lto -Werror=array-bounds -Werror=uninitialized -Werror=shadow -Werror=empty-body -Werror=sizeof-pointer-memaccess -Werror=sizeof-array-argument -Werror=suspicious-memaccess -Werror=builtin-memcpy-chk-size -Werror=array-bounds-pointer-arithmetic -Werror=return-stack-address -Werror=sizeof-array-decay -Werror=format-insufficient-args -Wformat -nostdinc++ -fno-builtin -fvisibility=hidden -fomit-frame-pointer -DCOMPILER_RT_HAS_FLOAT16 -MD -MT lib/builtins/CMakeFiles/clang_rt.builtins-aarch64.dir/udivti3.c.o -MF CMakeFiles/clang_rt.builtins-aarch64.dir/udivti3.c.o.d -o CMakeFiles/clang_rt.builtins-aarch64.dir/udivti3.c.o -c /llvm-project-21.1.8.src/compiler-rt/lib/builtins/udivti3.c
#26 6.496 cd /tmp/build-rt-aarch64/lib/builtins && /usr/bin/clang --target=aarch64-unknown-linux-gnu --sysroot=/tmp/musl-sysroot-aarch64 -DHAS_ASM_LSE -DVISIBILITY_HIDDEN -I/llvm-project-21.1.8.src/compiler-rt/lib/builtins/../../../third-party/siphash/include --target=aarch64-unknown-linux-gnu --sysroot=/tmp/musl-sysroot-aarch64 -Wall -Wno-unused-parameter -O3 -DNDEBUG -std=gnu11 -fno-lto -Werror=array-bounds -Werror=uninitialized -Werror=shadow -Werror=empty-body -Werror=sizeof-pointer-memaccess -Werror=sizeof-array-argument -Werror=suspicious-memaccess -Werror=builtin-memcpy-chk-size -Werror=array-bounds-pointer-arithmetic -Werror=return-stack-address -Werror=sizeof-array-decay -Werror=format-insufficient-args -Wformat -nostdinc++ -fno-builtin -fvisibility=hidden -fomit-frame-pointer -DCOMPILER_RT_HAS_FLOAT16 -MD -MT lib/builtins/CMakeFiles/clang_rt.builtins-aarch64.dir/umoddi3.c.o -MF CMakeFiles/clang_rt.builtins-aarch64.dir/umoddi3.c.o.d -o CMakeFiles/clang_rt.builtins-aarch64.dir/umoddi3.c.o -c /llvm-project-21.1.8.src/compiler-rt/lib/builtins/umoddi3.c
#26 6.497 cd /tmp/build-rt-aarch64/lib/builtins && /usr/bin/clang --target=aarch64-unknown-linux-gnu --sysroot=/tmp/musl-sysroot-aarch64 -DHAS_ASM_LSE -DVISIBILITY_HIDDEN -I/llvm-project-21.1.8.src/compiler-rt/lib/builtins/../../../third-party/siphash/include --target=aarch64-unknown-linux-gnu --sysroot=/tmp/musl-sysroot-aarch64 -Wall -Wno-unused-parameter -O3 -DNDEBUG -std=gnu11 -fno-lto -Werror=array-bounds -Werror=uninitialized -Werror=shadow -Werror=empty-body -Werror=sizeof-pointer-memaccess -Werror=sizeof-array-argument -Werror=suspicious-memaccess -Werror=builtin-memcpy-chk-size -Werror=array-bounds-pointer-arithmetic -Werror=return-stack-address -Werror=sizeof-array-decay -Werror=format-insufficient-args -Wformat -nostdinc++ -fno-builtin -fvisibility=hidden -fomit-frame-pointer -DCOMPILER_RT_HAS_FLOAT16 -MD -MT lib/builtins/CMakeFiles/clang_rt.builtins-aarch64.dir/umodsi3.c.o -MF CMakeFiles/clang_rt.builtins-aarch64.dir/umodsi3.c.o.d -o CMakeFiles/clang_rt.builtins-aarch64.dir/umodsi3.c.o -c /llvm-project-21.1.8.src/compiler-rt/lib/builtins/umodsi3.c
#26 6.497 [ 66%] Building C object lib/builtins/CMakeFiles/clang_rt.builtins-aarch64.dir/emutls.c.o
#26 6.497 [ 66%] Building C object lib/builtins/CMakeFiles/clang_rt.builtins-aarch64.dir/umodti3.c.o
#26 6.497 cd /tmp/build-rt-aarch64/lib/builtins && /usr/bin/clang --target=aarch64-unknown-linux-gnu --sysroot=/tmp/musl-sysroot-aarch64 -DHAS_ASM_LSE -DVISIBILITY_HIDDEN -I/llvm-project-21.1.8.src/compiler-rt/lib/builtins/../../../third-party/siphash/include --target=aarch64-unknown-linux-gnu --sysroot=/tmp/musl-sysroot-aarch64 -Wall -Wno-unused-parameter -O3 -DNDEBUG -std=gnu11 -fno-lto -Werror=array-bounds -Werror=uninitialized -Werror=shadow -Werror=empty-body -Werror=sizeof-pointer-memaccess -Werror=sizeof-array-argument -Werror=suspicious-memaccess -Werror=builtin-memcpy-chk-size -Werror=array-bounds-pointer-arithmetic -Werror=return-stack-address -Werror=sizeof-array-decay -Werror=format-insufficient-args -Wformat -nostdinc++ -fno-builtin -fvisibility=hidden -fomit-frame-pointer -DCOMPILER_RT_HAS_FLOAT16 -MD -MT lib/builtins/CMakeFiles/clang_rt.builtins-aarch64.dir/enable_execute_stack.c.o -MF CMakeFiles/clang_rt.builtins-aarch64.dir/enable_execute_stack.c.o.d -o CMakeFiles/clang_rt.builtins-aarch64.dir/enable_execute_stack.c.o -c /llvm-project-21.1.8.src/compiler-rt/lib/builtins/enable_execute_stack.c
#26 6.497 cd /tmp/build-rt-aarch64/lib/builtins && /usr/bin/clang --target=aarch64-unknown-linux-gnu --sysroot=/tmp/musl-sysroot-aarch64 -DHAS_ASM_LSE -DVISIBILITY_HIDDEN -I/llvm-project-21.1.8.src/compiler-rt/lib/builtins/../../../third-party/siphash/include --target=aarch64-unknown-linux-gnu --sysroot=/tmp/musl-sysroot-aarch64 -Wall -Wno-unused-parameter -O3 -DNDEBUG -std=gnu11 -fno-lto -Werror=array-bounds -Werror=uninitialized -Werror=shadow -Werror=empty-body -Werror=sizeof-pointer-memaccess -Werror=sizeof-array-argument -Werror=suspicious-memaccess -Werror=builtin-memcpy-chk-size -Werror=array-bounds-pointer-arithmetic -Werror=return-stack-address -Werror=sizeof-array-decay -Werror=format-insufficient-args -Wformat -nostdinc++ -fno-builtin -fvisibility=hidden -fomit-frame-pointer -DCOMPILER_RT_HAS_FLOAT16 -MD -MT lib/builtins/CMakeFiles/clang_rt.builtins-aarch64.dir/emutls.c.o -MF CMakeFiles/clang_rt.builtins-aarch64.dir/emutls.c.o.d -o CMakeFiles/clang_rt.builtins-aarch64.dir/emutls.c.o -c /llvm-project-21.1.8.src/compiler-rt/lib/builtins/emutls.c
#26 6.497 cd /tmp/build-rt-aarch64/lib/builtins && /usr/bin/clang --target=aarch64-unknown-linux-gnu --sysroot=/tmp/musl-sysroot-aarch64 -DHAS_ASM_LSE -DVISIBILITY_HIDDEN -I/llvm-project-21.1.8.src/compiler-rt/lib/builtins/../../../third-party/siphash/include --target=aarch64-unknown-linux-gnu --sysroot=/tmp/musl-sysroot-aarch64 -Wall -Wno-unused-parameter -O3 -DNDEBUG -std=gnu11 -fno-lto -Werror=array-bounds -Werror=uninitialized -Werror=shadow -Werror=empty-body -Werror=sizeof-pointer-memaccess -Werror=sizeof-array-argument -Werror=suspicious-memaccess -Werror=builtin-memcpy-chk-size -Werror=array-bounds-pointer-arithmetic -Werror=return-stack-address -Werror=sizeof-array-decay -Werror=format-insufficient-args -Wformat -nostdinc++ -fno-builtin -fvisibility=hidden -fomit-frame-pointer -DCOMPILER_RT_HAS_FLOAT16 -MD -MT lib/builtins/CMakeFiles/clang_rt.builtins-aarch64.dir/umodti3.c.o -MF CMakeFiles/clang_rt.builtins-aarch64.dir/umodti3.c.o.d -o CMakeFiles/clang_rt.builtins-aarch64.dir/umodti3.c.o -c /llvm-project-21.1.8.src/compiler-rt/lib/builtins/umodti3.c
#26 6.498 [ 66%] Building C object lib/builtins/CMakeFiles/clang_rt.builtins-aarch64.dir/eprintf.c.o
#26 6.499 [ 67%] Building C object lib/builtins/CMakeFiles/clang_rt.builtins-aarch64.dir/gcc_personality_v0.c.o
#26 6.499 cd /tmp/build-rt-aarch64/lib/builtins && /usr/bin/clang --target=aarch64-unknown-linux-gnu --sysroot=/tmp/musl-sysroot-aarch64 -DHAS_ASM_LSE -DVISIBILITY_HIDDEN -I/llvm-project-21.1.8.src/compiler-rt/lib/builtins/../../../third-party/siphash/include --target=aarch64-unknown-linux-gnu --sysroot=/tmp/musl-sysroot-aarch64 -Wall -Wno-unused-parameter -O3 -DNDEBUG -std=gnu11 -fno-lto -Werror=array-bounds -Werror=uninitialized -Werror=shadow -Werror=empty-body -Werror=sizeof-pointer-memaccess -Werror=sizeof-array-argument -Werror=suspicious-memaccess -Werror=builtin-memcpy-chk-size -Werror=array-bounds-pointer-arithmetic -Werror=return-stack-address -Werror=sizeof-array-decay -Werror=format-insufficient-args -Wformat -nostdinc++ -fno-builtin -fvisibility=hidden -fomit-frame-pointer -DCOMPILER_RT_HAS_FLOAT16 -MD -MT lib/builtins/CMakeFiles/clang_rt.builtins-aarch64.dir/eprintf.c.o -MF CMakeFiles/clang_rt.builtins-aarch64.dir/eprintf.c.o.d -o CMakeFiles/clang_rt.builtins-aarch64.dir/eprintf.c.o -c /llvm-project-21.1.8.src/compiler-rt/lib/builtins/eprintf.c
#26 6.499 [ 67%] Building C object lib/builtins/CMakeFiles/clang_rt.builtins-aarch64.dir/cpu_model/aarch64.c.o
#26 6.499 [ 67%] Building C object lib/builtins/CMakeFiles/clang_rt.builtins-aarch64.dir/clear_cache.c.o
#26 6.499 cd /tmp/build-rt-aarch64/lib/builtins && /usr/bin/clang --target=aarch64-unknown-linux-gnu --sysroot=/tmp/musl-sysroot-aarch64 -DHAS_ASM_LSE -DVISIBILITY_HIDDEN -I/llvm-project-21.1.8.src/compiler-rt/lib/builtins/../../../third-party/siphash/include --target=aarch64-unknown-linux-gnu --sysroot=/tmp/musl-sysroot-aarch64 -Wall -Wno-unused-parameter -O3 -DNDEBUG -std=gnu11 -fno-lto -Werror=array-bounds -Werror=uninitialized -Werror=shadow -Werror=empty-body -Werror=sizeof-pointer-memaccess -Werror=sizeof-array-argument -Werror=suspicious-memaccess -Werror=builtin-memcpy-chk-size -Werror=array-bounds-pointer-arithmetic -Werror=return-stack-address -Werror=sizeof-array-decay -Werror=format-insufficient-args -Wformat -nostdinc++ -fno-builtin -fvisibility=hidden -fomit-frame-pointer -DCOMPILER_RT_HAS_FLOAT16 -MD -MT lib/builtins/CMakeFiles/clang_rt.builtins-aarch64.dir/gcc_personality_v0.c.o -MF CMakeFiles/clang_rt.builtins-aarch64.dir/gcc_personality_v0.c.o.d -o CMakeFiles/clang_rt.builtins-aarch64.dir/gcc_personality_v0.c.o -c /llvm-project-21.1.8.src/compiler-rt/lib/builtins/gcc_personality_v0.c
#26 6.500 [ 67%] Building CXX object lib/builtins/CMakeFiles/clang_rt.builtins-aarch64.dir/aarch64/emupac.cpp.o
#26 6.500 cd /tmp/build-rt-aarch64/lib/builtins && /usr/bin/clang --target=aarch64-unknown-linux-gnu --sysroot=/tmp/musl-sysroot-aarch64 -DHAS_ASM_LSE -DVISIBILITY_HIDDEN -I/llvm-project-21.1.8.src/compiler-rt/lib/builtins/../../../third-party/siphash/include --target=aarch64-unknown-linux-gnu --sysroot=/tmp/musl-sysroot-aarch64 -Wall -Wno-unused-parameter -O3 -DNDEBUG -std=gnu11 -fno-lto -Werror=array-bounds -Werror=uninitialized -Werror=shadow -Werror=empty-body -Werror=sizeof-pointer-memaccess -Werror=sizeof-array-argument -Werror=suspicious-memaccess -Werror=builtin-memcpy-chk-size -Werror=array-bounds-pointer-arithmetic -Werror=return-stack-address -Werror=sizeof-array-decay -Werror=format-insufficient-args -Wformat -nostdinc++ -fno-builtin -fvisibility=hidden -fomit-frame-pointer -DCOMPILER_RT_HAS_FLOAT16 -MD -MT lib/builtins/CMakeFiles/clang_rt.builtins-aarch64.dir/cpu_model/aarch64.c.o -MF CMakeFiles/clang_rt.builtins-aarch64.dir/cpu_model/aarch64.c.o.d -o CMakeFiles/clang_rt.builtins-aarch64.dir/cpu_model/aarch64.c.o -c /llvm-project-21.1.8.src/compiler-rt/lib/builtins/cpu_model/aarch64.c
#26 6.500 [ 67%] Building C object lib/builtins/CMakeFiles/clang_rt.builtins-aarch64.dir/aarch64/fp_mode.c.o
#26 6.500 cd /tmp/build-rt-aarch64/lib/builtins && /usr/bin/clang --target=aarch64-unknown-linux-gnu --sysroot=/tmp/musl-sysroot-aarch64 -DHAS_ASM_LSE -DVISIBILITY_HIDDEN -I/llvm-project-21.1.8.src/compiler-rt/lib/builtins/../../../third-party/siphash/include --target=aarch64-unknown-linux-gnu --sysroot=/tmp/musl-sysroot-aarch64 -Wall -Wno-unused-parameter -O3 -DNDEBUG -std=gnu11 -fno-lto -Werror=array-bounds -Werror=uninitialized -Werror=shadow -Werror=empty-body -Werror=sizeof-pointer-memaccess -Werror=sizeof-array-argument -Werror=suspicious-memaccess -Werror=builtin-memcpy-chk-size -Werror=array-bounds-pointer-arithmetic -Werror=return-stack-address -Werror=sizeof-array-decay -Werror=format-insufficient-args -Wformat -nostdinc++ -fno-builtin -fvisibility=hidden -fomit-frame-pointer -DCOMPILER_RT_HAS_FLOAT16 -MD -MT lib/builtins/CMakeFiles/clang_rt.builtins-aarch64.dir/clear_cache.c.o -MF CMakeFiles/clang_rt.builtins-aarch64.dir/clear_cache.c.o.d -o CMakeFiles/clang_rt.builtins-aarch64.dir/clear_cache.c.o -c /llvm-project-21.1.8.src/compiler-rt/lib/builtins/clear_cache.c
#26 6.500 cd /tmp/build-rt-aarch64/lib/builtins && /usr/bin/clang++ --target=aarch64-unknown-linux-gnu --sysroot=/tmp/musl-sysroot-aarch64 -DHAS_ASM_LSE -DVISIBILITY_HIDDEN -I/llvm-project-21.1.8.src/compiler-rt/lib/builtins/../../../third-party/siphash/include --target=aarch64-unknown-linux-gnu --sysroot=/tmp/musl-sysroot-aarch64 -Wall -Wno-unused-parameter -O3 -DNDEBUG -std=c++17 -fno-lto -Werror=array-bounds -Werror=uninitialized -Werror=shadow -Werror=empty-body -Werror=sizeof-pointer-memaccess -Werror=sizeof-array-argument -Werror=suspicious-memaccess -Werror=builtin-memcpy-chk-size -Werror=array-bounds-pointer-arithmetic -Werror=return-stack-address -Werror=sizeof-array-decay -Werror=format-insufficient-args -Wformat -nostdinc++ -fno-builtin -fvisibility=hidden -fomit-frame-pointer -DCOMPILER_RT_HAS_FLOAT16 -MD -MT lib/builtins/CMakeFiles/clang_rt.builtins-aarch64.dir/aarch64/emupac.cpp.o -MF CMakeFiles/clang_rt.builtins-aarch64.dir/aarch64/emupac.cpp.o.d -o CMakeFiles/clang_rt.builtins-aarch64.dir/aarch64/emupac.cpp.o -c /llvm-project-21.1.8.src/compiler-rt/lib/builtins/aarch64/emupac.cpp
#26 6.500 [ 68%] Building C object lib/builtins/CMakeFiles/clang_rt.builtins-aarch64.dir/aarch64/sme-abi-assert.c.o
#26 6.500 [ 68%] Building ASM object lib/builtins/CMakeFiles/clang_rt.builtins-aarch64.dir/aarch64/sme-abi.S.o
#26 6.500 [ 68%] Building ASM object lib/builtins/CMakeFiles/clang_rt.builtins-aarch64.dir/aarch64/sme-libc-opt-memcpy-memmove.S.o
#26 6.500 cd /tmp/build-rt-aarch64/lib/builtins && /usr/bin/clang --target=aarch64-unknown-linux-gnu --sysroot=/tmp/musl-sysroot-aarch64 -DHAS_ASM_LSE -DVISIBILITY_HIDDEN -I/llvm-project-21.1.8.src/compiler-rt/lib/builtins/../../../third-party/siphash/include --target=aarch64-unknown-linux-gnu --sysroot=/tmp/musl-sysroot-aarch64 -Wall -Wno-unused-parameter -O3 -DNDEBUG -std=gnu11 -fno-lto -Werror=array-bounds -Werror=uninitialized -Werror=shadow -Werror=empty-body -Werror=sizeof-pointer-memaccess -Werror=sizeof-array-argument -Werror=suspicious-memaccess -Werror=builtin-memcpy-chk-size -Werror=array-bounds-pointer-arithmetic -Werror=return-stack-address -Werror=sizeof-array-decay -Werror=format-insufficient-args -Wformat -nostdinc++ -fno-builtin -fvisibility=hidden -fomit-frame-pointer -DCOMPILER_RT_HAS_FLOAT16 -MD -MT lib/builtins/CMakeFiles/clang_rt.builtins-aarch64.dir/aarch64/fp_mode.c.o -MF CMakeFiles/clang_rt.builtins-aarch64.dir/aarch64/fp_mode.c.o.d -o CMakeFiles/clang_rt.builtins-aarch64.dir/aarch64/fp_mode.c.o -c /llvm-project-21.1.8.src/compiler-rt/lib/builtins/aarch64/fp_mode.c
#26 6.501 [ 69%] Building ASM object lib/builtins/CMakeFiles/clang_rt.builtins-aarch64.dir/outline_atomic_helpers.dir/outline_atomic_cas1_1.S.o
#26 6.501 [ 69%] Building ASM object lib/builtins/CMakeFiles/clang_rt.builtins-aarch64.dir/aarch64/sme-libc-opt-memset-memchr.S.o
#26 6.501 [ 69%] Building ASM object lib/builtins/CMakeFiles/clang_rt.builtins-aarch64.dir/outline_atomic_helpers.dir/outline_atomic_cas1_2.S.o
#26 6.501 cd /tmp/build-rt-aarch64/lib/builtins && /usr/bin/clang -target aarch64-unknown-linux-gnu --sysroot=/tmp/musl-sysroot-aarch64 -DHAS_ASM_LSE -DVISIBILITY_HIDDEN -I/llvm-project-21.1.8.src/compiler-rt/lib/builtins/../../../third-party/siphash/include --target=aarch64-unknown-linux-gnu --sysroot=/tmp/musl-sysroot-aarch64 -O3 -DNDEBUG -fno-lto -Werror=array-bounds -Werror=uninitialized -Werror=shadow -Werror=empty-body -Werror=sizeof-pointer-memaccess -Werror=sizeof-array-argument -Werror=suspicious-memaccess -Werror=builtin-memcpy-chk-size -Werror=array-bounds-pointer-arithmetic -Werror=return-stack-address -Werror=sizeof-array-decay -Werror=format-insufficient-args -Wformat -nostdinc++ -fno-builtin -fvisibility=hidden -fomit-frame-pointer -DCOMPILER_RT_HAS_FLOAT16 -o CMakeFiles/clang_rt.builtins-aarch64.dir/aarch64/sme-abi.S.o -c /llvm-project-21.1.8.src/compiler-rt/lib/builtins/aarch64/sme-abi.S
#26 6.501 [ 69%] Building ASM object lib/builtins/CMakeFiles/clang_rt.builtins-aarch64.dir/outline_atomic_helpers.dir/outline_atomic_cas1_3.S.o
#26 6.501 cd /tmp/build-rt-aarch64/lib/builtins && /usr/bin/clang --target=aarch64-unknown-linux-gnu --sysroot=/tmp/musl-sysroot-aarch64 -DHAS_ASM_LSE -DVISIBILITY_HIDDEN -I/llvm-project-21.1.8.src/compiler-rt/lib/builtins/../../../third-party/siphash/include --target=aarch64-unknown-linux-gnu --sysroot=/tmp/musl-sysroot-aarch64 -Wall -Wno-unused-parameter -O3 -DNDEBUG -std=gnu11 -fno-lto -Werror=array-bounds -Werror=uninitialized -Werror=shadow -Werror=empty-body -Werror=sizeof-pointer-memaccess -Werror=sizeof-array-argument -Werror=suspicious-memaccess -Werror=builtin-memcpy-chk-size -Werror=array-bounds-pointer-arithmetic -Werror=return-stack-address -Werror=sizeof-array-decay -Werror=format-insufficient-args -Wformat -nostdinc++ -fno-builtin -fvisibility=hidden -fomit-frame-pointer -DCOMPILER_RT_HAS_FLOAT16 -MD -MT lib/builtins/CMakeFiles/clang_rt.builtins-aarch64.dir/aarch64/sme-abi-assert.c.o -MF CMakeFiles/clang_rt.builtins-aarch64.dir/aarch64/sme-abi-assert.c.o.d -o CMakeFiles/clang_rt.builtins-aarch64.dir/aarch64/sme-abi-assert.c.o -c /llvm-project-21.1.8.src/compiler-rt/lib/builtins/aarch64/sme-abi-assert.c
#26 6.501 cd /tmp/build-rt-aarch64/lib/builtins && /usr/bin/clang -target aarch64-unknown-linux-gnu --sysroot=/tmp/musl-sysroot-aarch64 -DHAS_ASM_LSE -DVISIBILITY_HIDDEN -I/llvm-project-21.1.8.src/compiler-rt/lib/builtins/../../../third-party/siphash/include --target=aarch64-unknown-linux-gnu --sysroot=/tmp/musl-sysroot-aarch64 -O3 -DNDEBUG -fno-lto -Werror=array-bounds -Werror=uninitialized -Werror=shadow -Werror=empty-body -Werror=sizeof-pointer-memaccess -Werror=sizeof-array-argument -Werror=suspicious-memaccess -Werror=builtin-memcpy-chk-size -Werror=array-bounds-pointer-arithmetic -Werror=return-stack-address -Werror=sizeof-array-decay -Werror=format-insufficient-args -Wformat -nostdinc++ -fno-builtin -fvisibility=hidden -fomit-frame-pointer -DCOMPILER_RT_HAS_FLOAT16 -o CMakeFiles/clang_rt.builtins-aarch64.dir/aarch64/sme-libc-opt-memcpy-memmove.S.o -c /llvm-project-21.1.8.src/compiler-rt/lib/builtins/aarch64/sme-libc-opt-memcpy-memmove.S
#26 6.502 cd /tmp/build-rt-aarch64/lib/builtins && /usr/bin/clang -target aarch64-unknown-linux-gnu --sysroot=/tmp/musl-sysroot-aarch64 -DHAS_ASM_LSE -DVISIBILITY_HIDDEN -I/llvm-project-21.1.8.src/compiler-rt/lib/builtins/../../../third-party/siphash/include --target=aarch64-unknown-linux-gnu --sysroot=/tmp/musl-sysroot-aarch64 -O3 -DNDEBUG -fno-lto -Werror=array-bounds -Werror=uninitialized -Werror=shadow -Werror=empty-body -Werror=sizeof-pointer-memaccess -Werror=sizeof-array-argument -Werror=suspicious-memaccess -Werror=builtin-memcpy-chk-size -Werror=array-bounds-pointer-arithmetic -Werror=return-stack-address -Werror=sizeof-array-decay -Werror=format-insufficient-args -Wformat -nostdinc++ -fno-builtin -fvisibility=hidden -fomit-frame-pointer -DCOMPILER_RT_HAS_FLOAT16 -o CMakeFiles/clang_rt.builtins-aarch64.dir/aarch64/sme-libc-opt-memset-memchr.S.o -c /llvm-project-21.1.8.src/compiler-rt/lib/builtins/aarch64/sme-libc-opt-memset-memchr.S
#26 6.502 [ 70%] Building ASM object lib/builtins/CMakeFiles/clang_rt.builtins-aarch64.dir/outline_atomic_helpers.dir/outline_atomic_cas1_5.S.o
#26 6.502 cd /tmp/build-rt-aarch64/lib/builtins && /usr/bin/clang -target aarch64-unknown-linux-gnu --sysroot=/tmp/musl-sysroot-aarch64 -DHAS_ASM_LSE -DVISIBILITY_HIDDEN -DL_cas -DMODEL=1 -DSIZE=1 -I/llvm-project-21.1.8.src/compiler-rt/lib/builtins -I/llvm-project-21.1.8.src/compiler-rt/lib/builtins/../../../third-party/siphash/include --target=aarch64-unknown-linux-gnu --sysroot=/tmp/musl-sysroot-aarch64 -O3 -DNDEBUG -fno-lto -Werror=array-bounds -Werror=uninitialized -Werror=shadow -Werror=empty-body -Werror=sizeof-pointer-memaccess -Werror=sizeof-array-argument -Werror=suspicious-memaccess -Werror=builtin-memcpy-chk-size -Werror=array-bounds-pointer-arithmetic -Werror=return-stack-address -Werror=sizeof-array-decay -Werror=format-insufficient-args -Wformat -nostdinc++ -fno-builtin -fvisibility=hidden -fomit-frame-pointer -DCOMPILER_RT_HAS_FLOAT16 -o CMakeFiles/clang_rt.builtins-aarch64.dir/outline_atomic_helpers.dir/outline_atomic_cas1_1.S.o -c /tmp/build-rt-aarch64/lib/builtins/outline_atomic_helpers.dir/outline_atomic_cas1_1.S
#26 6.502 cd /tmp/build-rt-aarch64/lib/builtins && /usr/bin/clang -target aarch64-unknown-linux-gnu --sysroot=/tmp/musl-sysroot-aarch64 -DHAS_ASM_LSE -DVISIBILITY_HIDDEN -DL_cas -DMODEL=2 -DSIZE=1 -I/llvm-project-21.1.8.src/compiler-rt/lib/builtins -I/llvm-project-21.1.8.src/compiler-rt/lib/builtins/../../../third-party/siphash/include --target=aarch64-unknown-linux-gnu --sysroot=/tmp/musl-sysroot-aarch64 -O3 -DNDEBUG -fno-lto -Werror=array-bounds -Werror=uninitialized -Werror=shadow -Werror=empty-body -Werror=sizeof-pointer-memaccess -Werror=sizeof-array-argument -Werror=suspicious-memaccess -Werror=builtin-memcpy-chk-size -Werror=array-bounds-pointer-arithmetic -Werror=return-stack-address -Werror=sizeof-array-decay -Werror=format-insufficient-args -Wformat -nostdinc++ -fno-builtin -fvisibility=hidden -fomit-frame-pointer -DCOMPILER_RT_HAS_FLOAT16 -o CMakeFiles/clang_rt.builtins-aarch64.dir/outline_atomic_helpers.dir/outline_atomic_cas1_2.S.o -c /tmp/build-rt-aarch64/lib/builtins/outline_atomic_helpers.dir/outline_atomic_cas1_2.S
#26 6.502 [ 70%] Building ASM object lib/builtins/CMakeFiles/clang_rt.builtins-aarch64.dir/outline_atomic_helpers.dir/outline_atomic_cas1_4.S.o
#26 6.502 [ 70%] Building ASM object lib/builtins/CMakeFiles/clang_rt.builtins-aarch64.dir/outline_atomic_helpers.dir/outline_atomic_cas2_1.S.o
#26 6.502 cd /tmp/build-rt-aarch64/lib/builtins && /usr/bin/clang -target aarch64-unknown-linux-gnu --sysroot=/tmp/musl-sysroot-aarch64 -DHAS_ASM_LSE -DVISIBILITY_HIDDEN -DL_cas -DMODEL=3 -DSIZE=1 -I/llvm-project-21.1.8.src/compiler-rt/lib/builtins -I/llvm-project-21.1.8.src/compiler-rt/lib/builtins/../../../third-party/siphash/include --target=aarch64-unknown-linux-gnu --sysroot=/tmp/musl-sysroot-aarch64 -O3 -DNDEBUG -fno-lto -Werror=array-bounds -Werror=uninitialized -Werror=shadow -Werror=empty-body -Werror=sizeof-pointer-memaccess -Werror=sizeof-array-argument -Werror=suspicious-memaccess -Werror=builtin-memcpy-chk-size -Werror=array-bounds-pointer-arithmetic -Werror=return-stack-address -Werror=sizeof-array-decay -Werror=format-insufficient-args -Wformat -nostdinc++ -fno-builtin -fvisibility=hidden -fomit-frame-pointer -DCOMPILER_RT_HAS_FLOAT16 -o CMakeFiles/clang_rt.builtins-aarch64.dir/outline_atomic_helpers.dir/outline_atomic_cas1_3.S.o -c /tmp/build-rt-aarch64/lib/builtins/outline_atomic_helpers.dir/outline_atomic_cas1_3.S
#26 6.502 cd /tmp/build-rt-aarch64/lib/builtins && /usr/bin/clang -target aarch64-unknown-linux-gnu --sysroot=/tmp/musl-sysroot-aarch64 -DHAS_ASM_LSE -DVISIBILITY_HIDDEN -DL_cas -DMODEL=5 -DSIZE=1 -I/llvm-project-21.1.8.src/compiler-rt/lib/builtins -I/llvm-project-21.1.8.src/compiler-rt/lib/builtins/../../../third-party/siphash/include --target=aarch64-unknown-linux-gnu --sysroot=/tmp/musl-sysroot-aarch64 -O3 -DNDEBUG -fno-lto -Werror=array-bounds -Werror=uninitialized -Werror=shadow -Werror=empty-body -Werror=sizeof-pointer-memaccess -Werror=sizeof-array-argument -Werror=suspicious-memaccess -Werror=builtin-memcpy-chk-size -Werror=array-bounds-pointer-arithmetic -Werror=return-stack-address -Werror=sizeof-array-decay -Werror=format-insufficient-args -Wformat -nostdinc++ -fno-builtin -fvisibility=hidden -fomit-frame-pointer -DCOMPILER_RT_HAS_FLOAT16 -o CMakeFiles/clang_rt.builtins-aarch64.dir/outline_atomic_helpers.dir/outline_atomic_cas1_5.S.o -c /tmp/build-rt-aarch64/lib/builtins/outline_atomic_helpers.dir/outline_atomic_cas1_5.S
#26 6.503 cd /tmp/build-rt-aarch64/lib/builtins && /usr/bin/clang -target aarch64-unknown-linux-gnu --sysroot=/tmp/musl-sysroot-aarch64 -DHAS_ASM_LSE -DVISIBILITY_HIDDEN -DL_cas -DMODEL=4 -DSIZE=1 -I/llvm-project-21.1.8.src/compiler-rt/lib/builtins -I/llvm-project-21.1.8.src/compiler-rt/lib/builtins/../../../third-party/siphash/include --target=aarch64-unknown-linux-gnu --sysroot=/tmp/musl-sysroot-aarch64 -O3 -DNDEBUG -fno-lto -Werror=array-bounds -Werror=uninitialized -Werror=shadow -Werror=empty-body -Werror=sizeof-pointer-memaccess -Werror=sizeof-array-argument -Werror=suspicious-memaccess -Werror=builtin-memcpy-chk-size -Werror=array-bounds-pointer-arithmetic -Werror=return-stack-address -Werror=sizeof-array-decay -Werror=format-insufficient-args -Wformat -nostdinc++ -fno-builtin -fvisibility=hidden -fomit-frame-pointer -DCOMPILER_RT_HAS_FLOAT16 -o CMakeFiles/clang_rt.builtins-aarch64.dir/outline_atomic_helpers.dir/outline_atomic_cas1_4.S.o -c /tmp/build-rt-aarch64/lib/builtins/outline_atomic_helpers.dir/outline_atomic_cas1_4.S
#26 6.503 [ 70%] Building ASM object lib/builtins/CMakeFiles/clang_rt.builtins-aarch64.dir/outline_atomic_helpers.dir/outline_atomic_cas2_3.S.o
#26 6.503 cd /tmp/build-rt-aarch64/lib/builtins && /usr/bin/clang -target aarch64-unknown-linux-gnu --sysroot=/tmp/musl-sysroot-aarch64 -DHAS_ASM_LSE -DVISIBILITY_HIDDEN -DL_cas -DMODEL=1 -DSIZE=2 -I/llvm-project-21.1.8.src/compiler-rt/lib/builtins -I/llvm-project-21.1.8.src/compiler-rt/lib/builtins/../../../third-party/siphash/include --target=aarch64-unknown-linux-gnu --sysroot=/tmp/musl-sysroot-aarch64 -O3 -DNDEBUG -fno-lto -Werror=array-bounds -Werror=uninitialized -Werror=shadow -Werror=empty-body -Werror=sizeof-pointer-memaccess -Werror=sizeof-array-argument -Werror=suspicious-memaccess -Werror=builtin-memcpy-chk-size -Werror=array-bounds-pointer-arithmetic -Werror=return-stack-address -Werror=sizeof-array-decay -Werror=format-insufficient-args -Wformat -nostdinc++ -fno-builtin -fvisibility=hidden -fomit-frame-pointer -DCOMPILER_RT_HAS_FLOAT16 -o CMakeFiles/clang_rt.builtins-aarch64.dir/outline_atomic_helpers.dir/outline_atomic_cas2_1.S.o -c /tmp/build-rt-aarch64/lib/builtins/outline_atomic_helpers.dir/outline_atomic_cas2_1.S
#26 6.503 [ 70%] Building ASM object lib/builtins/CMakeFiles/clang_rt.builtins-aarch64.dir/outline_atomic_helpers.dir/outline_atomic_cas2_2.S.o
#26 6.503 [ 71%] Building ASM object lib/builtins/CMakeFiles/clang_rt.builtins-aarch64.dir/outline_atomic_helpers.dir/outline_atomic_cas2_4.S.o
#26 6.504 cd /tmp/build-rt-aarch64/lib/builtins && /usr/bin/clang -target aarch64-unknown-linux-gnu --sysroot=/tmp/musl-sysroot-aarch64 -DHAS_ASM_LSE -DVISIBILITY_HIDDEN -DL_cas -DMODEL=3 -DSIZE=2 -I/llvm-project-21.1.8.src/compiler-rt/lib/builtins -I/llvm-project-21.1.8.src/compiler-rt/lib/builtins/../../../third-party/siphash/include --target=aarch64-unknown-linux-gnu --sysroot=/tmp/musl-sysroot-aarch64 -O3 -DNDEBUG -fno-lto -Werror=array-bounds -Werror=uninitialized -Werror=shadow -Werror=empty-body -Werror=sizeof-pointer-memaccess -Werror=sizeof-array-argument -Werror=suspicious-memaccess -Werror=builtin-memcpy-chk-size -Werror=array-bounds-pointer-arithmetic -Werror=return-stack-address -Werror=sizeof-array-decay -Werror=format-insufficient-args -Wformat -nostdinc++ -fno-builtin -fvisibility=hidden -fomit-frame-pointer -DCOMPILER_RT_HAS_FLOAT16 -o CMakeFiles/clang_rt.builtins-aarch64.dir/outline_atomic_helpers.dir/outline_atomic_cas2_3.S.o -c /tmp/build-rt-aarch64/lib/builtins/outline_atomic_helpers.dir/outline_atomic_cas2_3.S
#26 6.504 cd /tmp/build-rt-aarch64/lib/builtins && /usr/bin/clang -target aarch64-unknown-linux-gnu --sysroot=/tmp/musl-sysroot-aarch64 -DHAS_ASM_LSE -DVISIBILITY_HIDDEN -DL_cas -DMODEL=2 -DSIZE=2 -I/llvm-project-21.1.8.src/compiler-rt/lib/builtins -I/llvm-project-21.1.8.src/compiler-rt/lib/builtins/../../../third-party/siphash/include --target=aarch64-unknown-linux-gnu --sysroot=/tmp/musl-sysroot-aarch64 -O3 -DNDEBUG -fno-lto -Werror=array-bounds -Werror=uninitialized -Werror=shadow -Werror=empty-body -Werror=sizeof-pointer-memaccess -Werror=sizeof-array-argument -Werror=suspicious-memaccess -Werror=builtin-memcpy-chk-size -Werror=array-bounds-pointer-arithmetic -Werror=return-stack-address -Werror=sizeof-array-decay -Werror=format-insufficient-args -Wformat -nostdinc++ -fno-builtin -fvisibility=hidden -fomit-frame-pointer -DCOMPILER_RT_HAS_FLOAT16 -o CMakeFiles/clang_rt.builtins-aarch64.dir/outline_atomic_helpers.dir/outline_atomic_cas2_2.S.o -c /tmp/build-rt-aarch64/lib/builtins/outline_atomic_helpers.dir/outline_atomic_cas2_2.S
#26 6.504 cd /tmp/build-rt-aarch64/lib/builtins && /usr/bin/clang -target aarch64-unknown-linux-gnu --sysroot=/tmp/musl-sysroot-aarch64 -DHAS_ASM_LSE -DVISIBILITY_HIDDEN -DL_cas -DMODEL=4 -DSIZE=2 -I/llvm-project-21.1.8.src/compiler-rt/lib/builtins -I/llvm-project-21.1.8.src/compiler-rt/lib/builtins/../../../third-party/siphash/include --target=aarch64-unknown-linux-gnu --sysroot=/tmp/musl-sysroot-aarch64 -O3 -DNDEBUG -fno-lto -Werror=array-bounds -Werror=uninitialized -Werror=shadow -Werror=empty-body -Werror=sizeof-pointer-memaccess -Werror=sizeof-array-argument -Werror=suspicious-memaccess -Werror=builtin-memcpy-chk-size -Werror=array-bounds-pointer-arithmetic -Werror=return-stack-address -Werror=sizeof-array-decay -Werror=format-insufficient-args -Wformat -nostdinc++ -fno-builtin -fvisibility=hidden -fomit-frame-pointer -DCOMPILER_RT_HAS_FLOAT16 -o CMakeFiles/clang_rt.builtins-aarch64.dir/outline_atomic_helpers.dir/outline_atomic_cas2_4.S.o -c /tmp/build-rt-aarch64/lib/builtins/outline_atomic_helpers.dir/outline_atomic_cas2_4.S
#26 6.505 [ 71%] Building ASM object lib/builtins/CMakeFiles/clang_rt.builtins-aarch64.dir/outline_atomic_helpers.dir/outline_atomic_cas2_5.S.o
#26 6.505 [ 71%] Building ASM object lib/builtins/CMakeFiles/clang_rt.builtins-aarch64.dir/outline_atomic_helpers.dir/outline_atomic_cas4_1.S.o
#26 6.505 [ 71%] Building ASM object lib/builtins/CMakeFiles/clang_rt.builtins-aarch64.dir/outline_atomic_helpers.dir/outline_atomic_cas4_2.S.o
#26 6.505 cd /tmp/build-rt-aarch64/lib/builtins && /usr/bin/clang -target aarch64-unknown-linux-gnu --sysroot=/tmp/musl-sysroot-aarch64 -DHAS_ASM_LSE -DVISIBILITY_HIDDEN -DL_cas -DMODEL=5 -DSIZE=2 -I/llvm-project-21.1.8.src/compiler-rt/lib/builtins -I/llvm-project-21.1.8.src/compiler-rt/lib/builtins/../../../third-party/siphash/include --target=aarch64-unknown-linux-gnu --sysroot=/tmp/musl-sysroot-aarch64 -O3 -DNDEBUG -fno-lto -Werror=array-bounds -Werror=uninitialized -Werror=shadow -Werror=empty-body -Werror=sizeof-pointer-memaccess -Werror=sizeof-array-argument -Werror=suspicious-memaccess -Werror=builtin-memcpy-chk-size -Werror=array-bounds-pointer-arithmetic -Werror=return-stack-address -Werror=sizeof-array-decay -Werror=format-insufficient-args -Wformat -nostdinc++ -fno-builtin -fvisibility=hidden -fomit-frame-pointer -DCOMPILER_RT_HAS_FLOAT16 -o CMakeFiles/clang_rt.builtins-aarch64.dir/outline_atomic_helpers.dir/outline_atomic_cas2_5.S.o -c /tmp/build-rt-aarch64/lib/builtins/outline_atomic_helpers.dir/outline_atomic_cas2_5.S
#26 6.505 [ 72%] Building ASM object lib/builtins/CMakeFiles/clang_rt.builtins-aarch64.dir/outline_atomic_helpers.dir/outline_atomic_cas4_3.S.o
#26 6.506 [ 72%] Building ASM object lib/builtins/CMakeFiles/clang_rt.builtins-aarch64.dir/outline_atomic_helpers.dir/outline_atomic_cas4_4.S.o
#26 6.506 cd /tmp/build-rt-aarch64/lib/builtins && /usr/bin/clang -target aarch64-unknown-linux-gnu --sysroot=/tmp/musl-sysroot-aarch64 -DHAS_ASM_LSE -DVISIBILITY_HIDDEN -DL_cas -DMODEL=1 -DSIZE=4 -I/llvm-project-21.1.8.src/compiler-rt/lib/builtins -I/llvm-project-21.1.8.src/compiler-rt/lib/builtins/../../../third-party/siphash/include --target=aarch64-unknown-linux-gnu --sysroot=/tmp/musl-sysroot-aarch64 -O3 -DNDEBUG -fno-lto -Werror=array-bounds -Werror=uninitialized -Werror=shadow -Werror=empty-body -Werror=sizeof-pointer-memaccess -Werror=sizeof-array-argument -Werror=suspicious-memaccess -Werror=builtin-memcpy-chk-size -Werror=array-bounds-pointer-arithmetic -Werror=return-stack-address -Werror=sizeof-array-decay -Werror=format-insufficient-args -Wformat -nostdinc++ -fno-builtin -fvisibility=hidden -fomit-frame-pointer -DCOMPILER_RT_HAS_FLOAT16 -o CMakeFiles/clang_rt.builtins-aarch64.dir/outline_atomic_helpers.dir/outline_atomic_cas4_1.S.o -c /tmp/build-rt-aarch64/lib/builtins/outline_atomic_helpers.dir/outline_atomic_cas4_1.S
#26 6.506 cd /tmp/build-rt-aarch64/lib/builtins && /usr/bin/clang -target aarch64-unknown-linux-gnu --sysroot=/tmp/musl-sysroot-aarch64 -DHAS_ASM_LSE -DVISIBILITY_HIDDEN -DL_cas -DMODEL=2 -DSIZE=4 -I/llvm-project-21.1.8.src/compiler-rt/lib/builtins -I/llvm-project-21.1.8.src/compiler-rt/lib/builtins/../../../third-party/siphash/include --target=aarch64-unknown-linux-gnu --sysroot=/tmp/musl-sysroot-aarch64 -O3 -DNDEBUG -fno-lto -Werror=array-bounds -Werror=uninitialized -Werror=shadow -Werror=empty-body -Werror=sizeof-pointer-memaccess -Werror=sizeof-array-argument -Werror=suspicious-memaccess -Werror=builtin-memcpy-chk-size -Werror=array-bounds-pointer-arithmetic -Werror=return-stack-address -Werror=sizeof-array-decay -Werror=format-insufficient-args -Wformat -nostdinc++ -fno-builtin -fvisibility=hidden -fomit-frame-pointer -DCOMPILER_RT_HAS_FLOAT16 -o CMakeFiles/clang_rt.builtins-aarch64.dir/outline_atomic_helpers.dir/outline_atomic_cas4_2.S.o -c /tmp/build-rt-aarch64/lib/builtins/outline_atomic_helpers.dir/outline_atomic_cas4_2.S
#26 6.506 cd /tmp/build-rt-aarch64/lib/builtins && /usr/bin/clang -target aarch64-unknown-linux-gnu --sysroot=/tmp/musl-sysroot-aarch64 -DHAS_ASM_LSE -DVISIBILITY_HIDDEN -DL_cas -DMODEL=3 -DSIZE=4 -I/llvm-project-21.1.8.src/compiler-rt/lib/builtins -I/llvm-project-21.1.8.src/compiler-rt/lib/builtins/../../../third-party/siphash/include --target=aarch64-unknown-linux-gnu --sysroot=/tmp/musl-sysroot-aarch64 -O3 -DNDEBUG -fno-lto -Werror=array-bounds -Werror=uninitialized -Werror=shadow -Werror=empty-body -Werror=sizeof-pointer-memaccess -Werror=sizeof-array-argument -Werror=suspicious-memaccess -Werror=builtin-memcpy-chk-size -Werror=array-bounds-pointer-arithmetic -Werror=return-stack-address -Werror=sizeof-array-decay -Werror=format-insufficient-args -Wformat -nostdinc++ -fno-builtin -fvisibility=hidden -fomit-frame-pointer -DCOMPILER_RT_HAS_FLOAT16 -o CMakeFiles/clang_rt.builtins-aarch64.dir/outline_atomic_helpers.dir/outline_atomic_cas4_3.S.o -c /tmp/build-rt-aarch64/lib/builtins/outline_atomic_helpers.dir/outline_atomic_cas4_3.S
#26 6.507 [ 72%] Building ASM object lib/builtins/CMakeFiles/clang_rt.builtins-aarch64.dir/outline_atomic_helpers.dir/outline_atomic_cas8_1.S.o
#26 6.507 [ 72%] Building ASM object lib/builtins/CMakeFiles/clang_rt.builtins-aarch64.dir/outline_atomic_helpers.dir/outline_atomic_cas4_5.S.o
#26 6.507 cd /tmp/build-rt-aarch64/lib/builtins && /usr/bin/clang -target aarch64-unknown-linux-gnu --sysroot=/tmp/musl-sysroot-aarch64 -DHAS_ASM_LSE -DVISIBILITY_HIDDEN -DL_cas -DMODEL=4 -DSIZE=4 -I/llvm-project-21.1.8.src/compiler-rt/lib/builtins -I/llvm-project-21.1.8.src/compiler-rt/lib/builtins/../../../third-party/siphash/include --target=aarch64-unknown-linux-gnu --sysroot=/tmp/musl-sysroot-aarch64 -O3 -DNDEBUG -fno-lto -Werror=array-bounds -Werror=uninitialized -Werror=shadow -Werror=empty-body -Werror=sizeof-pointer-memaccess -Werror=sizeof-array-argument -Werror=suspicious-memaccess -Werror=builtin-memcpy-chk-size -Werror=array-bounds-pointer-arithmetic -Werror=return-stack-address -Werror=sizeof-array-decay -Werror=format-insufficient-args -Wformat -nostdinc++ -fno-builtin -fvisibility=hidden -fomit-frame-pointer -DCOMPILER_RT_HAS_FLOAT16 -o CMakeFiles/clang_rt.builtins-aarch64.dir/outline_atomic_helpers.dir/outline_atomic_cas4_4.S.o -c /tmp/build-rt-aarch64/lib/builtins/outline_atomic_helpers.dir/outline_atomic_cas4_4.S
#26 6.507 [ 73%] Building ASM object lib/builtins/CMakeFiles/clang_rt.builtins-aarch64.dir/outline_atomic_helpers.dir/outline_atomic_cas8_2.S.o
#26 6.507 cd /tmp/build-rt-aarch64/lib/builtins && /usr/bin/clang -target aarch64-unknown-linux-gnu --sysroot=/tmp/musl-sysroot-aarch64 -DHAS_ASM_LSE -DVISIBILITY_HIDDEN -DL_cas -DMODEL=1 -DSIZE=8 -I/llvm-project-21.1.8.src/compiler-rt/lib/builtins -I/llvm-project-21.1.8.src/compiler-rt/lib/builtins/../../../third-party/siphash/include --target=aarch64-unknown-linux-gnu --sysroot=/tmp/musl-sysroot-aarch64 -O3 -DNDEBUG -fno-lto -Werror=array-bounds -Werror=uninitialized -Werror=shadow -Werror=empty-body -Werror=sizeof-pointer-memaccess -Werror=sizeof-array-argument -Werror=suspicious-memaccess -Werror=builtin-memcpy-chk-size -Werror=array-bounds-pointer-arithmetic -Werror=return-stack-address -Werror=sizeof-array-decay -Werror=format-insufficient-args -Wformat -nostdinc++ -fno-builtin -fvisibility=hidden -fomit-frame-pointer -DCOMPILER_RT_HAS_FLOAT16 -o CMakeFiles/clang_rt.builtins-aarch64.dir/outline_atomic_helpers.dir/outline_atomic_cas8_1.S.o -c /tmp/build-rt-aarch64/lib/builtins/outline_atomic_helpers.dir/outline_atomic_cas8_1.S
#26 6.507 cd /tmp/build-rt-aarch64/lib/builtins && /usr/bin/clang -target aarch64-unknown-linux-gnu --sysroot=/tmp/musl-sysroot-aarch64 -DHAS_ASM_LSE -DVISIBILITY_HIDDEN -DL_cas -DMODEL=5 -DSIZE=4 -I/llvm-project-21.1.8.src/compiler-rt/lib/builtins -I/llvm-project-21.1.8.src/compiler-rt/lib/builtins/../../../third-party/siphash/include --target=aarch64-unknown-linux-gnu --sysroot=/tmp/musl-sysroot-aarch64 -O3 -DNDEBUG -fno-lto -Werror=array-bounds -Werror=uninitialized -Werror=shadow -Werror=empty-body -Werror=sizeof-pointer-memaccess -Werror=sizeof-array-argument -Werror=suspicious-memaccess -Werror=builtin-memcpy-chk-size -Werror=array-bounds-pointer-arithmetic -Werror=return-stack-address -Werror=sizeof-array-decay -Werror=format-insufficient-args -Wformat -nostdinc++ -fno-builtin -fvisibility=hidden -fomit-frame-pointer -DCOMPILER_RT_HAS_FLOAT16 -o CMakeFiles/clang_rt.builtins-aarch64.dir/outline_atomic_helpers.dir/outline_atomic_cas4_5.S.o -c /tmp/build-rt-aarch64/lib/builtins/outline_atomic_helpers.dir/outline_atomic_cas4_5.S
#26 6.508 [ 73%] Building ASM object lib/builtins/CMakeFiles/clang_rt.builtins-aarch64.dir/outline_atomic_helpers.dir/outline_atomic_cas8_3.S.o
#26 6.508 [ 73%] Building ASM object lib/builtins/CMakeFiles/clang_rt.builtins-aarch64.dir/outline_atomic_helpers.dir/outline_atomic_cas8_4.S.o
#26 6.508 cd /tmp/build-rt-aarch64/lib/builtins && /usr/bin/clang -target aarch64-unknown-linux-gnu --sysroot=/tmp/musl-sysroot-aarch64 -DHAS_ASM_LSE -DVISIBILITY_HIDDEN -DL_cas -DMODEL=2 -DSIZE=8 -I/llvm-project-21.1.8.src/compiler-rt/lib/builtins -I/llvm-project-21.1.8.src/compiler-rt/lib/builtins/../../../third-party/siphash/include --target=aarch64-unknown-linux-gnu --sysroot=/tmp/musl-sysroot-aarch64 -O3 -DNDEBUG -fno-lto -Werror=array-bounds -Werror=uninitialized -Werror=shadow -Werror=empty-body -Werror=sizeof-pointer-memaccess -Werror=sizeof-array-argument -Werror=suspicious-memaccess -Werror=builtin-memcpy-chk-size -Werror=array-bounds-pointer-arithmetic -Werror=return-stack-address -Werror=sizeof-array-decay -Werror=format-insufficient-args -Wformat -nostdinc++ -fno-builtin -fvisibility=hidden -fomit-frame-pointer -DCOMPILER_RT_HAS_FLOAT16 -o CMakeFiles/clang_rt.builtins-aarch64.dir/outline_atomic_helpers.dir/outline_atomic_cas8_2.S.o -c /tmp/build-rt-aarch64/lib/builtins/outline_atomic_helpers.dir/outline_atomic_cas8_2.S
#26 6.508 [ 74%] Building ASM object lib/builtins/CMakeFiles/clang_rt.builtins-aarch64.dir/outline_atomic_helpers.dir/outline_atomic_cas16_1.S.o
#26 6.508 [ 74%] Building ASM object lib/builtins/CMakeFiles/clang_rt.builtins-aarch64.dir/outline_atomic_helpers.dir/outline_atomic_cas16_2.S.o
#26 6.509 cd /tmp/build-rt-aarch64/lib/builtins && /usr/bin/clang -target aarch64-unknown-linux-gnu --sysroot=/tmp/musl-sysroot-aarch64 -DHAS_ASM_LSE -DVISIBILITY_HIDDEN -DL_cas -DMODEL=3 -DSIZE=8 -I/llvm-project-21.1.8.src/compiler-rt/lib/builtins -I/llvm-project-21.1.8.src/compiler-rt/lib/builtins/../../../third-party/siphash/include --target=aarch64-unknown-linux-gnu --sysroot=/tmp/musl-sysroot-aarch64 -O3 -DNDEBUG -fno-lto -Werror=array-bounds -Werror=uninitialized -Werror=shadow -Werror=empty-body -Werror=sizeof-pointer-memaccess -Werror=sizeof-array-argument -Werror=suspicious-memaccess -Werror=builtin-memcpy-chk-size -Werror=array-bounds-pointer-arithmetic -Werror=return-stack-address -Werror=sizeof-array-decay -Werror=format-insufficient-args -Wformat -nostdinc++ -fno-builtin -fvisibility=hidden -fomit-frame-pointer -DCOMPILER_RT_HAS_FLOAT16 -o CMakeFiles/clang_rt.builtins-aarch64.dir/outline_atomic_helpers.dir/outline_atomic_cas8_3.S.o -c /tmp/build-rt-aarch64/lib/builtins/outline_atomic_helpers.dir/outline_atomic_cas8_3.S
#26 6.509 [ 74%] Building ASM object lib/builtins/CMakeFiles/clang_rt.builtins-aarch64.dir/outline_atomic_helpers.dir/outline_atomic_cas8_5.S.o
#26 6.509 [ 74%] Building ASM object lib/builtins/CMakeFiles/clang_rt.builtins-aarch64.dir/outline_atomic_helpers.dir/outline_atomic_cas16_3.S.o
#26 6.509 cd /tmp/build-rt-aarch64/lib/builtins && /usr/bin/clang -target aarch64-unknown-linux-gnu --sysroot=/tmp/musl-sysroot-aarch64 -DHAS_ASM_LSE -DVISIBILITY_HIDDEN -DL_cas -DMODEL=4 -DSIZE=8 -I/llvm-project-21.1.8.src/compiler-rt/lib/builtins -I/llvm-project-21.1.8.src/compiler-rt/lib/builtins/../../../third-party/siphash/include --target=aarch64-unknown-linux-gnu --sysroot=/tmp/musl-sysroot-aarch64 -O3 -DNDEBUG -fno-lto -Werror=array-bounds -Werror=uninitialized -Werror=shadow -Werror=empty-body -Werror=sizeof-pointer-memaccess -Werror=sizeof-array-argument -Werror=suspicious-memaccess -Werror=builtin-memcpy-chk-size -Werror=array-bounds-pointer-arithmetic -Werror=return-stack-address -Werror=sizeof-array-decay -Werror=format-insufficient-args -Wformat -nostdinc++ -fno-builtin -fvisibility=hidden -fomit-frame-pointer -DCOMPILER_RT_HAS_FLOAT16 -o CMakeFiles/clang_rt.builtins-aarch64.dir/outline_atomic_helpers.dir/outline_atomic_cas8_4.S.o -c /tmp/build-rt-aarch64/lib/builtins/outline_atomic_helpers.dir/outline_atomic_cas8_4.S
#26 6.509 [ 74%] Building ASM object lib/builtins/CMakeFiles/clang_rt.builtins-aarch64.dir/outline_atomic_helpers.dir/outline_atomic_cas16_4.S.o
#26 6.509 cd /tmp/build-rt-aarch64/lib/builtins && /usr/bin/clang -target aarch64-unknown-linux-gnu --sysroot=/tmp/musl-sysroot-aarch64 -DHAS_ASM_LSE -DVISIBILITY_HIDDEN -DL_cas -DMODEL=1 -DSIZE=16 -I/llvm-project-21.1.8.src/compiler-rt/lib/builtins -I/llvm-project-21.1.8.src/compiler-rt/lib/builtins/../../../third-party/siphash/include --target=aarch64-unknown-linux-gnu --sysroot=/tmp/musl-sysroot-aarch64 -O3 -DNDEBUG -fno-lto -Werror=array-bounds -Werror=uninitialized -Werror=shadow -Werror=empty-body -Werror=sizeof-pointer-memaccess -Werror=sizeof-array-argument -Werror=suspicious-memaccess -Werror=builtin-memcpy-chk-size -Werror=array-bounds-pointer-arithmetic -Werror=return-stack-address -Werror=sizeof-array-decay -Werror=format-insufficient-args -Wformat -nostdinc++ -fno-builtin -fvisibility=hidden -fomit-frame-pointer -DCOMPILER_RT_HAS_FLOAT16 -o CMakeFiles/clang_rt.builtins-aarch64.dir/outline_atomic_helpers.dir/outline_atomic_cas16_1.S.o -c /tmp/build-rt-aarch64/lib/builtins/outline_atomic_helpers.dir/outline_atomic_cas16_1.S
#26 6.509 cd /tmp/build-rt-aarch64/lib/builtins && /usr/bin/clang -target aarch64-unknown-linux-gnu --sysroot=/tmp/musl-sysroot-aarch64 -DHAS_ASM_LSE -DVISIBILITY_HIDDEN -DL_cas -DMODEL=2 -DSIZE=16 -I/llvm-project-21.1.8.src/compiler-rt/lib/builtins -I/llvm-project-21.1.8.src/compiler-rt/lib/builtins/../../../third-party/siphash/include --target=aarch64-unknown-linux-gnu --sysroot=/tmp/musl-sysroot-aarch64 -O3 -DNDEBUG -fno-lto -Werror=array-bounds -Werror=uninitialized -Werror=shadow -Werror=empty-body -Werror=sizeof-pointer-memaccess -Werror=sizeof-array-argument -Werror=suspicious-memaccess -Werror=builtin-memcpy-chk-size -Werror=array-bounds-pointer-arithmetic -Werror=return-stack-address -Werror=sizeof-array-decay -Werror=format-insufficient-args -Wformat -nostdinc++ -fno-builtin -fvisibility=hidden -fomit-frame-pointer -DCOMPILER_RT_HAS_FLOAT16 -o CMakeFiles/clang_rt.builtins-aarch64.dir/outline_atomic_helpers.dir/outline_atomic_cas16_2.S.o -c /tmp/build-rt-aarch64/lib/builtins/outline_atomic_helpers.dir/outline_atomic_cas16_2.S
#26 6.510 [ 74%] Building ASM object lib/builtins/CMakeFiles/clang_rt.builtins-aarch64.dir/outline_atomic_helpers.dir/outline_atomic_cas16_5.S.o
#26 6.510 cd /tmp/build-rt-aarch64/lib/builtins && /usr/bin/clang -target aarch64-unknown-linux-gnu --sysroot=/tmp/musl-sysroot-aarch64 -DHAS_ASM_LSE -DVISIBILITY_HIDDEN -DL_cas -DMODEL=5 -DSIZE=8 -I/llvm-project-21.1.8.src/compiler-rt/lib/builtins -I/llvm-project-21.1.8.src/compiler-rt/lib/builtins/../../../third-party/siphash/include --target=aarch64-unknown-linux-gnu --sysroot=/tmp/musl-sysroot-aarch64 -O3 -DNDEBUG -fno-lto -Werror=array-bounds -Werror=uninitialized -Werror=shadow -Werror=empty-body -Werror=sizeof-pointer-memaccess -Werror=sizeof-array-argument -Werror=suspicious-memaccess -Werror=builtin-memcpy-chk-size -Werror=array-bounds-pointer-arithmetic -Werror=return-stack-address -Werror=sizeof-array-decay -Werror=format-insufficient-args -Wformat -nostdinc++ -fno-builtin -fvisibility=hidden -fomit-frame-pointer -DCOMPILER_RT_HAS_FLOAT16 -o CMakeFiles/clang_rt.builtins-aarch64.dir/outline_atomic_helpers.dir/outline_atomic_cas8_5.S.o -c /tmp/build-rt-aarch64/lib/builtins/outline_atomic_helpers.dir/outline_atomic_cas8_5.S
#26 6.510 cd /tmp/build-rt-aarch64/lib/builtins && /usr/bin/clang -target aarch64-unknown-linux-gnu --sysroot=/tmp/musl-sysroot-aarch64 -DHAS_ASM_LSE -DVISIBILITY_HIDDEN -DL_cas -DMODEL=3 -DSIZE=16 -I/llvm-project-21.1.8.src/compiler-rt/lib/builtins -I/llvm-project-21.1.8.src/compiler-rt/lib/builtins/../../../third-party/siphash/include --target=aarch64-unknown-linux-gnu --sysroot=/tmp/musl-sysroot-aarch64 -O3 -DNDEBUG -fno-lto -Werror=array-bounds -Werror=uninitialized -Werror=shadow -Werror=empty-body -Werror=sizeof-pointer-memaccess -Werror=sizeof-array-argument -Werror=suspicious-memaccess -Werror=builtin-memcpy-chk-size -Werror=array-bounds-pointer-arithmetic -Werror=return-stack-address -Werror=sizeof-array-decay -Werror=format-insufficient-args -Wformat -nostdinc++ -fno-builtin -fvisibility=hidden -fomit-frame-pointer -DCOMPILER_RT_HAS_FLOAT16 -o CMakeFiles/clang_rt.builtins-aarch64.dir/outline_atomic_helpers.dir/outline_atomic_cas16_3.S.o -c /tmp/build-rt-aarch64/lib/builtins/outline_atomic_helpers.dir/outline_atomic_cas16_3.S
#26 6.510 [ 75%] Building ASM object lib/builtins/CMakeFiles/clang_rt.builtins-aarch64.dir/outline_atomic_helpers.dir/outline_atomic_swp1_2.S.o
#26 6.510 [ 75%] Building ASM object lib/builtins/CMakeFiles/clang_rt.builtins-aarch64.dir/outline_atomic_helpers.dir/outline_atomic_swp1_1.S.o
#26 6.510 cd /tmp/build-rt-aarch64/lib/builtins && /usr/bin/clang -target aarch64-unknown-linux-gnu --sysroot=/tmp/musl-sysroot-aarch64 -DHAS_ASM_LSE -DVISIBILITY_HIDDEN -DL_cas -DMODEL=4 -DSIZE=16 -I/llvm-project-21.1.8.src/compiler-rt/lib/builtins -I/llvm-project-21.1.8.src/compiler-rt/lib/builtins/../../../third-party/siphash/include --target=aarch64-unknown-linux-gnu --sysroot=/tmp/musl-sysroot-aarch64 -O3 -DNDEBUG -fno-lto -Werror=array-bounds -Werror=uninitialized -Werror=shadow -Werror=empty-body -Werror=sizeof-pointer-memaccess -Werror=sizeof-array-argument -Werror=suspicious-memaccess -Werror=builtin-memcpy-chk-size -Werror=array-bounds-pointer-arithmetic -Werror=return-stack-address -Werror=sizeof-array-decay -Werror=format-insufficient-args -Wformat -nostdinc++ -fno-builtin -fvisibility=hidden -fomit-frame-pointer -DCOMPILER_RT_HAS_FLOAT16 -o CMakeFiles/clang_rt.builtins-aarch64.dir/outline_atomic_helpers.dir/outline_atomic_cas16_4.S.o -c /tmp/build-rt-aarch64/lib/builtins/outline_atomic_helpers.dir/outline_atomic_cas16_4.S
#26 6.510 [ 76%] Building ASM object lib/builtins/CMakeFiles/clang_rt.builtins-aarch64.dir/outline_atomic_helpers.dir/outline_atomic_swp1_5.S.o
#26 6.510 [ 76%] Building ASM object lib/builtins/CMakeFiles/clang_rt.builtins-aarch64.dir/outline_atomic_helpers.dir/outline_atomic_swp1_4.S.o
#26 6.511 [ 76%] Building ASM object lib/builtins/CMakeFiles/clang_rt.builtins-aarch64.dir/outline_atomic_helpers.dir/outline_atomic_swp2_1.S.o
#26 6.511 [ 76%] Building ASM object lib/builtins/CMakeFiles/clang_rt.builtins-aarch64.dir/outline_atomic_helpers.dir/outline_atomic_swp1_3.S.o
#26 6.511 [ 76%] Building ASM object lib/builtins/CMakeFiles/clang_rt.builtins-aarch64.dir/outline_atomic_helpers.dir/outline_atomic_swp2_2.S.o
#26 6.512 [ 76%] Building ASM object lib/builtins/CMakeFiles/clang_rt.builtins-aarch64.dir/outline_atomic_helpers.dir/outline_atomic_swp2_3.S.o
#26 6.512 [ 77%] Building ASM object lib/builtins/CMakeFiles/clang_rt.builtins-aarch64.dir/outline_atomic_helpers.dir/outline_atomic_swp2_4.S.o
#26 6.513 [ 77%] Building ASM object lib/builtins/CMakeFiles/clang_rt.builtins-aarch64.dir/outline_atomic_helpers.dir/outline_atomic_swp2_5.S.o
#26 6.514 cd /tmp/build-rt-aarch64/lib/builtins && /usr/bin/clang -target aarch64-unknown-linux-gnu --sysroot=/tmp/musl-sysroot-aarch64 -DHAS_ASM_LSE -DVISIBILITY_HIDDEN -DL_cas -DMODEL=5 -DSIZE=16 -I/llvm-project-21.1.8.src/compiler-rt/lib/builtins -I/llvm-project-21.1.8.src/compiler-rt/lib/builtins/../../../third-party/siphash/include --target=aarch64-unknown-linux-gnu --sysroot=/tmp/musl-sysroot-aarch64 -O3 -DNDEBUG -fno-lto -Werror=array-bounds -Werror=uninitialized -Werror=shadow -Werror=empty-body -Werror=sizeof-pointer-memaccess -Werror=sizeof-array-argument -Werror=suspicious-memaccess -Werror=builtin-memcpy-chk-size -Werror=array-bounds-pointer-arithmetic -Werror=return-stack-address -Werror=sizeof-array-decay -Werror=format-insufficient-args -Wformat -nostdinc++ -fno-builtin -fvisibility=hidden -fomit-frame-pointer -DCOMPILER_RT_HAS_FLOAT16 -o CMakeFiles/clang_rt.builtins-aarch64.dir/outline_atomic_helpers.dir/outline_atomic_cas16_5.S.o -c /tmp/build-rt-aarch64/lib/builtins/outline_atomic_helpers.dir/outline_atomic_cas16_5.S
#26 6.514 cd /tmp/build-rt-aarch64/lib/builtins && /usr/bin/clang -target aarch64-unknown-linux-gnu --sysroot=/tmp/musl-sysroot-aarch64 -DHAS_ASM_LSE -DVISIBILITY_HIDDEN -DL_swp -DMODEL=1 -DSIZE=1 -I/llvm-project-21.1.8.src/compiler-rt/lib/builtins -I/llvm-project-21.1.8.src/compiler-rt/lib/builtins/../../../third-party/siphash/include --target=aarch64-unknown-linux-gnu --sysroot=/tmp/musl-sysroot-aarch64 -O3 -DNDEBUG -fno-lto -Werror=array-bounds -Werror=uninitialized -Werror=shadow -Werror=empty-body -Werror=sizeof-pointer-memaccess -Werror=sizeof-array-argument -Werror=suspicious-memaccess -Werror=builtin-memcpy-chk-size -Werror=array-bounds-pointer-arithmetic -Werror=return-stack-address -Werror=sizeof-array-decay -Werror=format-insufficient-args -Wformat -nostdinc++ -fno-builtin -fvisibility=hidden -fomit-frame-pointer -DCOMPILER_RT_HAS_FLOAT16 -o CMakeFiles/clang_rt.builtins-aarch64.dir/outline_atomic_helpers.dir/outline_atomic_swp1_1.S.o -c /tmp/build-rt-aarch64/lib/builtins/outline_atomic_helpers.dir/outline_atomic_swp1_1.S
#26 6.514 cd /tmp/build-rt-aarch64/lib/builtins && /usr/bin/clang -target aarch64-unknown-linux-gnu --sysroot=/tmp/musl-sysroot-aarch64 -DHAS_ASM_LSE -DVISIBILITY_HIDDEN -DL_swp -DMODEL=2 -DSIZE=1 -I/llvm-project-21.1.8.src/compiler-rt/lib/builtins -I/llvm-project-21.1.8.src/compiler-rt/lib/builtins/../../../third-party/siphash/include --target=aarch64-unknown-linux-gnu --sysroot=/tmp/musl-sysroot-aarch64 -O3 -DNDEBUG -fno-lto -Werror=array-bounds -Werror=uninitialized -Werror=shadow -Werror=empty-body -Werror=sizeof-pointer-memaccess -Werror=sizeof-array-argument -Werror=suspicious-memaccess -Werror=builtin-memcpy-chk-size -Werror=array-bounds-pointer-arithmetic -Werror=return-stack-address -Werror=sizeof-array-decay -Werror=format-insufficient-args -Wformat -nostdinc++ -fno-builtin -fvisibility=hidden -fomit-frame-pointer -DCOMPILER_RT_HAS_FLOAT16 -o CMakeFiles/clang_rt.builtins-aarch64.dir/outline_atomic_helpers.dir/outline_atomic_swp1_2.S.o -c /tmp/build-rt-aarch64/lib/builtins/outline_atomic_helpers.dir/outline_atomic_swp1_2.S
#26 6.516 [ 77%] Building ASM object lib/builtins/CMakeFiles/clang_rt.builtins-aarch64.dir/outline_atomic_helpers.dir/outline_atomic_swp4_1.S.o
#26 6.516 cd /tmp/build-rt-aarch64/lib/builtins && /usr/bin/clang -target aarch64-unknown-linux-gnu --sysroot=/tmp/musl-sysroot-aarch64 -DHAS_ASM_LSE -DVISIBILITY_HIDDEN -DL_swp -DMODEL=3 -DSIZE=1 -I/llvm-project-21.1.8.src/compiler-rt/lib/builtins -I/llvm-project-21.1.8.src/compiler-rt/lib/builtins/../../../third-party/siphash/include --target=aarch64-unknown-linux-gnu --sysroot=/tmp/musl-sysroot-aarch64 -O3 -DNDEBUG -fno-lto -Werror=array-bounds -Werror=uninitialized -Werror=shadow -Werror=empty-body -Werror=sizeof-pointer-memaccess -Werror=sizeof-array-argument -Werror=suspicious-memaccess -Werror=builtin-memcpy-chk-size -Werror=array-bounds-pointer-arithmetic -Werror=return-stack-address -Werror=sizeof-array-decay -Werror=format-insufficient-args -Wformat -nostdinc++ -fno-builtin -fvisibility=hidden -fomit-frame-pointer -DCOMPILER_RT_HAS_FLOAT16 -o CMakeFiles/clang_rt.builtins-aarch64.dir/outline_atomic_helpers.dir/outline_atomic_swp1_3.S.o -c /tmp/build-rt-aarch64/lib/builtins/outline_atomic_helpers.dir/outline_atomic_swp1_3.S
#26 6.517 cd /tmp/build-rt-aarch64/lib/builtins && /usr/bin/clang -target aarch64-unknown-linux-gnu --sysroot=/tmp/musl-sysroot-aarch64 -DHAS_ASM_LSE -DVISIBILITY_HIDDEN -DL_swp -DMODEL=4 -DSIZE=1 -I/llvm-project-21.1.8.src/compiler-rt/lib/builtins -I/llvm-project-21.1.8.src/compiler-rt/lib/builtins/../../../third-party/siphash/include --target=aarch64-unknown-linux-gnu --sysroot=/tmp/musl-sysroot-aarch64 -O3 -DNDEBUG -fno-lto -Werror=array-bounds -Werror=uninitialized -Werror=shadow -Werror=empty-body -Werror=sizeof-pointer-memaccess -Werror=sizeof-array-argument -Werror=suspicious-memaccess -Werror=builtin-memcpy-chk-size -Werror=array-bounds-pointer-arithmetic -Werror=return-stack-address -Werror=sizeof-array-decay -Werror=format-insufficient-args -Wformat -nostdinc++ -fno-builtin -fvisibility=hidden -fomit-frame-pointer -DCOMPILER_RT_HAS_FLOAT16 -o CMakeFiles/clang_rt.builtins-aarch64.dir/outline_atomic_helpers.dir/outline_atomic_swp1_4.S.o -c /tmp/build-rt-aarch64/lib/builtins/outline_atomic_helpers.dir/outline_atomic_swp1_4.S
#26 6.517 cd /tmp/build-rt-aarch64/lib/builtins && /usr/bin/clang -target aarch64-unknown-linux-gnu --sysroot=/tmp/musl-sysroot-aarch64 -DHAS_ASM_LSE -DVISIBILITY_HIDDEN -DL_swp -DMODEL=5 -DSIZE=1 -I/llvm-project-21.1.8.src/compiler-rt/lib/builtins -I/llvm-project-21.1.8.src/compiler-rt/lib/builtins/../../../third-party/siphash/include --target=aarch64-unknown-linux-gnu --sysroot=/tmp/musl-sysroot-aarch64 -O3 -DNDEBUG -fno-lto -Werror=array-bounds -Werror=uninitialized -Werror=shadow -Werror=empty-body -Werror=sizeof-pointer-memaccess -Werror=sizeof-array-argument -Werror=suspicious-memaccess -Werror=builtin-memcpy-chk-size -Werror=array-bounds-pointer-arithmetic -Werror=return-stack-address -Werror=sizeof-array-decay -Werror=format-insufficient-args -Wformat -nostdinc++ -fno-builtin -fvisibility=hidden -fomit-frame-pointer -DCOMPILER_RT_HAS_FLOAT16 -o CMakeFiles/clang_rt.builtins-aarch64.dir/outline_atomic_helpers.dir/outline_atomic_swp1_5.S.o -c /tmp/build-rt-aarch64/lib/builtins/outline_atomic_helpers.dir/outline_atomic_swp1_5.S
#26 6.517 cd /tmp/build-rt-aarch64/lib/builtins && /usr/bin/clang -target aarch64-unknown-linux-gnu --sysroot=/tmp/musl-sysroot-aarch64 -DHAS_ASM_LSE -DVISIBILITY_HIDDEN -DL_swp -DMODEL=1 -DSIZE=2 -I/llvm-project-21.1.8.src/compiler-rt/lib/builtins -I/llvm-project-21.1.8.src/compiler-rt/lib/builtins/../../../third-party/siphash/include --target=aarch64-unknown-linux-gnu --sysroot=/tmp/musl-sysroot-aarch64 -O3 -DNDEBUG -fno-lto -Werror=array-bounds -Werror=uninitialized -Werror=shadow -Werror=empty-body -Werror=sizeof-pointer-memaccess -Werror=sizeof-array-argument -Werror=suspicious-memaccess -Werror=builtin-memcpy-chk-size -Werror=array-bounds-pointer-arithmetic -Werror=return-stack-address -Werror=sizeof-array-decay -Werror=format-insufficient-args -Wformat -nostdinc++ -fno-builtin -fvisibility=hidden -fomit-frame-pointer -DCOMPILER_RT_HAS_FLOAT16 -o CMakeFiles/clang_rt.builtins-aarch64.dir/outline_atomic_helpers.dir/outline_atomic_swp2_1.S.o -c /tmp/build-rt-aarch64/lib/builtins/outline_atomic_helpers.dir/outline_atomic_swp2_1.S
#26 6.517 cd /tmp/build-rt-aarch64/lib/builtins && /usr/bin/clang -target aarch64-unknown-linux-gnu --sysroot=/tmp/musl-sysroot-aarch64 -DHAS_ASM_LSE -DVISIBILITY_HIDDEN -DL_swp -DMODEL=2 -DSIZE=2 -I/llvm-project-21.1.8.src/compiler-rt/lib/builtins -I/llvm-project-21.1.8.src/compiler-rt/lib/builtins/../../../third-party/siphash/include --target=aarch64-unknown-linux-gnu --sysroot=/tmp/musl-sysroot-aarch64 -O3 -DNDEBUG -fno-lto -Werror=array-bounds -Werror=uninitialized -Werror=shadow -Werror=empty-body -Werror=sizeof-pointer-memaccess -Werror=sizeof-array-argument -Werror=suspicious-memaccess -Werror=builtin-memcpy-chk-size -Werror=array-bounds-pointer-arithmetic -Werror=return-stack-address -Werror=sizeof-array-decay -Werror=format-insufficient-args -Wformat -nostdinc++ -fno-builtin -fvisibility=hidden -fomit-frame-pointer -DCOMPILER_RT_HAS_FLOAT16 -o CMakeFiles/clang_rt.builtins-aarch64.dir/outline_atomic_helpers.dir/outline_atomic_swp2_2.S.o -c /tmp/build-rt-aarch64/lib/builtins/outline_atomic_helpers.dir/outline_atomic_swp2_2.S
#26 6.518 cd /tmp/build-rt-aarch64/lib/builtins && /usr/bin/clang -target aarch64-unknown-linux-gnu --sysroot=/tmp/musl-sysroot-aarch64 -DHAS_ASM_LSE -DVISIBILITY_HIDDEN -DL_swp -DMODEL=3 -DSIZE=2 -I/llvm-project-21.1.8.src/compiler-rt/lib/builtins -I/llvm-project-21.1.8.src/compiler-rt/lib/builtins/../../../third-party/siphash/include --target=aarch64-unknown-linux-gnu --sysroot=/tmp/musl-sysroot-aarch64 -O3 -DNDEBUG -fno-lto -Werror=array-bounds -Werror=uninitialized -Werror=shadow -Werror=empty-body -Werror=sizeof-pointer-memaccess -Werror=sizeof-array-argument -Werror=suspicious-memaccess -Werror=builtin-memcpy-chk-size -Werror=array-bounds-pointer-arithmetic -Werror=return-stack-address -Werror=sizeof-array-decay -Werror=format-insufficient-args -Wformat -nostdinc++ -fno-builtin -fvisibility=hidden -fomit-frame-pointer -DCOMPILER_RT_HAS_FLOAT16 -o CMakeFiles/clang_rt.builtins-aarch64.dir/outline_atomic_helpers.dir/outline_atomic_swp2_3.S.o -c /tmp/build-rt-aarch64/lib/builtins/outline_atomic_helpers.dir/outline_atomic_swp2_3.S
#26 6.518 cd /tmp/build-rt-aarch64/lib/builtins && /usr/bin/clang -target aarch64-unknown-linux-gnu --sysroot=/tmp/musl-sysroot-aarch64 -DHAS_ASM_LSE -DVISIBILITY_HIDDEN -DL_swp -DMODEL=4 -DSIZE=2 -I/llvm-project-21.1.8.src/compiler-rt/lib/builtins -I/llvm-project-21.1.8.src/compiler-rt/lib/builtins/../../../third-party/siphash/include --target=aarch64-unknown-linux-gnu --sysroot=/tmp/musl-sysroot-aarch64 -O3 -DNDEBUG -fno-lto -Werror=array-bounds -Werror=uninitialized -Werror=shadow -Werror=empty-body -Werror=sizeof-pointer-memaccess -Werror=sizeof-array-argument -Werror=suspicious-memaccess -Werror=builtin-memcpy-chk-size -Werror=array-bounds-pointer-arithmetic -Werror=return-stack-address -Werror=sizeof-array-decay -Werror=format-insufficient-args -Wformat -nostdinc++ -fno-builtin -fvisibility=hidden -fomit-frame-pointer -DCOMPILER_RT_HAS_FLOAT16 -o CMakeFiles/clang_rt.builtins-aarch64.dir/outline_atomic_helpers.dir/outline_atomic_swp2_4.S.o -c /tmp/build-rt-aarch64/lib/builtins/outline_atomic_helpers.dir/outline_atomic_swp2_4.S
#26 6.518 cd /tmp/build-rt-aarch64/lib/builtins && /usr/bin/clang -target aarch64-unknown-linux-gnu --sysroot=/tmp/musl-sysroot-aarch64 -DHAS_ASM_LSE -DVISIBILITY_HIDDEN -DL_swp -DMODEL=5 -DSIZE=2 -I/llvm-project-21.1.8.src/compiler-rt/lib/builtins -I/llvm-project-21.1.8.src/compiler-rt/lib/builtins/../../../third-party/siphash/include --target=aarch64-unknown-linux-gnu --sysroot=/tmp/musl-sysroot-aarch64 -O3 -DNDEBUG -fno-lto -Werror=array-bounds -Werror=uninitialized -Werror=shadow -Werror=empty-body -Werror=sizeof-pointer-memaccess -Werror=sizeof-array-argument -Werror=suspicious-memaccess -Werror=builtin-memcpy-chk-size -Werror=array-bounds-pointer-arithmetic -Werror=return-stack-address -Werror=sizeof-array-decay -Werror=format-insufficient-args -Wformat -nostdinc++ -fno-builtin -fvisibility=hidden -fomit-frame-pointer -DCOMPILER_RT_HAS_FLOAT16 -o CMakeFiles/clang_rt.builtins-aarch64.dir/outline_atomic_helpers.dir/outline_atomic_swp2_5.S.o -c /tmp/build-rt-aarch64/lib/builtins/outline_atomic_helpers.dir/outline_atomic_swp2_5.S
#26 6.518 cd /tmp/build-rt-aarch64/lib/builtins && /usr/bin/clang -target aarch64-unknown-linux-gnu --sysroot=/tmp/musl-sysroot-aarch64 -DHAS_ASM_LSE -DVISIBILITY_HIDDEN -DL_swp -DMODEL=1 -DSIZE=4 -I/llvm-project-21.1.8.src/compiler-rt/lib/builtins -I/llvm-project-21.1.8.src/compiler-rt/lib/builtins/../../../third-party/siphash/include --target=aarch64-unknown-linux-gnu --sysroot=/tmp/musl-sysroot-aarch64 -O3 -DNDEBUG -fno-lto -Werror=array-bounds -Werror=uninitialized -Werror=shadow -Werror=empty-body -Werror=sizeof-pointer-memaccess -Werror=sizeof-array-argument -Werror=suspicious-memaccess -Werror=builtin-memcpy-chk-size -Werror=array-bounds-pointer-arithmetic -Werror=return-stack-address -Werror=sizeof-array-decay -Werror=format-insufficient-args -Wformat -nostdinc++ -fno-builtin -fvisibility=hidden -fomit-frame-pointer -DCOMPILER_RT_HAS_FLOAT16 -o CMakeFiles/clang_rt.builtins-aarch64.dir/outline_atomic_helpers.dir/outline_atomic_swp4_1.S.o -c /tmp/build-rt-aarch64/lib/builtins/outline_atomic_helpers.dir/outline_atomic_swp4_1.S
#26 6.521 [ 77%] Building ASM object lib/builtins/CMakeFiles/clang_rt.builtins-aarch64.dir/outline_atomic_helpers.dir/outline_atomic_swp4_2.S.o
#26 6.521 [ 78%] Building ASM object lib/builtins/CMakeFiles/clang_rt.builtins-aarch64.dir/outline_atomic_helpers.dir/outline_atomic_swp4_4.S.o
#26 6.521 [ 78%] Building ASM object lib/builtins/CMakeFiles/clang_rt.builtins-aarch64.dir/outline_atomic_helpers.dir/outline_atomic_swp4_5.S.o
#26 6.521 [ 78%] Building ASM object lib/builtins/CMakeFiles/clang_rt.builtins-aarch64.dir/outline_atomic_helpers.dir/outline_atomic_swp4_3.S.o
#26 6.522 cd /tmp/build-rt-aarch64/lib/builtins && /usr/bin/clang -target aarch64-unknown-linux-gnu --sysroot=/tmp/musl-sysroot-aarch64 -DHAS_ASM_LSE -DVISIBILITY_HIDDEN -DL_swp -DMODEL=2 -DSIZE=4 -I/llvm-project-21.1.8.src/compiler-rt/lib/builtins -I/llvm-project-21.1.8.src/compiler-rt/lib/builtins/../../../third-party/siphash/include --target=aarch64-unknown-linux-gnu --sysroot=/tmp/musl-sysroot-aarch64 -O3 -DNDEBUG -fno-lto -Werror=array-bounds -Werror=uninitialized -Werror=shadow -Werror=empty-body -Werror=sizeof-pointer-memaccess -Werror=sizeof-array-argument -Werror=suspicious-memaccess -Werror=builtin-memcpy-chk-size -Werror=array-bounds-pointer-arithmetic -Werror=return-stack-address -Werror=sizeof-array-decay -Werror=format-insufficient-args -Wformat -nostdinc++ -fno-builtin -fvisibility=hidden -fomit-frame-pointer -DCOMPILER_RT_HAS_FLOAT16 -o CMakeFiles/clang_rt.builtins-aarch64.dir/outline_atomic_helpers.dir/outline_atomic_swp4_2.S.o -c /tmp/build-rt-aarch64/lib/builtins/outline_atomic_helpers.dir/outline_atomic_swp4_2.S
#26 6.522 [ 78%] Building ASM object lib/builtins/CMakeFiles/clang_rt.builtins-aarch64.dir/outline_atomic_helpers.dir/outline_atomic_swp8_1.S.o
#26 6.522 [ 78%] Building ASM object lib/builtins/CMakeFiles/clang_rt.builtins-aarch64.dir/outline_atomic_helpers.dir/outline_atomic_swp8_5.S.o
#26 6.522 cd /tmp/build-rt-aarch64/lib/builtins && /usr/bin/clang -target aarch64-unknown-linux-gnu --sysroot=/tmp/musl-sysroot-aarch64 -DHAS_ASM_LSE -DVISIBILITY_HIDDEN -DL_swp -DMODEL=3 -DSIZE=4 -I/llvm-project-21.1.8.src/compiler-rt/lib/builtins -I/llvm-project-21.1.8.src/compiler-rt/lib/builtins/../../../third-party/siphash/include --target=aarch64-unknown-linux-gnu --sysroot=/tmp/musl-sysroot-aarch64 -O3 -DNDEBUG -fno-lto -Werror=array-bounds -Werror=uninitialized -Werror=shadow -Werror=empty-body -Werror=sizeof-pointer-memaccess -Werror=sizeof-array-argument -Werror=suspicious-memaccess -Werror=builtin-memcpy-chk-size -Werror=array-bounds-pointer-arithmetic -Werror=return-stack-address -Werror=sizeof-array-decay -Werror=format-insufficient-args -Wformat -nostdinc++ -fno-builtin -fvisibility=hidden -fomit-frame-pointer -DCOMPILER_RT_HAS_FLOAT16 -o CMakeFiles/clang_rt.builtins-aarch64.dir/outline_atomic_helpers.dir/outline_atomic_swp4_3.S.o -c /tmp/build-rt-aarch64/lib/builtins/outline_atomic_helpers.dir/outline_atomic_swp4_3.S
#26 6.522 cd /tmp/build-rt-aarch64/lib/builtins && /usr/bin/clang -target aarch64-unknown-linux-gnu --sysroot=/tmp/musl-sysroot-aarch64 -DHAS_ASM_LSE -DVISIBILITY_HIDDEN -DL_swp -DMODEL=4 -DSIZE=4 -I/llvm-project-21.1.8.src/compiler-rt/lib/builtins -I/llvm-project-21.1.8.src/compiler-rt/lib/builtins/../../../third-party/siphash/include --target=aarch64-unknown-linux-gnu --sysroot=/tmp/musl-sysroot-aarch64 -O3 -DNDEBUG -fno-lto -Werror=array-bounds -Werror=uninitialized -Werror=shadow -Werror=empty-body -Werror=sizeof-pointer-memaccess -Werror=sizeof-array-argument -Werror=suspicious-memaccess -Werror=builtin-memcpy-chk-size -Werror=array-bounds-pointer-arithmetic -Werror=return-stack-address -Werror=sizeof-array-decay -Werror=format-insufficient-args -Wformat -nostdinc++ -fno-builtin -fvisibility=hidden -fomit-frame-pointer -DCOMPILER_RT_HAS_FLOAT16 -o CMakeFiles/clang_rt.builtins-aarch64.dir/outline_atomic_helpers.dir/outline_atomic_swp4_4.S.o -c /tmp/build-rt-aarch64/lib/builtins/outline_atomic_helpers.dir/outline_atomic_swp4_4.S
#26 6.522 [ 78%] Building ASM object lib/builtins/CMakeFiles/clang_rt.builtins-aarch64.dir/outline_atomic_helpers.dir/outline_atomic_swp8_4.S.o
#26 6.522 [ 79%] Building ASM object lib/builtins/CMakeFiles/clang_rt.builtins-aarch64.dir/outline_atomic_helpers.dir/outline_atomic_swp8_2.S.o
#26 6.522 cd /tmp/build-rt-aarch64/lib/builtins && /usr/bin/clang -target aarch64-unknown-linux-gnu --sysroot=/tmp/musl-sysroot-aarch64 -DHAS_ASM_LSE -DVISIBILITY_HIDDEN -DL_swp -DMODEL=5 -DSIZE=4 -I/llvm-project-21.1.8.src/compiler-rt/lib/builtins -I/llvm-project-21.1.8.src/compiler-rt/lib/builtins/../../../third-party/siphash/include --target=aarch64-unknown-linux-gnu --sysroot=/tmp/musl-sysroot-aarch64 -O3 -DNDEBUG -fno-lto -Werror=array-bounds -Werror=uninitialized -Werror=shadow -Werror=empty-body -Werror=sizeof-pointer-memaccess -Werror=sizeof-array-argument -Werror=suspicious-memaccess -Werror=builtin-memcpy-chk-size -Werror=array-bounds-pointer-arithmetic -Werror=return-stack-address -Werror=sizeof-array-decay -Werror=format-insufficient-args -Wformat -nostdinc++ -fno-builtin -fvisibility=hidden -fomit-frame-pointer -DCOMPILER_RT_HAS_FLOAT16 -o CMakeFiles/clang_rt.builtins-aarch64.dir/outline_atomic_helpers.dir/outline_atomic_swp4_5.S.o -c /tmp/build-rt-aarch64/lib/builtins/outline_atomic_helpers.dir/outline_atomic_swp4_5.S
#26 6.522 [ 79%] Building ASM object lib/builtins/CMakeFiles/clang_rt.builtins-aarch64.dir/outline_atomic_helpers.dir/outline_atomic_swp8_3.S.o
#26 6.523 cd /tmp/build-rt-aarch64/lib/builtins && /usr/bin/clang -target aarch64-unknown-linux-gnu --sysroot=/tmp/musl-sysroot-aarch64 -DHAS_ASM_LSE -DVISIBILITY_HIDDEN -DL_swp -DMODEL=1 -DSIZE=8 -I/llvm-project-21.1.8.src/compiler-rt/lib/builtins -I/llvm-project-21.1.8.src/compiler-rt/lib/builtins/../../../third-party/siphash/include --target=aarch64-unknown-linux-gnu --sysroot=/tmp/musl-sysroot-aarch64 -O3 -DNDEBUG -fno-lto -Werror=array-bounds -Werror=uninitialized -Werror=shadow -Werror=empty-body -Werror=sizeof-pointer-memaccess -Werror=sizeof-array-argument -Werror=suspicious-memaccess -Werror=builtin-memcpy-chk-size -Werror=array-bounds-pointer-arithmetic -Werror=return-stack-address -Werror=sizeof-array-decay -Werror=format-insufficient-args -Wformat -nostdinc++ -fno-builtin -fvisibility=hidden -fomit-frame-pointer -DCOMPILER_RT_HAS_FLOAT16 -o CMakeFiles/clang_rt.builtins-aarch64.dir/outline_atomic_helpers.dir/outline_atomic_swp8_1.S.o -c /tmp/build-rt-aarch64/lib/builtins/outline_atomic_helpers.dir/outline_atomic_swp8_1.S
#26 6.523 [ 79%] Building ASM object lib/builtins/CMakeFiles/clang_rt.builtins-aarch64.dir/outline_atomic_helpers.dir/outline_atomic_ldadd1_2.S.o
#26 6.523 cd /tmp/build-rt-aarch64/lib/builtins && /usr/bin/clang -target aarch64-unknown-linux-gnu --sysroot=/tmp/musl-sysroot-aarch64 -DHAS_ASM_LSE -DVISIBILITY_HIDDEN -DL_swp -DMODEL=5 -DSIZE=8 -I/llvm-project-21.1.8.src/compiler-rt/lib/builtins -I/llvm-project-21.1.8.src/compiler-rt/lib/builtins/../../../third-party/siphash/include --target=aarch64-unknown-linux-gnu --sysroot=/tmp/musl-sysroot-aarch64 -O3 -DNDEBUG -fno-lto -Werror=array-bounds -Werror=uninitialized -Werror=shadow -Werror=empty-body -Werror=sizeof-pointer-memaccess -Werror=sizeof-array-argument -Werror=suspicious-memaccess -Werror=builtin-memcpy-chk-size -Werror=array-bounds-pointer-arithmetic -Werror=return-stack-address -Werror=sizeof-array-decay -Werror=format-insufficient-args -Wformat -nostdinc++ -fno-builtin -fvisibility=hidden -fomit-frame-pointer -DCOMPILER_RT_HAS_FLOAT16 -o CMakeFiles/clang_rt.builtins-aarch64.dir/outline_atomic_helpers.dir/outline_atomic_swp8_5.S.o -c /tmp/build-rt-aarch64/lib/builtins/outline_atomic_helpers.dir/outline_atomic_swp8_5.S
#26 6.523 cd /tmp/build-rt-aarch64/lib/builtins && /usr/bin/clang -target aarch64-unknown-linux-gnu --sysroot=/tmp/musl-sysroot-aarch64 -DHAS_ASM_LSE -DVISIBILITY_HIDDEN -DL_swp -DMODEL=2 -DSIZE=8 -I/llvm-project-21.1.8.src/compiler-rt/lib/builtins -I/llvm-project-21.1.8.src/compiler-rt/lib/builtins/../../../third-party/siphash/include --target=aarch64-unknown-linux-gnu --sysroot=/tmp/musl-sysroot-aarch64 -O3 -DNDEBUG -fno-lto -Werror=array-bounds -Werror=uninitialized -Werror=shadow -Werror=empty-body -Werror=sizeof-pointer-memaccess -Werror=sizeof-array-argument -Werror=suspicious-memaccess -Werror=builtin-memcpy-chk-size -Werror=array-bounds-pointer-arithmetic -Werror=return-stack-address -Werror=sizeof-array-decay -Werror=format-insufficient-args -Wformat -nostdinc++ -fno-builtin -fvisibility=hidden -fomit-frame-pointer -DCOMPILER_RT_HAS_FLOAT16 -o CMakeFiles/clang_rt.builtins-aarch64.dir/outline_atomic_helpers.dir/outline_atomic_swp8_2.S.o -c /tmp/build-rt-aarch64/lib/builtins/outline_atomic_helpers.dir/outline_atomic_swp8_2.S
#26 6.523 [ 81%] Building ASM object lib/builtins/CMakeFiles/clang_rt.builtins-aarch64.dir/outline_atomic_helpers.dir/outline_atomic_ldadd1_5.S.o
#26 6.523 [ 80%] Building ASM object lib/builtins/CMakeFiles/clang_rt.builtins-aarch64.dir/outline_atomic_helpers.dir/outline_atomic_ldadd1_3.S.o
#26 6.523 [ 81%] Building ASM object lib/builtins/CMakeFiles/clang_rt.builtins-aarch64.dir/outline_atomic_helpers.dir/outline_atomic_ldadd1_1.S.o
#26 6.523 [ 81%] Building ASM object lib/builtins/CMakeFiles/clang_rt.builtins-aarch64.dir/outline_atomic_helpers.dir/outline_atomic_ldadd1_4.S.o
#26 6.523 cd /tmp/build-rt-aarch64/lib/builtins && /usr/bin/clang -target aarch64-unknown-linux-gnu --sysroot=/tmp/musl-sysroot-aarch64 -DHAS_ASM_LSE -DVISIBILITY_HIDDEN -DL_swp -DMODEL=4 -DSIZE=8 -I/llvm-project-21.1.8.src/compiler-rt/lib/builtins -I/llvm-project-21.1.8.src/compiler-rt/lib/builtins/../../../third-party/siphash/include --target=aarch64-unknown-linux-gnu --sysroot=/tmp/musl-sysroot-aarch64 -O3 -DNDEBUG -fno-lto -Werror=array-bounds -Werror=uninitialized -Werror=shadow -Werror=empty-body -Werror=sizeof-pointer-memaccess -Werror=sizeof-array-argument -Werror=suspicious-memaccess -Werror=builtin-memcpy-chk-size -Werror=array-bounds-pointer-arithmetic -Werror=return-stack-address -Werror=sizeof-array-decay -Werror=format-insufficient-args -Wformat -nostdinc++ -fno-builtin -fvisibility=hidden -fomit-frame-pointer -DCOMPILER_RT_HAS_FLOAT16 -o CMakeFiles/clang_rt.builtins-aarch64.dir/outline_atomic_helpers.dir/outline_atomic_swp8_4.S.o -c /tmp/build-rt-aarch64/lib/builtins/outline_atomic_helpers.dir/outline_atomic_swp8_4.S
#26 6.523 cd /tmp/build-rt-aarch64/lib/builtins && /usr/bin/clang -target aarch64-unknown-linux-gnu --sysroot=/tmp/musl-sysroot-aarch64 -DHAS_ASM_LSE -DVISIBILITY_HIDDEN -DL_swp -DMODEL=3 -DSIZE=8 -I/llvm-project-21.1.8.src/compiler-rt/lib/builtins -I/llvm-project-21.1.8.src/compiler-rt/lib/builtins/../../../third-party/siphash/include --target=aarch64-unknown-linux-gnu --sysroot=/tmp/musl-sysroot-aarch64 -O3 -DNDEBUG -fno-lto -Werror=array-bounds -Werror=uninitialized -Werror=shadow -Werror=empty-body -Werror=sizeof-pointer-memaccess -Werror=sizeof-array-argument -Werror=suspicious-memaccess -Werror=builtin-memcpy-chk-size -Werror=array-bounds-pointer-arithmetic -Werror=return-stack-address -Werror=sizeof-array-decay -Werror=format-insufficient-args -Wformat -nostdinc++ -fno-builtin -fvisibility=hidden -fomit-frame-pointer -DCOMPILER_RT_HAS_FLOAT16 -o CMakeFiles/clang_rt.builtins-aarch64.dir/outline_atomic_helpers.dir/outline_atomic_swp8_3.S.o -c /tmp/build-rt-aarch64/lib/builtins/outline_atomic_helpers.dir/outline_atomic_swp8_3.S
#26 6.523 [ 81%] Building ASM object lib/builtins/CMakeFiles/clang_rt.builtins-aarch64.dir/outline_atomic_helpers.dir/outline_atomic_ldadd2_2.S.o
#26 6.523 [ 81%] Building ASM object lib/builtins/CMakeFiles/clang_rt.builtins-aarch64.dir/outline_atomic_helpers.dir/outline_atomic_ldadd2_3.S.o
#26 6.524 cd /tmp/build-rt-aarch64/lib/builtins && /usr/bin/clang -target aarch64-unknown-linux-gnu --sysroot=/tmp/musl-sysroot-aarch64 -DHAS_ASM_LSE -DVISIBILITY_HIDDEN -DL_ldadd -DMODEL=2 -DSIZE=1 -I/llvm-project-21.1.8.src/compiler-rt/lib/builtins -I/llvm-project-21.1.8.src/compiler-rt/lib/builtins/../../../third-party/siphash/include --target=aarch64-unknown-linux-gnu --sysroot=/tmp/musl-sysroot-aarch64 -O3 -DNDEBUG -fno-lto -Werror=array-bounds -Werror=uninitialized -Werror=shadow -Werror=empty-body -Werror=sizeof-pointer-memaccess -Werror=sizeof-array-argument -Werror=suspicious-memaccess -Werror=builtin-memcpy-chk-size -Werror=array-bounds-pointer-arithmetic -Werror=return-stack-address -Werror=sizeof-array-decay -Werror=format-insufficient-args -Wformat -nostdinc++ -fno-builtin -fvisibility=hidden -fomit-frame-pointer -DCOMPILER_RT_HAS_FLOAT16 -o CMakeFiles/clang_rt.builtins-aarch64.dir/outline_atomic_helpers.dir/outline_atomic_ldadd1_2.S.o -c /tmp/build-rt-aarch64/lib/builtins/outline_atomic_helpers.dir/outline_atomic_ldadd1_2.S
#26 6.524 [ 81%] Building ASM object lib/builtins/CMakeFiles/clang_rt.builtins-aarch64.dir/outline_atomic_helpers.dir/outline_atomic_ldadd2_4.S.o
#26 6.524 cd /tmp/build-rt-aarch64/lib/builtins && /usr/bin/clang -target aarch64-unknown-linux-gnu --sysroot=/tmp/musl-sysroot-aarch64 -DHAS_ASM_LSE -DVISIBILITY_HIDDEN -DL_ldadd -DMODEL=3 -DSIZE=1 -I/llvm-project-21.1.8.src/compiler-rt/lib/builtins -I/llvm-project-21.1.8.src/compiler-rt/lib/builtins/../../../third-party/siphash/include --target=aarch64-unknown-linux-gnu --sysroot=/tmp/musl-sysroot-aarch64 -O3 -DNDEBUG -fno-lto -Werror=array-bounds -Werror=uninitialized -Werror=shadow -Werror=empty-body -Werror=sizeof-pointer-memaccess -Werror=sizeof-array-argument -Werror=suspicious-memaccess -Werror=builtin-memcpy-chk-size -Werror=array-bounds-pointer-arithmetic -Werror=return-stack-address -Werror=sizeof-array-decay -Werror=format-insufficient-args -Wformat -nostdinc++ -fno-builtin -fvisibility=hidden -fomit-frame-pointer -DCOMPILER_RT_HAS_FLOAT16 -o CMakeFiles/clang_rt.builtins-aarch64.dir/outline_atomic_helpers.dir/outline_atomic_ldadd1_3.S.o -c /tmp/build-rt-aarch64/lib/builtins/outline_atomic_helpers.dir/outline_atomic_ldadd1_3.S
#26 6.524 cd /tmp/build-rt-aarch64/lib/builtins && /usr/bin/clang -target aarch64-unknown-linux-gnu --sysroot=/tmp/musl-sysroot-aarch64 -DHAS_ASM_LSE -DVISIBILITY_HIDDEN -DL_ldadd -DMODEL=4 -DSIZE=1 -I/llvm-project-21.1.8.src/compiler-rt/lib/builtins -I/llvm-project-21.1.8.src/compiler-rt/lib/builtins/../../../third-party/siphash/include --target=aarch64-unknown-linux-gnu --sysroot=/tmp/musl-sysroot-aarch64 -O3 -DNDEBUG -fno-lto -Werror=array-bounds -Werror=uninitialized -Werror=shadow -Werror=empty-body -Werror=sizeof-pointer-memaccess -Werror=sizeof-array-argument -Werror=suspicious-memaccess -Werror=builtin-memcpy-chk-size -Werror=array-bounds-pointer-arithmetic -Werror=return-stack-address -Werror=sizeof-array-decay -Werror=format-insufficient-args -Wformat -nostdinc++ -fno-builtin -fvisibility=hidden -fomit-frame-pointer -DCOMPILER_RT_HAS_FLOAT16 -o CMakeFiles/clang_rt.builtins-aarch64.dir/outline_atomic_helpers.dir/outline_atomic_ldadd1_4.S.o -c /tmp/build-rt-aarch64/lib/builtins/outline_atomic_helpers.dir/outline_atomic_ldadd1_4.S
#26 6.524 cd /tmp/build-rt-aarch64/lib/builtins && /usr/bin/clang -target aarch64-unknown-linux-gnu --sysroot=/tmp/musl-sysroot-aarch64 -DHAS_ASM_LSE -DVISIBILITY_HIDDEN -DL_ldadd -DMODEL=5 -DSIZE=1 -I/llvm-project-21.1.8.src/compiler-rt/lib/builtins -I/llvm-project-21.1.8.src/compiler-rt/lib/builtins/../../../third-party/siphash/include --target=aarch64-unknown-linux-gnu --sysroot=/tmp/musl-sysroot-aarch64 -O3 -DNDEBUG -fno-lto -Werror=array-bounds -Werror=uninitialized -Werror=shadow -Werror=empty-body -Werror=sizeof-pointer-memaccess -Werror=sizeof-array-argument -Werror=suspicious-memaccess -Werror=builtin-memcpy-chk-size -Werror=array-bounds-pointer-arithmetic -Werror=return-stack-address -Werror=sizeof-array-decay -Werror=format-insufficient-args -Wformat -nostdinc++ -fno-builtin -fvisibility=hidden -fomit-frame-pointer -DCOMPILER_RT_HAS_FLOAT16 -o CMakeFiles/clang_rt.builtins-aarch64.dir/outline_atomic_helpers.dir/outline_atomic_ldadd1_5.S.o -c /tmp/build-rt-aarch64/lib/builtins/outline_atomic_helpers.dir/outline_atomic_ldadd1_5.S
#26 6.524 cd /tmp/build-rt-aarch64/lib/builtins && /usr/bin/clang -target aarch64-unknown-linux-gnu --sysroot=/tmp/musl-sysroot-aarch64 -DHAS_ASM_LSE -DVISIBILITY_HIDDEN -DL_ldadd -DMODEL=1 -DSIZE=1 -I/llvm-project-21.1.8.src/compiler-rt/lib/builtins -I/llvm-project-21.1.8.src/compiler-rt/lib/builtins/../../../third-party/siphash/include --target=aarch64-unknown-linux-gnu --sysroot=/tmp/musl-sysroot-aarch64 -O3 -DNDEBUG -fno-lto -Werror=array-bounds -Werror=uninitialized -Werror=shadow -Werror=empty-body -Werror=sizeof-pointer-memaccess -Werror=sizeof-array-argument -Werror=suspicious-memaccess -Werror=builtin-memcpy-chk-size -Werror=array-bounds-pointer-arithmetic -Werror=return-stack-address -Werror=sizeof-array-decay -Werror=format-insufficient-args -Wformat -nostdinc++ -fno-builtin -fvisibility=hidden -fomit-frame-pointer -DCOMPILER_RT_HAS_FLOAT16 -o CMakeFiles/clang_rt.builtins-aarch64.dir/outline_atomic_helpers.dir/outline_atomic_ldadd1_1.S.o -c /tmp/build-rt-aarch64/lib/builtins/outline_atomic_helpers.dir/outline_atomic_ldadd1_1.S
#26 6.524 cd /tmp/build-rt-aarch64/lib/builtins && /usr/bin/clang -target aarch64-unknown-linux-gnu --sysroot=/tmp/musl-sysroot-aarch64 -DHAS_ASM_LSE -DVISIBILITY_HIDDEN -DL_ldadd -DMODEL=2 -DSIZE=2 -I/llvm-project-21.1.8.src/compiler-rt/lib/builtins -I/llvm-project-21.1.8.src/compiler-rt/lib/builtins/../../../third-party/siphash/include --target=aarch64-unknown-linux-gnu --sysroot=/tmp/musl-sysroot-aarch64 -O3 -DNDEBUG -fno-lto -Werror=array-bounds -Werror=uninitialized -Werror=shadow -Werror=empty-body -Werror=sizeof-pointer-memaccess -Werror=sizeof-array-argument -Werror=suspicious-memaccess -Werror=builtin-memcpy-chk-size -Werror=array-bounds-pointer-arithmetic -Werror=return-stack-address -Werror=sizeof-array-decay -Werror=format-insufficient-args -Wformat -nostdinc++ -fno-builtin -fvisibility=hidden -fomit-frame-pointer -DCOMPILER_RT_HAS_FLOAT16 -o CMakeFiles/clang_rt.builtins-aarch64.dir/outline_atomic_helpers.dir/outline_atomic_ldadd2_2.S.o -c /tmp/build-rt-aarch64/lib/builtins/outline_atomic_helpers.dir/outline_atomic_ldadd2_2.S
#26 6.525 cd /tmp/build-rt-aarch64/lib/builtins && /usr/bin/clang -target aarch64-unknown-linux-gnu --sysroot=/tmp/musl-sysroot-aarch64 -DHAS_ASM_LSE -DVISIBILITY_HIDDEN -DL_ldadd -DMODEL=3 -DSIZE=2 -I/llvm-project-21.1.8.src/compiler-rt/lib/builtins -I/llvm-project-21.1.8.src/compiler-rt/lib/builtins/../../../third-party/siphash/include --target=aarch64-unknown-linux-gnu --sysroot=/tmp/musl-sysroot-aarch64 -O3 -DNDEBUG -fno-lto -Werror=array-bounds -Werror=uninitialized -Werror=shadow -Werror=empty-body -Werror=sizeof-pointer-memaccess -Werror=sizeof-array-argument -Werror=suspicious-memaccess -Werror=builtin-memcpy-chk-size -Werror=array-bounds-pointer-arithmetic -Werror=return-stack-address -Werror=sizeof-array-decay -Werror=format-insufficient-args -Wformat -nostdinc++ -fno-builtin -fvisibility=hidden -fomit-frame-pointer -DCOMPILER_RT_HAS_FLOAT16 -o CMakeFiles/clang_rt.builtins-aarch64.dir/outline_atomic_helpers.dir/outline_atomic_ldadd2_3.S.o -c /tmp/build-rt-aarch64/lib/builtins/outline_atomic_helpers.dir/outline_atomic_ldadd2_3.S
#26 6.526 [ 82%] Building ASM object lib/builtins/CMakeFiles/clang_rt.builtins-aarch64.dir/outline_atomic_helpers.dir/outline_atomic_ldadd2_1.S.o
#26 6.526 cd /tmp/build-rt-aarch64/lib/builtins && /usr/bin/clang -target aarch64-unknown-linux-gnu --sysroot=/tmp/musl-sysroot-aarch64 -DHAS_ASM_LSE -DVISIBILITY_HIDDEN -DL_ldadd -DMODEL=4 -DSIZE=2 -I/llvm-project-21.1.8.src/compiler-rt/lib/builtins -I/llvm-project-21.1.8.src/compiler-rt/lib/builtins/../../../third-party/siphash/include --target=aarch64-unknown-linux-gnu --sysroot=/tmp/musl-sysroot-aarch64 -O3 -DNDEBUG -fno-lto -Werror=array-bounds -Werror=uninitialized -Werror=shadow -Werror=empty-body -Werror=sizeof-pointer-memaccess -Werror=sizeof-array-argument -Werror=suspicious-memaccess -Werror=builtin-memcpy-chk-size -Werror=array-bounds-pointer-arithmetic -Werror=return-stack-address -Werror=sizeof-array-decay -Werror=format-insufficient-args -Wformat -nostdinc++ -fno-builtin -fvisibility=hidden -fomit-frame-pointer -DCOMPILER_RT_HAS_FLOAT16 -o CMakeFiles/clang_rt.builtins-aarch64.dir/outline_atomic_helpers.dir/outline_atomic_ldadd2_4.S.o -c /tmp/build-rt-aarch64/lib/builtins/outline_atomic_helpers.dir/outline_atomic_ldadd2_4.S
#26 6.526 [ 82%] Building ASM object lib/builtins/CMakeFiles/clang_rt.builtins-aarch64.dir/outline_atomic_helpers.dir/outline_atomic_ldadd4_2.S.o
#26 6.526 [ 82%] Building ASM object lib/builtins/CMakeFiles/clang_rt.builtins-aarch64.dir/outline_atomic_helpers.dir/outline_atomic_ldadd2_5.S.o
#26 6.526 [ 82%] Building ASM object lib/builtins/CMakeFiles/clang_rt.builtins-aarch64.dir/outline_atomic_helpers.dir/outline_atomic_ldadd4_3.S.o
#26 6.526 [ 82%] Building ASM object lib/builtins/CMakeFiles/clang_rt.builtins-aarch64.dir/outline_atomic_helpers.dir/outline_atomic_ldadd4_1.S.o
#26 6.526 cd /tmp/build-rt-aarch64/lib/builtins && /usr/bin/clang -target aarch64-unknown-linux-gnu --sysroot=/tmp/musl-sysroot-aarch64 -DHAS_ASM_LSE -DVISIBILITY_HIDDEN -DL_ldadd -DMODEL=1 -DSIZE=2 -I/llvm-project-21.1.8.src/compiler-rt/lib/builtins -I/llvm-project-21.1.8.src/compiler-rt/lib/builtins/../../../third-party/siphash/include --target=aarch64-unknown-linux-gnu --sysroot=/tmp/musl-sysroot-aarch64 -O3 -DNDEBUG -fno-lto -Werror=array-bounds -Werror=uninitialized -Werror=shadow -Werror=empty-body -Werror=sizeof-pointer-memaccess -Werror=sizeof-array-argument -Werror=suspicious-memaccess -Werror=builtin-memcpy-chk-size -Werror=array-bounds-pointer-arithmetic -Werror=return-stack-address -Werror=sizeof-array-decay -Werror=format-insufficient-args -Wformat -nostdinc++ -fno-builtin -fvisibility=hidden -fomit-frame-pointer -DCOMPILER_RT_HAS_FLOAT16 -o CMakeFiles/clang_rt.builtins-aarch64.dir/outline_atomic_helpers.dir/outline_atomic_ldadd2_1.S.o -c /tmp/build-rt-aarch64/lib/builtins/outline_atomic_helpers.dir/outline_atomic_ldadd2_1.S
#26 6.527 cd /tmp/build-rt-aarch64/lib/builtins && /usr/bin/clang -target aarch64-unknown-linux-gnu --sysroot=/tmp/musl-sysroot-aarch64 -DHAS_ASM_LSE -DVISIBILITY_HIDDEN -DL_ldadd -DMODEL=5 -DSIZE=2 -I/llvm-project-21.1.8.src/compiler-rt/lib/builtins -I/llvm-project-21.1.8.src/compiler-rt/lib/builtins/../../../third-party/siphash/include --target=aarch64-unknown-linux-gnu --sysroot=/tmp/musl-sysroot-aarch64 -O3 -DNDEBUG -fno-lto -Werror=array-bounds -Werror=uninitialized -Werror=shadow -Werror=empty-body -Werror=sizeof-pointer-memaccess -Werror=sizeof-array-argument -Werror=suspicious-memaccess -Werror=builtin-memcpy-chk-size -Werror=array-bounds-pointer-arithmetic -Werror=return-stack-address -Werror=sizeof-array-decay -Werror=format-insufficient-args -Wformat -nostdinc++ -fno-builtin -fvisibility=hidden -fomit-frame-pointer -DCOMPILER_RT_HAS_FLOAT16 -o CMakeFiles/clang_rt.builtins-aarch64.dir/outline_atomic_helpers.dir/outline_atomic_ldadd2_5.S.o -c /tmp/build-rt-aarch64/lib/builtins/outline_atomic_helpers.dir/outline_atomic_ldadd2_5.S
#26 6.528 cd /tmp/build-rt-aarch64/lib/builtins && /usr/bin/clang -target aarch64-unknown-linux-gnu --sysroot=/tmp/musl-sysroot-aarch64 -DHAS_ASM_LSE -DVISIBILITY_HIDDEN -DL_ldadd -DMODEL=1 -DSIZE=4 -I/llvm-project-21.1.8.src/compiler-rt/lib/builtins -I/llvm-project-21.1.8.src/compiler-rt/lib/builtins/../../../third-party/siphash/include --target=aarch64-unknown-linux-gnu --sysroot=/tmp/musl-sysroot-aarch64 -O3 -DNDEBUG -fno-lto -Werror=array-bounds -Werror=uninitialized -Werror=shadow -Werror=empty-body -Werror=sizeof-pointer-memaccess -Werror=sizeof-array-argument -Werror=suspicious-memaccess -Werror=builtin-memcpy-chk-size -Werror=array-bounds-pointer-arithmetic -Werror=return-stack-address -Werror=sizeof-array-decay -Werror=format-insufficient-args -Wformat -nostdinc++ -fno-builtin -fvisibility=hidden -fomit-frame-pointer -DCOMPILER_RT_HAS_FLOAT16 -o CMakeFiles/clang_rt.builtins-aarch64.dir/outline_atomic_helpers.dir/outline_atomic_ldadd4_1.S.o -c /tmp/build-rt-aarch64/lib/builtins/outline_atomic_helpers.dir/outline_atomic_ldadd4_1.S
#26 6.528 cd /tmp/build-rt-aarch64/lib/builtins && /usr/bin/clang -target aarch64-unknown-linux-gnu --sysroot=/tmp/musl-sysroot-aarch64 -DHAS_ASM_LSE -DVISIBILITY_HIDDEN -DL_ldadd -DMODEL=2 -DSIZE=4 -I/llvm-project-21.1.8.src/compiler-rt/lib/builtins -I/llvm-project-21.1.8.src/compiler-rt/lib/builtins/../../../third-party/siphash/include --target=aarch64-unknown-linux-gnu --sysroot=/tmp/musl-sysroot-aarch64 -O3 -DNDEBUG -fno-lto -Werror=array-bounds -Werror=uninitialized -Werror=shadow -Werror=empty-body -Werror=sizeof-pointer-memaccess -Werror=sizeof-array-argument -Werror=suspicious-memaccess -Werror=builtin-memcpy-chk-size -Werror=array-bounds-pointer-arithmetic -Werror=return-stack-address -Werror=sizeof-array-decay -Werror=format-insufficient-args -Wformat -nostdinc++ -fno-builtin -fvisibility=hidden -fomit-frame-pointer -DCOMPILER_RT_HAS_FLOAT16 -o CMakeFiles/clang_rt.builtins-aarch64.dir/outline_atomic_helpers.dir/outline_atomic_ldadd4_2.S.o -c /tmp/build-rt-aarch64/lib/builtins/outline_atomic_helpers.dir/outline_atomic_ldadd4_2.S
#26 6.528 cd /tmp/build-rt-aarch64/lib/builtins && /usr/bin/clang -target aarch64-unknown-linux-gnu --sysroot=/tmp/musl-sysroot-aarch64 -DHAS_ASM_LSE -DVISIBILITY_HIDDEN -DL_ldadd -DMODEL=3 -DSIZE=4 -I/llvm-project-21.1.8.src/compiler-rt/lib/builtins -I/llvm-project-21.1.8.src/compiler-rt/lib/builtins/../../../third-party/siphash/include --target=aarch64-unknown-linux-gnu --sysroot=/tmp/musl-sysroot-aarch64 -O3 -DNDEBUG -fno-lto -Werror=array-bounds -Werror=uninitialized -Werror=shadow -Werror=empty-body -Werror=sizeof-pointer-memaccess -Werror=sizeof-array-argument -Werror=suspicious-memaccess -Werror=builtin-memcpy-chk-size -Werror=array-bounds-pointer-arithmetic -Werror=return-stack-address -Werror=sizeof-array-decay -Werror=format-insufficient-args -Wformat -nostdinc++ -fno-builtin -fvisibility=hidden -fomit-frame-pointer -DCOMPILER_RT_HAS_FLOAT16 -o CMakeFiles/clang_rt.builtins-aarch64.dir/outline_atomic_helpers.dir/outline_atomic_ldadd4_3.S.o -c /tmp/build-rt-aarch64/lib/builtins/outline_atomic_helpers.dir/outline_atomic_ldadd4_3.S
#26 6.528 [ 83%] Building ASM object lib/builtins/CMakeFiles/clang_rt.builtins-aarch64.dir/outline_atomic_helpers.dir/outline_atomic_ldadd4_4.S.o
#26 6.529 [ 83%] Building ASM object lib/builtins/CMakeFiles/clang_rt.builtins-aarch64.dir/outline_atomic_helpers.dir/outline_atomic_ldadd4_5.S.o
#26 6.529 [ 83%] Building ASM object lib/builtins/CMakeFiles/clang_rt.builtins-aarch64.dir/outline_atomic_helpers.dir/outline_atomic_ldadd8_1.S.o
#26 6.529 [ 83%] Building ASM object lib/builtins/CMakeFiles/clang_rt.builtins-aarch64.dir/outline_atomic_helpers.dir/outline_atomic_ldadd8_2.S.o
#26 6.529 cd /tmp/build-rt-aarch64/lib/builtins && /usr/bin/clang -target aarch64-unknown-linux-gnu --sysroot=/tmp/musl-sysroot-aarch64 -DHAS_ASM_LSE -DVISIBILITY_HIDDEN -DL_ldadd -DMODEL=4 -DSIZE=4 -I/llvm-project-21.1.8.src/compiler-rt/lib/builtins -I/llvm-project-21.1.8.src/compiler-rt/lib/builtins/../../../third-party/siphash/include --target=aarch64-unknown-linux-gnu --sysroot=/tmp/musl-sysroot-aarch64 -O3 -DNDEBUG -fno-lto -Werror=array-bounds -Werror=uninitialized -Werror=shadow -Werror=empty-body -Werror=sizeof-pointer-memaccess -Werror=sizeof-array-argument -Werror=suspicious-memaccess -Werror=builtin-memcpy-chk-size -Werror=array-bounds-pointer-arithmetic -Werror=return-stack-address -Werror=sizeof-array-decay -Werror=format-insufficient-args -Wformat -nostdinc++ -fno-builtin -fvisibility=hidden -fomit-frame-pointer -DCOMPILER_RT_HAS_FLOAT16 -o CMakeFiles/clang_rt.builtins-aarch64.dir/outline_atomic_helpers.dir/outline_atomic_ldadd4_4.S.o -c /tmp/build-rt-aarch64/lib/builtins/outline_atomic_helpers.dir/outline_atomic_ldadd4_4.S
#26 6.529 [ 83%] Building ASM object lib/builtins/CMakeFiles/clang_rt.builtins-aarch64.dir/outline_atomic_helpers.dir/outline_atomic_ldadd8_4.S.o
#26 6.530 cd /tmp/build-rt-aarch64/lib/builtins && /usr/bin/clang -target aarch64-unknown-linux-gnu --sysroot=/tmp/musl-sysroot-aarch64 -DHAS_ASM_LSE -DVISIBILITY_HIDDEN -DL_ldadd -DMODEL=5 -DSIZE=4 -I/llvm-project-21.1.8.src/compiler-rt/lib/builtins -I/llvm-project-21.1.8.src/compiler-rt/lib/builtins/../../../third-party/siphash/include --target=aarch64-unknown-linux-gnu --sysroot=/tmp/musl-sysroot-aarch64 -O3 -DNDEBUG -fno-lto -Werror=array-bounds -Werror=uninitialized -Werror=shadow -Werror=empty-body -Werror=sizeof-pointer-memaccess -Werror=sizeof-array-argument -Werror=suspicious-memaccess -Werror=builtin-memcpy-chk-size -Werror=array-bounds-pointer-arithmetic -Werror=return-stack-address -Werror=sizeof-array-decay -Werror=format-insufficient-args -Wformat -nostdinc++ -fno-builtin -fvisibility=hidden -fomit-frame-pointer -DCOMPILER_RT_HAS_FLOAT16 -o CMakeFiles/clang_rt.builtins-aarch64.dir/outline_atomic_helpers.dir/outline_atomic_ldadd4_5.S.o -c /tmp/build-rt-aarch64/lib/builtins/outline_atomic_helpers.dir/outline_atomic_ldadd4_5.S
#26 6.530 [ 84%] Building ASM object lib/builtins/CMakeFiles/clang_rt.builtins-aarch64.dir/outline_atomic_helpers.dir/outline_atomic_ldadd8_3.S.o
#26 6.530 cd /tmp/build-rt-aarch64/lib/builtins && /usr/bin/clang -target aarch64-unknown-linux-gnu --sysroot=/tmp/musl-sysroot-aarch64 -DHAS_ASM_LSE -DVISIBILITY_HIDDEN -DL_ldadd -DMODEL=1 -DSIZE=8 -I/llvm-project-21.1.8.src/compiler-rt/lib/builtins -I/llvm-project-21.1.8.src/compiler-rt/lib/builtins/../../../third-party/siphash/include --target=aarch64-unknown-linux-gnu --sysroot=/tmp/musl-sysroot-aarch64 -O3 -DNDEBUG -fno-lto -Werror=array-bounds -Werror=uninitialized -Werror=shadow -Werror=empty-body -Werror=sizeof-pointer-memaccess -Werror=sizeof-array-argument -Werror=suspicious-memaccess -Werror=builtin-memcpy-chk-size -Werror=array-bounds-pointer-arithmetic -Werror=return-stack-address -Werror=sizeof-array-decay -Werror=format-insufficient-args -Wformat -nostdinc++ -fno-builtin -fvisibility=hidden -fomit-frame-pointer -DCOMPILER_RT_HAS_FLOAT16 -o CMakeFiles/clang_rt.builtins-aarch64.dir/outline_atomic_helpers.dir/outline_atomic_ldadd8_1.S.o -c /tmp/build-rt-aarch64/lib/builtins/outline_atomic_helpers.dir/outline_atomic_ldadd8_1.S
#26 6.530 [ 84%] Building ASM object lib/builtins/CMakeFiles/clang_rt.builtins-aarch64.dir/outline_atomic_helpers.dir/outline_atomic_ldadd8_5.S.o
#26 6.530 cd /tmp/build-rt-aarch64/lib/builtins && /usr/bin/clang -target aarch64-unknown-linux-gnu --sysroot=/tmp/musl-sysroot-aarch64 -DHAS_ASM_LSE -DVISIBILITY_HIDDEN -DL_ldadd -DMODEL=2 -DSIZE=8 -I/llvm-project-21.1.8.src/compiler-rt/lib/builtins -I/llvm-project-21.1.8.src/compiler-rt/lib/builtins/../../../third-party/siphash/include --target=aarch64-unknown-linux-gnu --sysroot=/tmp/musl-sysroot-aarch64 -O3 -DNDEBUG -fno-lto -Werror=array-bounds -Werror=uninitialized -Werror=shadow -Werror=empty-body -Werror=sizeof-pointer-memaccess -Werror=sizeof-array-argument -Werror=suspicious-memaccess -Werror=builtin-memcpy-chk-size -Werror=array-bounds-pointer-arithmetic -Werror=return-stack-address -Werror=sizeof-array-decay -Werror=format-insufficient-args -Wformat -nostdinc++ -fno-builtin -fvisibility=hidden -fomit-frame-pointer -DCOMPILER_RT_HAS_FLOAT16 -o CMakeFiles/clang_rt.builtins-aarch64.dir/outline_atomic_helpers.dir/outline_atomic_ldadd8_2.S.o -c /tmp/build-rt-aarch64/lib/builtins/outline_atomic_helpers.dir/outline_atomic_ldadd8_2.S
#26 6.531 [ 84%] Building ASM object lib/builtins/CMakeFiles/clang_rt.builtins-aarch64.dir/outline_atomic_helpers.dir/outline_atomic_ldclr1_1.S.o
#26 6.531 cd /tmp/build-rt-aarch64/lib/builtins && /usr/bin/clang -target aarch64-unknown-linux-gnu --sysroot=/tmp/musl-sysroot-aarch64 -DHAS_ASM_LSE -DVISIBILITY_HIDDEN -DL_ldadd -DMODEL=3 -DSIZE=8 -I/llvm-project-21.1.8.src/compiler-rt/lib/builtins -I/llvm-project-21.1.8.src/compiler-rt/lib/builtins/../../../third-party/siphash/include --target=aarch64-unknown-linux-gnu --sysroot=/tmp/musl-sysroot-aarch64 -O3 -DNDEBUG -fno-lto -Werror=array-bounds -Werror=uninitialized -Werror=shadow -Werror=empty-body -Werror=sizeof-pointer-memaccess -Werror=sizeof-array-argument -Werror=suspicious-memaccess -Werror=builtin-memcpy-chk-size -Werror=array-bounds-pointer-arithmetic -Werror=return-stack-address -Werror=sizeof-array-decay -Werror=format-insufficient-args -Wformat -nostdinc++ -fno-builtin -fvisibility=hidden -fomit-frame-pointer -DCOMPILER_RT_HAS_FLOAT16 -o CMakeFiles/clang_rt.builtins-aarch64.dir/outline_atomic_helpers.dir/outline_atomic_ldadd8_3.S.o -c /tmp/build-rt-aarch64/lib/builtins/outline_atomic_helpers.dir/outline_atomic_ldadd8_3.S
#26 6.531 [ 84%] Building ASM object lib/builtins/CMakeFiles/clang_rt.builtins-aarch64.dir/outline_atomic_helpers.dir/outline_atomic_ldclr1_3.S.o
#26 6.531 cd /tmp/build-rt-aarch64/lib/builtins && /usr/bin/clang -target aarch64-unknown-linux-gnu --sysroot=/tmp/musl-sysroot-aarch64 -DHAS_ASM_LSE -DVISIBILITY_HIDDEN -DL_ldadd -DMODEL=4 -DSIZE=8 -I/llvm-project-21.1.8.src/compiler-rt/lib/builtins -I/llvm-project-21.1.8.src/compiler-rt/lib/builtins/../../../third-party/siphash/include --target=aarch64-unknown-linux-gnu --sysroot=/tmp/musl-sysroot-aarch64 -O3 -DNDEBUG -fno-lto -Werror=array-bounds -Werror=uninitialized -Werror=shadow -Werror=empty-body -Werror=sizeof-pointer-memaccess -Werror=sizeof-array-argument -Werror=suspicious-memaccess -Werror=builtin-memcpy-chk-size -Werror=array-bounds-pointer-arithmetic -Werror=return-stack-address -Werror=sizeof-array-decay -Werror=format-insufficient-args -Wformat -nostdinc++ -fno-builtin -fvisibility=hidden -fomit-frame-pointer -DCOMPILER_RT_HAS_FLOAT16 -o CMakeFiles/clang_rt.builtins-aarch64.dir/outline_atomic_helpers.dir/outline_atomic_ldadd8_4.S.o -c /tmp/build-rt-aarch64/lib/builtins/outline_atomic_helpers.dir/outline_atomic_ldadd8_4.S
#26 6.531 [ 85%] Building ASM object lib/builtins/CMakeFiles/clang_rt.builtins-aarch64.dir/outline_atomic_helpers.dir/outline_atomic_ldclr1_2.S.o
#26 6.531 [ 85%] Building ASM object lib/builtins/CMakeFiles/clang_rt.builtins-aarch64.dir/outline_atomic_helpers.dir/outline_atomic_ldclr1_4.S.o
#26 6.531 [ 85%] Building ASM object lib/builtins/CMakeFiles/clang_rt.builtins-aarch64.dir/outline_atomic_helpers.dir/outline_atomic_ldclr1_5.S.o
#26 6.532 [ 85%] Building ASM object lib/builtins/CMakeFiles/clang_rt.builtins-aarch64.dir/outline_atomic_helpers.dir/outline_atomic_ldclr2_2.S.o
#26 6.532 [ 86%] Building ASM object lib/builtins/CMakeFiles/clang_rt.builtins-aarch64.dir/outline_atomic_helpers.dir/outline_atomic_ldclr2_1.S.o
#26 6.532 [ 86%] Building ASM object lib/builtins/CMakeFiles/clang_rt.builtins-aarch64.dir/outline_atomic_helpers.dir/outline_atomic_ldclr2_3.S.o
#26 6.532 [ 87%] Building ASM object lib/builtins/CMakeFiles/clang_rt.builtins-aarch64.dir/outline_atomic_helpers.dir/outline_atomic_ldclr2_4.S.o
#26 6.532 cd /tmp/build-rt-aarch64/lib/builtins && /usr/bin/clang -target aarch64-unknown-linux-gnu --sysroot=/tmp/musl-sysroot-aarch64 -DHAS_ASM_LSE -DVISIBILITY_HIDDEN -DL_ldadd -DMODEL=5 -DSIZE=8 -I/llvm-project-21.1.8.src/compiler-rt/lib/builtins -I/llvm-project-21.1.8.src/compiler-rt/lib/builtins/../../../third-party/siphash/include --target=aarch64-unknown-linux-gnu --sysroot=/tmp/musl-sysroot-aarch64 -O3 -DNDEBUG -fno-lto -Werror=array-bounds -Werror=uninitialized -Werror=shadow -Werror=empty-body -Werror=sizeof-pointer-memaccess -Werror=sizeof-array-argument -Werror=suspicious-memaccess -Werror=builtin-memcpy-chk-size -Werror=array-bounds-pointer-arithmetic -Werror=return-stack-address -Werror=sizeof-array-decay -Werror=format-insufficient-args -Wformat -nostdinc++ -fno-builtin -fvisibility=hidden -fomit-frame-pointer -DCOMPILER_RT_HAS_FLOAT16 -o CMakeFiles/clang_rt.builtins-aarch64.dir/outline_atomic_helpers.dir/outline_atomic_ldadd8_5.S.o -c /tmp/build-rt-aarch64/lib/builtins/outline_atomic_helpers.dir/outline_atomic_ldadd8_5.S
#26 6.532 [ 87%] Building ASM object lib/builtins/CMakeFiles/clang_rt.builtins-aarch64.dir/outline_atomic_helpers.dir/outline_atomic_ldclr2_5.S.o
#26 6.533 cd /tmp/build-rt-aarch64/lib/builtins && /usr/bin/clang -target aarch64-unknown-linux-gnu --sysroot=/tmp/musl-sysroot-aarch64 -DHAS_ASM_LSE -DVISIBILITY_HIDDEN -DL_ldclr -DMODEL=1 -DSIZE=1 -I/llvm-project-21.1.8.src/compiler-rt/lib/builtins -I/llvm-project-21.1.8.src/compiler-rt/lib/builtins/../../../third-party/siphash/include --target=aarch64-unknown-linux-gnu --sysroot=/tmp/musl-sysroot-aarch64 -O3 -DNDEBUG -fno-lto -Werror=array-bounds -Werror=uninitialized -Werror=shadow -Werror=empty-body -Werror=sizeof-pointer-memaccess -Werror=sizeof-array-argument -Werror=suspicious-memaccess -Werror=builtin-memcpy-chk-size -Werror=array-bounds-pointer-arithmetic -Werror=return-stack-address -Werror=sizeof-array-decay -Werror=format-insufficient-args -Wformat -nostdinc++ -fno-builtin -fvisibility=hidden -fomit-frame-pointer -DCOMPILER_RT_HAS_FLOAT16 -o CMakeFiles/clang_rt.builtins-aarch64.dir/outline_atomic_helpers.dir/outline_atomic_ldclr1_1.S.o -c /tmp/build-rt-aarch64/lib/builtins/outline_atomic_helpers.dir/outline_atomic_ldclr1_1.S
#26 6.533 [ 87%] Building ASM object lib/builtins/CMakeFiles/clang_rt.builtins-aarch64.dir/outline_atomic_helpers.dir/outline_atomic_ldclr4_1.S.o
#26 6.533 cd /tmp/build-rt-aarch64/lib/builtins && /usr/bin/clang -target aarch64-unknown-linux-gnu --sysroot=/tmp/musl-sysroot-aarch64 -DHAS_ASM_LSE -DVISIBILITY_HIDDEN -DL_ldclr -DMODEL=2 -DSIZE=1 -I/llvm-project-21.1.8.src/compiler-rt/lib/builtins -I/llvm-project-21.1.8.src/compiler-rt/lib/builtins/../../../third-party/siphash/include --target=aarch64-unknown-linux-gnu --sysroot=/tmp/musl-sysroot-aarch64 -O3 -DNDEBUG -fno-lto -Werror=array-bounds -Werror=uninitialized -Werror=shadow -Werror=empty-body -Werror=sizeof-pointer-memaccess -Werror=sizeof-array-argument -Werror=suspicious-memaccess -Werror=builtin-memcpy-chk-size -Werror=array-bounds-pointer-arithmetic -Werror=return-stack-address -Werror=sizeof-array-decay -Werror=format-insufficient-args -Wformat -nostdinc++ -fno-builtin -fvisibility=hidden -fomit-frame-pointer -DCOMPILER_RT_HAS_FLOAT16 -o CMakeFiles/clang_rt.builtins-aarch64.dir/outline_atomic_helpers.dir/outline_atomic_ldclr1_2.S.o -c /tmp/build-rt-aarch64/lib/builtins/outline_atomic_helpers.dir/outline_atomic_ldclr1_2.S
#26 6.533 cd /tmp/build-rt-aarch64/lib/builtins && /usr/bin/clang -target aarch64-unknown-linux-gnu --sysroot=/tmp/musl-sysroot-aarch64 -DHAS_ASM_LSE -DVISIBILITY_HIDDEN -DL_ldclr -DMODEL=3 -DSIZE=1 -I/llvm-project-21.1.8.src/compiler-rt/lib/builtins -I/llvm-project-21.1.8.src/compiler-rt/lib/builtins/../../../third-party/siphash/include --target=aarch64-unknown-linux-gnu --sysroot=/tmp/musl-sysroot-aarch64 -O3 -DNDEBUG -fno-lto -Werror=array-bounds -Werror=uninitialized -Werror=shadow -Werror=empty-body -Werror=sizeof-pointer-memaccess -Werror=sizeof-array-argument -Werror=suspicious-memaccess -Werror=builtin-memcpy-chk-size -Werror=array-bounds-pointer-arithmetic -Werror=return-stack-address -Werror=sizeof-array-decay -Werror=format-insufficient-args -Wformat -nostdinc++ -fno-builtin -fvisibility=hidden -fomit-frame-pointer -DCOMPILER_RT_HAS_FLOAT16 -o CMakeFiles/clang_rt.builtins-aarch64.dir/outline_atomic_helpers.dir/outline_atomic_ldclr1_3.S.o -c /tmp/build-rt-aarch64/lib/builtins/outline_atomic_helpers.dir/outline_atomic_ldclr1_3.S
#26 6.533 cd /tmp/build-rt-aarch64/lib/builtins && /usr/bin/clang -target aarch64-unknown-linux-gnu --sysroot=/tmp/musl-sysroot-aarch64 -DHAS_ASM_LSE -DVISIBILITY_HIDDEN -DL_ldclr -DMODEL=4 -DSIZE=1 -I/llvm-project-21.1.8.src/compiler-rt/lib/builtins -I/llvm-project-21.1.8.src/compiler-rt/lib/builtins/../../../third-party/siphash/include --target=aarch64-unknown-linux-gnu --sysroot=/tmp/musl-sysroot-aarch64 -O3 -DNDEBUG -fno-lto -Werror=array-bounds -Werror=uninitialized -Werror=shadow -Werror=empty-body -Werror=sizeof-pointer-memaccess -Werror=sizeof-array-argument -Werror=suspicious-memaccess -Werror=builtin-memcpy-chk-size -Werror=array-bounds-pointer-arithmetic -Werror=return-stack-address -Werror=sizeof-array-decay -Werror=format-insufficient-args -Wformat -nostdinc++ -fno-builtin -fvisibility=hidden -fomit-frame-pointer -DCOMPILER_RT_HAS_FLOAT16 -o CMakeFiles/clang_rt.builtins-aarch64.dir/outline_atomic_helpers.dir/outline_atomic_ldclr1_4.S.o -c /tmp/build-rt-aarch64/lib/builtins/outline_atomic_helpers.dir/outline_atomic_ldclr1_4.S
#26 6.533 cd /tmp/build-rt-aarch64/lib/builtins && /usr/bin/clang -target aarch64-unknown-linux-gnu --sysroot=/tmp/musl-sysroot-aarch64 -DHAS_ASM_LSE -DVISIBILITY_HIDDEN -DL_ldclr -DMODEL=5 -DSIZE=1 -I/llvm-project-21.1.8.src/compiler-rt/lib/builtins -I/llvm-project-21.1.8.src/compiler-rt/lib/builtins/../../../third-party/siphash/include --target=aarch64-unknown-linux-gnu --sysroot=/tmp/musl-sysroot-aarch64 -O3 -DNDEBUG -fno-lto -Werror=array-bounds -Werror=uninitialized -Werror=shadow -Werror=empty-body -Werror=sizeof-pointer-memaccess -Werror=sizeof-array-argument -Werror=suspicious-memaccess -Werror=builtin-memcpy-chk-size -Werror=array-bounds-pointer-arithmetic -Werror=return-stack-address -Werror=sizeof-array-decay -Werror=format-insufficient-args -Wformat -nostdinc++ -fno-builtin -fvisibility=hidden -fomit-frame-pointer -DCOMPILER_RT_HAS_FLOAT16 -o CMakeFiles/clang_rt.builtins-aarch64.dir/outline_atomic_helpers.dir/outline_atomic_ldclr1_5.S.o -c /tmp/build-rt-aarch64/lib/builtins/outline_atomic_helpers.dir/outline_atomic_ldclr1_5.S
#26 6.533 cd /tmp/build-rt-aarch64/lib/builtins && /usr/bin/clang -target aarch64-unknown-linux-gnu --sysroot=/tmp/musl-sysroot-aarch64 -DHAS_ASM_LSE -DVISIBILITY_HIDDEN -DL_ldclr -DMODEL=1 -DSIZE=2 -I/llvm-project-21.1.8.src/compiler-rt/lib/builtins -I/llvm-project-21.1.8.src/compiler-rt/lib/builtins/../../../third-party/siphash/include --target=aarch64-unknown-linux-gnu --sysroot=/tmp/musl-sysroot-aarch64 -O3 -DNDEBUG -fno-lto -Werror=array-bounds -Werror=uninitialized -Werror=shadow -Werror=empty-body -Werror=sizeof-pointer-memaccess -Werror=sizeof-array-argument -Werror=suspicious-memaccess -Werror=builtin-memcpy-chk-size -Werror=array-bounds-pointer-arithmetic -Werror=return-stack-address -Werror=sizeof-array-decay -Werror=format-insufficient-args -Wformat -nostdinc++ -fno-builtin -fvisibility=hidden -fomit-frame-pointer -DCOMPILER_RT_HAS_FLOAT16 -o CMakeFiles/clang_rt.builtins-aarch64.dir/outline_atomic_helpers.dir/outline_atomic_ldclr2_1.S.o -c /tmp/build-rt-aarch64/lib/builtins/outline_atomic_helpers.dir/outline_atomic_ldclr2_1.S
#26 6.533 cd /tmp/build-rt-aarch64/lib/builtins && /usr/bin/clang -target aarch64-unknown-linux-gnu --sysroot=/tmp/musl-sysroot-aarch64 -DHAS_ASM_LSE -DVISIBILITY_HIDDEN -DL_ldclr -DMODEL=2 -DSIZE=2 -I/llvm-project-21.1.8.src/compiler-rt/lib/builtins -I/llvm-project-21.1.8.src/compiler-rt/lib/builtins/../../../third-party/siphash/include --target=aarch64-unknown-linux-gnu --sysroot=/tmp/musl-sysroot-aarch64 -O3 -DNDEBUG -fno-lto -Werror=array-bounds -Werror=uninitialized -Werror=shadow -Werror=empty-body -Werror=sizeof-pointer-memaccess -Werror=sizeof-array-argument -Werror=suspicious-memaccess -Werror=builtin-memcpy-chk-size -Werror=array-bounds-pointer-arithmetic -Werror=return-stack-address -Werror=sizeof-array-decay -Werror=format-insufficient-args -Wformat -nostdinc++ -fno-builtin -fvisibility=hidden -fomit-frame-pointer -DCOMPILER_RT_HAS_FLOAT16 -o CMakeFiles/clang_rt.builtins-aarch64.dir/outline_atomic_helpers.dir/outline_atomic_ldclr2_2.S.o -c /tmp/build-rt-aarch64/lib/builtins/outline_atomic_helpers.dir/outline_atomic_ldclr2_2.S
#26 6.534 cd /tmp/build-rt-aarch64/lib/builtins && /usr/bin/clang -target aarch64-unknown-linux-gnu --sysroot=/tmp/musl-sysroot-aarch64 -DHAS_ASM_LSE -DVISIBILITY_HIDDEN -DL_ldclr -DMODEL=3 -DSIZE=2 -I/llvm-project-21.1.8.src/compiler-rt/lib/builtins -I/llvm-project-21.1.8.src/compiler-rt/lib/builtins/../../../third-party/siphash/include --target=aarch64-unknown-linux-gnu --sysroot=/tmp/musl-sysroot-aarch64 -O3 -DNDEBUG -fno-lto -Werror=array-bounds -Werror=uninitialized -Werror=shadow -Werror=empty-body -Werror=sizeof-pointer-memaccess -Werror=sizeof-array-argument -Werror=suspicious-memaccess -Werror=builtin-memcpy-chk-size -Werror=array-bounds-pointer-arithmetic -Werror=return-stack-address -Werror=sizeof-array-decay -Werror=format-insufficient-args -Wformat -nostdinc++ -fno-builtin -fvisibility=hidden -fomit-frame-pointer -DCOMPILER_RT_HAS_FLOAT16 -o CMakeFiles/clang_rt.builtins-aarch64.dir/outline_atomic_helpers.dir/outline_atomic_ldclr2_3.S.o -c /tmp/build-rt-aarch64/lib/builtins/outline_atomic_helpers.dir/outline_atomic_ldclr2_3.S
#26 6.534 cd /tmp/build-rt-aarch64/lib/builtins && /usr/bin/clang -target aarch64-unknown-linux-gnu --sysroot=/tmp/musl-sysroot-aarch64 -DHAS_ASM_LSE -DVISIBILITY_HIDDEN -DL_ldclr -DMODEL=4 -DSIZE=2 -I/llvm-project-21.1.8.src/compiler-rt/lib/builtins -I/llvm-project-21.1.8.src/compiler-rt/lib/builtins/../../../third-party/siphash/include --target=aarch64-unknown-linux-gnu --sysroot=/tmp/musl-sysroot-aarch64 -O3 -DNDEBUG -fno-lto -Werror=array-bounds -Werror=uninitialized -Werror=shadow -Werror=empty-body -Werror=sizeof-pointer-memaccess -Werror=sizeof-array-argument -Werror=suspicious-memaccess -Werror=builtin-memcpy-chk-size -Werror=array-bounds-pointer-arithmetic -Werror=return-stack-address -Werror=sizeof-array-decay -Werror=format-insufficient-args -Wformat -nostdinc++ -fno-builtin -fvisibility=hidden -fomit-frame-pointer -DCOMPILER_RT_HAS_FLOAT16 -o CMakeFiles/clang_rt.builtins-aarch64.dir/outline_atomic_helpers.dir/outline_atomic_ldclr2_4.S.o -c /tmp/build-rt-aarch64/lib/builtins/outline_atomic_helpers.dir/outline_atomic_ldclr2_4.S
#26 6.534 cd /tmp/build-rt-aarch64/lib/builtins && /usr/bin/clang -target aarch64-unknown-linux-gnu --sysroot=/tmp/musl-sysroot-aarch64 -DHAS_ASM_LSE -DVISIBILITY_HIDDEN -DL_ldclr -DMODEL=5 -DSIZE=2 -I/llvm-project-21.1.8.src/compiler-rt/lib/builtins -I/llvm-project-21.1.8.src/compiler-rt/lib/builtins/../../../third-party/siphash/include --target=aarch64-unknown-linux-gnu --sysroot=/tmp/musl-sysroot-aarch64 -O3 -DNDEBUG -fno-lto -Werror=array-bounds -Werror=uninitialized -Werror=shadow -Werror=empty-body -Werror=sizeof-pointer-memaccess -Werror=sizeof-array-argument -Werror=suspicious-memaccess -Werror=builtin-memcpy-chk-size -Werror=array-bounds-pointer-arithmetic -Werror=return-stack-address -Werror=sizeof-array-decay -Werror=format-insufficient-args -Wformat -nostdinc++ -fno-builtin -fvisibility=hidden -fomit-frame-pointer -DCOMPILER_RT_HAS_FLOAT16 -o CMakeFiles/clang_rt.builtins-aarch64.dir/outline_atomic_helpers.dir/outline_atomic_ldclr2_5.S.o -c /tmp/build-rt-aarch64/lib/builtins/outline_atomic_helpers.dir/outline_atomic_ldclr2_5.S
#26 6.534 cd /tmp/build-rt-aarch64/lib/builtins && /usr/bin/clang -target aarch64-unknown-linux-gnu --sysroot=/tmp/musl-sysroot-aarch64 -DHAS_ASM_LSE -DVISIBILITY_HIDDEN -DL_ldclr -DMODEL=1 -DSIZE=4 -I/llvm-project-21.1.8.src/compiler-rt/lib/builtins -I/llvm-project-21.1.8.src/compiler-rt/lib/builtins/../../../third-party/siphash/include --target=aarch64-unknown-linux-gnu --sysroot=/tmp/musl-sysroot-aarch64 -O3 -DNDEBUG -fno-lto -Werror=array-bounds -Werror=uninitialized -Werror=shadow -Werror=empty-body -Werror=sizeof-pointer-memaccess -Werror=sizeof-array-argument -Werror=suspicious-memaccess -Werror=builtin-memcpy-chk-size -Werror=array-bounds-pointer-arithmetic -Werror=return-stack-address -Werror=sizeof-array-decay -Werror=format-insufficient-args -Wformat -nostdinc++ -fno-builtin -fvisibility=hidden -fomit-frame-pointer -DCOMPILER_RT_HAS_FLOAT16 -o CMakeFiles/clang_rt.builtins-aarch64.dir/outline_atomic_helpers.dir/outline_atomic_ldclr4_1.S.o -c /tmp/build-rt-aarch64/lib/builtins/outline_atomic_helpers.dir/outline_atomic_ldclr4_1.S
#26 6.537 [ 87%] Building ASM object lib/builtins/CMakeFiles/clang_rt.builtins-aarch64.dir/outline_atomic_helpers.dir/outline_atomic_ldclr4_2.S.o
#26 6.537 [ 87%] Building ASM object lib/builtins/CMakeFiles/clang_rt.builtins-aarch64.dir/outline_atomic_helpers.dir/outline_atomic_ldclr4_3.S.o
#26 6.537 [ 87%] Building ASM object lib/builtins/CMakeFiles/clang_rt.builtins-aarch64.dir/outline_atomic_helpers.dir/outline_atomic_ldclr4_4.S.o
#26 6.538 [ 88%] Building ASM object lib/builtins/CMakeFiles/clang_rt.builtins-aarch64.dir/outline_atomic_helpers.dir/outline_atomic_ldclr4_5.S.o
#26 6.538 [ 88%] Building ASM object lib/builtins/CMakeFiles/clang_rt.builtins-aarch64.dir/outline_atomic_helpers.dir/outline_atomic_ldclr8_1.S.o
#26 6.538 [ 88%] Building ASM object lib/builtins/CMakeFiles/clang_rt.builtins-aarch64.dir/outline_atomic_helpers.dir/outline_atomic_ldclr8_2.S.o
#26 6.538 cd /tmp/build-rt-aarch64/lib/builtins && /usr/bin/clang -target aarch64-unknown-linux-gnu --sysroot=/tmp/musl-sysroot-aarch64 -DHAS_ASM_LSE -DVISIBILITY_HIDDEN -DL_ldclr -DMODEL=2 -DSIZE=4 -I/llvm-project-21.1.8.src/compiler-rt/lib/builtins -I/llvm-project-21.1.8.src/compiler-rt/lib/builtins/../../../third-party/siphash/include --target=aarch64-unknown-linux-gnu --sysroot=/tmp/musl-sysroot-aarch64 -O3 -DNDEBUG -fno-lto -Werror=array-bounds -Werror=uninitialized -Werror=shadow -Werror=empty-body -Werror=sizeof-pointer-memaccess -Werror=sizeof-array-argument -Werror=suspicious-memaccess -Werror=builtin-memcpy-chk-size -Werror=array-bounds-pointer-arithmetic -Werror=return-stack-address -Werror=sizeof-array-decay -Werror=format-insufficient-args -Wformat -nostdinc++ -fno-builtin -fvisibility=hidden -fomit-frame-pointer -DCOMPILER_RT_HAS_FLOAT16 -o CMakeFiles/clang_rt.builtins-aarch64.dir/outline_atomic_helpers.dir/outline_atomic_ldclr4_2.S.o -c /tmp/build-rt-aarch64/lib/builtins/outline_atomic_helpers.dir/outline_atomic_ldclr4_2.S
#26 6.538 [ 88%] Building ASM object lib/builtins/CMakeFiles/clang_rt.builtins-aarch64.dir/outline_atomic_helpers.dir/outline_atomic_ldclr8_5.S.o
#26 6.538 [ 88%] Building ASM object lib/builtins/CMakeFiles/clang_rt.builtins-aarch64.dir/outline_atomic_helpers.dir/outline_atomic_ldclr8_3.S.o
#26 6.538 cd /tmp/build-rt-aarch64/lib/builtins && /usr/bin/clang -target aarch64-unknown-linux-gnu --sysroot=/tmp/musl-sysroot-aarch64 -DHAS_ASM_LSE -DVISIBILITY_HIDDEN -DL_ldclr -DMODEL=3 -DSIZE=4 -I/llvm-project-21.1.8.src/compiler-rt/lib/builtins -I/llvm-project-21.1.8.src/compiler-rt/lib/builtins/../../../third-party/siphash/include --target=aarch64-unknown-linux-gnu --sysroot=/tmp/musl-sysroot-aarch64 -O3 -DNDEBUG -fno-lto -Werror=array-bounds -Werror=uninitialized -Werror=shadow -Werror=empty-body -Werror=sizeof-pointer-memaccess -Werror=sizeof-array-argument -Werror=suspicious-memaccess -Werror=builtin-memcpy-chk-size -Werror=array-bounds-pointer-arithmetic -Werror=return-stack-address -Werror=sizeof-array-decay -Werror=format-insufficient-args -Wformat -nostdinc++ -fno-builtin -fvisibility=hidden -fomit-frame-pointer -DCOMPILER_RT_HAS_FLOAT16 -o CMakeFiles/clang_rt.builtins-aarch64.dir/outline_atomic_helpers.dir/outline_atomic_ldclr4_3.S.o -c /tmp/build-rt-aarch64/lib/builtins/outline_atomic_helpers.dir/outline_atomic_ldclr4_3.S
#26 6.538 cd /tmp/build-rt-aarch64/lib/builtins && /usr/bin/clang -target aarch64-unknown-linux-gnu --sysroot=/tmp/musl-sysroot-aarch64 -DHAS_ASM_LSE -DVISIBILITY_HIDDEN -DL_ldclr -DMODEL=4 -DSIZE=4 -I/llvm-project-21.1.8.src/compiler-rt/lib/builtins -I/llvm-project-21.1.8.src/compiler-rt/lib/builtins/../../../third-party/siphash/include --target=aarch64-unknown-linux-gnu --sysroot=/tmp/musl-sysroot-aarch64 -O3 -DNDEBUG -fno-lto -Werror=array-bounds -Werror=uninitialized -Werror=shadow -Werror=empty-body -Werror=sizeof-pointer-memaccess -Werror=sizeof-array-argument -Werror=suspicious-memaccess -Werror=builtin-memcpy-chk-size -Werror=array-bounds-pointer-arithmetic -Werror=return-stack-address -Werror=sizeof-array-decay -Werror=format-insufficient-args -Wformat -nostdinc++ -fno-builtin -fvisibility=hidden -fomit-frame-pointer -DCOMPILER_RT_HAS_FLOAT16 -o CMakeFiles/clang_rt.builtins-aarch64.dir/outline_atomic_helpers.dir/outline_atomic_ldclr4_4.S.o -c /tmp/build-rt-aarch64/lib/builtins/outline_atomic_helpers.dir/outline_atomic_ldclr4_4.S
#26 6.539 [ 88%] Building ASM object lib/builtins/CMakeFiles/clang_rt.builtins-aarch64.dir/outline_atomic_helpers.dir/outline_atomic_ldeor1_4.S.o
#26 6.539 [ 89%] Building ASM object lib/builtins/CMakeFiles/clang_rt.builtins-aarch64.dir/outline_atomic_helpers.dir/outline_atomic_ldeor1_1.S.o
#26 6.539 [ 89%] Building ASM object lib/builtins/CMakeFiles/clang_rt.builtins-aarch64.dir/outline_atomic_helpers.dir/outline_atomic_ldeor1_3.S.o
#26 6.539 [ 89%] Building ASM object lib/builtins/CMakeFiles/clang_rt.builtins-aarch64.dir/outline_atomic_helpers.dir/outline_atomic_ldeor1_2.S.o
#26 6.539 cd /tmp/build-rt-aarch64/lib/builtins && /usr/bin/clang -target aarch64-unknown-linux-gnu --sysroot=/tmp/musl-sysroot-aarch64 -DHAS_ASM_LSE -DVISIBILITY_HIDDEN -DL_ldclr -DMODEL=5 -DSIZE=4 -I/llvm-project-21.1.8.src/compiler-rt/lib/builtins -I/llvm-project-21.1.8.src/compiler-rt/lib/builtins/../../../third-party/siphash/include --target=aarch64-unknown-linux-gnu --sysroot=/tmp/musl-sysroot-aarch64 -O3 -DNDEBUG -fno-lto -Werror=array-bounds -Werror=uninitialized -Werror=shadow -Werror=empty-body -Werror=sizeof-pointer-memaccess -Werror=sizeof-array-argument -Werror=suspicious-memaccess -Werror=builtin-memcpy-chk-size -Werror=array-bounds-pointer-arithmetic -Werror=return-stack-address -Werror=sizeof-array-decay -Werror=format-insufficient-args -Wformat -nostdinc++ -fno-builtin -fvisibility=hidden -fomit-frame-pointer -DCOMPILER_RT_HAS_FLOAT16 -o CMakeFiles/clang_rt.builtins-aarch64.dir/outline_atomic_helpers.dir/outline_atomic_ldclr4_5.S.o -c /tmp/build-rt-aarch64/lib/builtins/outline_atomic_helpers.dir/outline_atomic_ldclr4_5.S
#26 6.539 cd /tmp/build-rt-aarch64/lib/builtins && /usr/bin/clang -target aarch64-unknown-linux-gnu --sysroot=/tmp/musl-sysroot-aarch64 -DHAS_ASM_LSE -DVISIBILITY_HIDDEN -DL_ldclr -DMODEL=1 -DSIZE=8 -I/llvm-project-21.1.8.src/compiler-rt/lib/builtins -I/llvm-project-21.1.8.src/compiler-rt/lib/builtins/../../../third-party/siphash/include --target=aarch64-unknown-linux-gnu --sysroot=/tmp/musl-sysroot-aarch64 -O3 -DNDEBUG -fno-lto -Werror=array-bounds -Werror=uninitialized -Werror=shadow -Werror=empty-body -Werror=sizeof-pointer-memaccess -Werror=sizeof-array-argument -Werror=suspicious-memaccess -Werror=builtin-memcpy-chk-size -Werror=array-bounds-pointer-arithmetic -Werror=return-stack-address -Werror=sizeof-array-decay -Werror=format-insufficient-args -Wformat -nostdinc++ -fno-builtin -fvisibility=hidden -fomit-frame-pointer -DCOMPILER_RT_HAS_FLOAT16 -o CMakeFiles/clang_rt.builtins-aarch64.dir/outline_atomic_helpers.dir/outline_atomic_ldclr8_1.S.o -c /tmp/build-rt-aarch64/lib/builtins/outline_atomic_helpers.dir/outline_atomic_ldclr8_1.S
#26 6.539 [ 90%] Building ASM object lib/builtins/CMakeFiles/clang_rt.builtins-aarch64.dir/outline_atomic_helpers.dir/outline_atomic_ldclr8_4.S.o
#26 6.539 [ 90%] Building ASM object lib/builtins/CMakeFiles/clang_rt.builtins-aarch64.dir/outline_atomic_helpers.dir/outline_atomic_ldeor1_5.S.o
#26 6.539 [ 90%] Building ASM object lib/builtins/CMakeFiles/clang_rt.builtins-aarch64.dir/outline_atomic_helpers.dir/outline_atomic_ldeor2_1.S.o
#26 6.539 [ 90%] Building ASM object lib/builtins/CMakeFiles/clang_rt.builtins-aarch64.dir/outline_atomic_helpers.dir/outline_atomic_ldeor2_3.S.o
#26 6.540 cd /tmp/build-rt-aarch64/lib/builtins && /usr/bin/clang -target aarch64-unknown-linux-gnu --sysroot=/tmp/musl-sysroot-aarch64 -DHAS_ASM_LSE -DVISIBILITY_HIDDEN -DL_ldclr -DMODEL=2 -DSIZE=8 -I/llvm-project-21.1.8.src/compiler-rt/lib/builtins -I/llvm-project-21.1.8.src/compiler-rt/lib/builtins/../../../third-party/siphash/include --target=aarch64-unknown-linux-gnu --sysroot=/tmp/musl-sysroot-aarch64 -O3 -DNDEBUG -fno-lto -Werror=array-bounds -Werror=uninitialized -Werror=shadow -Werror=empty-body -Werror=sizeof-pointer-memaccess -Werror=sizeof-array-argument -Werror=suspicious-memaccess -Werror=builtin-memcpy-chk-size -Werror=array-bounds-pointer-arithmetic -Werror=return-stack-address -Werror=sizeof-array-decay -Werror=format-insufficient-args -Wformat -nostdinc++ -fno-builtin -fvisibility=hidden -fomit-frame-pointer -DCOMPILER_RT_HAS_FLOAT16 -o CMakeFiles/clang_rt.builtins-aarch64.dir/outline_atomic_helpers.dir/outline_atomic_ldclr8_2.S.o -c /tmp/build-rt-aarch64/lib/builtins/outline_atomic_helpers.dir/outline_atomic_ldclr8_2.S
#26 6.540 cd /tmp/build-rt-aarch64/lib/builtins && /usr/bin/clang -target aarch64-unknown-linux-gnu --sysroot=/tmp/musl-sysroot-aarch64 -DHAS_ASM_LSE -DVISIBILITY_HIDDEN -DL_ldclr -DMODEL=5 -DSIZE=8 -I/llvm-project-21.1.8.src/compiler-rt/lib/builtins -I/llvm-project-21.1.8.src/compiler-rt/lib/builtins/../../../third-party/siphash/include --target=aarch64-unknown-linux-gnu --sysroot=/tmp/musl-sysroot-aarch64 -O3 -DNDEBUG -fno-lto -Werror=array-bounds -Werror=uninitialized -Werror=shadow -Werror=empty-body -Werror=sizeof-pointer-memaccess -Werror=sizeof-array-argument -Werror=suspicious-memaccess -Werror=builtin-memcpy-chk-size -Werror=array-bounds-pointer-arithmetic -Werror=return-stack-address -Werror=sizeof-array-decay -Werror=format-insufficient-args -Wformat -nostdinc++ -fno-builtin -fvisibility=hidden -fomit-frame-pointer -DCOMPILER_RT_HAS_FLOAT16 -o CMakeFiles/clang_rt.builtins-aarch64.dir/outline_atomic_helpers.dir/outline_atomic_ldclr8_5.S.o -c /tmp/build-rt-aarch64/lib/builtins/outline_atomic_helpers.dir/outline_atomic_ldclr8_5.S
#26 6.540 cd /tmp/build-rt-aarch64/lib/builtins && /usr/bin/clang -target aarch64-unknown-linux-gnu --sysroot=/tmp/musl-sysroot-aarch64 -DHAS_ASM_LSE -DVISIBILITY_HIDDEN -DL_ldclr -DMODEL=3 -DSIZE=8 -I/llvm-project-21.1.8.src/compiler-rt/lib/builtins -I/llvm-project-21.1.8.src/compiler-rt/lib/builtins/../../../third-party/siphash/include --target=aarch64-unknown-linux-gnu --sysroot=/tmp/musl-sysroot-aarch64 -O3 -DNDEBUG -fno-lto -Werror=array-bounds -Werror=uninitialized -Werror=shadow -Werror=empty-body -Werror=sizeof-pointer-memaccess -Werror=sizeof-array-argument -Werror=suspicious-memaccess -Werror=builtin-memcpy-chk-size -Werror=array-bounds-pointer-arithmetic -Werror=return-stack-address -Werror=sizeof-array-decay -Werror=format-insufficient-args -Wformat -nostdinc++ -fno-builtin -fvisibility=hidden -fomit-frame-pointer -DCOMPILER_RT_HAS_FLOAT16 -o CMakeFiles/clang_rt.builtins-aarch64.dir/outline_atomic_helpers.dir/outline_atomic_ldclr8_3.S.o -c /tmp/build-rt-aarch64/lib/builtins/outline_atomic_helpers.dir/outline_atomic_ldclr8_3.S
#26 6.540 [ 90%] Building ASM object lib/builtins/CMakeFiles/clang_rt.builtins-aarch64.dir/outline_atomic_helpers.dir/outline_atomic_ldeor2_4.S.o
#26 6.540 [ 90%] Building ASM object lib/builtins/CMakeFiles/clang_rt.builtins-aarch64.dir/outline_atomic_helpers.dir/outline_atomic_ldeor2_5.S.o
#26 6.540 [ 92%] Building ASM object lib/builtins/CMakeFiles/clang_rt.builtins-aarch64.dir/outline_atomic_helpers.dir/outline_atomic_ldeor4_1.S.o
#26 6.540 [ 92%] Building ASM object lib/builtins/CMakeFiles/clang_rt.builtins-aarch64.dir/outline_atomic_helpers.dir/outline_atomic_ldeor2_2.S.o
#26 6.540 [ 92%] Building ASM object lib/builtins/CMakeFiles/clang_rt.builtins-aarch64.dir/outline_atomic_helpers.dir/outline_atomic_ldeor4_2.S.o
#26 6.540 cd /tmp/build-rt-aarch64/lib/builtins && /usr/bin/clang -target aarch64-unknown-linux-gnu --sysroot=/tmp/musl-sysroot-aarch64 -DHAS_ASM_LSE -DVISIBILITY_HIDDEN -DL_ldeor -DMODEL=4 -DSIZE=1 -I/llvm-project-21.1.8.src/compiler-rt/lib/builtins -I/llvm-project-21.1.8.src/compiler-rt/lib/builtins/../../../third-party/siphash/include --target=aarch64-unknown-linux-gnu --sysroot=/tmp/musl-sysroot-aarch64 -O3 -DNDEBUG -fno-lto -Werror=array-bounds -Werror=uninitialized -Werror=shadow -Werror=empty-body -Werror=sizeof-pointer-memaccess -Werror=sizeof-array-argument -Werror=suspicious-memaccess -Werror=builtin-memcpy-chk-size -Werror=array-bounds-pointer-arithmetic -Werror=return-stack-address -Werror=sizeof-array-decay -Werror=format-insufficient-args -Wformat -nostdinc++ -fno-builtin -fvisibility=hidden -fomit-frame-pointer -DCOMPILER_RT_HAS_FLOAT16 -o CMakeFiles/clang_rt.builtins-aarch64.dir/outline_atomic_helpers.dir/outline_atomic_ldeor1_4.S.o -c /tmp/build-rt-aarch64/lib/builtins/outline_atomic_helpers.dir/outline_atomic_ldeor1_4.S
#26 6.541 [ 92%] Building ASM object lib/builtins/CMakeFiles/clang_rt.builtins-aarch64.dir/outline_atomic_helpers.dir/outline_atomic_ldeor4_3.S.o
#26 6.541 cd /tmp/build-rt-aarch64/lib/builtins && /usr/bin/clang -target aarch64-unknown-linux-gnu --sysroot=/tmp/musl-sysroot-aarch64 -DHAS_ASM_LSE -DVISIBILITY_HIDDEN -DL_ldeor -DMODEL=1 -DSIZE=1 -I/llvm-project-21.1.8.src/compiler-rt/lib/builtins -I/llvm-project-21.1.8.src/compiler-rt/lib/builtins/../../../third-party/siphash/include --target=aarch64-unknown-linux-gnu --sysroot=/tmp/musl-sysroot-aarch64 -O3 -DNDEBUG -fno-lto -Werror=array-bounds -Werror=uninitialized -Werror=shadow -Werror=empty-body -Werror=sizeof-pointer-memaccess -Werror=sizeof-array-argument -Werror=suspicious-memaccess -Werror=builtin-memcpy-chk-size -Werror=array-bounds-pointer-arithmetic -Werror=return-stack-address -Werror=sizeof-array-decay -Werror=format-insufficient-args -Wformat -nostdinc++ -fno-builtin -fvisibility=hidden -fomit-frame-pointer -DCOMPILER_RT_HAS_FLOAT16 -o CMakeFiles/clang_rt.builtins-aarch64.dir/outline_atomic_helpers.dir/outline_atomic_ldeor1_1.S.o -c /tmp/build-rt-aarch64/lib/builtins/outline_atomic_helpers.dir/outline_atomic_ldeor1_1.S
#26 6.541 cd /tmp/build-rt-aarch64/lib/builtins && /usr/bin/clang -target aarch64-unknown-linux-gnu --sysroot=/tmp/musl-sysroot-aarch64 -DHAS_ASM_LSE -DVISIBILITY_HIDDEN -DL_ldeor -DMODEL=2 -DSIZE=1 -I/llvm-project-21.1.8.src/compiler-rt/lib/builtins -I/llvm-project-21.1.8.src/compiler-rt/lib/builtins/../../../third-party/siphash/include --target=aarch64-unknown-linux-gnu --sysroot=/tmp/musl-sysroot-aarch64 -O3 -DNDEBUG -fno-lto -Werror=array-bounds -Werror=uninitialized -Werror=shadow -Werror=empty-body -Werror=sizeof-pointer-memaccess -Werror=sizeof-array-argument -Werror=suspicious-memaccess -Werror=builtin-memcpy-chk-size -Werror=array-bounds-pointer-arithmetic -Werror=return-stack-address -Werror=sizeof-array-decay -Werror=format-insufficient-args -Wformat -nostdinc++ -fno-builtin -fvisibility=hidden -fomit-frame-pointer -DCOMPILER_RT_HAS_FLOAT16 -o CMakeFiles/clang_rt.builtins-aarch64.dir/outline_atomic_helpers.dir/outline_atomic_ldeor1_2.S.o -c /tmp/build-rt-aarch64/lib/builtins/outline_atomic_helpers.dir/outline_atomic_ldeor1_2.S
#26 6.541 cd /tmp/build-rt-aarch64/lib/builtins && /usr/bin/clang -target aarch64-unknown-linux-gnu --sysroot=/tmp/musl-sysroot-aarch64 -DHAS_ASM_LSE -DVISIBILITY_HIDDEN -DL_ldeor -DMODEL=3 -DSIZE=1 -I/llvm-project-21.1.8.src/compiler-rt/lib/builtins -I/llvm-project-21.1.8.src/compiler-rt/lib/builtins/../../../third-party/siphash/include --target=aarch64-unknown-linux-gnu --sysroot=/tmp/musl-sysroot-aarch64 -O3 -DNDEBUG -fno-lto -Werror=array-bounds -Werror=uninitialized -Werror=shadow -Werror=empty-body -Werror=sizeof-pointer-memaccess -Werror=sizeof-array-argument -Werror=suspicious-memaccess -Werror=builtin-memcpy-chk-size -Werror=array-bounds-pointer-arithmetic -Werror=return-stack-address -Werror=sizeof-array-decay -Werror=format-insufficient-args -Wformat -nostdinc++ -fno-builtin -fvisibility=hidden -fomit-frame-pointer -DCOMPILER_RT_HAS_FLOAT16 -o CMakeFiles/clang_rt.builtins-aarch64.dir/outline_atomic_helpers.dir/outline_atomic_ldeor1_3.S.o -c /tmp/build-rt-aarch64/lib/builtins/outline_atomic_helpers.dir/outline_atomic_ldeor1_3.S
#26 6.541 cd /tmp/build-rt-aarch64/lib/builtins && /usr/bin/clang -target aarch64-unknown-linux-gnu --sysroot=/tmp/musl-sysroot-aarch64 -DHAS_ASM_LSE -DVISIBILITY_HIDDEN -DL_ldeor -DMODEL=5 -DSIZE=1 -I/llvm-project-21.1.8.src/compiler-rt/lib/builtins -I/llvm-project-21.1.8.src/compiler-rt/lib/builtins/../../../third-party/siphash/include --target=aarch64-unknown-linux-gnu --sysroot=/tmp/musl-sysroot-aarch64 -O3 -DNDEBUG -fno-lto -Werror=array-bounds -Werror=uninitialized -Werror=shadow -Werror=empty-body -Werror=sizeof-pointer-memaccess -Werror=sizeof-array-argument -Werror=suspicious-memaccess -Werror=builtin-memcpy-chk-size -Werror=array-bounds-pointer-arithmetic -Werror=return-stack-address -Werror=sizeof-array-decay -Werror=format-insufficient-args -Wformat -nostdinc++ -fno-builtin -fvisibility=hidden -fomit-frame-pointer -DCOMPILER_RT_HAS_FLOAT16 -o CMakeFiles/clang_rt.builtins-aarch64.dir/outline_atomic_helpers.dir/outline_atomic_ldeor1_5.S.o -c /tmp/build-rt-aarch64/lib/builtins/outline_atomic_helpers.dir/outline_atomic_ldeor1_5.S
#26 6.541 cd /tmp/build-rt-aarch64/lib/builtins && /usr/bin/clang -target aarch64-unknown-linux-gnu --sysroot=/tmp/musl-sysroot-aarch64 -DHAS_ASM_LSE -DVISIBILITY_HIDDEN -DL_ldeor -DMODEL=1 -DSIZE=2 -I/llvm-project-21.1.8.src/compiler-rt/lib/builtins -I/llvm-project-21.1.8.src/compiler-rt/lib/builtins/../../../third-party/siphash/include --target=aarch64-unknown-linux-gnu --sysroot=/tmp/musl-sysroot-aarch64 -O3 -DNDEBUG -fno-lto -Werror=array-bounds -Werror=uninitialized -Werror=shadow -Werror=empty-body -Werror=sizeof-pointer-memaccess -Werror=sizeof-array-argument -Werror=suspicious-memaccess -Werror=builtin-memcpy-chk-size -Werror=array-bounds-pointer-arithmetic -Werror=return-stack-address -Werror=sizeof-array-decay -Werror=format-insufficient-args -Wformat -nostdinc++ -fno-builtin -fvisibility=hidden -fomit-frame-pointer -DCOMPILER_RT_HAS_FLOAT16 -o CMakeFiles/clang_rt.builtins-aarch64.dir/outline_atomic_helpers.dir/outline_atomic_ldeor2_1.S.o -c /tmp/build-rt-aarch64/lib/builtins/outline_atomic_helpers.dir/outline_atomic_ldeor2_1.S
#26 6.541 cd /tmp/build-rt-aarch64/lib/builtins && /usr/bin/clang -target aarch64-unknown-linux-gnu --sysroot=/tmp/musl-sysroot-aarch64 -DHAS_ASM_LSE -DVISIBILITY_HIDDEN -DL_ldeor -DMODEL=3 -DSIZE=2 -I/llvm-project-21.1.8.src/compiler-rt/lib/builtins -I/llvm-project-21.1.8.src/compiler-rt/lib/builtins/../../../third-party/siphash/include --target=aarch64-unknown-linux-gnu --sysroot=/tmp/musl-sysroot-aarch64 -O3 -DNDEBUG -fno-lto -Werror=array-bounds -Werror=uninitialized -Werror=shadow -Werror=empty-body -Werror=sizeof-pointer-memaccess -Werror=sizeof-array-argument -Werror=suspicious-memaccess -Werror=builtin-memcpy-chk-size -Werror=array-bounds-pointer-arithmetic -Werror=return-stack-address -Werror=sizeof-array-decay -Werror=format-insufficient-args -Wformat -nostdinc++ -fno-builtin -fvisibility=hidden -fomit-frame-pointer -DCOMPILER_RT_HAS_FLOAT16 -o CMakeFiles/clang_rt.builtins-aarch64.dir/outline_atomic_helpers.dir/outline_atomic_ldeor2_3.S.o -c /tmp/build-rt-aarch64/lib/builtins/outline_atomic_helpers.dir/outline_atomic_ldeor2_3.S
#26 6.541 cd /tmp/build-rt-aarch64/lib/builtins && /usr/bin/clang -target aarch64-unknown-linux-gnu --sysroot=/tmp/musl-sysroot-aarch64 -DHAS_ASM_LSE -DVISIBILITY_HIDDEN -DL_ldclr -DMODEL=4 -DSIZE=8 -I/llvm-project-21.1.8.src/compiler-rt/lib/builtins -I/llvm-project-21.1.8.src/compiler-rt/lib/builtins/../../../third-party/siphash/include --target=aarch64-unknown-linux-gnu --sysroot=/tmp/musl-sysroot-aarch64 -O3 -DNDEBUG -fno-lto -Werror=array-bounds -Werror=uninitialized -Werror=shadow -Werror=empty-body -Werror=sizeof-pointer-memaccess -Werror=sizeof-array-argument -Werror=suspicious-memaccess -Werror=builtin-memcpy-chk-size -Werror=array-bounds-pointer-arithmetic -Werror=return-stack-address -Werror=sizeof-array-decay -Werror=format-insufficient-args -Wformat -nostdinc++ -fno-builtin -fvisibility=hidden -fomit-frame-pointer -DCOMPILER_RT_HAS_FLOAT16 -o CMakeFiles/clang_rt.builtins-aarch64.dir/outline_atomic_helpers.dir/outline_atomic_ldclr8_4.S.o -c /tmp/build-rt-aarch64/lib/builtins/outline_atomic_helpers.dir/outline_atomic_ldclr8_4.S
#26 6.542 [ 93%] Building ASM object lib/builtins/CMakeFiles/clang_rt.builtins-aarch64.dir/outline_atomic_helpers.dir/outline_atomic_ldeor4_5.S.o
#26 6.542 [ 93%] Building ASM object lib/builtins/CMakeFiles/clang_rt.builtins-aarch64.dir/outline_atomic_helpers.dir/outline_atomic_ldeor4_4.S.o
#26 6.542 cd /tmp/build-rt-aarch64/lib/builtins && /usr/bin/clang -target aarch64-unknown-linux-gnu --sysroot=/tmp/musl-sysroot-aarch64 -DHAS_ASM_LSE -DVISIBILITY_HIDDEN -DL_ldeor -DMODEL=4 -DSIZE=2 -I/llvm-project-21.1.8.src/compiler-rt/lib/builtins -I/llvm-project-21.1.8.src/compiler-rt/lib/builtins/../../../third-party/siphash/include --target=aarch64-unknown-linux-gnu --sysroot=/tmp/musl-sysroot-aarch64 -O3 -DNDEBUG -fno-lto -Werror=array-bounds -Werror=uninitialized -Werror=shadow -Werror=empty-body -Werror=sizeof-pointer-memaccess -Werror=sizeof-array-argument -Werror=suspicious-memaccess -Werror=builtin-memcpy-chk-size -Werror=array-bounds-pointer-arithmetic -Werror=return-stack-address -Werror=sizeof-array-decay -Werror=format-insufficient-args -Wformat -nostdinc++ -fno-builtin -fvisibility=hidden -fomit-frame-pointer -DCOMPILER_RT_HAS_FLOAT16 -o CMakeFiles/clang_rt.builtins-aarch64.dir/outline_atomic_helpers.dir/outline_atomic_ldeor2_4.S.o -c /tmp/build-rt-aarch64/lib/builtins/outline_atomic_helpers.dir/outline_atomic_ldeor2_4.S
#26 6.542 [ 93%] Building ASM object lib/builtins/CMakeFiles/clang_rt.builtins-aarch64.dir/outline_atomic_helpers.dir/outline_atomic_ldeor8_1.S.o
#26 6.542 cd /tmp/build-rt-aarch64/lib/builtins && /usr/bin/clang -target aarch64-unknown-linux-gnu --sysroot=/tmp/musl-sysroot-aarch64 -DHAS_ASM_LSE -DVISIBILITY_HIDDEN -DL_ldeor -DMODEL=5 -DSIZE=2 -I/llvm-project-21.1.8.src/compiler-rt/lib/builtins -I/llvm-project-21.1.8.src/compiler-rt/lib/builtins/../../../third-party/siphash/include --target=aarch64-unknown-linux-gnu --sysroot=/tmp/musl-sysroot-aarch64 -O3 -DNDEBUG -fno-lto -Werror=array-bounds -Werror=uninitialized -Werror=shadow -Werror=empty-body -Werror=sizeof-pointer-memaccess -Werror=sizeof-array-argument -Werror=suspicious-memaccess -Werror=builtin-memcpy-chk-size -Werror=array-bounds-pointer-arithmetic -Werror=return-stack-address -Werror=sizeof-array-decay -Werror=format-insufficient-args -Wformat -nostdinc++ -fno-builtin -fvisibility=hidden -fomit-frame-pointer -DCOMPILER_RT_HAS_FLOAT16 -o CMakeFiles/clang_rt.builtins-aarch64.dir/outline_atomic_helpers.dir/outline_atomic_ldeor2_5.S.o -c /tmp/build-rt-aarch64/lib/builtins/outline_atomic_helpers.dir/outline_atomic_ldeor2_5.S
#26 6.542 cd /tmp/build-rt-aarch64/lib/builtins && /usr/bin/clang -target aarch64-unknown-linux-gnu --sysroot=/tmp/musl-sysroot-aarch64 -DHAS_ASM_LSE -DVISIBILITY_HIDDEN -DL_ldeor -DMODEL=1 -DSIZE=4 -I/llvm-project-21.1.8.src/compiler-rt/lib/builtins -I/llvm-project-21.1.8.src/compiler-rt/lib/builtins/../../../third-party/siphash/include --target=aarch64-unknown-linux-gnu --sysroot=/tmp/musl-sysroot-aarch64 -O3 -DNDEBUG -fno-lto -Werror=array-bounds -Werror=uninitialized -Werror=shadow -Werror=empty-body -Werror=sizeof-pointer-memaccess -Werror=sizeof-array-argument -Werror=suspicious-memaccess -Werror=builtin-memcpy-chk-size -Werror=array-bounds-pointer-arithmetic -Werror=return-stack-address -Werror=sizeof-array-decay -Werror=format-insufficient-args -Wformat -nostdinc++ -fno-builtin -fvisibility=hidden -fomit-frame-pointer -DCOMPILER_RT_HAS_FLOAT16 -o CMakeFiles/clang_rt.builtins-aarch64.dir/outline_atomic_helpers.dir/outline_atomic_ldeor4_1.S.o -c /tmp/build-rt-aarch64/lib/builtins/outline_atomic_helpers.dir/outline_atomic_ldeor4_1.S
#26 6.542 [ 93%] Building ASM object lib/builtins/CMakeFiles/clang_rt.builtins-aarch64.dir/outline_atomic_helpers.dir/outline_atomic_ldeor8_2.S.o
#26 6.542 cd /tmp/build-rt-aarch64/lib/builtins && /usr/bin/clang -target aarch64-unknown-linux-gnu --sysroot=/tmp/musl-sysroot-aarch64 -DHAS_ASM_LSE -DVISIBILITY_HIDDEN -DL_ldeor -DMODEL=2 -DSIZE=2 -I/llvm-project-21.1.8.src/compiler-rt/lib/builtins -I/llvm-project-21.1.8.src/compiler-rt/lib/builtins/../../../third-party/siphash/include --target=aarch64-unknown-linux-gnu --sysroot=/tmp/musl-sysroot-aarch64 -O3 -DNDEBUG -fno-lto -Werror=array-bounds -Werror=uninitialized -Werror=shadow -Werror=empty-body -Werror=sizeof-pointer-memaccess -Werror=sizeof-array-argument -Werror=suspicious-memaccess -Werror=builtin-memcpy-chk-size -Werror=array-bounds-pointer-arithmetic -Werror=return-stack-address -Werror=sizeof-array-decay -Werror=format-insufficient-args -Wformat -nostdinc++ -fno-builtin -fvisibility=hidden -fomit-frame-pointer -DCOMPILER_RT_HAS_FLOAT16 -o CMakeFiles/clang_rt.builtins-aarch64.dir/outline_atomic_helpers.dir/outline_atomic_ldeor2_2.S.o -c /tmp/build-rt-aarch64/lib/builtins/outline_atomic_helpers.dir/outline_atomic_ldeor2_2.S
#26 6.542 cd /tmp/build-rt-aarch64/lib/builtins && /usr/bin/clang -target aarch64-unknown-linux-gnu --sysroot=/tmp/musl-sysroot-aarch64 -DHAS_ASM_LSE -DVISIBILITY_HIDDEN -DL_ldeor -DMODEL=2 -DSIZE=4 -I/llvm-project-21.1.8.src/compiler-rt/lib/builtins -I/llvm-project-21.1.8.src/compiler-rt/lib/builtins/../../../third-party/siphash/include --target=aarch64-unknown-linux-gnu --sysroot=/tmp/musl-sysroot-aarch64 -O3 -DNDEBUG -fno-lto -Werror=array-bounds -Werror=uninitialized -Werror=shadow -Werror=empty-body -Werror=sizeof-pointer-memaccess -Werror=sizeof-array-argument -Werror=suspicious-memaccess -Werror=builtin-memcpy-chk-size -Werror=array-bounds-pointer-arithmetic -Werror=return-stack-address -Werror=sizeof-array-decay -Werror=format-insufficient-args -Wformat -nostdinc++ -fno-builtin -fvisibility=hidden -fomit-frame-pointer -DCOMPILER_RT_HAS_FLOAT16 -o CMakeFiles/clang_rt.builtins-aarch64.dir/outline_atomic_helpers.dir/outline_atomic_ldeor4_2.S.o -c /tmp/build-rt-aarch64/lib/builtins/outline_atomic_helpers.dir/outline_atomic_ldeor4_2.S
#26 6.543 cd /tmp/build-rt-aarch64/lib/builtins && /usr/bin/clang -target aarch64-unknown-linux-gnu --sysroot=/tmp/musl-sysroot-aarch64 -DHAS_ASM_LSE -DVISIBILITY_HIDDEN -DL_ldeor -DMODEL=3 -DSIZE=4 -I/llvm-project-21.1.8.src/compiler-rt/lib/builtins -I/llvm-project-21.1.8.src/compiler-rt/lib/builtins/../../../third-party/siphash/include --target=aarch64-unknown-linux-gnu --sysroot=/tmp/musl-sysroot-aarch64 -O3 -DNDEBUG -fno-lto -Werror=array-bounds -Werror=uninitialized -Werror=shadow -Werror=empty-body -Werror=sizeof-pointer-memaccess -Werror=sizeof-array-argument -Werror=suspicious-memaccess -Werror=builtin-memcpy-chk-size -Werror=array-bounds-pointer-arithmetic -Werror=return-stack-address -Werror=sizeof-array-decay -Werror=format-insufficient-args -Wformat -nostdinc++ -fno-builtin -fvisibility=hidden -fomit-frame-pointer -DCOMPILER_RT_HAS_FLOAT16 -o CMakeFiles/clang_rt.builtins-aarch64.dir/outline_atomic_helpers.dir/outline_atomic_ldeor4_3.S.o -c /tmp/build-rt-aarch64/lib/builtins/outline_atomic_helpers.dir/outline_atomic_ldeor4_3.S
#26 6.543 [ 93%] Building ASM object lib/builtins/CMakeFiles/clang_rt.builtins-aarch64.dir/outline_atomic_helpers.dir/outline_atomic_ldeor8_3.S.o
#26 6.543 [ 93%] Building ASM object lib/builtins/CMakeFiles/clang_rt.builtins-aarch64.dir/outline_atomic_helpers.dir/outline_atomic_ldeor8_5.S.o
#26 6.543 [ 94%] Building ASM object lib/builtins/CMakeFiles/clang_rt.builtins-aarch64.dir/outline_atomic_helpers.dir/outline_atomic_ldeor8_4.S.o
#26 6.543 cd /tmp/build-rt-aarch64/lib/builtins && /usr/bin/clang -target aarch64-unknown-linux-gnu --sysroot=/tmp/musl-sysroot-aarch64 -DHAS_ASM_LSE -DVISIBILITY_HIDDEN -DL_ldeor -DMODEL=5 -DSIZE=4 -I/llvm-project-21.1.8.src/compiler-rt/lib/builtins -I/llvm-project-21.1.8.src/compiler-rt/lib/builtins/../../../third-party/siphash/include --target=aarch64-unknown-linux-gnu --sysroot=/tmp/musl-sysroot-aarch64 -O3 -DNDEBUG -fno-lto -Werror=array-bounds -Werror=uninitialized -Werror=shadow -Werror=empty-body -Werror=sizeof-pointer-memaccess -Werror=sizeof-array-argument -Werror=suspicious-memaccess -Werror=builtin-memcpy-chk-size -Werror=array-bounds-pointer-arithmetic -Werror=return-stack-address -Werror=sizeof-array-decay -Werror=format-insufficient-args -Wformat -nostdinc++ -fno-builtin -fvisibility=hidden -fomit-frame-pointer -DCOMPILER_RT_HAS_FLOAT16 -o CMakeFiles/clang_rt.builtins-aarch64.dir/outline_atomic_helpers.dir/outline_atomic_ldeor4_5.S.o -c /tmp/build-rt-aarch64/lib/builtins/outline_atomic_helpers.dir/outline_atomic_ldeor4_5.S
#26 6.544 cd /tmp/build-rt-aarch64/lib/builtins && /usr/bin/clang -target aarch64-unknown-linux-gnu --sysroot=/tmp/musl-sysroot-aarch64 -DHAS_ASM_LSE -DVISIBILITY_HIDDEN -DL_ldeor -DMODEL=4 -DSIZE=4 -I/llvm-project-21.1.8.src/compiler-rt/lib/builtins -I/llvm-project-21.1.8.src/compiler-rt/lib/builtins/../../../third-party/siphash/include --target=aarch64-unknown-linux-gnu --sysroot=/tmp/musl-sysroot-aarch64 -O3 -DNDEBUG -fno-lto -Werror=array-bounds -Werror=uninitialized -Werror=shadow -Werror=empty-body -Werror=sizeof-pointer-memaccess -Werror=sizeof-array-argument -Werror=suspicious-memaccess -Werror=builtin-memcpy-chk-size -Werror=array-bounds-pointer-arithmetic -Werror=return-stack-address -Werror=sizeof-array-decay -Werror=format-insufficient-args -Wformat -nostdinc++ -fno-builtin -fvisibility=hidden -fomit-frame-pointer -DCOMPILER_RT_HAS_FLOAT16 -o CMakeFiles/clang_rt.builtins-aarch64.dir/outline_atomic_helpers.dir/outline_atomic_ldeor4_4.S.o -c /tmp/build-rt-aarch64/lib/builtins/outline_atomic_helpers.dir/outline_atomic_ldeor4_4.S
#26 6.544 cd /tmp/build-rt-aarch64/lib/builtins && /usr/bin/clang -target aarch64-unknown-linux-gnu --sysroot=/tmp/musl-sysroot-aarch64 -DHAS_ASM_LSE -DVISIBILITY_HIDDEN -DL_ldeor -DMODEL=1 -DSIZE=8 -I/llvm-project-21.1.8.src/compiler-rt/lib/builtins -I/llvm-project-21.1.8.src/compiler-rt/lib/builtins/../../../third-party/siphash/include --target=aarch64-unknown-linux-gnu --sysroot=/tmp/musl-sysroot-aarch64 -O3 -DNDEBUG -fno-lto -Werror=array-bounds -Werror=uninitialized -Werror=shadow -Werror=empty-body -Werror=sizeof-pointer-memaccess -Werror=sizeof-array-argument -Werror=suspicious-memaccess -Werror=builtin-memcpy-chk-size -Werror=array-bounds-pointer-arithmetic -Werror=return-stack-address -Werror=sizeof-array-decay -Werror=format-insufficient-args -Wformat -nostdinc++ -fno-builtin -fvisibility=hidden -fomit-frame-pointer -DCOMPILER_RT_HAS_FLOAT16 -o CMakeFiles/clang_rt.builtins-aarch64.dir/outline_atomic_helpers.dir/outline_atomic_ldeor8_1.S.o -c /tmp/build-rt-aarch64/lib/builtins/outline_atomic_helpers.dir/outline_atomic_ldeor8_1.S
#26 6.544 cd /tmp/build-rt-aarch64/lib/builtins && /usr/bin/clang -target aarch64-unknown-linux-gnu --sysroot=/tmp/musl-sysroot-aarch64 -DHAS_ASM_LSE -DVISIBILITY_HIDDEN -DL_ldeor -DMODEL=2 -DSIZE=8 -I/llvm-project-21.1.8.src/compiler-rt/lib/builtins -I/llvm-project-21.1.8.src/compiler-rt/lib/builtins/../../../third-party/siphash/include --target=aarch64-unknown-linux-gnu --sysroot=/tmp/musl-sysroot-aarch64 -O3 -DNDEBUG -fno-lto -Werror=array-bounds -Werror=uninitialized -Werror=shadow -Werror=empty-body -Werror=sizeof-pointer-memaccess -Werror=sizeof-array-argument -Werror=suspicious-memaccess -Werror=builtin-memcpy-chk-size -Werror=array-bounds-pointer-arithmetic -Werror=return-stack-address -Werror=sizeof-array-decay -Werror=format-insufficient-args -Wformat -nostdinc++ -fno-builtin -fvisibility=hidden -fomit-frame-pointer -DCOMPILER_RT_HAS_FLOAT16 -o CMakeFiles/clang_rt.builtins-aarch64.dir/outline_atomic_helpers.dir/outline_atomic_ldeor8_2.S.o -c /tmp/build-rt-aarch64/lib/builtins/outline_atomic_helpers.dir/outline_atomic_ldeor8_2.S
#26 6.544 [ 94%] Building ASM object lib/builtins/CMakeFiles/clang_rt.builtins-aarch64.dir/outline_atomic_helpers.dir/outline_atomic_ldset1_2.S.o
#26 6.544 [ 94%] Building ASM object lib/builtins/CMakeFiles/clang_rt.builtins-aarch64.dir/outline_atomic_helpers.dir/outline_atomic_ldset1_1.S.o
#26 6.544 cd /tmp/build-rt-aarch64/lib/builtins && /usr/bin/clang -target aarch64-unknown-linux-gnu --sysroot=/tmp/musl-sysroot-aarch64 -DHAS_ASM_LSE -DVISIBILITY_HIDDEN -DL_ldeor -DMODEL=3 -DSIZE=8 -I/llvm-project-21.1.8.src/compiler-rt/lib/builtins -I/llvm-project-21.1.8.src/compiler-rt/lib/builtins/../../../third-party/siphash/include --target=aarch64-unknown-linux-gnu --sysroot=/tmp/musl-sysroot-aarch64 -O3 -DNDEBUG -fno-lto -Werror=array-bounds -Werror=uninitialized -Werror=shadow -Werror=empty-body -Werror=sizeof-pointer-memaccess -Werror=sizeof-array-argument -Werror=suspicious-memaccess -Werror=builtin-memcpy-chk-size -Werror=array-bounds-pointer-arithmetic -Werror=return-stack-address -Werror=sizeof-array-decay -Werror=format-insufficient-args -Wformat -nostdinc++ -fno-builtin -fvisibility=hidden -fomit-frame-pointer -DCOMPILER_RT_HAS_FLOAT16 -o CMakeFiles/clang_rt.builtins-aarch64.dir/outline_atomic_helpers.dir/outline_atomic_ldeor8_3.S.o -c /tmp/build-rt-aarch64/lib/builtins/outline_atomic_helpers.dir/outline_atomic_ldeor8_3.S
#26 6.545 [ 94%] Building ASM object lib/builtins/CMakeFiles/clang_rt.builtins-aarch64.dir/outline_atomic_helpers.dir/outline_atomic_ldset1_3.S.o
#26 6.545 cd /tmp/build-rt-aarch64/lib/builtins && /usr/bin/clang -target aarch64-unknown-linux-gnu --sysroot=/tmp/musl-sysroot-aarch64 -DHAS_ASM_LSE -DVISIBILITY_HIDDEN -DL_ldeor -DMODEL=5 -DSIZE=8 -I/llvm-project-21.1.8.src/compiler-rt/lib/builtins -I/llvm-project-21.1.8.src/compiler-rt/lib/builtins/../../../third-party/siphash/include --target=aarch64-unknown-linux-gnu --sysroot=/tmp/musl-sysroot-aarch64 -O3 -DNDEBUG -fno-lto -Werror=array-bounds -Werror=uninitialized -Werror=shadow -Werror=empty-body -Werror=sizeof-pointer-memaccess -Werror=sizeof-array-argument -Werror=suspicious-memaccess -Werror=builtin-memcpy-chk-size -Werror=array-bounds-pointer-arithmetic -Werror=return-stack-address -Werror=sizeof-array-decay -Werror=format-insufficient-args -Wformat -nostdinc++ -fno-builtin -fvisibility=hidden -fomit-frame-pointer -DCOMPILER_RT_HAS_FLOAT16 -o CMakeFiles/clang_rt.builtins-aarch64.dir/outline_atomic_helpers.dir/outline_atomic_ldeor8_5.S.o -c /tmp/build-rt-aarch64/lib/builtins/outline_atomic_helpers.dir/outline_atomic_ldeor8_5.S
#26 6.545 cd /tmp/build-rt-aarch64/lib/builtins && /usr/bin/clang -target aarch64-unknown-linux-gnu --sysroot=/tmp/musl-sysroot-aarch64 -DHAS_ASM_LSE -DVISIBILITY_HIDDEN -DL_ldeor -DMODEL=4 -DSIZE=8 -I/llvm-project-21.1.8.src/compiler-rt/lib/builtins -I/llvm-project-21.1.8.src/compiler-rt/lib/builtins/../../../third-party/siphash/include --target=aarch64-unknown-linux-gnu --sysroot=/tmp/musl-sysroot-aarch64 -O3 -DNDEBUG -fno-lto -Werror=array-bounds -Werror=uninitialized -Werror=shadow -Werror=empty-body -Werror=sizeof-pointer-memaccess -Werror=sizeof-array-argument -Werror=suspicious-memaccess -Werror=builtin-memcpy-chk-size -Werror=array-bounds-pointer-arithmetic -Werror=return-stack-address -Werror=sizeof-array-decay -Werror=format-insufficient-args -Wformat -nostdinc++ -fno-builtin -fvisibility=hidden -fomit-frame-pointer -DCOMPILER_RT_HAS_FLOAT16 -o CMakeFiles/clang_rt.builtins-aarch64.dir/outline_atomic_helpers.dir/outline_atomic_ldeor8_4.S.o -c /tmp/build-rt-aarch64/lib/builtins/outline_atomic_helpers.dir/outline_atomic_ldeor8_4.S
#26 6.546 [ 95%] Building ASM object lib/builtins/CMakeFiles/clang_rt.builtins-aarch64.dir/outline_atomic_helpers.dir/outline_atomic_ldset2_1.S.o
#26 6.546 [ 95%] Building ASM object lib/builtins/CMakeFiles/clang_rt.builtins-aarch64.dir/outline_atomic_helpers.dir/outline_atomic_ldset1_4.S.o
#26 6.546 [ 95%] Building ASM object lib/builtins/CMakeFiles/clang_rt.builtins-aarch64.dir/outline_atomic_helpers.dir/outline_atomic_ldset1_5.S.o
#26 6.546 cd /tmp/build-rt-aarch64/lib/builtins && /usr/bin/clang -target aarch64-unknown-linux-gnu --sysroot=/tmp/musl-sysroot-aarch64 -DHAS_ASM_LSE -DVISIBILITY_HIDDEN -DL_ldset -DMODEL=2 -DSIZE=1 -I/llvm-project-21.1.8.src/compiler-rt/lib/builtins -I/llvm-project-21.1.8.src/compiler-rt/lib/builtins/../../../third-party/siphash/include --target=aarch64-unknown-linux-gnu --sysroot=/tmp/musl-sysroot-aarch64 -O3 -DNDEBUG -fno-lto -Werror=array-bounds -Werror=uninitialized -Werror=shadow -Werror=empty-body -Werror=sizeof-pointer-memaccess -Werror=sizeof-array-argument -Werror=suspicious-memaccess -Werror=builtin-memcpy-chk-size -Werror=array-bounds-pointer-arithmetic -Werror=return-stack-address -Werror=sizeof-array-decay -Werror=format-insufficient-args -Wformat -nostdinc++ -fno-builtin -fvisibility=hidden -fomit-frame-pointer -DCOMPILER_RT_HAS_FLOAT16 -o CMakeFiles/clang_rt.builtins-aarch64.dir/outline_atomic_helpers.dir/outline_atomic_ldset1_2.S.o -c /tmp/build-rt-aarch64/lib/builtins/outline_atomic_helpers.dir/outline_atomic_ldset1_2.S
#26 6.546 cd /tmp/build-rt-aarch64/lib/builtins && /usr/bin/clang -target aarch64-unknown-linux-gnu --sysroot=/tmp/musl-sysroot-aarch64 -DHAS_ASM_LSE -DVISIBILITY_HIDDEN -DL_ldset -DMODEL=1 -DSIZE=1 -I/llvm-project-21.1.8.src/compiler-rt/lib/builtins -I/llvm-project-21.1.8.src/compiler-rt/lib/builtins/../../../third-party/siphash/include --target=aarch64-unknown-linux-gnu --sysroot=/tmp/musl-sysroot-aarch64 -O3 -DNDEBUG -fno-lto -Werror=array-bounds -Werror=uninitialized -Werror=shadow -Werror=empty-body -Werror=sizeof-pointer-memaccess -Werror=sizeof-array-argument -Werror=suspicious-memaccess -Werror=builtin-memcpy-chk-size -Werror=array-bounds-pointer-arithmetic -Werror=return-stack-address -Werror=sizeof-array-decay -Werror=format-insufficient-args -Wformat -nostdinc++ -fno-builtin -fvisibility=hidden -fomit-frame-pointer -DCOMPILER_RT_HAS_FLOAT16 -o CMakeFiles/clang_rt.builtins-aarch64.dir/outline_atomic_helpers.dir/outline_atomic_ldset1_1.S.o -c /tmp/build-rt-aarch64/lib/builtins/outline_atomic_helpers.dir/outline_atomic_ldset1_1.S
#26 6.546 cd /tmp/build-rt-aarch64/lib/builtins && /usr/bin/clang -target aarch64-unknown-linux-gnu --sysroot=/tmp/musl-sysroot-aarch64 -DHAS_ASM_LSE -DVISIBILITY_HIDDEN -DL_ldset -DMODEL=3 -DSIZE=1 -I/llvm-project-21.1.8.src/compiler-rt/lib/builtins -I/llvm-project-21.1.8.src/compiler-rt/lib/builtins/../../../third-party/siphash/include --target=aarch64-unknown-linux-gnu --sysroot=/tmp/musl-sysroot-aarch64 -O3 -DNDEBUG -fno-lto -Werror=array-bounds -Werror=uninitialized -Werror=shadow -Werror=empty-body -Werror=sizeof-pointer-memaccess -Werror=sizeof-array-argument -Werror=suspicious-memaccess -Werror=builtin-memcpy-chk-size -Werror=array-bounds-pointer-arithmetic -Werror=return-stack-address -Werror=sizeof-array-decay -Werror=format-insufficient-args -Wformat -nostdinc++ -fno-builtin -fvisibility=hidden -fomit-frame-pointer -DCOMPILER_RT_HAS_FLOAT16 -o CMakeFiles/clang_rt.builtins-aarch64.dir/outline_atomic_helpers.dir/outline_atomic_ldset1_3.S.o -c /tmp/build-rt-aarch64/lib/builtins/outline_atomic_helpers.dir/outline_atomic_ldset1_3.S
#26 6.546 [ 95%] Building ASM object lib/builtins/CMakeFiles/clang_rt.builtins-aarch64.dir/outline_atomic_helpers.dir/outline_atomic_ldset2_2.S.o
#26 6.546 [ 96%] Building ASM object lib/builtins/CMakeFiles/clang_rt.builtins-aarch64.dir/outline_atomic_helpers.dir/outline_atomic_ldset2_4.S.o
#26 6.546 [ 96%] Building ASM object lib/builtins/CMakeFiles/clang_rt.builtins-aarch64.dir/outline_atomic_helpers.dir/outline_atomic_ldset2_3.S.o
#26 6.547 [ 96%] Building ASM object lib/builtins/CMakeFiles/clang_rt.builtins-aarch64.dir/outline_atomic_helpers.dir/outline_atomic_ldset2_5.S.o
#26 6.547 cd /tmp/build-rt-aarch64/lib/builtins && /usr/bin/clang -target aarch64-unknown-linux-gnu --sysroot=/tmp/musl-sysroot-aarch64 -DHAS_ASM_LSE -DVISIBILITY_HIDDEN -DL_ldset -DMODEL=1 -DSIZE=2 -I/llvm-project-21.1.8.src/compiler-rt/lib/builtins -I/llvm-project-21.1.8.src/compiler-rt/lib/builtins/../../../third-party/siphash/include --target=aarch64-unknown-linux-gnu --sysroot=/tmp/musl-sysroot-aarch64 -O3 -DNDEBUG -fno-lto -Werror=array-bounds -Werror=uninitialized -Werror=shadow -Werror=empty-body -Werror=sizeof-pointer-memaccess -Werror=sizeof-array-argument -Werror=suspicious-memaccess -Werror=builtin-memcpy-chk-size -Werror=array-bounds-pointer-arithmetic -Werror=return-stack-address -Werror=sizeof-array-decay -Werror=format-insufficient-args -Wformat -nostdinc++ -fno-builtin -fvisibility=hidden -fomit-frame-pointer -DCOMPILER_RT_HAS_FLOAT16 -o CMakeFiles/clang_rt.builtins-aarch64.dir/outline_atomic_helpers.dir/outline_atomic_ldset2_1.S.o -c /tmp/build-rt-aarch64/lib/builtins/outline_atomic_helpers.dir/outline_atomic_ldset2_1.S
#26 6.547 cd /tmp/build-rt-aarch64/lib/builtins && /usr/bin/clang -target aarch64-unknown-linux-gnu --sysroot=/tmp/musl-sysroot-aarch64 -DHAS_ASM_LSE -DVISIBILITY_HIDDEN -DL_ldset -DMODEL=5 -DSIZE=1 -I/llvm-project-21.1.8.src/compiler-rt/lib/builtins -I/llvm-project-21.1.8.src/compiler-rt/lib/builtins/../../../third-party/siphash/include --target=aarch64-unknown-linux-gnu --sysroot=/tmp/musl-sysroot-aarch64 -O3 -DNDEBUG -fno-lto -Werror=array-bounds -Werror=uninitialized -Werror=shadow -Werror=empty-body -Werror=sizeof-pointer-memaccess -Werror=sizeof-array-argument -Werror=suspicious-memaccess -Werror=builtin-memcpy-chk-size -Werror=array-bounds-pointer-arithmetic -Werror=return-stack-address -Werror=sizeof-array-decay -Werror=format-insufficient-args -Wformat -nostdinc++ -fno-builtin -fvisibility=hidden -fomit-frame-pointer -DCOMPILER_RT_HAS_FLOAT16 -o CMakeFiles/clang_rt.builtins-aarch64.dir/outline_atomic_helpers.dir/outline_atomic_ldset1_5.S.o -c /tmp/build-rt-aarch64/lib/builtins/outline_atomic_helpers.dir/outline_atomic_ldset1_5.S
#26 6.547 [ 97%] Building ASM object lib/builtins/CMakeFiles/clang_rt.builtins-aarch64.dir/outline_atomic_helpers.dir/outline_atomic_ldset4_2.S.o
#26 6.547 [ 97%] Building ASM object lib/builtins/CMakeFiles/clang_rt.builtins-aarch64.dir/outline_atomic_helpers.dir/outline_atomic_ldset4_1.S.o
#26 6.548 cd /tmp/build-rt-aarch64/lib/builtins && /usr/bin/clang -target aarch64-unknown-linux-gnu --sysroot=/tmp/musl-sysroot-aarch64 -DHAS_ASM_LSE -DVISIBILITY_HIDDEN -DL_ldset -DMODEL=4 -DSIZE=1 -I/llvm-project-21.1.8.src/compiler-rt/lib/builtins -I/llvm-project-21.1.8.src/compiler-rt/lib/builtins/../../../third-party/siphash/include --target=aarch64-unknown-linux-gnu --sysroot=/tmp/musl-sysroot-aarch64 -O3 -DNDEBUG -fno-lto -Werror=array-bounds -Werror=uninitialized -Werror=shadow -Werror=empty-body -Werror=sizeof-pointer-memaccess -Werror=sizeof-array-argument -Werror=suspicious-memaccess -Werror=builtin-memcpy-chk-size -Werror=array-bounds-pointer-arithmetic -Werror=return-stack-address -Werror=sizeof-array-decay -Werror=format-insufficient-args -Wformat -nostdinc++ -fno-builtin -fvisibility=hidden -fomit-frame-pointer -DCOMPILER_RT_HAS_FLOAT16 -o CMakeFiles/clang_rt.builtins-aarch64.dir/outline_atomic_helpers.dir/outline_atomic_ldset1_4.S.o -c /tmp/build-rt-aarch64/lib/builtins/outline_atomic_helpers.dir/outline_atomic_ldset1_4.S
#26 6.548 [ 97%] Building ASM object lib/builtins/CMakeFiles/clang_rt.builtins-aarch64.dir/outline_atomic_helpers.dir/outline_atomic_ldset4_3.S.o
#26 6.548 cd /tmp/build-rt-aarch64/lib/builtins && /usr/bin/clang -target aarch64-unknown-linux-gnu --sysroot=/tmp/musl-sysroot-aarch64 -DHAS_ASM_LSE -DVISIBILITY_HIDDEN -DL_ldset -DMODEL=2 -DSIZE=2 -I/llvm-project-21.1.8.src/compiler-rt/lib/builtins -I/llvm-project-21.1.8.src/compiler-rt/lib/builtins/../../../third-party/siphash/include --target=aarch64-unknown-linux-gnu --sysroot=/tmp/musl-sysroot-aarch64 -O3 -DNDEBUG -fno-lto -Werror=array-bounds -Werror=uninitialized -Werror=shadow -Werror=empty-body -Werror=sizeof-pointer-memaccess -Werror=sizeof-array-argument -Werror=suspicious-memaccess -Werror=builtin-memcpy-chk-size -Werror=array-bounds-pointer-arithmetic -Werror=return-stack-address -Werror=sizeof-array-decay -Werror=format-insufficient-args -Wformat -nostdinc++ -fno-builtin -fvisibility=hidden -fomit-frame-pointer -DCOMPILER_RT_HAS_FLOAT16 -o CMakeFiles/clang_rt.builtins-aarch64.dir/outline_atomic_helpers.dir/outline_atomic_ldset2_2.S.o -c /tmp/build-rt-aarch64/lib/builtins/outline_atomic_helpers.dir/outline_atomic_ldset2_2.S
#26 6.548 [ 97%] Building ASM object lib/builtins/CMakeFiles/clang_rt.builtins-aarch64.dir/outline_atomic_helpers.dir/outline_atomic_ldset4_4.S.o
#26 6.548 cd /tmp/build-rt-aarch64/lib/builtins && /usr/bin/clang -target aarch64-unknown-linux-gnu --sysroot=/tmp/musl-sysroot-aarch64 -DHAS_ASM_LSE -DVISIBILITY_HIDDEN -DL_ldset -DMODEL=3 -DSIZE=2 -I/llvm-project-21.1.8.src/compiler-rt/lib/builtins -I/llvm-project-21.1.8.src/compiler-rt/lib/builtins/../../../third-party/siphash/include --target=aarch64-unknown-linux-gnu --sysroot=/tmp/musl-sysroot-aarch64 -O3 -DNDEBUG -fno-lto -Werror=array-bounds -Werror=uninitialized -Werror=shadow -Werror=empty-body -Werror=sizeof-pointer-memaccess -Werror=sizeof-array-argument -Werror=suspicious-memaccess -Werror=builtin-memcpy-chk-size -Werror=array-bounds-pointer-arithmetic -Werror=return-stack-address -Werror=sizeof-array-decay -Werror=format-insufficient-args -Wformat -nostdinc++ -fno-builtin -fvisibility=hidden -fomit-frame-pointer -DCOMPILER_RT_HAS_FLOAT16 -o CMakeFiles/clang_rt.builtins-aarch64.dir/outline_atomic_helpers.dir/outline_atomic_ldset2_3.S.o -c /tmp/build-rt-aarch64/lib/builtins/outline_atomic_helpers.dir/outline_atomic_ldset2_3.S
#26 6.548 cd /tmp/build-rt-aarch64/lib/builtins && /usr/bin/clang -target aarch64-unknown-linux-gnu --sysroot=/tmp/musl-sysroot-aarch64 -DHAS_ASM_LSE -DVISIBILITY_HIDDEN -DL_ldset -DMODEL=4 -DSIZE=2 -I/llvm-project-21.1.8.src/compiler-rt/lib/builtins -I/llvm-project-21.1.8.src/compiler-rt/lib/builtins/../../../third-party/siphash/include --target=aarch64-unknown-linux-gnu --sysroot=/tmp/musl-sysroot-aarch64 -O3 -DNDEBUG -fno-lto -Werror=array-bounds -Werror=uninitialized -Werror=shadow -Werror=empty-body -Werror=sizeof-pointer-memaccess -Werror=sizeof-array-argument -Werror=suspicious-memaccess -Werror=builtin-memcpy-chk-size -Werror=array-bounds-pointer-arithmetic -Werror=return-stack-address -Werror=sizeof-array-decay -Werror=format-insufficient-args -Wformat -nostdinc++ -fno-builtin -fvisibility=hidden -fomit-frame-pointer -DCOMPILER_RT_HAS_FLOAT16 -o CMakeFiles/clang_rt.builtins-aarch64.dir/outline_atomic_helpers.dir/outline_atomic_ldset2_4.S.o -c /tmp/build-rt-aarch64/lib/builtins/outline_atomic_helpers.dir/outline_atomic_ldset2_4.S
#26 6.548 [ 97%] Building ASM object lib/builtins/CMakeFiles/clang_rt.builtins-aarch64.dir/outline_atomic_helpers.dir/outline_atomic_ldset4_5.S.o
#26 6.548 cd /tmp/build-rt-aarch64/lib/builtins && /usr/bin/clang -target aarch64-unknown-linux-gnu --sysroot=/tmp/musl-sysroot-aarch64 -DHAS_ASM_LSE -DVISIBILITY_HIDDEN -DL_ldset -DMODEL=5 -DSIZE=2 -I/llvm-project-21.1.8.src/compiler-rt/lib/builtins -I/llvm-project-21.1.8.src/compiler-rt/lib/builtins/../../../third-party/siphash/include --target=aarch64-unknown-linux-gnu --sysroot=/tmp/musl-sysroot-aarch64 -O3 -DNDEBUG -fno-lto -Werror=array-bounds -Werror=uninitialized -Werror=shadow -Werror=empty-body -Werror=sizeof-pointer-memaccess -Werror=sizeof-array-argument -Werror=suspicious-memaccess -Werror=builtin-memcpy-chk-size -Werror=array-bounds-pointer-arithmetic -Werror=return-stack-address -Werror=sizeof-array-decay -Werror=format-insufficient-args -Wformat -nostdinc++ -fno-builtin -fvisibility=hidden -fomit-frame-pointer -DCOMPILER_RT_HAS_FLOAT16 -o CMakeFiles/clang_rt.builtins-aarch64.dir/outline_atomic_helpers.dir/outline_atomic_ldset2_5.S.o -c /tmp/build-rt-aarch64/lib/builtins/outline_atomic_helpers.dir/outline_atomic_ldset2_5.S
#26 6.549 [ 98%] Building ASM object lib/builtins/CMakeFiles/clang_rt.builtins-aarch64.dir/outline_atomic_helpers.dir/outline_atomic_ldset8_1.S.o
#26 6.549 [ 98%] Building ASM object lib/builtins/CMakeFiles/clang_rt.builtins-aarch64.dir/outline_atomic_helpers.dir/outline_atomic_ldset8_2.S.o
#26 6.549 cd /tmp/build-rt-aarch64/lib/builtins && /usr/bin/clang -target aarch64-unknown-linux-gnu --sysroot=/tmp/musl-sysroot-aarch64 -DHAS_ASM_LSE -DVISIBILITY_HIDDEN -DL_ldset -DMODEL=2 -DSIZE=4 -I/llvm-project-21.1.8.src/compiler-rt/lib/builtins -I/llvm-project-21.1.8.src/compiler-rt/lib/builtins/../../../third-party/siphash/include --target=aarch64-unknown-linux-gnu --sysroot=/tmp/musl-sysroot-aarch64 -O3 -DNDEBUG -fno-lto -Werror=array-bounds -Werror=uninitialized -Werror=shadow -Werror=empty-body -Werror=sizeof-pointer-memaccess -Werror=sizeof-array-argument -Werror=suspicious-memaccess -Werror=builtin-memcpy-chk-size -Werror=array-bounds-pointer-arithmetic -Werror=return-stack-address -Werror=sizeof-array-decay -Werror=format-insufficient-args -Wformat -nostdinc++ -fno-builtin -fvisibility=hidden -fomit-frame-pointer -DCOMPILER_RT_HAS_FLOAT16 -o CMakeFiles/clang_rt.builtins-aarch64.dir/outline_atomic_helpers.dir/outline_atomic_ldset4_2.S.o -c /tmp/build-rt-aarch64/lib/builtins/outline_atomic_helpers.dir/outline_atomic_ldset4_2.S
#26 6.549 cd /tmp/build-rt-aarch64/lib/builtins && /usr/bin/clang -target aarch64-unknown-linux-gnu --sysroot=/tmp/musl-sysroot-aarch64 -DHAS_ASM_LSE -DVISIBILITY_HIDDEN -DL_ldset -DMODEL=1 -DSIZE=4 -I/llvm-project-21.1.8.src/compiler-rt/lib/builtins -I/llvm-project-21.1.8.src/compiler-rt/lib/builtins/../../../third-party/siphash/include --target=aarch64-unknown-linux-gnu --sysroot=/tmp/musl-sysroot-aarch64 -O3 -DNDEBUG -fno-lto -Werror=array-bounds -Werror=uninitialized -Werror=shadow -Werror=empty-body -Werror=sizeof-pointer-memaccess -Werror=sizeof-array-argument -Werror=suspicious-memaccess -Werror=builtin-memcpy-chk-size -Werror=array-bounds-pointer-arithmetic -Werror=return-stack-address -Werror=sizeof-array-decay -Werror=format-insufficient-args -Wformat -nostdinc++ -fno-builtin -fvisibility=hidden -fomit-frame-pointer -DCOMPILER_RT_HAS_FLOAT16 -o CMakeFiles/clang_rt.builtins-aarch64.dir/outline_atomic_helpers.dir/outline_atomic_ldset4_1.S.o -c /tmp/build-rt-aarch64/lib/builtins/outline_atomic_helpers.dir/outline_atomic_ldset4_1.S
#26 6.549 [ 98%] Building ASM object lib/builtins/CMakeFiles/clang_rt.builtins-aarch64.dir/outline_atomic_helpers.dir/outline_atomic_ldset8_3.S.o
#26 6.549 [ 98%] Building ASM object lib/builtins/CMakeFiles/clang_rt.builtins-aarch64.dir/outline_atomic_helpers.dir/outline_atomic_ldset8_4.S.o
#26 6.549 cd /tmp/build-rt-aarch64/lib/builtins && /usr/bin/clang -target aarch64-unknown-linux-gnu --sysroot=/tmp/musl-sysroot-aarch64 -DHAS_ASM_LSE -DVISIBILITY_HIDDEN -DL_ldset -DMODEL=3 -DSIZE=4 -I/llvm-project-21.1.8.src/compiler-rt/lib/builtins -I/llvm-project-21.1.8.src/compiler-rt/lib/builtins/../../../third-party/siphash/include --target=aarch64-unknown-linux-gnu --sysroot=/tmp/musl-sysroot-aarch64 -O3 -DNDEBUG -fno-lto -Werror=array-bounds -Werror=uninitialized -Werror=shadow -Werror=empty-body -Werror=sizeof-pointer-memaccess -Werror=sizeof-array-argument -Werror=suspicious-memaccess -Werror=builtin-memcpy-chk-size -Werror=array-bounds-pointer-arithmetic -Werror=return-stack-address -Werror=sizeof-array-decay -Werror=format-insufficient-args -Wformat -nostdinc++ -fno-builtin -fvisibility=hidden -fomit-frame-pointer -DCOMPILER_RT_HAS_FLOAT16 -o CMakeFiles/clang_rt.builtins-aarch64.dir/outline_atomic_helpers.dir/outline_atomic_ldset4_3.S.o -c /tmp/build-rt-aarch64/lib/builtins/outline_atomic_helpers.dir/outline_atomic_ldset4_3.S
#26 6.549 [ 99%] Building ASM object lib/builtins/CMakeFiles/clang_rt.builtins-aarch64.dir/outline_atomic_helpers.dir/outline_atomic_ldset8_5.S.o
#26 6.550 [ 99%] Building C object lib/builtins/CMakeFiles/clang_rt.builtins-aarch64.dir/extendbfsf2.c.o
#26 6.550 cd /tmp/build-rt-aarch64/lib/builtins && /usr/bin/clang -target aarch64-unknown-linux-gnu --sysroot=/tmp/musl-sysroot-aarch64 -DHAS_ASM_LSE -DVISIBILITY_HIDDEN -DL_ldset -DMODEL=4 -DSIZE=4 -I/llvm-project-21.1.8.src/compiler-rt/lib/builtins -I/llvm-project-21.1.8.src/compiler-rt/lib/builtins/../../../third-party/siphash/include --target=aarch64-unknown-linux-gnu --sysroot=/tmp/musl-sysroot-aarch64 -O3 -DNDEBUG -fno-lto -Werror=array-bounds -Werror=uninitialized -Werror=shadow -Werror=empty-body -Werror=sizeof-pointer-memaccess -Werror=sizeof-array-argument -Werror=suspicious-memaccess -Werror=builtin-memcpy-chk-size -Werror=array-bounds-pointer-arithmetic -Werror=return-stack-address -Werror=sizeof-array-decay -Werror=format-insufficient-args -Wformat -nostdinc++ -fno-builtin -fvisibility=hidden -fomit-frame-pointer -DCOMPILER_RT_HAS_FLOAT16 -o CMakeFiles/clang_rt.builtins-aarch64.dir/outline_atomic_helpers.dir/outline_atomic_ldset4_4.S.o -c /tmp/build-rt-aarch64/lib/builtins/outline_atomic_helpers.dir/outline_atomic_ldset4_4.S
#26 6.550 cd /tmp/build-rt-aarch64/lib/builtins && /usr/bin/clang -target aarch64-unknown-linux-gnu --sysroot=/tmp/musl-sysroot-aarch64 -DHAS_ASM_LSE -DVISIBILITY_HIDDEN -DL_ldset -DMODEL=5 -DSIZE=4 -I/llvm-project-21.1.8.src/compiler-rt/lib/builtins -I/llvm-project-21.1.8.src/compiler-rt/lib/builtins/../../../third-party/siphash/include --target=aarch64-unknown-linux-gnu --sysroot=/tmp/musl-sysroot-aarch64 -O3 -DNDEBUG -fno-lto -Werror=array-bounds -Werror=uninitialized -Werror=shadow -Werror=empty-body -Werror=sizeof-pointer-memaccess -Werror=sizeof-array-argument -Werror=suspicious-memaccess -Werror=builtin-memcpy-chk-size -Werror=array-bounds-pointer-arithmetic -Werror=return-stack-address -Werror=sizeof-array-decay -Werror=format-insufficient-args -Wformat -nostdinc++ -fno-builtin -fvisibility=hidden -fomit-frame-pointer -DCOMPILER_RT_HAS_FLOAT16 -o CMakeFiles/clang_rt.builtins-aarch64.dir/outline_atomic_helpers.dir/outline_atomic_ldset4_5.S.o -c /tmp/build-rt-aarch64/lib/builtins/outline_atomic_helpers.dir/outline_atomic_ldset4_5.S
#26 6.550 [ 99%] Building C object lib/builtins/CMakeFiles/clang_rt.builtins-aarch64.dir/truncdfbf2.c.o
#26 6.550 cd /tmp/build-rt-aarch64/lib/builtins && /usr/bin/clang -target aarch64-unknown-linux-gnu --sysroot=/tmp/musl-sysroot-aarch64 -DHAS_ASM_LSE -DVISIBILITY_HIDDEN -DL_ldset -DMODEL=1 -DSIZE=8 -I/llvm-project-21.1.8.src/compiler-rt/lib/builtins -I/llvm-project-21.1.8.src/compiler-rt/lib/builtins/../../../third-party/siphash/include --target=aarch64-unknown-linux-gnu --sysroot=/tmp/musl-sysroot-aarch64 -O3 -DNDEBUG -fno-lto -Werror=array-bounds -Werror=uninitialized -Werror=shadow -Werror=empty-body -Werror=sizeof-pointer-memaccess -Werror=sizeof-array-argument -Werror=suspicious-memaccess -Werror=builtin-memcpy-chk-size -Werror=array-bounds-pointer-arithmetic -Werror=return-stack-address -Werror=sizeof-array-decay -Werror=format-insufficient-args -Wformat -nostdinc++ -fno-builtin -fvisibility=hidden -fomit-frame-pointer -DCOMPILER_RT_HAS_FLOAT16 -o CMakeFiles/clang_rt.builtins-aarch64.dir/outline_atomic_helpers.dir/outline_atomic_ldset8_1.S.o -c /tmp/build-rt-aarch64/lib/builtins/outline_atomic_helpers.dir/outline_atomic_ldset8_1.S
#26 6.551 cd /tmp/build-rt-aarch64/lib/builtins && /usr/bin/clang -target aarch64-unknown-linux-gnu --sysroot=/tmp/musl-sysroot-aarch64 -DHAS_ASM_LSE -DVISIBILITY_HIDDEN -DL_ldset -DMODEL=2 -DSIZE=8 -I/llvm-project-21.1.8.src/compiler-rt/lib/builtins -I/llvm-project-21.1.8.src/compiler-rt/lib/builtins/../../../third-party/siphash/include --target=aarch64-unknown-linux-gnu --sysroot=/tmp/musl-sysroot-aarch64 -O3 -DNDEBUG -fno-lto -Werror=array-bounds -Werror=uninitialized -Werror=shadow -Werror=empty-body -Werror=sizeof-pointer-memaccess -Werror=sizeof-array-argument -Werror=suspicious-memaccess -Werror=builtin-memcpy-chk-size -Werror=array-bounds-pointer-arithmetic -Werror=return-stack-address -Werror=sizeof-array-decay -Werror=format-insufficient-args -Wformat -nostdinc++ -fno-builtin -fvisibility=hidden -fomit-frame-pointer -DCOMPILER_RT_HAS_FLOAT16 -o CMakeFiles/clang_rt.builtins-aarch64.dir/outline_atomic_helpers.dir/outline_atomic_ldset8_2.S.o -c /tmp/build-rt-aarch64/lib/builtins/outline_atomic_helpers.dir/outline_atomic_ldset8_2.S
#26 6.551 cd /tmp/build-rt-aarch64/lib/builtins && /usr/bin/clang -target aarch64-unknown-linux-gnu --sysroot=/tmp/musl-sysroot-aarch64 -DHAS_ASM_LSE -DVISIBILITY_HIDDEN -DL_ldset -DMODEL=3 -DSIZE=8 -I/llvm-project-21.1.8.src/compiler-rt/lib/builtins -I/llvm-project-21.1.8.src/compiler-rt/lib/builtins/../../../third-party/siphash/include --target=aarch64-unknown-linux-gnu --sysroot=/tmp/musl-sysroot-aarch64 -O3 -DNDEBUG -fno-lto -Werror=array-bounds -Werror=uninitialized -Werror=shadow -Werror=empty-body -Werror=sizeof-pointer-memaccess -Werror=sizeof-array-argument -Werror=suspicious-memaccess -Werror=builtin-memcpy-chk-size -Werror=array-bounds-pointer-arithmetic -Werror=return-stack-address -Werror=sizeof-array-decay -Werror=format-insufficient-args -Wformat -nostdinc++ -fno-builtin -fvisibility=hidden -fomit-frame-pointer -DCOMPILER_RT_HAS_FLOAT16 -o CMakeFiles/clang_rt.builtins-aarch64.dir/outline_atomic_helpers.dir/outline_atomic_ldset8_3.S.o -c /tmp/build-rt-aarch64/lib/builtins/outline_atomic_helpers.dir/outline_atomic_ldset8_3.S
#26 6.551 [ 99%] Building C object lib/builtins/CMakeFiles/clang_rt.builtins-aarch64.dir/truncxfbf2.c.o
#26 6.551 cd /tmp/build-rt-aarch64/lib/builtins && /usr/bin/clang -target aarch64-unknown-linux-gnu --sysroot=/tmp/musl-sysroot-aarch64 -DHAS_ASM_LSE -DVISIBILITY_HIDDEN -DL_ldset -DMODEL=4 -DSIZE=8 -I/llvm-project-21.1.8.src/compiler-rt/lib/builtins -I/llvm-project-21.1.8.src/compiler-rt/lib/builtins/../../../third-party/siphash/include --target=aarch64-unknown-linux-gnu --sysroot=/tmp/musl-sysroot-aarch64 -O3 -DNDEBUG -fno-lto -Werror=array-bounds -Werror=uninitialized -Werror=shadow -Werror=empty-body -Werror=sizeof-pointer-memaccess -Werror=sizeof-array-argument -Werror=suspicious-memaccess -Werror=builtin-memcpy-chk-size -Werror=array-bounds-pointer-arithmetic -Werror=return-stack-address -Werror=sizeof-array-decay -Werror=format-insufficient-args -Wformat -nostdinc++ -fno-builtin -fvisibility=hidden -fomit-frame-pointer -DCOMPILER_RT_HAS_FLOAT16 -o CMakeFiles/clang_rt.builtins-aarch64.dir/outline_atomic_helpers.dir/outline_atomic_ldset8_4.S.o -c /tmp/build-rt-aarch64/lib/builtins/outline_atomic_helpers.dir/outline_atomic_ldset8_4.S
#26 6.551 cd /tmp/build-rt-aarch64/lib/builtins && /usr/bin/clang -target aarch64-unknown-linux-gnu --sysroot=/tmp/musl-sysroot-aarch64 -DHAS_ASM_LSE -DVISIBILITY_HIDDEN -DL_ldset -DMODEL=5 -DSIZE=8 -I/llvm-project-21.1.8.src/compiler-rt/lib/builtins -I/llvm-project-21.1.8.src/compiler-rt/lib/builtins/../../../third-party/siphash/include --target=aarch64-unknown-linux-gnu --sysroot=/tmp/musl-sysroot-aarch64 -O3 -DNDEBUG -fno-lto -Werror=array-bounds -Werror=uninitialized -Werror=shadow -Werror=empty-body -Werror=sizeof-pointer-memaccess -Werror=sizeof-array-argument -Werror=suspicious-memaccess -Werror=builtin-memcpy-chk-size -Werror=array-bounds-pointer-arithmetic -Werror=return-stack-address -Werror=sizeof-array-decay -Werror=format-insufficient-args -Wformat -nostdinc++ -fno-builtin -fvisibility=hidden -fomit-frame-pointer -DCOMPILER_RT_HAS_FLOAT16 -o CMakeFiles/clang_rt.builtins-aarch64.dir/outline_atomic_helpers.dir/outline_atomic_ldset8_5.S.o -c /tmp/build-rt-aarch64/lib/builtins/outline_atomic_helpers.dir/outline_atomic_ldset8_5.S
#26 6.552 cd /tmp/build-rt-aarch64/lib/builtins && /usr/bin/clang --target=aarch64-unknown-linux-gnu --sysroot=/tmp/musl-sysroot-aarch64 -DHAS_ASM_LSE -DVISIBILITY_HIDDEN -I/llvm-project-21.1.8.src/compiler-rt/lib/builtins/../../../third-party/siphash/include --target=aarch64-unknown-linux-gnu --sysroot=/tmp/musl-sysroot-aarch64 -Wall -Wno-unused-parameter -O3 -DNDEBUG -std=gnu11 -fno-lto -Werror=array-bounds -Werror=uninitialized -Werror=shadow -Werror=empty-body -Werror=sizeof-pointer-memaccess -Werror=sizeof-array-argument -Werror=suspicious-memaccess -Werror=builtin-memcpy-chk-size -Werror=array-bounds-pointer-arithmetic -Werror=return-stack-address -Werror=sizeof-array-decay -Werror=format-insufficient-args -Wformat -nostdinc++ -fno-builtin -fvisibility=hidden -fomit-frame-pointer -DCOMPILER_RT_HAS_FLOAT16 -MD -MT lib/builtins/CMakeFiles/clang_rt.builtins-aarch64.dir/extendbfsf2.c.o -MF CMakeFiles/clang_rt.builtins-aarch64.dir/extendbfsf2.c.o.d -o CMakeFiles/clang_rt.builtins-aarch64.dir/extendbfsf2.c.o -c /llvm-project-21.1.8.src/compiler-rt/lib/builtins/extendbfsf2.c
#26 6.552 [100%] Building C object lib/builtins/CMakeFiles/clang_rt.builtins-aarch64.dir/truncsfbf2.c.o
#26 6.552 cd /tmp/build-rt-aarch64/lib/builtins && /usr/bin/clang --target=aarch64-unknown-linux-gnu --sysroot=/tmp/musl-sysroot-aarch64 -DHAS_ASM_LSE -DVISIBILITY_HIDDEN -I/llvm-project-21.1.8.src/compiler-rt/lib/builtins/../../../third-party/siphash/include --target=aarch64-unknown-linux-gnu --sysroot=/tmp/musl-sysroot-aarch64 -Wall -Wno-unused-parameter -O3 -DNDEBUG -std=gnu11 -fno-lto -Werror=array-bounds -Werror=uninitialized -Werror=shadow -Werror=empty-body -Werror=sizeof-pointer-memaccess -Werror=sizeof-array-argument -Werror=suspicious-memaccess -Werror=builtin-memcpy-chk-size -Werror=array-bounds-pointer-arithmetic -Werror=return-stack-address -Werror=sizeof-array-decay -Werror=format-insufficient-args -Wformat -nostdinc++ -fno-builtin -fvisibility=hidden -fomit-frame-pointer -DCOMPILER_RT_HAS_FLOAT16 -MD -MT lib/builtins/CMakeFiles/clang_rt.builtins-aarch64.dir/truncdfbf2.c.o -MF CMakeFiles/clang_rt.builtins-aarch64.dir/truncdfbf2.c.o.d -o CMakeFiles/clang_rt.builtins-aarch64.dir/truncdfbf2.c.o -c /llvm-project-21.1.8.src/compiler-rt/lib/builtins/truncdfbf2.c
#26 6.552 [100%] Building C object lib/builtins/CMakeFiles/clang_rt.builtins-aarch64.dir/trunctfbf2.c.o
#26 6.552 cd /tmp/build-rt-aarch64/lib/builtins && /usr/bin/clang --target=aarch64-unknown-linux-gnu --sysroot=/tmp/musl-sysroot-aarch64 -DHAS_ASM_LSE -DVISIBILITY_HIDDEN -I/llvm-project-21.1.8.src/compiler-rt/lib/builtins/../../../third-party/siphash/include --target=aarch64-unknown-linux-gnu --sysroot=/tmp/musl-sysroot-aarch64 -Wall -Wno-unused-parameter -O3 -DNDEBUG -std=gnu11 -fno-lto -Werror=array-bounds -Werror=uninitialized -Werror=shadow -Werror=empty-body -Werror=sizeof-pointer-memaccess -Werror=sizeof-array-argument -Werror=suspicious-memaccess -Werror=builtin-memcpy-chk-size -Werror=array-bounds-pointer-arithmetic -Werror=return-stack-address -Werror=sizeof-array-decay -Werror=format-insufficient-args -Wformat -nostdinc++ -fno-builtin -fvisibility=hidden -fomit-frame-pointer -DCOMPILER_RT_HAS_FLOAT16 -MD -MT lib/builtins/CMakeFiles/clang_rt.builtins-aarch64.dir/truncxfbf2.c.o -MF CMakeFiles/clang_rt.builtins-aarch64.dir/truncxfbf2.c.o.d -o CMakeFiles/clang_rt.builtins-aarch64.dir/truncxfbf2.c.o -c /llvm-project-21.1.8.src/compiler-rt/lib/builtins/truncxfbf2.c
#26 6.553 cd /tmp/build-rt-aarch64/lib/builtins && /usr/bin/clang --target=aarch64-unknown-linux-gnu --sysroot=/tmp/musl-sysroot-aarch64 -DHAS_ASM_LSE -DVISIBILITY_HIDDEN -I/llvm-project-21.1.8.src/compiler-rt/lib/builtins/../../../third-party/siphash/include --target=aarch64-unknown-linux-gnu --sysroot=/tmp/musl-sysroot-aarch64 -Wall -Wno-unused-parameter -O3 -DNDEBUG -std=gnu11 -fno-lto -Werror=array-bounds -Werror=uninitialized -Werror=shadow -Werror=empty-body -Werror=sizeof-pointer-memaccess -Werror=sizeof-array-argument -Werror=suspicious-memaccess -Werror=builtin-memcpy-chk-size -Werror=array-bounds-pointer-arithmetic -Werror=return-stack-address -Werror=sizeof-array-decay -Werror=format-insufficient-args -Wformat -nostdinc++ -fno-builtin -fvisibility=hidden -fomit-frame-pointer -DCOMPILER_RT_HAS_FLOAT16 -MD -MT lib/builtins/CMakeFiles/clang_rt.builtins-aarch64.dir/truncsfbf2.c.o -MF CMakeFiles/clang_rt.builtins-aarch64.dir/truncsfbf2.c.o.d -o CMakeFiles/clang_rt.builtins-aarch64.dir/truncsfbf2.c.o -c /llvm-project-21.1.8.src/compiler-rt/lib/builtins/truncsfbf2.c
#26 6.554 cd /tmp/build-rt-aarch64/lib/builtins && /usr/bin/clang --target=aarch64-unknown-linux-gnu --sysroot=/tmp/musl-sysroot-aarch64 -DHAS_ASM_LSE -DVISIBILITY_HIDDEN -I/llvm-project-21.1.8.src/compiler-rt/lib/builtins/../../../third-party/siphash/include --target=aarch64-unknown-linux-gnu --sysroot=/tmp/musl-sysroot-aarch64 -Wall -Wno-unused-parameter -O3 -DNDEBUG -std=gnu11 -fno-lto -Werror=array-bounds -Werror=uninitialized -Werror=shadow -Werror=empty-body -Werror=sizeof-pointer-memaccess -Werror=sizeof-array-argument -Werror=suspicious-memaccess -Werror=builtin-memcpy-chk-size -Werror=array-bounds-pointer-arithmetic -Werror=return-stack-address -Werror=sizeof-array-decay -Werror=format-insufficient-args -Wformat -nostdinc++ -fno-builtin -fvisibility=hidden -fomit-frame-pointer -DCOMPILER_RT_HAS_FLOAT16 -MD -MT lib/builtins/CMakeFiles/clang_rt.builtins-aarch64.dir/trunctfbf2.c.o -MF CMakeFiles/clang_rt.builtins-aarch64.dir/trunctfbf2.c.o.d -o CMakeFiles/clang_rt.builtins-aarch64.dir/trunctfbf2.c.o -c /llvm-project-21.1.8.src/compiler-rt/lib/builtins/trunctfbf2.c
#26 6.599 [100%] Linking CXX static library ../linux/libclang_rt.builtins-aarch64.a
#26 6.599 cd /tmp/build-rt-aarch64/lib/builtins && /usr/bin/cmake -P CMakeFiles/clang_rt.builtins-aarch64.dir/cmake_clean_target.cmake
#26 6.602 cd /tmp/build-rt-aarch64/lib/builtins && /usr/bin/cmake -E cmake_link_script CMakeFiles/clang_rt.builtins-aarch64.dir/link.txt --verbose=1
#26 6.604 /usr/bin/llvm-ar qc ../linux/libclang_rt.builtins-aarch64.a "CMakeFiles/clang_rt.builtins-aarch64.dir/addtf3.c.o" "CMakeFiles/clang_rt.builtins-aarch64.dir/comparetf2.c.o" "CMakeFiles/clang_rt.builtins-aarch64.dir/divtc3.c.o" "CMakeFiles/clang_rt.builtins-aarch64.dir/divtf3.c.o" "CMakeFiles/clang_rt.builtins-aarch64.dir/extenddftf2.c.o" "CMakeFiles/clang_rt.builtins-aarch64.dir/extendhftf2.c.o" "CMakeFiles/clang_rt.builtins-aarch64.dir/extendsftf2.c.o" "CMakeFiles/clang_rt.builtins-aarch64.dir/fixtfdi.c.o" "CMakeFiles/clang_rt.builtins-aarch64.dir/fixtfsi.c.o" "CMakeFiles/clang_rt.builtins-aarch64.dir/fixtfti.c.o" "CMakeFiles/clang_rt.builtins-aarch64.dir/fixunstfdi.c.o" "CMakeFiles/clang_rt.builtins-aarch64.dir/fixunstfsi.c.o" "CMakeFiles/clang_rt.builtins-aarch64.dir/fixunstfti.c.o" "CMakeFiles/clang_rt.builtins-aarch64.dir/floatditf.c.o" "CMakeFiles/clang_rt.builtins-aarch64.dir/floatsitf.c.o" "CMakeFiles/clang_rt.builtins-aarch64.dir/floattitf.c.o" "CMakeFiles/clang_rt.builtins-aarch64.dir/floatunditf.c.o" "CMakeFiles/clang_rt.builtins-aarch64.dir/floatunsitf.c.o" "CMakeFiles/clang_rt.builtins-aarch64.dir/floatuntitf.c.o" "CMakeFiles/clang_rt.builtins-aarch64.dir/multc3.c.o" "CMakeFiles/clang_rt.builtins-aarch64.dir/multf3.c.o" "CMakeFiles/clang_rt.builtins-aarch64.dir/powitf2.c.o" "CMakeFiles/clang_rt.builtins-aarch64.dir/subtf3.c.o" "CMakeFiles/clang_rt.builtins-aarch64.dir/trunctfdf2.c.o" "CMakeFiles/clang_rt.builtins-aarch64.dir/trunctfhf2.c.o" "CMakeFiles/clang_rt.builtins-aarch64.dir/trunctfsf2.c.o" "CMakeFiles/clang_rt.builtins-aarch64.dir/absvdi2.c.o" "CMakeFiles/clang_rt.builtins-aarch64.dir/absvsi2.c.o" "CMakeFiles/clang_rt.builtins-aarch64.dir/absvti2.c.o" "CMakeFiles/clang_rt.builtins-aarch64.dir/adddf3.c.o" "CMakeFiles/clang_rt.builtins-aarch64.dir/addsf3.c.o" "CMakeFiles/clang_rt.builtins-aarch64.dir/addvdi3.c.o" "CMakeFiles/clang_rt.builtins-aarch64.dir/addvsi3.c.o" "CMakeFiles/clang_rt.builtins-aarch64.dir/addvti3.c.o" "CMakeFiles/clang_rt.builtins-aarch64.dir/apple_versioning.c.o" "CMakeFiles/clang_rt.builtins-aarch64.dir/ashldi3.c.o" "CMakeFiles/clang_rt.builtins-aarch64.dir/ashlti3.c.o" "CMakeFiles/clang_rt.builtins-aarch64.dir/ashrdi3.c.o" "CMakeFiles/clang_rt.builtins-aarch64.dir/ashrti3.c.o" "CMakeFiles/clang_rt.builtins-aarch64.dir/bswapdi2.c.o" "CMakeFiles/clang_rt.builtins-aarch64.dir/bswapsi2.c.o" "CMakeFiles/clang_rt.builtins-aarch64.dir/clzdi2.c.o" "CMakeFiles/clang_rt.builtins-aarch64.dir/clzsi2.c.o" "CMakeFiles/clang_rt.builtins-aarch64.dir/clzti2.c.o" "CMakeFiles/clang_rt.builtins-aarch64.dir/cmpdi2.c.o" "CMakeFiles/clang_rt.builtins-aarch64.dir/cmpti2.c.o" "CMakeFiles/clang_rt.builtins-aarch64.dir/comparedf2.c.o" "CMakeFiles/clang_rt.builtins-aarch64.dir/comparesf2.c.o" "CMakeFiles/clang_rt.builtins-aarch64.dir/ctzdi2.c.o" "CMakeFiles/clang_rt.builtins-aarch64.dir/ctzsi2.c.o" "CMakeFiles/clang_rt.builtins-aarch64.dir/ctzti2.c.o" "CMakeFiles/clang_rt.builtins-aarch64.dir/divdc3.c.o" "CMakeFiles/clang_rt.builtins-aarch64.dir/divdf3.c.o" "CMakeFiles/clang_rt.builtins-aarch64.dir/divdi3.c.o" "CMakeFiles/clang_rt.builtins-aarch64.dir/divmoddi4.c.o" "CMakeFiles/clang_rt.builtins-aarch64.dir/divmodsi4.c.o" "CMakeFiles/clang_rt.builtins-aarch64.dir/divmodti4.c.o" "CMakeFiles/clang_rt.builtins-aarch64.dir/divsc3.c.o" "CMakeFiles/clang_rt.builtins-aarch64.dir/divsf3.c.o" "CMakeFiles/clang_rt.builtins-aarch64.dir/divsi3.c.o" "CMakeFiles/clang_rt.builtins-aarch64.dir/divti3.c.o" "CMakeFiles/clang_rt.builtins-aarch64.dir/extendsfdf2.c.o" "CMakeFiles/clang_rt.builtins-aarch64.dir/extendhfsf2.c.o" "CMakeFiles/clang_rt.builtins-aarch64.dir/extendhfdf2.c.o" "CMakeFiles/clang_rt.builtins-aarch64.dir/ffsdi2.c.o" "CMakeFiles/clang_rt.builtins-aarch64.dir/ffssi2.c.o" "CMakeFiles/clang_rt.builtins-aarch64.dir/ffsti2.c.o" "CMakeFiles/clang_rt.builtins-aarch64.dir/fixdfdi.c.o" "CMakeFiles/clang_rt.builtins-aarch64.dir/fixdfsi.c.o" "CMakeFiles/clang_rt.builtins-aarch64.dir/fixdfti.c.o" "CMakeFiles/clang_rt.builtins-aarch64.dir/fixsfdi.c.o" "CMakeFiles/clang_rt.builtins-aarch64.dir/fixsfsi.c.o" "CMakeFiles/clang_rt.builtins-aarch64.dir/fixsfti.c.o" "CMakeFiles/clang_rt.builtins-aarch64.dir/fixunsdfdi.c.o" "CMakeFiles/clang_rt.builtins-aarch64.dir/fixunsdfsi.c.o" "CMakeFiles/clang_rt.builtins-aarch64.dir/fixunsdfti.c.o" "CMakeFiles/clang_rt.builtins-aarch64.dir/fixunssfdi.c.o" "CMakeFiles/clang_rt.builtins-aarch64.dir/fixunssfsi.c.o" "CMakeFiles/clang_rt.builtins-aarch64.dir/fixunssfti.c.o" "CMakeFiles/clang_rt.builtins-aarch64.dir/floatdidf.c.o" "CMakeFiles/clang_rt.builtins-aarch64.dir/floatdisf.c.o" "CMakeFiles/clang_rt.builtins-aarch64.dir/floatsidf.c.o" "CMakeFiles/clang_rt.builtins-aarch64.dir/floatsisf.c.o" "CMakeFiles/clang_rt.builtins-aarch64.dir/floattidf.c.o" "CMakeFiles/clang_rt.builtins-aarch64.dir/floattisf.c.o" "CMakeFiles/clang_rt.builtins-aarch64.dir/floatundidf.c.o" "CMakeFiles/clang_rt.builtins-aarch64.dir/floatundisf.c.o" "CMakeFiles/clang_rt.builtins-aarch64.dir/floatunsidf.c.o" "CMakeFiles/clang_rt.builtins-aarch64.dir/floatunsisf.c.o" "CMakeFiles/clang_rt.builtins-aarch64.dir/floatuntidf.c.o" "CMakeFiles/clang_rt.builtins-aarch64.dir/floatuntisf.c.o" "CMakeFiles/clang_rt.builtins-aarch64.dir/int_util.c.o" "CMakeFiles/clang_rt.builtins-aarch64.dir/lshrdi3.c.o" "CMakeFiles/clang_rt.builtins-aarch64.dir/lshrti3.c.o" "CMakeFiles/clang_rt.builtins-aarch64.dir/moddi3.c.o" "CMakeFiles/clang_rt.builtins-aarch64.dir/modsi3.c.o" "CMakeFiles/clang_rt.builtins-aarch64.dir/modti3.c.o" "CMakeFiles/clang_rt.builtins-aarch64.dir/muldc3.c.o" "CMakeFiles/clang_rt.builtins-aarch64.dir/muldf3.c.o" "CMakeFiles/clang_rt.builtins-aarch64.dir/muldi3.c.o" "CMakeFiles/clang_rt.builtins-aarch64.dir/mulodi4.c.o" "CMakeFiles/clang_rt.builtins-aarch64.dir/mulosi4.c.o" "CMakeFiles/clang_rt.builtins-aarch64.dir/muloti4.c.o" "CMakeFiles/clang_rt.builtins-aarch64.dir/mulsc3.c.o" "CMakeFiles/clang_rt.builtins-aarch64.dir/mulsf3.c.o" "CMakeFiles/clang_rt.builtins-aarch64.dir/multi3.c.o" "CMakeFiles/clang_rt.builtins-aarch64.dir/mulvdi3.c.o" "CMakeFiles/clang_rt.builtins-aarch64.dir/mulvsi3.c.o" "CMakeFiles/clang_rt.builtins-aarch64.dir/mulvti3.c.o" "CMakeFiles/clang_rt.builtins-aarch64.dir/negdf2.c.o" "CMakeFiles/clang_rt.builtins-aarch64.dir/negdi2.c.o" "CMakeFiles/clang_rt.builtins-aarch64.dir/negsf2.c.o" "CMakeFiles/clang_rt.builtins-aarch64.dir/negti2.c.o" "CMakeFiles/clang_rt.builtins-aarch64.dir/negvdi2.c.o" "CMakeFiles/clang_rt.builtins-aarch64.dir/negvsi2.c.o" "CMakeFiles/clang_rt.builtins-aarch64.dir/negvti2.c.o" "CMakeFiles/clang_rt.builtins-aarch64.dir/os_version_check.c.o" "CMakeFiles/clang_rt.builtins-aarch64.dir/paritydi2.c.o" "CMakeFiles/clang_rt.builtins-aarch64.dir/paritysi2.c.o" "CMakeFiles/clang_rt.builtins-aarch64.dir/parityti2.c.o" "CMakeFiles/clang_rt.builtins-aarch64.dir/popcountdi2.c.o" "CMakeFiles/clang_rt.builtins-aarch64.dir/popcountsi2.c.o" "CMakeFiles/clang_rt.builtins-aarch64.dir/popcountti2.c.o" "CMakeFiles/clang_rt.builtins-aarch64.dir/powidf2.c.o" "CMakeFiles/clang_rt.builtins-aarch64.dir/powisf2.c.o" "CMakeFiles/clang_rt.builtins-aarch64.dir/subdf3.c.o" "CMakeFiles/clang_rt.builtins-aarch64.dir/subsf3.c.o" "CMakeFiles/clang_rt.builtins-aarch64.dir/subvdi3.c.o" "CMakeFiles/clang_rt.builtins-aarch64.dir/subvsi3.c.o" "CMakeFiles/clang_rt.builtins-aarch64.dir/subvti3.c.o" "CMakeFiles/clang_rt.builtins-aarch64.dir/trampoline_setup.c.o" "CMakeFiles/clang_rt.builtins-aarch64.dir/truncdfhf2.c.o" "CMakeFiles/clang_rt.builtins-aarch64.dir/truncdfsf2.c.o" "CMakeFiles/clang_rt.builtins-aarch64.dir/truncsfhf2.c.o" "CMakeFiles/clang_rt.builtins-aarch64.dir/ucmpdi2.c.o" "CMakeFiles/clang_rt.builtins-aarch64.dir/ucmpti2.c.o" "CMakeFiles/clang_rt.builtins-aarch64.dir/udivdi3.c.o" "CMakeFiles/clang_rt.builtins-aarch64.dir/udivmoddi4.c.o" "CMakeFiles/clang_rt.builtins-aarch64.dir/udivmodsi4.c.o" "CMakeFiles/clang_rt.builtins-aarch64.dir/udivmodti4.c.o" "CMakeFiles/clang_rt.builtins-aarch64.dir/udivsi3.c.o" "CMakeFiles/clang_rt.builtins-aarch64.dir/udivti3.c.o" "CMakeFiles/clang_rt.builtins-aarch64.dir/umoddi3.c.o" "CMakeFiles/clang_rt.builtins-aarch64.dir/umodsi3.c.o" "CMakeFiles/clang_rt.builtins-aarch64.dir/umodti3.c.o" "CMakeFiles/clang_rt.builtins-aarch64.dir/emutls.c.o" "CMakeFiles/clang_rt.builtins-aarch64.dir/enable_execute_stack.c.o" "CMakeFiles/clang_rt.builtins-aarch64.dir/eprintf.c.o" "CMakeFiles/clang_rt.builtins-aarch64.dir/gcc_personality_v0.c.o" "CMakeFiles/clang_rt.builtins-aarch64.dir/clear_cache.c.o" "CMakeFiles/clang_rt.builtins-aarch64.dir/cpu_model/aarch64.c.o" "CMakeFiles/clang_rt.builtins-aarch64.dir/aarch64/emupac.cpp.o" "CMakeFiles/clang_rt.builtins-aarch64.dir/aarch64/fp_mode.c.o" "CMakeFiles/clang_rt.builtins-aarch64.dir/aarch64/sme-abi.S.o" "CMakeFiles/clang_rt.builtins-aarch64.dir/aarch64/sme-abi-assert.c.o" "CMakeFiles/clang_rt.builtins-aarch64.dir/aarch64/sme-libc-opt-memset-memchr.S.o" "CMakeFiles/clang_rt.builtins-aarch64.dir/aarch64/sme-libc-opt-memcpy-memmove.S.o" "CMakeFiles/clang_rt.builtins-aarch64.dir/outline_atomic_helpers.dir/outline_atomic_cas1_1.S.o" "CMakeFiles/clang_rt.builtins-aarch64.dir/outline_atomic_helpers.dir/outline_atomic_cas1_2.S.o" "CMakeFiles/clang_rt.builtins-aarch64.dir/outline_atomic_helpers.dir/outline_atomic_cas1_3.S.o" "CMakeFiles/clang_rt.builtins-aarch64.dir/outline_atomic_helpers.dir/outline_atomic_cas1_4.S.o" "CMakeFiles/clang_rt.builtins-aarch64.dir/outline_atomic_helpers.dir/outline_atomic_cas1_5.S.o" "CMakeFiles/clang_rt.builtins-aarch64.dir/outline_atomic_helpers.dir/outline_atomic_cas2_1.S.o" "CMakeFiles/clang_rt.builtins-aarch64.dir/outline_atomic_helpers.dir/outline_atomic_cas2_2.S.o" "CMakeFiles/clang_rt.builtins-aarch64.dir/outline_atomic_helpers.dir/outline_atomic_cas2_3.S.o" "CMakeFiles/clang_rt.builtins-aarch64.dir/outline_atomic_helpers.dir/outline_atomic_cas2_4.S.o" "CMakeFiles/clang_rt.builtins-aarch64.dir/outline_atomic_helpers.dir/outline_atomic_cas2_5.S.o" "CMakeFiles/clang_rt.builtins-aarch64.dir/outline_atomic_helpers.dir/outline_atomic_cas4_1.S.o" "CMakeFiles/clang_rt.builtins-aarch64.dir/outline_atomic_helpers.dir/outline_atomic_cas4_2.S.o" "CMakeFiles/clang_rt.builtins-aarch64.dir/outline_atomic_helpers.dir/outline_atomic_cas4_3.S.o" "CMakeFiles/clang_rt.builtins-aarch64.dir/outline_atomic_helpers.dir/outline_atomic_cas4_4.S.o" "CMakeFiles/clang_rt.builtins-aarch64.dir/outline_atomic_helpers.dir/outline_atomic_cas4_5.S.o" "CMakeFiles/clang_rt.builtins-aarch64.dir/outline_atomic_helpers.dir/outline_atomic_cas8_1.S.o" "CMakeFiles/clang_rt.builtins-aarch64.dir/outline_atomic_helpers.dir/outline_atomic_cas8_2.S.o" "CMakeFiles/clang_rt.builtins-aarch64.dir/outline_atomic_helpers.dir/outline_atomic_cas8_3.S.o" "CMakeFiles/clang_rt.builtins-aarch64.dir/outline_atomic_helpers.dir/outline_atomic_cas8_4.S.o" "CMakeFiles/clang_rt.builtins-aarch64.dir/outline_atomic_helpers.dir/outline_atomic_cas8_5.S.o" "CMakeFiles/clang_rt.builtins-aarch64.dir/outline_atomic_helpers.dir/outline_atomic_cas16_1.S.o" "CMakeFiles/clang_rt.builtins-aarch64.dir/outline_atomic_helpers.dir/outline_atomic_cas16_2.S.o" "CMakeFiles/clang_rt.builtins-aarch64.dir/outline_atomic_helpers.dir/outline_atomic_cas16_3.S.o" "CMakeFiles/clang_rt.builtins-aarch64.dir/outline_atomic_helpers.dir/outline_atomic_cas16_4.S.o" "CMakeFiles/clang_rt.builtins-aarch64.dir/outline_atomic_helpers.dir/outline_atomic_cas16_5.S.o" "CMakeFiles/clang_rt.builtins-aarch64.dir/outline_atomic_helpers.dir/outline_atomic_swp1_1.S.o" "CMakeFiles/clang_rt.builtins-aarch64.dir/outline_atomic_helpers.dir/outline_atomic_swp1_2.S.o" "CMakeFiles/clang_rt.builtins-aarch64.dir/outline_atomic_helpers.dir/outline_atomic_swp1_3.S.o" "CMakeFiles/clang_rt.builtins-aarch64.dir/outline_atomic_helpers.dir/outline_atomic_swp1_4.S.o" "CMakeFiles/clang_rt.builtins-aarch64.dir/outline_atomic_helpers.dir/outline_atomic_swp1_5.S.o" "CMakeFiles/clang_rt.builtins-aarch64.dir/outline_atomic_helpers.dir/outline_atomic_swp2_1.S.o" "CMakeFiles/clang_rt.builtins-aarch64.dir/outline_atomic_helpers.dir/outline_atomic_swp2_2.S.o" "CMakeFiles/clang_rt.builtins-aarch64.dir/outline_atomic_helpers.dir/outline_atomic_swp2_3.S.o" "CMakeFiles/clang_rt.builtins-aarch64.dir/outline_atomic_helpers.dir/outline_atomic_swp2_4.S.o" "CMakeFiles/clang_rt.builtins-aarch64.dir/outline_atomic_helpers.dir/outline_atomic_swp2_5.S.o" "CMakeFiles/clang_rt.builtins-aarch64.dir/outline_atomic_helpers.dir/outline_atomic_swp4_1.S.o" "CMakeFiles/clang_rt.builtins-aarch64.dir/outline_atomic_helpers.dir/outline_atomic_swp4_2.S.o" "CMakeFiles/clang_rt.builtins-aarch64.dir/outline_atomic_helpers.dir/outline_atomic_swp4_3.S.o" "CMakeFiles/clang_rt.builtins-aarch64.dir/outline_atomic_helpers.dir/outline_atomic_swp4_4.S.o" "CMakeFiles/clang_rt.builtins-aarch64.dir/outline_atomic_helpers.dir/outline_atomic_swp4_5.S.o" "CMakeFiles/clang_rt.builtins-aarch64.dir/outline_atomic_helpers.dir/outline_atomic_swp8_1.S.o" "CMakeFiles/clang_rt.builtins-aarch64.dir/outline_atomic_helpers.dir/outline_atomic_swp8_2.S.o" "CMakeFiles/clang_rt.builtins-aarch64.dir/outline_atomic_helpers.dir/outline_atomic_swp8_3.S.o" "CMakeFiles/clang_rt.builtins-aarch64.dir/outline_atomic_helpers.dir/outline_atomic_swp8_4.S.o" "CMakeFiles/clang_rt.builtins-aarch64.dir/outline_atomic_helpers.dir/outline_atomic_swp8_5.S.o" "CMakeFiles/clang_rt.builtins-aarch64.dir/outline_atomic_helpers.dir/outline_atomic_ldadd1_1.S.o" "CMakeFiles/clang_rt.builtins-aarch64.dir/outline_atomic_helpers.dir/outline_atomic_ldadd1_2.S.o" "CMakeFiles/clang_rt.builtins-aarch64.dir/outline_atomic_helpers.dir/outline_atomic_ldadd1_3.S.o" "CMakeFiles/clang_rt.builtins-aarch64.dir/outline_atomic_helpers.dir/outline_atomic_ldadd1_4.S.o" "CMakeFiles/clang_rt.builtins-aarch64.dir/outline_atomic_helpers.dir/outline_atomic_ldadd1_5.S.o" "CMakeFiles/clang_rt.builtins-aarch64.dir/outline_atomic_helpers.dir/outline_atomic_ldadd2_1.S.o" "CMakeFiles/clang_rt.builtins-aarch64.dir/outline_atomic_helpers.dir/outline_atomic_ldadd2_2.S.o" "CMakeFiles/clang_rt.builtins-aarch64.dir/outline_atomic_helpers.dir/outline_atomic_ldadd2_3.S.o" "CMakeFiles/clang_rt.builtins-aarch64.dir/outline_atomic_helpers.dir/outline_atomic_ldadd2_4.S.o" "CMakeFiles/clang_rt.builtins-aarch64.dir/outline_atomic_helpers.dir/outline_atomic_ldadd2_5.S.o" "CMakeFiles/clang_rt.builtins-aarch64.dir/outline_atomic_helpers.dir/outline_atomic_ldadd4_1.S.o" "CMakeFiles/clang_rt.builtins-aarch64.dir/outline_atomic_helpers.dir/outline_atomic_ldadd4_2.S.o" "CMakeFiles/clang_rt.builtins-aarch64.dir/outline_atomic_helpers.dir/outline_atomic_ldadd4_3.S.o" "CMakeFiles/clang_rt.builtins-aarch64.dir/outline_atomic_helpers.dir/outline_atomic_ldadd4_4.S.o" "CMakeFiles/clang_rt.builtins-aarch64.dir/outline_atomic_helpers.dir/outline_atomic_ldadd4_5.S.o" "CMakeFiles/clang_rt.builtins-aarch64.dir/outline_atomic_helpers.dir/outline_atomic_ldadd8_1.S.o" "CMakeFiles/clang_rt.builtins-aarch64.dir/outline_atomic_helpers.dir/outline_atomic_ldadd8_2.S.o" "CMakeFiles/clang_rt.builtins-aarch64.dir/outline_atomic_helpers.dir/outline_atomic_ldadd8_3.S.o" "CMakeFiles/clang_rt.builtins-aarch64.dir/outline_atomic_helpers.dir/outline_atomic_ldadd8_4.S.o" "CMakeFiles/clang_rt.builtins-aarch64.dir/outline_atomic_helpers.dir/outline_atomic_ldadd8_5.S.o" "CMakeFiles/clang_rt.builtins-aarch64.dir/outline_atomic_helpers.dir/outline_atomic_ldclr1_1.S.o" "CMakeFiles/clang_rt.builtins-aarch64.dir/outline_atomic_helpers.dir/outline_atomic_ldclr1_2.S.o" "CMakeFiles/clang_rt.builtins-aarch64.dir/outline_atomic_helpers.dir/outline_atomic_ldclr1_3.S.o" "CMakeFiles/clang_rt.builtins-aarch64.dir/outline_atomic_helpers.dir/outline_atomic_ldclr1_4.S.o" "CMakeFiles/clang_rt.builtins-aarch64.dir/outline_atomic_helpers.dir/outline_atomic_ldclr1_5.S.o" "CMakeFiles/clang_rt.builtins-aarch64.dir/outline_atomic_helpers.dir/outline_atomic_ldclr2_1.S.o" "CMakeFiles/clang_rt.builtins-aarch64.dir/outline_atomic_helpers.dir/outline_atomic_ldclr2_2.S.o" "CMakeFiles/clang_rt.builtins-aarch64.dir/outline_atomic_helpers.dir/outline_atomic_ldclr2_3.S.o" "CMakeFiles/clang_rt.builtins-aarch64.dir/outline_atomic_helpers.dir/outline_atomic_ldclr2_4.S.o" "CMakeFiles/clang_rt.builtins-aarch64.dir/outline_atomic_helpers.dir/outline_atomic_ldclr2_5.S.o" "CMakeFiles/clang_rt.builtins-aarch64.dir/outline_atomic_helpers.dir/outline_atomic_ldclr4_1.S.o" "CMakeFiles/clang_rt.builtins-aarch64.dir/outline_atomic_helpers.dir/outline_atomic_ldclr4_2.S.o" "CMakeFiles/clang_rt.builtins-aarch64.dir/outline_atomic_helpers.dir/outline_atomic_ldclr4_3.S.o" "CMakeFiles/clang_rt.builtins-aarch64.dir/outline_atomic_helpers.dir/outline_atomic_ldclr4_4.S.o" "CMakeFiles/clang_rt.builtins-aarch64.dir/outline_atomic_helpers.dir/outline_atomic_ldclr4_5.S.o" "CMakeFiles/clang_rt.builtins-aarch64.dir/outline_atomic_helpers.dir/outline_atomic_ldclr8_1.S.o" "CMakeFiles/clang_rt.builtins-aarch64.dir/outline_atomic_helpers.dir/outline_atomic_ldclr8_2.S.o" "CMakeFiles/clang_rt.builtins-aarch64.dir/outline_atomic_helpers.dir/outline_atomic_ldclr8_3.S.o" "CMakeFiles/clang_rt.builtins-aarch64.dir/outline_atomic_helpers.dir/outline_atomic_ldclr8_4.S.o" "CMakeFiles/clang_rt.builtins-aarch64.dir/outline_atomic_helpers.dir/outline_atomic_ldclr8_5.S.o" "CMakeFiles/clang_rt.builtins-aarch64.dir/outline_atomic_helpers.dir/outline_atomic_ldeor1_1.S.o" "CMakeFiles/clang_rt.builtins-aarch64.dir/outline_atomic_helpers.dir/outline_atomic_ldeor1_2.S.o" "CMakeFiles/clang_rt.builtins-aarch64.dir/outline_atomic_helpers.dir/outline_atomic_ldeor1_3.S.o" "CMakeFiles/clang_rt.builtins-aarch64.dir/outline_atomic_helpers.dir/outline_atomic_ldeor1_4.S.o" "CMakeFiles/clang_rt.builtins-aarch64.dir/outline_atomic_helpers.dir/outline_atomic_ldeor1_5.S.o" "CMakeFiles/clang_rt.builtins-aarch64.dir/outline_atomic_helpers.dir/outline_atomic_ldeor2_1.S.o" "CMakeFiles/clang_rt.builtins-aarch64.dir/outline_atomic_helpers.dir/outline_atomic_ldeor2_2.S.o" "CMakeFiles/clang_rt.builtins-aarch64.dir/outline_atomic_helpers.dir/outline_atomic_ldeor2_3.S.o" "CMakeFiles/clang_rt.builtins-aarch64.dir/outline_atomic_helpers.dir/outline_atomic_ldeor2_4.S.o" "CMakeFiles/clang_rt.builtins-aarch64.dir/outline_atomic_helpers.dir/outline_atomic_ldeor2_5.S.o" "CMakeFiles/clang_rt.builtins-aarch64.dir/outline_atomic_helpers.dir/outline_atomic_ldeor4_1.S.o" "CMakeFiles/clang_rt.builtins-aarch64.dir/outline_atomic_helpers.dir/outline_atomic_ldeor4_2.S.o" "CMakeFiles/clang_rt.builtins-aarch64.dir/outline_atomic_helpers.dir/outline_atomic_ldeor4_3.S.o" "CMakeFiles/clang_rt.builtins-aarch64.dir/outline_atomic_helpers.dir/outline_atomic_ldeor4_4.S.o" "CMakeFiles/clang_rt.builtins-aarch64.dir/outline_atomic_helpers.dir/outline_atomic_ldeor4_5.S.o" "CMakeFiles/clang_rt.builtins-aarch64.dir/outline_atomic_helpers.dir/outline_atomic_ldeor8_1.S.o" "CMakeFiles/clang_rt.builtins-aarch64.dir/outline_atomic_helpers.dir/outline_atomic_ldeor8_2.S.o" "CMakeFiles/clang_rt.builtins-aarch64.dir/outline_atomic_helpers.dir/outline_atomic_ldeor8_3.S.o" "CMakeFiles/clang_rt.builtins-aarch64.dir/outline_atomic_helpers.dir/outline_atomic_ldeor8_4.S.o" "CMakeFiles/clang_rt.builtins-aarch64.dir/outline_atomic_helpers.dir/outline_atomic_ldeor8_5.S.o" "CMakeFiles/clang_rt.builtins-aarch64.dir/outline_atomic_helpers.dir/outline_atomic_ldset1_1.S.o" "CMakeFiles/clang_rt.builtins-aarch64.dir/outline_atomic_helpers.dir/outline_atomic_ldset1_2.S.o" "CMakeFiles/clang_rt.builtins-aarch64.dir/outline_atomic_helpers.dir/outline_atomic_ldset1_3.S.o" "CMakeFiles/clang_rt.builtins-aarch64.dir/outline_atomic_helpers.dir/outline_atomic_ldset1_4.S.o" "CMakeFiles/clang_rt.builtins-aarch64.dir/outline_atomic_helpers.dir/outline_atomic_ldset1_5.S.o" "CMakeFiles/clang_rt.builtins-aarch64.dir/outline_atomic_helpers.dir/outline_atomic_ldset2_1.S.o" "CMakeFiles/clang_rt.builtins-aarch64.dir/outline_atomic_helpers.dir/outline_atomic_ldset2_2.S.o" "CMakeFiles/clang_rt.builtins-aarch64.dir/outline_atomic_helpers.dir/outline_atomic_ldset2_3.S.o" "CMakeFiles/clang_rt.builtins-aarch64.dir/outline_atomic_helpers.dir/outline_atomic_ldset2_4.S.o" "CMakeFiles/clang_rt.builtins-aarch64.dir/outline_atomic_helpers.dir/outline_atomic_ldset2_5.S.o" "CMakeFiles/clang_rt.builtins-aarch64.dir/outline_atomic_helpers.dir/outline_atomic_ldset4_1.S.o" "CMakeFiles/clang_rt.builtins-aarch64.dir/outline_atomic_helpers.dir/outline_atomic_ldset4_2.S.o" "CMakeFiles/clang_rt.builtins-aarch64.dir/outline_atomic_helpers.dir/outline_atomic_ldset4_3.S.o" "CMakeFiles/clang_rt.builtins-aarch64.dir/outline_atomic_helpers.dir/outline_atomic_ldset4_4.S.o" "CMakeFiles/clang_rt.builtins-aarch64.dir/outline_atomic_helpers.dir/outline_atomic_ldset4_5.S.o" "CMakeFiles/clang_rt.builtins-aarch64.dir/outline_atomic_helpers.dir/outline_atomic_ldset8_1.S.o" "CMakeFiles/clang_rt.builtins-aarch64.dir/outline_atomic_helpers.dir/outline_atomic_ldset8_2.S.o" "CMakeFiles/clang_rt.builtins-aarch64.dir/outline_atomic_helpers.dir/outline_atomic_ldset8_3.S.o" "CMakeFiles/clang_rt.builtins-aarch64.dir/outline_atomic_helpers.dir/outline_atomic_ldset8_4.S.o" "CMakeFiles/clang_rt.builtins-aarch64.dir/outline_atomic_helpers.dir/outline_atomic_ldset8_5.S.o" "CMakeFiles/clang_rt.builtins-aarch64.dir/extendbfsf2.c.o" "CMakeFiles/clang_rt.builtins-aarch64.dir/truncdfbf2.c.o" "CMakeFiles/clang_rt.builtins-aarch64.dir/truncxfbf2.c.o" "CMakeFiles/clang_rt.builtins-aarch64.dir/truncsfbf2.c.o" "CMakeFiles/clang_rt.builtins-aarch64.dir/trunctfbf2.c.o"
#26 6.611 /usr/bin/llvm-ranlib ../linux/libclang_rt.builtins-aarch64.a
#26 6.611 make[2]: Leaving directory '/tmp/build-rt-aarch64'
#26 6.615 [100%] Built target clang_rt.builtins-aarch64
#26 6.616 /usr/bin/make  -f lib/builtins/CMakeFiles/builtins.dir/build.make lib/builtins/CMakeFiles/builtins.dir/depend
#26 6.617 make[2]: Entering directory '/tmp/build-rt-aarch64'
#26 6.617 cd /tmp/build-rt-aarch64 && /usr/bin/cmake -E cmake_depends "Unix Makefiles" /llvm-project-21.1.8.src/compiler-rt /llvm-project-21.1.8.src/compiler-rt/lib/builtins /tmp/build-rt-aarch64 /tmp/build-rt-aarch64/lib/builtins /tmp/build-rt-aarch64/lib/builtins/CMakeFiles/builtins.dir/DependInfo.cmake "--color="
#26 6.619 make[2]: Leaving directory '/tmp/build-rt-aarch64'
#26 6.619 /usr/bin/make  -f lib/builtins/CMakeFiles/builtins.dir/build.make lib/builtins/CMakeFiles/builtins.dir/build
#26 6.620 make[2]: Entering directory '/tmp/build-rt-aarch64'
#26 6.620 make[2]: Nothing to be done for 'lib/builtins/CMakeFiles/builtins.dir/build'.
#26 6.620 make[2]: Leaving directory '/tmp/build-rt-aarch64'
#26 6.622 [100%] Built target builtins
#26 6.622 /usr/bin/make  -f CMakeFiles/compiler-rt.dir/build.make CMakeFiles/compiler-rt.dir/depend
#26 6.623 make[2]: Entering directory '/tmp/build-rt-aarch64'
#26 6.623 cd /tmp/build-rt-aarch64 && /usr/bin/cmake -E cmake_depends "Unix Makefiles" /llvm-project-21.1.8.src/compiler-rt /llvm-project-21.1.8.src/compiler-rt /tmp/build-rt-aarch64 /tmp/build-rt-aarch64 /tmp/build-rt-aarch64/CMakeFiles/compiler-rt.dir/DependInfo.cmake "--color="
#26 6.626 make[2]: Leaving directory '/tmp/build-rt-aarch64'
#26 6.626 /usr/bin/make  -f CMakeFiles/compiler-rt.dir/build.make CMakeFiles/compiler-rt.dir/build
#26 6.626 make[2]: Entering directory '/tmp/build-rt-aarch64'
#26 6.626 make[2]: Nothing to be done for 'CMakeFiles/compiler-rt.dir/build'.
#26 6.626 make[2]: Leaving directory '/tmp/build-rt-aarch64'
#26 6.628 [100%] Built target compiler-rt
#26 6.629 make[1]: Leaving directory '/tmp/build-rt-aarch64'
#26 6.629 /usr/bin/cmake -E cmake_progress_start /tmp/build-rt-aarch64/CMakeFiles 0
#26 6.633 
#26 6.634 + DESTDIR=/rootfs cmake --install . --prefix /usr/lib/clang/21
#26 6.636 -- Install configuration: "Release"
#26 6.655 -- Installing: /rootfs/usr/lib/clang/21/lib/linux/libclang_rt.builtins-aarch64.a
#26 6.655 -- Installing: /rootfs/usr/lib/clang/21/lib/linux/clang_rt.crtbegin-aarch64.o
#26 6.655 -- Installing: /rootfs/usr/lib/clang/21/lib/linux/clang_rt.crtend-aarch64.o
#26 6.656 + cd /
#26 6.656 + rm -rf /tmp/build-rt-aarch64
#26 6.664 + rm -rf /tmp/musl-build-aarch64
#26 6.665 + rm -rf /tmp/musl-sysroot-aarch64
#26 6.667 + echo 'Building for armhf...'
#26 6.667 + TRIPLET=armv7l-unknown-linux-gnueabihf
#26 6.667 + mkdir -p /tmp/musl-build-armhf
#26 6.667 Building for armhf...
#26 6.668 + cd /tmp/musl-build-armhf
#26 6.668 + /tmp/musl-source/configure '--prefix=/usr' '--host=armv7l-unknown-linux-gnueabihf' 'CC=clang -target armv7l-unknown-linux-gnueabihf'
#26 6.669 checking for C compiler... clang -target armv7l-unknown-linux-gnueabihf
#26 6.669 checking whether C compiler works... yes
#26 6.682 checking whether compiler accepts -Werror=unknown-warning-option... yes
#26 6.694 checking whether compiler accepts -Werror=unused-command-line-argument... yes
#26 6.707 checking whether compiler accepts -Werror=ignored-optimization-argument... yes
#26 6.717 checking whether linker accepts -Werror=unknown-warning-option... no
#26 6.736 checking whether linker accepts -Werror=unused-command-line-argument... no
#26 6.753 checking for C compiler family... clang
#26 6.761 checking for toolchain wrapper to build... none
#26 6.772 checking target system type... armv7l-unknown-linux-gnueabihf
#26 6.772 checking whether compiler accepts -std=c99... yes
#26 6.782 checking whether compiler accepts -nostdinc... yes
#26 6.793 checking whether compiler accepts -ffreestanding... yes
#26 6.805 checking whether compiler accepts -fexcess-precision=standard... yes
#26 6.815 checking whether compiler accepts -frounding-math... yes
#26 6.827 checking whether compiler accepts -fno-strict-aliasing... yes
#26 6.838 checking whether compiler needs attribute((may_alias)) suppression... no
#26 6.848 checking whether compiler accepts -Wa,--noexecstack... yes
#26 6.859 checking whether compiler accepts -fno-stack-protector... yes
#26 6.870 checking whether compiler accepts -fno-tree-loop-distribute-patterns... no
#26 6.879 checking whether we should preprocess assembly to add debugging information... no
#26 6.879 checking for optimization settings... using defaults
#26 6.879 checking whether compiler accepts -O2... yes
#26 6.890 checking whether compiler accepts -fno-align-jumps... no
#26 6.898 checking whether compiler accepts -fno-align-functions... yes
#26 6.910 checking whether compiler accepts -fno-align-loops... no
#26 6.917 checking whether compiler accepts -fno-align-labels... no
#26 6.924 checking whether compiler accepts -fira-region=one... no
#26 6.932 checking whether compiler accepts -fira-hoist-pressure... no
#26 6.940 checking whether compiler accepts -freorder-blocks-algorithm=simple... no
#26 6.949 checking whether compiler accepts -fno-reorder-blocks... no
#26 6.955 checking whether compiler accepts -fno-prefetch-loop-arrays... no
#26 6.962 checking whether compiler accepts -fno-tree-ch... no
#26 6.969 components to be optimized for speed: internal malloc string
#26 6.969 checking whether compiler accepts -pipe... yes
#26 6.980 checking whether compiler accepts -fomit-frame-pointer... yes
#26 6.990 checking whether compiler accepts -fno-unwind-tables... yes
#26 7.001 checking whether compiler accepts -fno-asynchronous-unwind-tables... yes
#26 7.012 checking whether compiler accepts -ffunction-sections... yes
#26 7.023 checking whether compiler accepts -fdata-sections... yes
#26 7.034 checking whether compiler accepts -w... yes
#26 7.045 checking whether compiler accepts -Wno-pointer-to-int-cast... yes
#26 7.055 checking whether compiler accepts -Werror=implicit-function-declaration... yes
#26 7.066 checking whether compiler accepts -Werror=implicit-int... yes
#26 7.077 checking whether compiler accepts -Werror=pointer-sign... yes
#26 7.088 checking whether compiler accepts -Werror=pointer-arith... yes
#26 7.099 checking whether compiler accepts -Werror=int-conversion... yes
#26 7.110 checking whether compiler accepts -Werror=incompatible-pointer-types... yes
#26 7.122 checking whether compiler accepts -Werror=discarded-qualifiers... no
#26 7.129 checking whether compiler accepts -Werror=discarded-array-qualifiers... no
#26 7.138 checking whether compiler accepts -Qunused-arguments... yes
#26 7.149 checking whether compiler accepts -Waddress... yes
#26 7.161 checking whether compiler accepts -Warray-bounds... yes
#26 7.172 checking whether compiler accepts -Wchar-subscripts... yes
#26 7.183 checking whether compiler accepts -Wduplicate-decl-specifier... yes
#26 7.193 checking whether compiler accepts -Winit-self... yes
#26 7.205 checking whether compiler accepts -Wreturn-type... yes
#26 7.216 checking whether compiler accepts -Wsequence-point... yes
#26 7.227 checking whether compiler accepts -Wstrict-aliasing... yes
#26 7.237 checking whether compiler accepts -Wunused-function... yes
#26 7.248 checking whether compiler accepts -Wunused-label... yes
#26 7.258 checking whether compiler accepts -Wunused-variable... yes
#26 7.269 checking preprocessor condition __PIC__... true
#26 7.278 checking whether linker accepts -Wl,--sort-section,alignment... no
#26 7.296 checking whether linker accepts -Wl,--sort-common... no
#26 7.315 checking whether linker accepts -Wl,--gc-sections... no
#26 7.332 checking whether linker accepts -Wl,--hash-style=both... no
#26 7.350 checking whether linker accepts -Wl,--no-undefined... no
#26 7.368 checking whether linker accepts -Wl,--exclude-libs=ALL... no
#26 7.387 checking whether linker accepts -Wl,--dynamic-list=/tmp/musl-source/dynamic.list... no
#26 7.404 checking whether linker accepts -lgcc... no
#26 7.422 checking whether linker accepts -lcompiler_rt... no
#26 7.449 checking whether linker accepts /usr/lib/clang/21/lib/armv7l-unknown-linux-gnueabihf/libclang_rt.builtins.a... no
#26 7.467 checking whether linker accepts libpcc.a... no
#26 7.475 using compiler runtime libraries: 
#26 7.475 checking preprocessor condition __thumb2__... false
#26 7.486 checking preprocessor condition __ARMEB__... false
#26 7.497 checking preprocessor condition __ARM_PCS_VFP... true
#26 7.507 checking whether clang's vfp asm constraints work... yes
#26 7.520 configured for arm variant: armhf
#26 7.520 checking whether compiler's long double definition matches float.h... yes
#26 7.531 checking preprocessor condition __FAST_MATH__... false
#26 7.542 creating config.mak... done
#26 7.546 + MUSL_SYSROOT=/tmp/musl-sysroot-armhf
#26 7.546 + mkdir -p /tmp/musl-sysroot-armhf
#26 7.547 + cd /tmp/musl-build-armhf
#26 7.547 + make install-headers 'DESTDIR=/tmp/musl-sysroot-armhf'
#26 7.666 /tmp/musl-source/tools/install.sh -D -m 644 /tmp/musl-source/include/aio.h /tmp/musl-sysroot-armhf/usr/include/aio.h
#26 7.666 /tmp/musl-source/tools/install.sh -D -m 644 /tmp/musl-source/include/alloca.h /tmp/musl-sysroot-armhf/usr/include/alloca.h
#26 7.666 /tmp/musl-source/tools/install.sh -D -m 644 /tmp/musl-source/include/ar.h /tmp/musl-sysroot-armhf/usr/include/ar.h
#26 7.666 /tmp/musl-source/tools/install.sh -D -m 644 /tmp/musl-source/include/arpa/ftp.h /tmp/musl-sysroot-armhf/usr/include/arpa/ftp.h
#26 7.666 /tmp/musl-source/tools/install.sh -D -m 644 /tmp/musl-source/include/arpa/inet.h /tmp/musl-sysroot-armhf/usr/include/arpa/inet.h
#26 7.666 /tmp/musl-source/tools/install.sh -D -m 644 /tmp/musl-source/include/arpa/nameser.h /tmp/musl-sysroot-armhf/usr/include/arpa/nameser.h
#26 7.667 /tmp/musl-source/tools/install.sh -D -m 644 /tmp/musl-source/include/arpa/nameser_compat.h /tmp/musl-sysroot-armhf/usr/include/arpa/nameser_compat.h
#26 7.667 /tmp/musl-source/tools/install.sh -D -m 644 /tmp/musl-source/include/arpa/telnet.h /tmp/musl-sysroot-armhf/usr/include/arpa/telnet.h
#26 7.667 /tmp/musl-source/tools/install.sh -D -m 644 /tmp/musl-source/include/arpa/tftp.h /tmp/musl-sysroot-armhf/usr/include/arpa/tftp.h
#26 7.667 /tmp/musl-source/tools/install.sh -D -m 644 /tmp/musl-source/include/assert.h /tmp/musl-sysroot-armhf/usr/include/assert.h
#26 7.668 mkdir -p lib
#26 7.668 mkdir -p obj/compat/time32
#26 7.668 mkdir -p obj/crt
#26 7.668 mkdir -p obj/crt/arm
#26 7.668 mkdir -p obj/include
#26 7.669 mkdir -p obj/include/bits
#26 7.669 mkdir -p obj/ldso
#26 7.669 mkdir -p obj/src/aio
#26 7.669 mkdir -p obj/src/complex
#26 7.669 mkdir -p obj/src/conf
#26 7.669 mkdir -p obj/src/crypt
#26 7.669 mkdir -p obj/src/ctype
#26 7.669 mkdir -p obj/src/dirent
#26 7.669 mkdir -p obj/src/env
#26 7.670 mkdir -p obj/src/errno
#26 7.670 mkdir -p obj/src/exit
#26 7.670 mkdir -p obj/src/exit/arm
#26 7.670 mkdir -p obj/src/fcntl
#26 7.670 mkdir -p obj/src/fenv
#26 7.670 mkdir -p obj/src/fenv/arm
#26 7.670 mkdir -p obj/src/internal
#26 7.670 mkdir -p obj/src/ipc
#26 7.670 mkdir -p obj/src/ldso
#26 7.670 mkdir -p obj/src/ldso/arm
#26 7.670 mkdir -p obj/src/legacy
#26 7.670 mkdir -p obj/src/linux
#26 7.671 mkdir -p obj/src/locale
#26 7.671 mkdir -p obj/src/malloc
#26 7.671 mkdir -p obj/src/malloc/mallocng
#26 7.671 mkdir -p obj/src/math
#26 7.671 mkdir -p obj/src/math/arm
#26 7.671 mkdir -p obj/src/misc
#26 7.671 mkdir -p obj/src/mman
#26 7.671 mkdir -p obj/src/mq
#26 7.671 mkdir -p obj/src/multibyte
#26 7.671 mkdir -p obj/src/network
#26 7.672 mkdir -p obj/src/passwd
#26 7.672 mkdir -p obj/src/prng
#26 7.672 mkdir -p obj/src/process
#26 7.672 mkdir -p obj/src/process/arm
#26 7.672 mkdir -p obj/src/regex
#26 7.672 mkdir -p obj/src/sched
#26 7.672 mkdir -p obj/src/search
#26 7.672 mkdir -p obj/src/select
#26 7.672 mkdir -p obj/src/setjmp/arm
#26 7.672 mkdir -p obj/src/signal
#26 7.672 mkdir -p obj/src/signal/arm
#26 7.672 mkdir -p obj/src/stat
#26 7.673 mkdir -p obj/src/stdio
#26 7.673 mkdir -p obj/src/stdlib
#26 7.673 mkdir -p obj/src/string
#26 7.673 mkdir -p obj/src/string/arm
#26 7.673 mkdir -p obj/src/temp
#26 7.673 mkdir -p obj/src/termios
#26 7.673 mkdir -p obj/src/thread
#26 7.673 mkdir -p obj/src/thread/arm
#26 7.673 mkdir -p obj/src/time
#26 7.673 mkdir -p obj/src/unistd
#26 7.673 /tmp/musl-source/tools/install.sh -D -m 644 /tmp/musl-source/arch/generic/bits/dirent.h /tmp/musl-sysroot-armhf/usr/include/bits/dirent.h
#26 7.674 /tmp/musl-source/tools/install.sh -D -m 644 /tmp/musl-source/arch/generic/bits/errno.h /tmp/musl-sysroot-armhf/usr/include/bits/errno.h
#26 7.674 /tmp/musl-source/tools/install.sh -D -m 644 /tmp/musl-source/arch/arm/bits/fcntl.h /tmp/musl-sysroot-armhf/usr/include/bits/fcntl.h
#26 7.674 /tmp/musl-source/tools/install.sh -D -m 644 /tmp/musl-source/arch/arm/bits/fenv.h /tmp/musl-sysroot-armhf/usr/include/bits/fenv.h
#26 7.674 /tmp/musl-source/tools/install.sh -D -m 644 /tmp/musl-source/arch/arm/bits/float.h /tmp/musl-sysroot-armhf/usr/include/bits/float.h
#26 7.674 /tmp/musl-source/tools/install.sh -D -m 644 /tmp/musl-source/arch/arm/bits/hwcap.h /tmp/musl-sysroot-armhf/usr/include/bits/hwcap.h
#26 7.674 /tmp/musl-source/tools/install.sh -D -m 644 /tmp/musl-source/arch/generic/bits/io.h /tmp/musl-sysroot-armhf/usr/include/bits/io.h
#26 7.674 /tmp/musl-source/tools/install.sh -D -m 644 /tmp/musl-source/arch/generic/bits/ioctl.h /tmp/musl-sysroot-armhf/usr/include/bits/ioctl.h
#26 7.675 /tmp/musl-source/tools/install.sh -D -m 644 /tmp/musl-source/arch/arm/bits/ioctl_fix.h /tmp/musl-sysroot-armhf/usr/include/bits/ioctl_fix.h
#26 7.675 /tmp/musl-source/tools/install.sh -D -m 644 /tmp/musl-source/arch/generic/bits/ipc.h /tmp/musl-sysroot-armhf/usr/include/bits/ipc.h
#26 7.675 /tmp/musl-source/tools/install.sh -D -m 644 /tmp/musl-source/arch/arm/bits/ipcstat.h /tmp/musl-sysroot-armhf/usr/include/bits/ipcstat.h
#26 7.675 /tmp/musl-source/tools/install.sh -D -m 644 /tmp/musl-source/arch/generic/bits/kd.h /tmp/musl-sysroot-armhf/usr/include/bits/kd.h
#26 7.675 /tmp/musl-source/tools/install.sh -D -m 644 /tmp/musl-source/arch/generic/bits/limits.h /tmp/musl-sysroot-armhf/usr/include/bits/limits.h
#26 7.675 /tmp/musl-source/tools/install.sh -D -m 644 /tmp/musl-source/arch/generic/bits/link.h /tmp/musl-sysroot-armhf/usr/include/bits/link.h
#26 7.676 /tmp/musl-source/tools/install.sh -D -m 644 /tmp/musl-source/arch/generic/bits/mman.h /tmp/musl-sysroot-armhf/usr/include/bits/mman.h
#26 7.676 /tmp/musl-source/tools/install.sh -D -m 644 /tmp/musl-source/arch/arm/bits/msg.h /tmp/musl-sysroot-armhf/usr/include/bits/msg.h
#26 7.676 /tmp/musl-source/tools/install.sh -D -m 644 /tmp/musl-source/arch/generic/bits/poll.h /tmp/musl-sysroot-armhf/usr/include/bits/poll.h
#26 7.676 /tmp/musl-source/tools/install.sh -D -m 644 /tmp/musl-source/arch/arm/bits/posix.h /tmp/musl-sysroot-armhf/usr/include/bits/posix.h
#26 7.676 /tmp/musl-source/tools/install.sh -D -m 644 /tmp/musl-source/arch/arm/bits/ptrace.h /tmp/musl-sysroot-armhf/usr/include/bits/ptrace.h
#26 7.676 /tmp/musl-source/tools/install.sh -D -m 644 /tmp/musl-source/arch/arm/bits/reg.h /tmp/musl-sysroot-armhf/usr/include/bits/reg.h
#26 7.677 /tmp/musl-source/tools/install.sh -D -m 644 /tmp/musl-source/arch/generic/bits/resource.h /tmp/musl-sysroot-armhf/usr/include/bits/resource.h
#26 7.677 /tmp/musl-source/tools/install.sh -D -m 644 /tmp/musl-source/arch/arm/bits/sem.h /tmp/musl-sysroot-armhf/usr/include/bits/sem.h
#26 7.677 /tmp/musl-source/tools/install.sh -D -m 644 /tmp/musl-source/arch/arm/bits/setjmp.h /tmp/musl-sysroot-armhf/usr/include/bits/setjmp.h
#26 7.677 /tmp/musl-source/tools/install.sh -D -m 644 /tmp/musl-source/arch/arm/bits/shm.h /tmp/musl-sysroot-armhf/usr/include/bits/shm.h
#26 7.677 /tmp/musl-source/tools/install.sh -D -m 644 /tmp/musl-source/arch/arm/bits/signal.h /tmp/musl-sysroot-armhf/usr/include/bits/signal.h
#26 7.677 /tmp/musl-source/tools/install.sh -D -m 644 /tmp/musl-source/arch/generic/bits/socket.h /tmp/musl-sysroot-armhf/usr/include/bits/socket.h
#26 7.677 /tmp/musl-source/tools/install.sh -D -m 644 /tmp/musl-source/arch/generic/bits/soundcard.h /tmp/musl-sysroot-armhf/usr/include/bits/soundcard.h
#26 7.678 /tmp/musl-source/tools/install.sh -D -m 644 /tmp/musl-source/arch/arm/bits/stat.h /tmp/musl-sysroot-armhf/usr/include/bits/stat.h
#26 7.678 /tmp/musl-source/tools/install.sh -D -m 644 /tmp/musl-source/arch/generic/bits/statfs.h /tmp/musl-sysroot-armhf/usr/include/bits/statfs.h
#26 7.678 /tmp/musl-source/tools/install.sh -D -m 644 /tmp/musl-source/arch/arm/bits/stdint.h /tmp/musl-sysroot-armhf/usr/include/bits/stdint.h
#26 7.678 cp /tmp/musl-source/arch/arm/bits/syscall.h.in obj/include/bits/syscall.h
#26 7.679 /tmp/musl-source/tools/install.sh -D -m 644 /tmp/musl-source/arch/generic/bits/termios.h /tmp/musl-sysroot-armhf/usr/include/bits/termios.h
#26 7.679 sed -n -e s/__NR_/SYS_/p < /tmp/musl-source/arch/arm/bits/syscall.h.in >> obj/include/bits/syscall.h
#26 7.679 /tmp/musl-source/tools/install.sh -D -m 644 /tmp/musl-source/arch/arm/bits/user.h /tmp/musl-sysroot-armhf/usr/include/bits/user.h
#26 7.679 /tmp/musl-source/tools/install.sh -D -m 644 /tmp/musl-source/arch/generic/bits/vt.h /tmp/musl-sysroot-armhf/usr/include/bits/vt.h
#26 7.679 /tmp/musl-source/tools/install.sh -D -m 644 /tmp/musl-source/include/byteswap.h /tmp/musl-sysroot-armhf/usr/include/byteswap.h
#26 7.679 /tmp/musl-source/tools/install.sh -D -m 644 /tmp/musl-source/include/complex.h /tmp/musl-sysroot-armhf/usr/include/complex.h
#26 7.680 /tmp/musl-source/tools/install.sh -D -m 644 /tmp/musl-source/include/cpio.h /tmp/musl-sysroot-armhf/usr/include/cpio.h
#26 7.680 /tmp/musl-source/tools/install.sh -D -m 644 /tmp/musl-source/include/crypt.h /tmp/musl-sysroot-armhf/usr/include/crypt.h
#26 7.680 /tmp/musl-source/tools/install.sh -D -m 644 /tmp/musl-source/include/ctype.h /tmp/musl-sysroot-armhf/usr/include/ctype.h
#26 7.680 /tmp/musl-source/tools/install.sh -D -m 644 /tmp/musl-source/include/dirent.h /tmp/musl-sysroot-armhf/usr/include/dirent.h
#26 7.680 /tmp/musl-source/tools/install.sh -D -m 644 /tmp/musl-source/include/dlfcn.h /tmp/musl-sysroot-armhf/usr/include/dlfcn.h
#26 7.680 /tmp/musl-source/tools/install.sh -D -m 644 /tmp/musl-source/include/elf.h /tmp/musl-sysroot-armhf/usr/include/elf.h
#26 7.680 /tmp/musl-source/tools/install.sh -D -m 644 /tmp/musl-source/include/endian.h /tmp/musl-sysroot-armhf/usr/include/endian.h
#26 7.681 /tmp/musl-source/tools/install.sh -D -m 644 /tmp/musl-source/include/err.h /tmp/musl-sysroot-armhf/usr/include/err.h
#26 7.681 /tmp/musl-source/tools/install.sh -D -m 644 /tmp/musl-source/include/errno.h /tmp/musl-sysroot-armhf/usr/include/errno.h
#26 7.681 /tmp/musl-source/tools/install.sh -D -m 644 /tmp/musl-source/include/fcntl.h /tmp/musl-sysroot-armhf/usr/include/fcntl.h
#26 7.681 /tmp/musl-source/tools/install.sh -D -m 644 /tmp/musl-source/include/features.h /tmp/musl-sysroot-armhf/usr/include/features.h
#26 7.681 /tmp/musl-source/tools/install.sh -D -m 644 /tmp/musl-source/include/fenv.h /tmp/musl-sysroot-armhf/usr/include/fenv.h
#26 7.681 /tmp/musl-source/tools/install.sh -D -m 644 /tmp/musl-source/include/float.h /tmp/musl-sysroot-armhf/usr/include/float.h
#26 7.682 /tmp/musl-source/tools/install.sh -D -m 644 /tmp/musl-source/include/fmtmsg.h /tmp/musl-sysroot-armhf/usr/include/fmtmsg.h
#26 7.682 /tmp/musl-source/tools/install.sh -D -m 644 /tmp/musl-source/include/fnmatch.h /tmp/musl-sysroot-armhf/usr/include/fnmatch.h
#26 7.682 /tmp/musl-source/tools/install.sh -D -m 644 /tmp/musl-source/include/ftw.h /tmp/musl-sysroot-armhf/usr/include/ftw.h
#26 7.682 /tmp/musl-source/tools/install.sh -D -m 644 /tmp/musl-source/include/getopt.h /tmp/musl-sysroot-armhf/usr/include/getopt.h
#26 7.682 /tmp/musl-source/tools/install.sh -D -m 644 /tmp/musl-source/include/glob.h /tmp/musl-sysroot-armhf/usr/include/glob.h
#26 7.683 /tmp/musl-source/tools/install.sh -D -m 644 /tmp/musl-source/include/grp.h /tmp/musl-sysroot-armhf/usr/include/grp.h
#26 7.683 /tmp/musl-source/tools/install.sh -D -m 644 /tmp/musl-source/include/iconv.h /tmp/musl-sysroot-armhf/usr/include/iconv.h
#26 7.683 /tmp/musl-source/tools/install.sh -D -m 644 /tmp/musl-source/include/ifaddrs.h /tmp/musl-sysroot-armhf/usr/include/ifaddrs.h
#26 7.683 /tmp/musl-source/tools/install.sh -D -m 644 /tmp/musl-source/include/inttypes.h /tmp/musl-sysroot-armhf/usr/include/inttypes.h
#26 7.683 /tmp/musl-source/tools/install.sh -D -m 644 /tmp/musl-source/include/iso646.h /tmp/musl-sysroot-armhf/usr/include/iso646.h
#26 7.683 /tmp/musl-source/tools/install.sh -D -m 644 /tmp/musl-source/include/langinfo.h /tmp/musl-sysroot-armhf/usr/include/langinfo.h
#26 7.683 /tmp/musl-source/tools/install.sh -D -m 644 /tmp/musl-source/include/lastlog.h /tmp/musl-sysroot-armhf/usr/include/lastlog.h
#26 7.684 /tmp/musl-source/tools/install.sh -D -m 644 /tmp/musl-source/include/libgen.h /tmp/musl-sysroot-armhf/usr/include/libgen.h
#26 7.684 /tmp/musl-source/tools/install.sh -D -m 644 /tmp/musl-source/include/libintl.h /tmp/musl-sysroot-armhf/usr/include/libintl.h
#26 7.684 /tmp/musl-source/tools/install.sh -D -m 644 /tmp/musl-source/include/limits.h /tmp/musl-sysroot-armhf/usr/include/limits.h
#26 7.684 /tmp/musl-source/tools/install.sh -D -m 644 /tmp/musl-source/include/link.h /tmp/musl-sysroot-armhf/usr/include/link.h
#26 7.684 /tmp/musl-source/tools/install.sh -D -m 644 /tmp/musl-source/include/locale.h /tmp/musl-sysroot-armhf/usr/include/locale.h
#26 7.684 /tmp/musl-source/tools/install.sh -D -m 644 /tmp/musl-source/include/malloc.h /tmp/musl-sysroot-armhf/usr/include/malloc.h
#26 7.684 /tmp/musl-source/tools/install.sh -D -m 644 /tmp/musl-source/include/math.h /tmp/musl-sysroot-armhf/usr/include/math.h
#26 7.685 /tmp/musl-source/tools/install.sh -D -m 644 /tmp/musl-source/include/memory.h /tmp/musl-sysroot-armhf/usr/include/memory.h
#26 7.685 /tmp/musl-source/tools/install.sh -D -m 644 /tmp/musl-source/include/mntent.h /tmp/musl-sysroot-armhf/usr/include/mntent.h
#26 7.685 /tmp/musl-source/tools/install.sh -D -m 644 /tmp/musl-source/include/monetary.h /tmp/musl-sysroot-armhf/usr/include/monetary.h
#26 7.685 /tmp/musl-source/tools/install.sh -D -m 644 /tmp/musl-source/include/mqueue.h /tmp/musl-sysroot-armhf/usr/include/mqueue.h
#26 7.685 /tmp/musl-source/tools/install.sh -D -m 644 /tmp/musl-source/include/net/ethernet.h /tmp/musl-sysroot-armhf/usr/include/net/ethernet.h
#26 7.686 /tmp/musl-source/tools/install.sh -D -m 644 /tmp/musl-source/include/net/if.h /tmp/musl-sysroot-armhf/usr/include/net/if.h
#26 7.686 /tmp/musl-source/tools/install.sh -D -m 644 /tmp/musl-source/include/net/if_arp.h /tmp/musl-sysroot-armhf/usr/include/net/if_arp.h
#26 7.686 /tmp/musl-source/tools/install.sh -D -m 644 /tmp/musl-source/include/net/route.h /tmp/musl-sysroot-armhf/usr/include/net/route.h
#26 7.686 /tmp/musl-source/tools/install.sh -D -m 644 /tmp/musl-source/include/netdb.h /tmp/musl-sysroot-armhf/usr/include/netdb.h
#26 7.686 /tmp/musl-source/tools/install.sh -D -m 644 /tmp/musl-source/include/netinet/ether.h /tmp/musl-sysroot-armhf/usr/include/netinet/ether.h
#26 7.686 /tmp/musl-source/tools/install.sh -D -m 644 /tmp/musl-source/include/netinet/icmp6.h /tmp/musl-sysroot-armhf/usr/include/netinet/icmp6.h
#26 7.686 /tmp/musl-source/tools/install.sh -D -m 644 /tmp/musl-source/include/netinet/if_ether.h /tmp/musl-sysroot-armhf/usr/include/netinet/if_ether.h
#26 7.687 /tmp/musl-source/tools/install.sh -D -m 644 /tmp/musl-source/include/netinet/igmp.h /tmp/musl-sysroot-armhf/usr/include/netinet/igmp.h
#26 7.687 /tmp/musl-source/tools/install.sh -D -m 644 /tmp/musl-source/include/netinet/in.h /tmp/musl-sysroot-armhf/usr/include/netinet/in.h
#26 7.687 /tmp/musl-source/tools/install.sh -D -m 644 /tmp/musl-source/include/netinet/in_systm.h /tmp/musl-sysroot-armhf/usr/include/netinet/in_systm.h
#26 7.687 /tmp/musl-source/tools/install.sh -D -m 644 /tmp/musl-source/include/netinet/ip.h /tmp/musl-sysroot-armhf/usr/include/netinet/ip.h
#26 7.688 /tmp/musl-source/tools/install.sh -D -m 644 /tmp/musl-source/include/netinet/ip6.h /tmp/musl-sysroot-armhf/usr/include/netinet/ip6.h
#26 7.688 /tmp/musl-source/tools/install.sh -D -m 644 /tmp/musl-source/include/netinet/ip_icmp.h /tmp/musl-sysroot-armhf/usr/include/netinet/ip_icmp.h
#26 7.688 /tmp/musl-source/tools/install.sh -D -m 644 /tmp/musl-source/include/netinet/tcp.h /tmp/musl-sysroot-armhf/usr/include/netinet/tcp.h
#26 7.688 /tmp/musl-source/tools/install.sh -D -m 644 /tmp/musl-source/include/netinet/udp.h /tmp/musl-sysroot-armhf/usr/include/netinet/udp.h
#26 7.688 /tmp/musl-source/tools/install.sh -D -m 644 /tmp/musl-source/include/netpacket/packet.h /tmp/musl-sysroot-armhf/usr/include/netpacket/packet.h
#26 7.688 /tmp/musl-source/tools/install.sh -D -m 644 /tmp/musl-source/include/nl_types.h /tmp/musl-sysroot-armhf/usr/include/nl_types.h
#26 7.688 /tmp/musl-source/tools/install.sh -D -m 644 /tmp/musl-source/include/paths.h /tmp/musl-sysroot-armhf/usr/include/paths.h
#26 7.689 /tmp/musl-source/tools/install.sh -D -m 644 /tmp/musl-source/include/poll.h /tmp/musl-sysroot-armhf/usr/include/poll.h
#26 7.689 /tmp/musl-source/tools/install.sh -D -m 644 /tmp/musl-source/include/pthread.h /tmp/musl-sysroot-armhf/usr/include/pthread.h
#26 7.689 /tmp/musl-source/tools/install.sh -D -m 644 /tmp/musl-source/include/pty.h /tmp/musl-sysroot-armhf/usr/include/pty.h
#26 7.689 /tmp/musl-source/tools/install.sh -D -m 644 /tmp/musl-source/include/pwd.h /tmp/musl-sysroot-armhf/usr/include/pwd.h
#26 7.689 /tmp/musl-source/tools/install.sh -D -m 644 /tmp/musl-source/include/regex.h /tmp/musl-sysroot-armhf/usr/include/regex.h
#26 7.689 /tmp/musl-source/tools/install.sh -D -m 644 /tmp/musl-source/include/resolv.h /tmp/musl-sysroot-armhf/usr/include/resolv.h
#26 7.690 /tmp/musl-source/tools/install.sh -D -m 644 /tmp/musl-source/include/sched.h /tmp/musl-sysroot-armhf/usr/include/sched.h
#26 7.690 /tmp/musl-source/tools/install.sh -D -m 644 /tmp/musl-source/include/scsi/scsi.h /tmp/musl-sysroot-armhf/usr/include/scsi/scsi.h
#26 7.690 /tmp/musl-source/tools/install.sh -D -m 644 /tmp/musl-source/include/scsi/scsi_ioctl.h /tmp/musl-sysroot-armhf/usr/include/scsi/scsi_ioctl.h
#26 7.690 /tmp/musl-source/tools/install.sh -D -m 644 /tmp/musl-source/include/scsi/sg.h /tmp/musl-sysroot-armhf/usr/include/scsi/sg.h
#26 7.690 /tmp/musl-source/tools/install.sh -D -m 644 /tmp/musl-source/include/search.h /tmp/musl-sysroot-armhf/usr/include/search.h
#26 7.690 /tmp/musl-source/tools/install.sh -D -m 644 /tmp/musl-source/include/semaphore.h /tmp/musl-sysroot-armhf/usr/include/semaphore.h
#26 7.690 /tmp/musl-source/tools/install.sh -D -m 644 /tmp/musl-source/include/setjmp.h /tmp/musl-sysroot-armhf/usr/include/setjmp.h
#26 7.691 /tmp/musl-source/tools/install.sh -D -m 644 /tmp/musl-source/include/shadow.h /tmp/musl-sysroot-armhf/usr/include/shadow.h
#26 7.691 /tmp/musl-source/tools/install.sh -D -m 644 /tmp/musl-source/include/signal.h /tmp/musl-sysroot-armhf/usr/include/signal.h
#26 7.691 /tmp/musl-source/tools/install.sh -D -m 644 /tmp/musl-source/include/spawn.h /tmp/musl-sysroot-armhf/usr/include/spawn.h
#26 7.691 /tmp/musl-source/tools/install.sh -D -m 644 /tmp/musl-source/include/stdalign.h /tmp/musl-sysroot-armhf/usr/include/stdalign.h
#26 7.691 /tmp/musl-source/tools/install.sh -D -m 644 /tmp/musl-source/include/stdarg.h /tmp/musl-sysroot-armhf/usr/include/stdarg.h
#26 7.691 /tmp/musl-source/tools/install.sh -D -m 644 /tmp/musl-source/include/stdbool.h /tmp/musl-sysroot-armhf/usr/include/stdbool.h
#26 7.691 /tmp/musl-source/tools/install.sh -D -m 644 /tmp/musl-source/include/stdc-predef.h /tmp/musl-sysroot-armhf/usr/include/stdc-predef.h
#26 7.692 /tmp/musl-source/tools/install.sh -D -m 644 /tmp/musl-source/include/stddef.h /tmp/musl-sysroot-armhf/usr/include/stddef.h
#26 7.692 /tmp/musl-source/tools/install.sh -D -m 644 /tmp/musl-source/include/stdint.h /tmp/musl-sysroot-armhf/usr/include/stdint.h
#26 7.692 /tmp/musl-source/tools/install.sh -D -m 644 /tmp/musl-source/include/stdio.h /tmp/musl-sysroot-armhf/usr/include/stdio.h
#26 7.692 /tmp/musl-source/tools/install.sh -D -m 644 /tmp/musl-source/include/stdio_ext.h /tmp/musl-sysroot-armhf/usr/include/stdio_ext.h
#26 7.692 /tmp/musl-source/tools/install.sh -D -m 644 /tmp/musl-source/include/stdlib.h /tmp/musl-sysroot-armhf/usr/include/stdlib.h
#26 7.692 /tmp/musl-source/tools/install.sh -D -m 644 /tmp/musl-source/include/stdnoreturn.h /tmp/musl-sysroot-armhf/usr/include/stdnoreturn.h
#26 7.693 /tmp/musl-source/tools/install.sh -D -m 644 /tmp/musl-source/include/string.h /tmp/musl-sysroot-armhf/usr/include/string.h
#26 7.693 /tmp/musl-source/tools/install.sh -D -m 644 /tmp/musl-source/include/strings.h /tmp/musl-sysroot-armhf/usr/include/strings.h
#26 7.693 /tmp/musl-source/tools/install.sh -D -m 644 /tmp/musl-source/include/stropts.h /tmp/musl-sysroot-armhf/usr/include/stropts.h
#26 7.693 /tmp/musl-source/tools/install.sh -D -m 644 /tmp/musl-source/include/sys/acct.h /tmp/musl-sysroot-armhf/usr/include/sys/acct.h
#26 7.693 /tmp/musl-source/tools/install.sh -D -m 644 /tmp/musl-source/include/sys/auxv.h /tmp/musl-sysroot-armhf/usr/include/sys/auxv.h
#26 7.693 /tmp/musl-source/tools/install.sh -D -m 644 /tmp/musl-source/include/sys/cachectl.h /tmp/musl-sysroot-armhf/usr/include/sys/cachectl.h
#26 7.694 /tmp/musl-source/tools/install.sh -D -m 644 /tmp/musl-source/include/sys/dir.h /tmp/musl-sysroot-armhf/usr/include/sys/dir.h
#26 7.694 /tmp/musl-source/tools/install.sh -D -m 644 /tmp/musl-source/include/sys/epoll.h /tmp/musl-sysroot-armhf/usr/include/sys/epoll.h
#26 7.694 /tmp/musl-source/tools/install.sh -D -m 644 /tmp/musl-source/include/sys/errno.h /tmp/musl-sysroot-armhf/usr/include/sys/errno.h
#26 7.694 /tmp/musl-source/tools/install.sh -D -m 644 /tmp/musl-source/include/sys/eventfd.h /tmp/musl-sysroot-armhf/usr/include/sys/eventfd.h
#26 7.694 /tmp/musl-source/tools/install.sh -D -m 644 /tmp/musl-source/include/sys/fanotify.h /tmp/musl-sysroot-armhf/usr/include/sys/fanotify.h
#26 7.695 /tmp/musl-source/tools/install.sh -D -m 644 /tmp/musl-source/include/sys/fcntl.h /tmp/musl-sysroot-armhf/usr/include/sys/fcntl.h
#26 7.695 /tmp/musl-source/tools/install.sh -D -m 644 /tmp/musl-source/include/sys/file.h /tmp/musl-sysroot-armhf/usr/include/sys/file.h
#26 7.695 /tmp/musl-source/tools/install.sh -D -m 644 /tmp/musl-source/include/sys/fsuid.h /tmp/musl-sysroot-armhf/usr/include/sys/fsuid.h
#26 7.695 /tmp/musl-source/tools/install.sh -D -m 644 /tmp/musl-source/include/sys/inotify.h /tmp/musl-sysroot-armhf/usr/include/sys/inotify.h
#26 7.695 /tmp/musl-source/tools/install.sh -D -m 644 /tmp/musl-source/include/sys/io.h /tmp/musl-sysroot-armhf/usr/include/sys/io.h
#26 7.695 /tmp/musl-source/tools/install.sh -D -m 644 /tmp/musl-source/include/sys/ioctl.h /tmp/musl-sysroot-armhf/usr/include/sys/ioctl.h
#26 7.695 /tmp/musl-source/tools/install.sh -D -m 644 /tmp/musl-source/include/sys/ipc.h /tmp/musl-sysroot-armhf/usr/include/sys/ipc.h
#26 7.696 /tmp/musl-source/tools/install.sh -D -m 644 /tmp/musl-source/include/sys/kd.h /tmp/musl-sysroot-armhf/usr/include/sys/kd.h
#26 7.696 /tmp/musl-source/tools/install.sh -D -m 644 /tmp/musl-source/include/sys/klog.h /tmp/musl-sysroot-armhf/usr/include/sys/klog.h
#26 7.696 /tmp/musl-source/tools/install.sh -D -m 644 /tmp/musl-source/include/sys/membarrier.h /tmp/musl-sysroot-armhf/usr/include/sys/membarrier.h
#26 7.696 /tmp/musl-source/tools/install.sh -D -m 644 /tmp/musl-source/include/sys/mman.h /tmp/musl-sysroot-armhf/usr/include/sys/mman.h
#26 7.696 /tmp/musl-source/tools/install.sh -D -m 644 /tmp/musl-source/include/sys/mount.h /tmp/musl-sysroot-armhf/usr/include/sys/mount.h
#26 7.696 /tmp/musl-source/tools/install.sh -D -m 644 /tmp/musl-source/include/sys/msg.h /tmp/musl-sysroot-armhf/usr/include/sys/msg.h
#26 7.696 /tmp/musl-source/tools/install.sh -D -m 644 /tmp/musl-source/include/sys/mtio.h /tmp/musl-sysroot-armhf/usr/include/sys/mtio.h
#26 7.697 /tmp/musl-source/tools/install.sh -D -m 644 /tmp/musl-source/include/sys/param.h /tmp/musl-sysroot-armhf/usr/include/sys/param.h
#26 7.697 /tmp/musl-source/tools/install.sh -D -m 644 /tmp/musl-source/include/sys/personality.h /tmp/musl-sysroot-armhf/usr/include/sys/personality.h
#26 7.697 /tmp/musl-source/tools/install.sh -D -m 644 /tmp/musl-source/include/sys/poll.h /tmp/musl-sysroot-armhf/usr/include/sys/poll.h
#26 7.697 /tmp/musl-source/tools/install.sh -D -m 644 /tmp/musl-source/include/sys/prctl.h /tmp/musl-sysroot-armhf/usr/include/sys/prctl.h
#26 7.697 /tmp/musl-source/tools/install.sh -D -m 644 /tmp/musl-source/include/sys/procfs.h /tmp/musl-sysroot-armhf/usr/include/sys/procfs.h
#26 7.697 /tmp/musl-source/tools/install.sh -D -m 644 /tmp/musl-source/include/sys/ptrace.h /tmp/musl-sysroot-armhf/usr/include/sys/ptrace.h
#26 7.697 /tmp/musl-source/tools/install.sh -D -m 644 /tmp/musl-source/include/sys/quota.h /tmp/musl-sysroot-armhf/usr/include/sys/quota.h
#26 7.698 /tmp/musl-source/tools/install.sh -D -m 644 /tmp/musl-source/include/sys/random.h /tmp/musl-sysroot-armhf/usr/include/sys/random.h
#26 7.698 /tmp/musl-source/tools/install.sh -D -m 644 /tmp/musl-source/include/sys/reboot.h /tmp/musl-sysroot-armhf/usr/include/sys/reboot.h
#26 7.698 /tmp/musl-source/tools/install.sh -D -m 644 /tmp/musl-source/include/sys/reg.h /tmp/musl-sysroot-armhf/usr/include/sys/reg.h
#26 7.698 /tmp/musl-source/tools/install.sh -D -m 644 /tmp/musl-source/include/sys/resource.h /tmp/musl-sysroot-armhf/usr/include/sys/resource.h
#26 7.698 /tmp/musl-source/tools/install.sh -D -m 644 /tmp/musl-source/include/sys/select.h /tmp/musl-sysroot-armhf/usr/include/sys/select.h
#26 7.698 /tmp/musl-source/tools/install.sh -D -m 644 /tmp/musl-source/include/sys/sem.h /tmp/musl-sysroot-armhf/usr/include/sys/sem.h
#26 7.698 /tmp/musl-source/tools/install.sh -D -m 644 /tmp/musl-source/include/sys/sendfile.h /tmp/musl-sysroot-armhf/usr/include/sys/sendfile.h
#26 7.699 /tmp/musl-source/tools/install.sh -D -m 644 /tmp/musl-source/include/sys/shm.h /tmp/musl-sysroot-armhf/usr/include/sys/shm.h
#26 7.699 /tmp/musl-source/tools/install.sh -D -m 644 /tmp/musl-source/include/sys/signal.h /tmp/musl-sysroot-armhf/usr/include/sys/signal.h
#26 7.699 /tmp/musl-source/tools/install.sh -D -m 644 /tmp/musl-source/include/sys/signalfd.h /tmp/musl-sysroot-armhf/usr/include/sys/signalfd.h
#26 7.699 /tmp/musl-source/tools/install.sh -D -m 644 /tmp/musl-source/include/sys/socket.h /tmp/musl-sysroot-armhf/usr/include/sys/socket.h
#26 7.699 /tmp/musl-source/tools/install.sh -D -m 644 /tmp/musl-source/include/sys/soundcard.h /tmp/musl-sysroot-armhf/usr/include/sys/soundcard.h
#26 7.699 /tmp/musl-source/tools/install.sh -D -m 644 /tmp/musl-source/include/sys/stat.h /tmp/musl-sysroot-armhf/usr/include/sys/stat.h
#26 7.699 /tmp/musl-source/tools/install.sh -D -m 644 /tmp/musl-source/include/sys/statfs.h /tmp/musl-sysroot-armhf/usr/include/sys/statfs.h
#26 7.700 /tmp/musl-source/tools/install.sh -D -m 644 /tmp/musl-source/include/sys/statvfs.h /tmp/musl-sysroot-armhf/usr/include/sys/statvfs.h
#26 7.700 /tmp/musl-source/tools/install.sh -D -m 644 /tmp/musl-source/include/sys/stropts.h /tmp/musl-sysroot-armhf/usr/include/sys/stropts.h
#26 7.700 /tmp/musl-source/tools/install.sh -D -m 644 /tmp/musl-source/include/sys/swap.h /tmp/musl-sysroot-armhf/usr/include/sys/swap.h
#26 7.700 /tmp/musl-source/tools/install.sh -D -m 644 /tmp/musl-source/include/sys/syscall.h /tmp/musl-sysroot-armhf/usr/include/sys/syscall.h
#26 7.700 /tmp/musl-source/tools/install.sh -D -m 644 /tmp/musl-source/include/sys/sysinfo.h /tmp/musl-sysroot-armhf/usr/include/sys/sysinfo.h
#26 7.700 /tmp/musl-source/tools/install.sh -D -m 644 /tmp/musl-source/include/sys/syslog.h /tmp/musl-sysroot-armhf/usr/include/sys/syslog.h
#26 7.700 /tmp/musl-source/tools/install.sh -D -m 644 /tmp/musl-source/include/sys/sysmacros.h /tmp/musl-sysroot-armhf/usr/include/sys/sysmacros.h
#26 7.701 /tmp/musl-source/tools/install.sh -D -m 644 /tmp/musl-source/include/sys/termios.h /tmp/musl-sysroot-armhf/usr/include/sys/termios.h
#26 7.701 /tmp/musl-source/tools/install.sh -D -m 644 /tmp/musl-source/include/sys/time.h /tmp/musl-sysroot-armhf/usr/include/sys/time.h
#26 7.701 /tmp/musl-source/tools/install.sh -D -m 644 /tmp/musl-source/include/sys/timeb.h /tmp/musl-sysroot-armhf/usr/include/sys/timeb.h
#26 7.701 /tmp/musl-source/tools/install.sh -D -m 644 /tmp/musl-source/include/sys/timerfd.h /tmp/musl-sysroot-armhf/usr/include/sys/timerfd.h
#26 7.701 /tmp/musl-source/tools/install.sh -D -m 644 /tmp/musl-source/include/sys/times.h /tmp/musl-sysroot-armhf/usr/include/sys/times.h
#26 7.702 /tmp/musl-source/tools/install.sh -D -m 644 /tmp/musl-source/include/sys/timex.h /tmp/musl-sysroot-armhf/usr/include/sys/timex.h
#26 7.702 /tmp/musl-source/tools/install.sh -D -m 644 /tmp/musl-source/include/sys/ttydefaults.h /tmp/musl-sysroot-armhf/usr/include/sys/ttydefaults.h
#26 7.702 /tmp/musl-source/tools/install.sh -D -m 644 /tmp/musl-source/include/sys/types.h /tmp/musl-sysroot-armhf/usr/include/sys/types.h
#26 7.702 /tmp/musl-source/tools/install.sh -D -m 644 /tmp/musl-source/include/sys/ucontext.h /tmp/musl-sysroot-armhf/usr/include/sys/ucontext.h
#26 7.702 /tmp/musl-source/tools/install.sh -D -m 644 /tmp/musl-source/include/sys/uio.h /tmp/musl-sysroot-armhf/usr/include/sys/uio.h
#26 7.702 /tmp/musl-source/tools/install.sh -D -m 644 /tmp/musl-source/include/sys/un.h /tmp/musl-sysroot-armhf/usr/include/sys/un.h
#26 7.703 /tmp/musl-source/tools/install.sh -D -m 644 /tmp/musl-source/include/sys/user.h /tmp/musl-sysroot-armhf/usr/include/sys/user.h
#26 7.703 /tmp/musl-source/tools/install.sh -D -m 644 /tmp/musl-source/include/sys/utsname.h /tmp/musl-sysroot-armhf/usr/include/sys/utsname.h
#26 7.703 /tmp/musl-source/tools/install.sh -D -m 644 /tmp/musl-source/include/sys/vfs.h /tmp/musl-sysroot-armhf/usr/include/sys/vfs.h
#26 7.703 /tmp/musl-source/tools/install.sh -D -m 644 /tmp/musl-source/include/sys/vt.h /tmp/musl-sysroot-armhf/usr/include/sys/vt.h
#26 7.703 /tmp/musl-source/tools/install.sh -D -m 644 /tmp/musl-source/include/sys/wait.h /tmp/musl-sysroot-armhf/usr/include/sys/wait.h
#26 7.703 /tmp/musl-source/tools/install.sh -D -m 644 /tmp/musl-source/include/sys/xattr.h /tmp/musl-sysroot-armhf/usr/include/sys/xattr.h
#26 7.704 /tmp/musl-source/tools/install.sh -D -m 644 /tmp/musl-source/include/syscall.h /tmp/musl-sysroot-armhf/usr/include/syscall.h
#26 7.704 /tmp/musl-source/tools/install.sh -D -m 644 /tmp/musl-source/include/sysexits.h /tmp/musl-sysroot-armhf/usr/include/sysexits.h
#26 7.704 /tmp/musl-source/tools/install.sh -D -m 644 /tmp/musl-source/include/syslog.h /tmp/musl-sysroot-armhf/usr/include/syslog.h
#26 7.704 /tmp/musl-source/tools/install.sh -D -m 644 /tmp/musl-source/include/tar.h /tmp/musl-sysroot-armhf/usr/include/tar.h
#26 7.704 /tmp/musl-source/tools/install.sh -D -m 644 /tmp/musl-source/include/termios.h /tmp/musl-sysroot-armhf/usr/include/termios.h
#26 7.704 /tmp/musl-source/tools/install.sh -D -m 644 /tmp/musl-source/include/tgmath.h /tmp/musl-sysroot-armhf/usr/include/tgmath.h
#26 7.704 /tmp/musl-source/tools/install.sh -D -m 644 /tmp/musl-source/include/threads.h /tmp/musl-sysroot-armhf/usr/include/threads.h
#26 7.705 /tmp/musl-source/tools/install.sh -D -m 644 /tmp/musl-source/include/time.h /tmp/musl-sysroot-armhf/usr/include/time.h
#26 7.705 /tmp/musl-source/tools/install.sh -D -m 644 /tmp/musl-source/include/uchar.h /tmp/musl-sysroot-armhf/usr/include/uchar.h
#26 7.705 /tmp/musl-source/tools/install.sh -D -m 644 /tmp/musl-source/include/ucontext.h /tmp/musl-sysroot-armhf/usr/include/ucontext.h
#26 7.705 /tmp/musl-source/tools/install.sh -D -m 644 /tmp/musl-source/include/ulimit.h /tmp/musl-sysroot-armhf/usr/include/ulimit.h
#26 7.705 /tmp/musl-source/tools/install.sh -D -m 644 /tmp/musl-source/include/unistd.h /tmp/musl-sysroot-armhf/usr/include/unistd.h
#26 7.705 /tmp/musl-source/tools/install.sh -D -m 644 /tmp/musl-source/include/utime.h /tmp/musl-sysroot-armhf/usr/include/utime.h
#26 7.706 /tmp/musl-source/tools/install.sh -D -m 644 /tmp/musl-source/include/utmp.h /tmp/musl-sysroot-armhf/usr/include/utmp.h
#26 7.706 /tmp/musl-source/tools/install.sh -D -m 644 /tmp/musl-source/include/utmpx.h /tmp/musl-sysroot-armhf/usr/include/utmpx.h
#26 7.706 /tmp/musl-source/tools/install.sh -D -m 644 /tmp/musl-source/include/values.h /tmp/musl-sysroot-armhf/usr/include/values.h
#26 7.706 /tmp/musl-source/tools/install.sh -D -m 644 /tmp/musl-source/include/wait.h /tmp/musl-sysroot-armhf/usr/include/wait.h
#26 7.706 /tmp/musl-source/tools/install.sh -D -m 644 /tmp/musl-source/include/wchar.h /tmp/musl-sysroot-armhf/usr/include/wchar.h
#26 7.707 /tmp/musl-source/tools/install.sh -D -m 644 /tmp/musl-source/include/wctype.h /tmp/musl-sysroot-armhf/usr/include/wctype.h
#26 7.707 /tmp/musl-source/tools/install.sh -D -m 644 /tmp/musl-source/include/wordexp.h /tmp/musl-sysroot-armhf/usr/include/wordexp.h
#26 7.707 sed -f /tmp/musl-source/tools/mkalltypes.sed /tmp/musl-source/arch/arm/bits/alltypes.h.in /tmp/musl-source/include/alltypes.h.in > obj/include/bits/alltypes.h
#26 7.707 /tmp/musl-source/tools/install.sh -D -m 644 obj/include/bits/syscall.h /tmp/musl-sysroot-armhf/usr/include/bits/syscall.h
#26 7.708 /tmp/musl-source/tools/install.sh -D -m 644 obj/include/bits/alltypes.h /tmp/musl-sysroot-armhf/usr/include/bits/alltypes.h
#26 7.710 + mkdir -p /tmp/build-rt-armhf
#26 7.710 + cd /tmp/build-rt-armhf
#26 7.710 + cmake -S /llvm-project-21.1.8.src/compiler-rt -B . '-DCMAKE_BUILD_TYPE=Release' '-DCMAKE_INSTALL_PREFIX=/usr/lib/clang/21' '-DCMAKE_C_COMPILER=/usr/bin/clang' '-DCMAKE_CXX_COMPILER=/usr/bin/clang++' '-DCMAKE_AR=/usr/bin/llvm-ar' '-DCMAKE_NM=/usr/bin/llvm-nm' '-DCMAKE_RANLIB=/usr/bin/llvm-ranlib' '-DCMAKE_C_COMPILER_TARGET=armv7l-unknown-linux-gnueabihf' '-DCMAKE_CXX_COMPILER_TARGET=armv7l-unknown-linux-gnueabihf' '-DCMAKE_ASM_COMPILER_TARGET=armv7l-unknown-linux-gnueabihf' '-DCMAKE_SYSROOT=/tmp/musl-sysroot-armhf' '-DCMAKE_TRY_COMPILE_TARGET_TYPE=STATIC_LIBRARY' '-DCOMPILER_RT_DEFAULT_TARGET_ONLY=ON' '-DCOMPILER_RT_BUILD_BUILTINS=ON' '-DCOMPILER_RT_BUILD_CRT=ON' '-DCOMPILER_RT_BUILD_LIBFUZZER=OFF' '-DCOMPILER_RT_BUILD_MEMPROF=OFF' '-DCOMPILER_RT_BUILD_PROFILE=OFF' '-DCOMPILER_RT_BUILD_SANITIZERS=OFF' '-DCOMPILER_RT_BUILD_XRAY=OFF' '-DCOMPILER_RT_BUILD_ORC=OFF' '-DCOMPILER_RT_BUILD_CTX_PROFILE=OFF' '-DCMAKE_C_FLAGS=--target=armv7l-unknown-linux-gnueabihf --sysroot=/tmp/musl-sysroot-armhf' '-DCMAKE_CXX_FLAGS=--target=armv7l-unknown-linux-gnueabihf --sysroot=/tmp/musl-sysroot-armhf' '-DCMAKE_ASM_FLAGS=--target=armv7l-unknown-linux-gnueabihf --sysroot=/tmp/musl-sysroot-armhf'
#26 7.740 -- The C compiler identification is Clang 21.1.8
#26 7.781 -- The CXX compiler identification is Clang 21.1.8
#26 7.818 -- The ASM compiler identification is Clang with GNU-like command-line
#26 7.820 -- Found assembler: /usr/bin/clang
#26 7.824 -- Detecting C compiler ABI info
#26 7.875 -- Detecting C compiler ABI info - done
#26 7.881 -- Check for working C compiler: /usr/bin/clang - skipped
#26 7.881 -- Detecting C compile features
#26 7.881 -- Detecting C compile features - done
#26 7.892 -- Detecting CXX compiler ABI info
#26 7.941 -- Detecting CXX compiler ABI info - done
#26 7.947 -- Check for working CXX compiler: /usr/bin/clang++ - skipped
#26 7.947 -- Detecting CXX compile features
#26 7.948 -- Detecting CXX compile features - done
#26 7.954 -- Looking for unwind.h
#26 8.001 -- Looking for unwind.h - found
#26 8.001 -- Looking for rpc/xdr.h
#26 8.033 -- Looking for rpc/xdr.h - not found
#26 8.035 -- Performing Test COMPILER_RT_HAS_NO_DEFAULT_CONFIG_FLAG
#26 8.081 -- Performing Test COMPILER_RT_HAS_NO_DEFAULT_CONFIG_FLAG - Success
#26 8.088 -- Found ZLIB: /usr/lib/libz.so (found version "1.3.2")
#26 8.101 -- LLVM_MAIN_SRC_DIR: "/llvm-project-21.1.8.src/llvm"
#26 8.102 CMake Warning at cmake/Modules/CompilerRTUtils.cmake:335 (message):
#26 8.102   LLVMTestingSupport not found in LLVM_AVAILABLE_LIBS
#26 8.102 Call Stack (most recent call first):
#26 8.102   CMakeLists.txt:69 (load_llvm_config)
#26 8.102 
#26 8.102 
#26 8.102 -- cmake c compiler target: armv7l-unknown-linux-gnueabihf
#26 8.110 -- Looking for __thumb__
#26 8.144 -- Looking for __thumb__ - not found
#26 8.158 -- Linker detection: GNU ld
#26 8.161 -- Performing Test CXX_SUPPORTS_UNWINDLIB_NONE_FLAG
#26 8.207 -- Performing Test CXX_SUPPORTS_UNWINDLIB_NONE_FLAG - Success
#26 8.207 -- Looking for fopen in c
#26 8.251 -- Looking for fopen in c - found
#26 8.252 -- Looking for __gcc_personality_v0 in gcc_s
#26 8.299 -- Looking for __gcc_personality_v0 in gcc_s - found
#26 8.300 -- Performing Test C_SUPPORTS_NODEFAULTLIBS_FLAG
#26 8.345 -- Performing Test C_SUPPORTS_NODEFAULTLIBS_FLAG - Success
#26 8.345 -- Looking for _Unwind_GetRegionStart in unwind
#26 8.391 -- Looking for _Unwind_GetRegionStart in unwind - found
#26 8.391 -- Looking for __atomic_load_8 in atomic
#26 8.435 -- Looking for __atomic_load_8 in atomic - found
#26 8.436 -- Performing Test COMPILER_RT_HAS_FFREESTANDING_FLAG
#26 8.478 -- Performing Test COMPILER_RT_HAS_FFREESTANDING_FLAG - Success
#26 8.479 -- Performing Test COMPILER_RT_HAS_OMIT_FRAME_POINTER_FLAG
#26 8.523 -- Performing Test COMPILER_RT_HAS_OMIT_FRAME_POINTER_FLAG - Success
#26 8.524 -- Performing Test COMPILER_RT_HAS_STD_C11_FLAG
#26 8.569 -- Performing Test COMPILER_RT_HAS_STD_C11_FLAG - Success
#26 8.570 -- Performing Test COMPILER_RT_HAS_FCF_PROTECTION_FLAG
#26 8.602 -- Performing Test COMPILER_RT_HAS_FCF_PROTECTION_FLAG - Failed
#26 8.603 -- Performing Test COMPILER_RT_HAS_FPIC_FLAG
#26 8.650 -- Performing Test COMPILER_RT_HAS_FPIC_FLAG - Success
#26 8.651 -- Performing Test COMPILER_RT_HAS_FPIE_FLAG
#26 8.696 -- Performing Test COMPILER_RT_HAS_FPIE_FLAG - Success
#26 8.697 -- Performing Test COMPILER_RT_HAS_FNO_BUILTIN_FLAG
#26 8.742 -- Performing Test COMPILER_RT_HAS_FNO_BUILTIN_FLAG - Success
#26 8.742 -- Performing Test COMPILER_RT_HAS_FNO_EXCEPTIONS_FLAG
#26 8.784 -- Performing Test COMPILER_RT_HAS_FNO_EXCEPTIONS_FLAG - Success
#26 8.785 -- Performing Test COMPILER_RT_HAS_FOMIT_FRAME_POINTER_FLAG
#26 8.830 -- Performing Test COMPILER_RT_HAS_FOMIT_FRAME_POINTER_FLAG - Success
#26 8.831 -- Performing Test COMPILER_RT_HAS_FUNWIND_TABLES_FLAG
#26 8.875 -- Performing Test COMPILER_RT_HAS_FUNWIND_TABLES_FLAG - Success
#26 8.876 -- Performing Test COMPILER_RT_HAS_FNO_STACK_PROTECTOR_FLAG
#26 8.922 -- Performing Test COMPILER_RT_HAS_FNO_STACK_PROTECTOR_FLAG - Success
#26 8.922 -- Performing Test COMPILER_RT_HAS_FNO_SANITIZE_SAFE_STACK_FLAG
#26 8.969 -- Performing Test COMPILER_RT_HAS_FNO_SANITIZE_SAFE_STACK_FLAG - Success
#26 8.970 -- Performing Test COMPILER_RT_HAS_FVISIBILITY_HIDDEN_FLAG
#26 9.015 -- Performing Test COMPILER_RT_HAS_FVISIBILITY_HIDDEN_FLAG - Success
#26 9.016 -- Performing Test COMPILER_RT_HAS_FRTTI_FLAG
#26 9.063 -- Performing Test COMPILER_RT_HAS_FRTTI_FLAG - Success
#26 9.064 -- Performing Test COMPILER_RT_HAS_FNO_RTTI_FLAG
#26 9.109 -- Performing Test COMPILER_RT_HAS_FNO_RTTI_FLAG - Success
#26 9.110 -- Performing Test COMPILER_RT_HAS_FNO_FUNCTION_SECTIONS_FLAG
#26 9.157 -- Performing Test COMPILER_RT_HAS_FNO_FUNCTION_SECTIONS_FLAG - Success
#26 9.158 -- Performing Test COMPILER_RT_HAS_FTLS_MODEL_INITIAL_EXEC
#26 9.205 -- Performing Test COMPILER_RT_HAS_FTLS_MODEL_INITIAL_EXEC - Success
#26 9.206 -- Performing Test COMPILER_RT_HAS_FNO_LTO_FLAG
#26 9.252 -- Performing Test COMPILER_RT_HAS_FNO_LTO_FLAG - Success
#26 9.253 -- Performing Test COMPILER_RT_HAS_FNO_PROFILE_GENERATE_FLAG
#26 9.298 -- Performing Test COMPILER_RT_HAS_FNO_PROFILE_GENERATE_FLAG - Success
#26 9.299 -- Performing Test COMPILER_RT_HAS_FNO_PROFILE_INSTR_GENERATE_FLAG
#26 9.343 -- Performing Test COMPILER_RT_HAS_FNO_PROFILE_INSTR_GENERATE_FLAG - Success
#26 9.344 -- Performing Test COMPILER_RT_HAS_FNO_PROFILE_INSTR_USE_FLAG
#26 9.390 -- Performing Test COMPILER_RT_HAS_FNO_PROFILE_INSTR_USE_FLAG - Success
#26 9.391 -- Performing Test COMPILER_RT_HAS_FNO_COVERAGE_MAPPING_FLAG
#26 9.439 -- Performing Test COMPILER_RT_HAS_FNO_COVERAGE_MAPPING_FLAG - Success
#26 9.440 -- Performing Test COMPILER_RT_HAS_MCRC32_FLAG
#26 9.468 -- Performing Test COMPILER_RT_HAS_MCRC32_FLAG - Failed
#26 9.469 -- Performing Test COMPILER_RT_HAS_MSSE4_2_FLAG
#26 9.496 -- Performing Test COMPILER_RT_HAS_MSSE4_2_FLAG - Failed
#26 9.497 -- Performing Test COMPILER_RT_HAS_SYSROOT_FLAG
#26 9.530 -- Performing Test COMPILER_RT_HAS_SYSROOT_FLAG - Failed
#26 9.531 -- Performing Test COMPILER_RT_HAS_MCRC_FLAG
#26 9.576 -- Performing Test COMPILER_RT_HAS_MCRC_FLAG - Success
#26 9.577 -- Performing Test COMPILER_RT_HAS_FNO_PARTIAL_INLINING_FLAG
#26 9.608 -- Performing Test COMPILER_RT_HAS_FNO_PARTIAL_INLINING_FLAG - Failed
#26 9.608 -- Performing Test COMPILER_RT_HAS_TRIVIAL_AUTO_INIT
#26 9.655 -- Performing Test COMPILER_RT_HAS_TRIVIAL_AUTO_INIT - Success
#26 9.656 -- Performing Test COMPILER_RT_HAS_FVISIBILITY_INLINES_HIDDEN_FLAG
#26 9.702 -- Performing Test COMPILER_RT_HAS_FVISIBILITY_INLINES_HIDDEN_FLAG - Success
#26 9.702 -- Performing Test COMPILER_RT_HAS_GR_FLAG
#26 9.732 -- Performing Test COMPILER_RT_HAS_GR_FLAG - Failed
#26 9.733 -- Performing Test COMPILER_RT_HAS_GS_FLAG
#26 9.761 -- Performing Test COMPILER_RT_HAS_GS_FLAG - Failed
#26 9.762 -- Performing Test COMPILER_RT_HAS_MT_FLAG
#26 9.791 -- Performing Test COMPILER_RT_HAS_MT_FLAG - Failed
#26 9.792 -- Performing Test COMPILER_RT_HAS_Oy_FLAG
#26 9.821 -- Performing Test COMPILER_RT_HAS_Oy_FLAG - Failed
#26 9.821 -- Performing Test COMPILER_RT_HAS_GLINE_TABLES_ONLY_FLAG
#26 9.868 -- Performing Test COMPILER_RT_HAS_GLINE_TABLES_ONLY_FLAG - Success
#26 9.869 -- Performing Test COMPILER_RT_HAS_G_FLAG
#26 9.912 -- Performing Test COMPILER_RT_HAS_G_FLAG - Success
#26 9.913 -- Performing Test COMPILER_RT_HAS_Zi_FLAG
#26 9.943 -- Performing Test COMPILER_RT_HAS_Zi_FLAG - Failed
#26 9.944 -- Performing Test COMPILER_RT_HAS_WALL_FLAG
#26 9.989 -- Performing Test COMPILER_RT_HAS_WALL_FLAG - Success
#26 9.990 -- Performing Test COMPILER_RT_HAS_WERROR_FLAG
#26 10.03 -- Performing Test COMPILER_RT_HAS_WERROR_FLAG - Success
#26 10.04 -- Performing Test COMPILER_RT_HAS_WFRAME_LARGER_THAN_FLAG
#26 10.08 -- Performing Test COMPILER_RT_HAS_WFRAME_LARGER_THAN_FLAG - Success
#26 10.08 -- Performing Test COMPILER_RT_HAS_WGLOBAL_CONSTRUCTORS_FLAG
#26 10.13 -- Performing Test COMPILER_RT_HAS_WGLOBAL_CONSTRUCTORS_FLAG - Success
#26 10.13 -- Performing Test COMPILER_RT_HAS_WC99_EXTENSIONS_FLAG
#26 10.17 -- Performing Test COMPILER_RT_HAS_WC99_EXTENSIONS_FLAG - Success
#26 10.17 -- Performing Test COMPILER_RT_HAS_WGNU_FLAG
#26 10.22 -- Performing Test COMPILER_RT_HAS_WGNU_FLAG - Success
#26 10.22 -- Performing Test COMPILER_RT_HAS_WGNU_ANONYMOUS_STRUCT_FLAG
#26 10.26 -- Performing Test COMPILER_RT_HAS_WGNU_ANONYMOUS_STRUCT_FLAG - Success
#26 10.27 -- Performing Test COMPILER_RT_HAS_WVARIADIC_MACROS_FLAG
#26 10.31 -- Performing Test COMPILER_RT_HAS_WVARIADIC_MACROS_FLAG - Success
#26 10.31 -- Performing Test COMPILER_RT_HAS_WUNUSED_PARAMETER_FLAG
#26 10.36 -- Performing Test COMPILER_RT_HAS_WUNUSED_PARAMETER_FLAG - Success
#26 10.36 -- Performing Test COMPILER_RT_HAS_WCOVERED_SWITCH_DEFAULT_FLAG
#26 10.40 -- Performing Test COMPILER_RT_HAS_WCOVERED_SWITCH_DEFAULT_FLAG - Success
#26 10.40 -- Performing Test COMPILER_RT_HAS_WSUGGEST_OVERRIDE_FLAG
#26 10.45 -- Performing Test COMPILER_RT_HAS_WSUGGEST_OVERRIDE_FLAG - Success
#26 10.45 -- Performing Test COMPILER_RT_HAS_WTHREAD_SAFETY_FLAG
#26 10.49 -- Performing Test COMPILER_RT_HAS_WTHREAD_SAFETY_FLAG - Success
#26 10.49 -- Performing Test COMPILER_RT_HAS_WTHREAD_SAFETY_REFERENCE_FLAG
#26 10.54 -- Performing Test COMPILER_RT_HAS_WTHREAD_SAFETY_REFERENCE_FLAG - Success
#26 10.54 -- Performing Test COMPILER_RT_HAS_WTHREAD_SAFETY_BETA_FLAG
#26 10.58 -- Performing Test COMPILER_RT_HAS_WTHREAD_SAFETY_BETA_FLAG - Success
#26 10.58 -- Performing Test COMPILER_RT_HAS_WNO_PEDANTIC
#26 10.63 -- Performing Test COMPILER_RT_HAS_WNO_PEDANTIC - Success
#26 10.63 -- Performing Test COMPILER_RT_HAS_WNO_FORMAT
#26 10.68 -- Performing Test COMPILER_RT_HAS_WNO_FORMAT - Success
#26 10.68 -- Performing Test COMPILER_RT_HAS_WNO_FORMAT_PEDANTIC
#26 10.73 -- Performing Test COMPILER_RT_HAS_WNO_FORMAT_PEDANTIC - Success
#26 10.73 -- Performing Test COMPILER_RT_HAS_EXTERNAL_FLAG
#26 10.76 -- Performing Test COMPILER_RT_HAS_EXTERNAL_FLAG - Failed
#26 10.76 -- Performing Test COMPILER_RT_HAS_W4_FLAG
#26 10.79 -- Performing Test COMPILER_RT_HAS_W4_FLAG - Failed
#26 10.79 -- Performing Test COMPILER_RT_HAS_WX_FLAG
#26 10.82 -- Performing Test COMPILER_RT_HAS_WX_FLAG - Failed
#26 10.82 -- Performing Test COMPILER_RT_HAS_WD4146_FLAG
#26 10.85 -- Performing Test COMPILER_RT_HAS_WD4146_FLAG - Failed
#26 10.85 -- Performing Test COMPILER_RT_HAS_WD4206_FLAG
#26 10.88 -- Performing Test COMPILER_RT_HAS_WD4206_FLAG - Failed
#26 10.88 -- Performing Test COMPILER_RT_HAS_WD4291_FLAG
#26 10.91 -- Performing Test COMPILER_RT_HAS_WD4291_FLAG - Failed
#26 10.91 -- Performing Test COMPILER_RT_HAS_WD4221_FLAG
#26 10.94 -- Performing Test COMPILER_RT_HAS_WD4221_FLAG - Failed
#26 10.94 -- Performing Test COMPILER_RT_HAS_WD4391_FLAG
#26 10.97 -- Performing Test COMPILER_RT_HAS_WD4391_FLAG - Failed
#26 10.97 -- Performing Test COMPILER_RT_HAS_WD4722_FLAG
#26 11.01 -- Performing Test COMPILER_RT_HAS_WD4722_FLAG - Failed
#26 11.01 -- Performing Test COMPILER_RT_HAS_WD4800_FLAG
#26 11.04 -- Performing Test COMPILER_RT_HAS_WD4800_FLAG - Failed
#26 11.04 -- Performing Test COMPILER_RT_HAS_ARRAY_BOUNDS_FLAG
#26 11.09 -- Performing Test COMPILER_RT_HAS_ARRAY_BOUNDS_FLAG - Success
#26 11.09 -- Performing Test COMPILER_RT_HAS_UNINITIALIZED_FLAG
#26 11.13 -- Performing Test COMPILER_RT_HAS_UNINITIALIZED_FLAG - Success
#26 11.13 -- Performing Test COMPILER_RT_HAS_SHADOW_FLAG
#26 11.18 -- Performing Test COMPILER_RT_HAS_SHADOW_FLAG - Success
#26 11.18 -- Performing Test COMPILER_RT_HAS_EMPTY_BODY_FLAG
#26 11.22 -- Performing Test COMPILER_RT_HAS_EMPTY_BODY_FLAG - Success
#26 11.22 -- Performing Test COMPILER_RT_HAS_SIZEOF_POINTER_MEMACCESS_FLAG
#26 11.27 -- Performing Test COMPILER_RT_HAS_SIZEOF_POINTER_MEMACCESS_FLAG - Success
#26 11.27 -- Performing Test COMPILER_RT_HAS_SIZEOF_ARRAY_ARGUMENT_FLAG
#26 11.32 -- Performing Test COMPILER_RT_HAS_SIZEOF_ARRAY_ARGUMENT_FLAG - Success
#26 11.32 -- Performing Test COMPILER_RT_HAS_SUSPICIOUS_MEMACCESS_FLAG
#26 11.36 -- Performing Test COMPILER_RT_HAS_SUSPICIOUS_MEMACCESS_FLAG - Success
#26 11.37 -- Performing Test COMPILER_RT_HAS_BUILTIN_MEMCPY_CHK_SIZE_FLAG
#26 11.41 -- Performing Test COMPILER_RT_HAS_BUILTIN_MEMCPY_CHK_SIZE_FLAG - Success
#26 11.41 -- Performing Test COMPILER_RT_HAS_ARRAY_BOUNDS_POINTER_ARITHMETIC_FLAG
#26 11.46 -- Performing Test COMPILER_RT_HAS_ARRAY_BOUNDS_POINTER_ARITHMETIC_FLAG - Success
#26 11.46 -- Performing Test COMPILER_RT_HAS_RETURN_STACK_ADDRESS_FLAG
#26 11.50 -- Performing Test COMPILER_RT_HAS_RETURN_STACK_ADDRESS_FLAG - Success
#26 11.50 -- Performing Test COMPILER_RT_HAS_SIZEOF_ARRAY_DECAY_FLAG
#26 11.55 -- Performing Test COMPILER_RT_HAS_SIZEOF_ARRAY_DECAY_FLAG - Success
#26 11.55 -- Performing Test COMPILER_RT_HAS_FORMAT_INSUFFICIENT_ARGS_FLAG
#26 11.60 -- Performing Test COMPILER_RT_HAS_FORMAT_INSUFFICIENT_ARGS_FLAG - Success
#26 11.60 -- Performing Test COMPILER_RT_HAS_BUILTIN_FORMAL_SECURITY_FLAG
#26 11.64 -- Performing Test COMPILER_RT_HAS_BUILTIN_FORMAL_SECURITY_FLAG - Success
#26 11.64 -- Performing Test COMPILER_RT_HAS_SIZEOF_ARRAY_DIV_FLAG
#26 11.69 -- Performing Test COMPILER_RT_HAS_SIZEOF_ARRAY_DIV_FLAG - Success
#26 11.69 -- Performing Test COMPILER_RT_HAS_SIZEOF_POINTER_DIV_FLAG
#26 11.74 -- Performing Test COMPILER_RT_HAS_SIZEOF_POINTER_DIV_FLAG - Success
#26 11.74 -- Looking for __func__
#26 11.78 -- Looking for __func__ - found
#26 11.78 -- Performing Test COMPILER_RT_HAS_NOSTDINCXX_FLAG
#26 11.83 -- Performing Test COMPILER_RT_HAS_NOSTDINCXX_FLAG - Success
#26 11.83 -- Performing Test COMPILER_RT_HAS_NOSTDLIBXX_FLAG
#26 11.88 -- Performing Test COMPILER_RT_HAS_NOSTDLIBXX_FLAG - Success
#26 11.88 -- Looking for include file sys/auxv.h
#26 11.92 -- Looking for include file sys/auxv.h - found
#26 11.92 -- Looking for dlopen in dl
#26 11.97 -- Looking for dlopen in dl - found
#26 11.97 -- Looking for shm_open in rt
#26 12.01 -- Looking for shm_open in rt - found
#26 12.01 -- Looking for pow in m
#26 12.06 -- Looking for pow in m - found
#26 12.06 -- Looking for pthread_create in pthread
#26 12.10 -- Looking for pthread_create in pthread - found
#26 12.10 -- Looking for __cxa_throw in c++
#26 12.15 -- Looking for __cxa_throw in c++ - found
#26 12.15 -- Looking for __cxa_throw in stdc++
#26 12.20 -- Looking for __cxa_throw in stdc++ - found
#26 12.20 -- Performing Test COMPILER_RT_HAS_Z_TEXT
#26 12.24 -- Performing Test COMPILER_RT_HAS_Z_TEXT - Success
#26 12.24 -- Performing Test COMPILER_RT_HAS_FUSE_LD_LLD_FLAG
#26 12.29 -- Performing Test COMPILER_RT_HAS_FUSE_LD_LLD_FLAG - Success
#26 12.29 -- Performing Test COMPILER_RT_HAS_VERSION_SCRIPT
#26 12.33 -- Performing Test COMPILER_RT_HAS_VERSION_SCRIPT - Success
#26 12.34 -- Compiler-RT supported architectures: armhf
#26 12.36 -- Performing Test COMPILER_RT_HAS_VISIBILITY_HIDDEN_FLAG
#26 12.37 -- Performing Test COMPILER_RT_HAS_VISIBILITY_HIDDEN_FLAG - Success
#26 12.37 -- Performing Test COMPILER_RT_HAS_XRAY_COMPILER_FLAG
#26 12.39 -- Performing Test COMPILER_RT_HAS_XRAY_COMPILER_FLAG - Success
#26 12.39 -- Performing Test COMPILER_RT_HAS_NOGPULIB_FLAG
#26 12.40 -- Performing Test COMPILER_RT_HAS_NOGPULIB_FLAG - Success
#26 12.40 -- Performing Test COMPILER_RT_HAS_FLTO_FLAG
#26 12.41 -- Performing Test COMPILER_RT_HAS_FLTO_FLAG - Success
#26 12.41 -- Performing Test COMPILER_RT_HAS_FCONVERGENT_FUNCTIONS_FLAG
#26 12.42 -- Performing Test COMPILER_RT_HAS_FCONVERGENT_FUNCTIONS_FLAG - Success
#26 12.42 -- Performing Test COMPILER_RT_HAS_CODE_OBJECT_VERSION_FLAG
#26 12.44 -- Performing Test COMPILER_RT_HAS_CODE_OBJECT_VERSION_FLAG - Success
#26 12.44 -- Performing Test COMPILER_RT_HAS_WBUILTIN_DECLARATION_MISMATCH_FLAG
#26 12.45 -- Performing Test COMPILER_RT_HAS_WBUILTIN_DECLARATION_MISMATCH_FLAG - Failed
#26 12.45 -- Performing Test COMPILER_RT_HAS_ZL_FLAG
#26 12.46 -- Performing Test COMPILER_RT_HAS_ZL_FLAG - Failed
#26 12.46 -- Performing Test COMPILER_RT_HAS_ATOMIC_KEYWORD
#26 12.48 -- Performing Test COMPILER_RT_HAS_ATOMIC_KEYWORD - Success
#26 12.48 -- Performing Test COMPILER_RT_HAS_ASM_LSE
#26 12.49 -- Performing Test COMPILER_RT_HAS_ASM_LSE - Failed
#26 12.49 -- Performing Test COMPILER_RT_HAS_AARCH64_SME
#26 12.50 -- Performing Test COMPILER_RT_HAS_AARCH64_SME - Failed
#26 12.50 -- Performing Test COMPILER_RT_HAS_ARM_UNALIGNED
#26 12.52 -- Performing Test COMPILER_RT_HAS_ARM_UNALIGNED - Success
#26 12.52 -- Performing Test COMPILER_RT_HAS_ARM_FP
#26 12.53 -- Performing Test COMPILER_RT_HAS_ARM_FP - Success
#26 12.54 -- Builtin supported architectures: armhf
#26 12.54 -- Performing additional configure checks with target flags:  -nodefaultlibs -fno-lto -Werror=array-bounds -Werror=uninitialized -Werror=shadow -Werror=empty-body -Werror=sizeof-pointer-memaccess -Werror=sizeof-array-argument -Werror=suspicious-memaccess -Werror=builtin-memcpy-chk-size -Werror=array-bounds-pointer-arithmetic -Werror=return-stack-address -Werror=sizeof-array-decay -Werror=format-insufficient-args -Wformat -nostdinc++ -fno-builtin -fvisibility=hidden -fomit-frame-pointer
#26 12.54 -- Looking for __ARM_FP
#26 12.59 -- Looking for __ARM_FP - found
#26 12.59 -- Looking for __ARM_PCS_VFP
#26 12.64 -- Looking for __ARM_PCS_VFP - found
#26 12.65 -- Performing Test COMPILER_RT_HAS_armhf_FLOAT16
#26 12.70 -- Performing Test COMPILER_RT_HAS_armhf_FLOAT16 - Success
#26 12.70 -- Performing Test COMPILER_RT_HAS_armhf_BFLOAT16
#26 12.75 -- Performing Test COMPILER_RT_HAS_armhf_BFLOAT16 - Success
#26 12.75 -- For armhf builtins preferring arm/fp_mode.c to fp_mode.c
#26 12.75 -- For armhf builtins preferring arm/bswapdi2.S to bswapdi2.c
#26 12.75 -- For armhf builtins preferring arm/bswapsi2.S to bswapsi2.c
#26 12.75 -- For armhf builtins preferring arm/clzdi2.S to clzdi2.c
#26 12.75 -- For armhf builtins preferring arm/clzsi2.S to clzsi2.c
#26 12.75 -- For armhf builtins preferring arm/comparesf2.S to comparesf2.c
#26 12.75 -- For armhf builtins preferring arm/divmodsi4.S to divmodsi4.c
#26 12.75 -- For armhf builtins preferring arm/divsi3.S to divsi3.c
#26 12.75 -- For armhf builtins preferring arm/modsi3.S to modsi3.c
#26 12.75 -- For armhf builtins preferring arm/udivmodsi4.S to udivmodsi4.c
#26 12.75 -- For armhf builtins preferring arm/udivsi3.S to udivsi3.c
#26 12.75 -- For armhf builtins preferring arm/umodsi3.S to umodsi3.c
#26 12.77 -- Configuring done (5.1s)
#26 12.80 -- Generating done (0.0s)
#26 12.80 -- Build files have been written to: /tmp/build-rt-armhf
#26 12.81 + nproc
#26 12.81 + cmake --build . -v --parallel 384
#26 12.81 Change Dir: '/tmp/build-rt-armhf'
#26 12.81 
#26 12.81 Run Build Command(s): /usr/bin/cmake -E env VERBOSE=1 /usr/bin/make -f Makefile -j384
#26 12.82 /usr/bin/cmake -S/llvm-project-21.1.8.src/compiler-rt -B/tmp/build-rt-armhf --check-build-system CMakeFiles/Makefile.cmake 0
#26 12.82 /usr/bin/cmake -E cmake_progress_start /tmp/build-rt-armhf/CMakeFiles /tmp/build-rt-armhf//CMakeFiles/progress.marks
#26 12.82 /usr/bin/make  -f CMakeFiles/Makefile2 all
#26 12.82 make[1]: Entering directory '/tmp/build-rt-armhf'
#26 12.82 /usr/bin/make  -f lib/builtins/CMakeFiles/clang_rt.builtins-armhf.dir/build.make lib/builtins/CMakeFiles/clang_rt.builtins-armhf.dir/depend
#26 12.82 /usr/bin/make  -f include/CMakeFiles/compiler-rt-headers.dir/build.make include/CMakeFiles/compiler-rt-headers.dir/depend
#26 12.82 /usr/bin/make  -f lib/builtins/CMakeFiles/clang_rt.crtend-armhf.dir/build.make lib/builtins/CMakeFiles/clang_rt.crtend-armhf.dir/depend
#26 12.82 /usr/bin/make  -f lib/builtins/CMakeFiles/clang_rt.crtbegin-armhf.dir/build.make lib/builtins/CMakeFiles/clang_rt.crtbegin-armhf.dir/depend
#26 12.82 make[2]: Entering directory '/tmp/build-rt-armhf'
#26 12.82 cd /tmp/build-rt-armhf && /usr/bin/cmake -E cmake_depends "Unix Makefiles" /llvm-project-21.1.8.src/compiler-rt /llvm-project-21.1.8.src/compiler-rt/include /tmp/build-rt-armhf /tmp/build-rt-armhf/include /tmp/build-rt-armhf/include/CMakeFiles/compiler-rt-headers.dir/DependInfo.cmake "--color="
#26 12.82 make[2]: Entering directory '/tmp/build-rt-armhf'
#26 12.82 cd /tmp/build-rt-armhf && /usr/bin/cmake -E cmake_depends "Unix Makefiles" /llvm-project-21.1.8.src/compiler-rt /llvm-project-21.1.8.src/compiler-rt/lib/builtins /tmp/build-rt-armhf /tmp/build-rt-armhf/lib/builtins /tmp/build-rt-armhf/lib/builtins/CMakeFiles/clang_rt.crtend-armhf.dir/DependInfo.cmake "--color="
#26 12.82 make[2]: Entering directory '/tmp/build-rt-armhf'
#26 12.82 cd /tmp/build-rt-armhf && /usr/bin/cmake -E cmake_depends "Unix Makefiles" /llvm-project-21.1.8.src/compiler-rt /llvm-project-21.1.8.src/compiler-rt/lib/builtins /tmp/build-rt-armhf /tmp/build-rt-armhf/lib/builtins /tmp/build-rt-armhf/lib/builtins/CMakeFiles/clang_rt.crtbegin-armhf.dir/DependInfo.cmake "--color="
#26 12.83 make[2]: Leaving directory '/tmp/build-rt-armhf'
#26 12.83 /usr/bin/make  -f include/CMakeFiles/compiler-rt-headers.dir/build.make include/CMakeFiles/compiler-rt-headers.dir/build
#26 12.83 make[2]: Leaving directory '/tmp/build-rt-armhf'
#26 12.83 /usr/bin/make  -f lib/builtins/CMakeFiles/clang_rt.crtend-armhf.dir/build.make lib/builtins/CMakeFiles/clang_rt.crtend-armhf.dir/build
#26 12.83 make[2]: Leaving directory '/tmp/build-rt-armhf'
#26 12.83 /usr/bin/make  -f lib/builtins/CMakeFiles/clang_rt.crtbegin-armhf.dir/build.make lib/builtins/CMakeFiles/clang_rt.crtbegin-armhf.dir/build
#26 12.83 make[2]: Entering directory '/tmp/build-rt-armhf'
#26 12.83 cd /tmp/build-rt-armhf && /usr/bin/cmake -E cmake_depends "Unix Makefiles" /llvm-project-21.1.8.src/compiler-rt /llvm-project-21.1.8.src/compiler-rt/lib/builtins /tmp/build-rt-armhf /tmp/build-rt-armhf/lib/builtins /tmp/build-rt-armhf/lib/builtins/CMakeFiles/clang_rt.builtins-armhf.dir/DependInfo.cmake "--color="
#26 12.83 make[2]: Entering directory '/tmp/build-rt-armhf'
#26 12.83 make[2]: Nothing to be done for 'include/CMakeFiles/compiler-rt-headers.dir/build'.
#26 12.83 make[2]: Leaving directory '/tmp/build-rt-armhf'
#26 12.83 make[2]: Entering directory '/tmp/build-rt-armhf'
#26 12.83 make[2]: Entering directory '/tmp/build-rt-armhf'
#26 12.83 [  1%] Building C object clang_rt.crtbegin-armhf.o
#26 12.83 [  1%] Building C object clang_rt.crtend-armhf.o
#26 12.83 [  1%] Built target compiler-rt-headers
#26 12.83 cd /tmp/build-rt-armhf/lib/builtins && /usr/bin/clang --target=armv7l-unknown-linux-gnueabihf --sysroot=/tmp/musl-sysroot-armhf -Wall -Wno-unused-parameter -fno-lto -std=c11 -DCRT_HAS_INITFINI_ARRAY -DEH_USE_FRAME_REGISTRY -fPIC -Wno-pedantic --target=armv7l-unknown-linux-gnueabihf --sysroot=/tmp/musl-sysroot-armhf -o /tmp/build-rt-armhf/lib/linux/clang_rt.crtbegin-armhf.o -c /llvm-project-21.1.8.src/compiler-rt/lib/builtins/crtbegin.c
#26 12.83 cd /tmp/build-rt-armhf/lib/builtins && /usr/bin/clang --target=armv7l-unknown-linux-gnueabihf --sysroot=/tmp/musl-sysroot-armhf -Wall -Wno-unused-parameter -fno-lto -std=c11 -DCRT_HAS_INITFINI_ARRAY -DEH_USE_FRAME_REGISTRY -fPIC -Wno-pedantic --target=armv7l-unknown-linux-gnueabihf --sysroot=/tmp/musl-sysroot-armhf -o /tmp/build-rt-armhf/lib/linux/clang_rt.crtend-armhf.o -c /llvm-project-21.1.8.src/compiler-rt/lib/builtins/crtend.c
#26 12.83 Dependee "/tmp/build-rt-armhf/lib/builtins/CMakeFiles/clang_rt.builtins-armhf.dir/DependInfo.cmake" is newer than depender "/tmp/build-rt-armhf/lib/builtins/CMakeFiles/clang_rt.builtins-armhf.dir/depend.internal".
#26 12.83 Dependee "/tmp/build-rt-armhf/lib/builtins/CMakeFiles/CMakeDirectoryInformation.cmake" is newer than depender "/tmp/build-rt-armhf/lib/builtins/CMakeFiles/clang_rt.builtins-armhf.dir/depend.internal".
#26 12.84 Scanning dependencies of target clang_rt.builtins-armhf
#26 12.84 make[2]: Leaving directory '/tmp/build-rt-armhf'
#26 12.84 /usr/bin/make  -f lib/builtins/CMakeFiles/clang_rt.builtins-armhf.dir/build.make lib/builtins/CMakeFiles/clang_rt.builtins-armhf.dir/build
#26 12.84 make[2]: Entering directory '/tmp/build-rt-armhf'
#26 12.84 [  1%] Building C object lib/builtins/CMakeFiles/clang_rt.builtins-armhf.dir/arm/fp_mode.c.o
#26 12.84 make[2]: Leaving directory '/tmp/build-rt-armhf'
#26 12.84 [  2%] Building ASM object lib/builtins/CMakeFiles/clang_rt.builtins-armhf.dir/arm/clzsi2.S.o
#26 12.84 [  2%] Building ASM object lib/builtins/CMakeFiles/clang_rt.builtins-armhf.dir/arm/clzdi2.S.o
#26 12.84 [  2%] Building ASM object lib/builtins/CMakeFiles/clang_rt.builtins-armhf.dir/arm/bswapdi2.S.o
#26 12.84 [  2%] Building ASM object lib/builtins/CMakeFiles/clang_rt.builtins-armhf.dir/arm/comparesf2.S.o
#26 12.84 [  3%] Building ASM object lib/builtins/CMakeFiles/clang_rt.builtins-armhf.dir/arm/bswapsi2.S.o
#26 12.84 cd /tmp/build-rt-armhf/lib/builtins && /usr/bin/clang --target=armv7l-unknown-linux-gnueabihf --sysroot=/tmp/musl-sysroot-armhf -DVISIBILITY_HIDDEN -I/llvm-project-21.1.8.src/compiler-rt/lib/builtins/../../../third-party/siphash/include --target=armv7l-unknown-linux-gnueabihf --sysroot=/tmp/musl-sysroot-armhf -Wall -Wno-unused-parameter -O3 -DNDEBUG -std=gnu11 -fno-lto -Werror=array-bounds -Werror=uninitialized -Werror=shadow -Werror=empty-body -Werror=sizeof-pointer-memaccess -Werror=sizeof-array-argument -Werror=suspicious-memaccess -Werror=builtin-memcpy-chk-size -Werror=array-bounds-pointer-arithmetic -Werror=return-stack-address -Werror=sizeof-array-decay -Werror=format-insufficient-args -Wformat -nostdinc++ -fno-builtin -fvisibility=hidden -fomit-frame-pointer -DCOMPILER_RT_HAS_FLOAT16 -DCOMPILER_RT_ARMHF_TARGET -MD -MT lib/builtins/CMakeFiles/clang_rt.builtins-armhf.dir/arm/fp_mode.c.o -MF CMakeFiles/clang_rt.builtins-armhf.dir/arm/fp_mode.c.o.d -o CMakeFiles/clang_rt.builtins-armhf.dir/arm/fp_mode.c.o -c /llvm-project-21.1.8.src/compiler-rt/lib/builtins/arm/fp_mode.c
#26 12.84 cd /tmp/build-rt-armhf/lib/builtins && /usr/bin/clang -target armv7l-unknown-linux-gnueabihf --sysroot=/tmp/musl-sysroot-armhf -DVISIBILITY_HIDDEN -I/llvm-project-21.1.8.src/compiler-rt/lib/builtins/../../../third-party/siphash/include --target=armv7l-unknown-linux-gnueabihf --sysroot=/tmp/musl-sysroot-armhf -O3 -DNDEBUG -fno-lto -Werror=array-bounds -Werror=uninitialized -Werror=shadow -Werror=empty-body -Werror=sizeof-pointer-memaccess -Werror=sizeof-array-argument -Werror=suspicious-memaccess -Werror=builtin-memcpy-chk-size -Werror=array-bounds-pointer-arithmetic -Werror=return-stack-address -Werror=sizeof-array-decay -Werror=format-insufficient-args -Wformat -nostdinc++ -fno-builtin -fvisibility=hidden -fomit-frame-pointer -DCOMPILER_RT_HAS_FLOAT16 -DCOMPILER_RT_ARMHF_TARGET -o CMakeFiles/clang_rt.builtins-armhf.dir/arm/clzdi2.S.o -c /llvm-project-21.1.8.src/compiler-rt/lib/builtins/arm/clzdi2.S
#26 12.84 cd /tmp/build-rt-armhf/lib/builtins && /usr/bin/clang -target armv7l-unknown-linux-gnueabihf --sysroot=/tmp/musl-sysroot-armhf -DVISIBILITY_HIDDEN -I/llvm-project-21.1.8.src/compiler-rt/lib/builtins/../../../third-party/siphash/include --target=armv7l-unknown-linux-gnueabihf --sysroot=/tmp/musl-sysroot-armhf -O3 -DNDEBUG -fno-lto -Werror=array-bounds -Werror=uninitialized -Werror=shadow -Werror=empty-body -Werror=sizeof-pointer-memaccess -Werror=sizeof-array-argument -Werror=suspicious-memaccess -Werror=builtin-memcpy-chk-size -Werror=array-bounds-pointer-arithmetic -Werror=return-stack-address -Werror=sizeof-array-decay -Werror=format-insufficient-args -Wformat -nostdinc++ -fno-builtin -fvisibility=hidden -fomit-frame-pointer -DCOMPILER_RT_HAS_FLOAT16 -DCOMPILER_RT_ARMHF_TARGET -o CMakeFiles/clang_rt.builtins-armhf.dir/arm/clzsi2.S.o -c /llvm-project-21.1.8.src/compiler-rt/lib/builtins/arm/clzsi2.S
#26 12.85 cd /tmp/build-rt-armhf/lib/builtins && /usr/bin/clang -target armv7l-unknown-linux-gnueabihf --sysroot=/tmp/musl-sysroot-armhf -DVISIBILITY_HIDDEN -I/llvm-project-21.1.8.src/compiler-rt/lib/builtins/../../../third-party/siphash/include --target=armv7l-unknown-linux-gnueabihf --sysroot=/tmp/musl-sysroot-armhf -O3 -DNDEBUG -fno-lto -Werror=array-bounds -Werror=uninitialized -Werror=shadow -Werror=empty-body -Werror=sizeof-pointer-memaccess -Werror=sizeof-array-argument -Werror=suspicious-memaccess -Werror=builtin-memcpy-chk-size -Werror=array-bounds-pointer-arithmetic -Werror=return-stack-address -Werror=sizeof-array-decay -Werror=format-insufficient-args -Wformat -nostdinc++ -fno-builtin -fvisibility=hidden -fomit-frame-pointer -DCOMPILER_RT_HAS_FLOAT16 -DCOMPILER_RT_ARMHF_TARGET -o CMakeFiles/clang_rt.builtins-armhf.dir/arm/bswapdi2.S.o -c /llvm-project-21.1.8.src/compiler-rt/lib/builtins/arm/bswapdi2.S
#26 12.85 [  3%] Building ASM object lib/builtins/CMakeFiles/clang_rt.builtins-armhf.dir/arm/divsi3.S.o
#26 12.85 cd /tmp/build-rt-armhf/lib/builtins && /usr/bin/clang -target armv7l-unknown-linux-gnueabihf --sysroot=/tmp/musl-sysroot-armhf -DVISIBILITY_HIDDEN -I/llvm-project-21.1.8.src/compiler-rt/lib/builtins/../../../third-party/siphash/include --target=armv7l-unknown-linux-gnueabihf --sysroot=/tmp/musl-sysroot-armhf -O3 -DNDEBUG -fno-lto -Werror=array-bounds -Werror=uninitialized -Werror=shadow -Werror=empty-body -Werror=sizeof-pointer-memaccess -Werror=sizeof-array-argument -Werror=suspicious-memaccess -Werror=builtin-memcpy-chk-size -Werror=array-bounds-pointer-arithmetic -Werror=return-stack-address -Werror=sizeof-array-decay -Werror=format-insufficient-args -Wformat -nostdinc++ -fno-builtin -fvisibility=hidden -fomit-frame-pointer -DCOMPILER_RT_HAS_FLOAT16 -DCOMPILER_RT_ARMHF_TARGET -o CMakeFiles/clang_rt.builtins-armhf.dir/arm/bswapsi2.S.o -c /llvm-project-21.1.8.src/compiler-rt/lib/builtins/arm/bswapsi2.S
#26 12.85 [  5%] Building ASM object lib/builtins/CMakeFiles/clang_rt.builtins-armhf.dir/arm/divmodsi4.S.o
#26 12.85 [  5%] Building ASM object lib/builtins/CMakeFiles/clang_rt.builtins-armhf.dir/arm/udivsi3.S.o
#26 12.85 cd /tmp/build-rt-armhf/lib/builtins && /usr/bin/clang -target armv7l-unknown-linux-gnueabihf --sysroot=/tmp/musl-sysroot-armhf -DVISIBILITY_HIDDEN -I/llvm-project-21.1.8.src/compiler-rt/lib/builtins/../../../third-party/siphash/include --target=armv7l-unknown-linux-gnueabihf --sysroot=/tmp/musl-sysroot-armhf -O3 -DNDEBUG -fno-lto -Werror=array-bounds -Werror=uninitialized -Werror=shadow -Werror=empty-body -Werror=sizeof-pointer-memaccess -Werror=sizeof-array-argument -Werror=suspicious-memaccess -Werror=builtin-memcpy-chk-size -Werror=array-bounds-pointer-arithmetic -Werror=return-stack-address -Werror=sizeof-array-decay -Werror=format-insufficient-args -Wformat -nostdinc++ -fno-builtin -fvisibility=hidden -fomit-frame-pointer -DCOMPILER_RT_HAS_FLOAT16 -DCOMPILER_RT_ARMHF_TARGET -o CMakeFiles/clang_rt.builtins-armhf.dir/arm/comparesf2.S.o -c /llvm-project-21.1.8.src/compiler-rt/lib/builtins/arm/comparesf2.S
#26 12.85 [  6%] Building ASM object lib/builtins/CMakeFiles/clang_rt.builtins-armhf.dir/arm/modsi3.S.o
#26 12.85 cd /tmp/build-rt-armhf/lib/builtins && /usr/bin/clang -target armv7l-unknown-linux-gnueabihf --sysroot=/tmp/musl-sysroot-armhf -DVISIBILITY_HIDDEN -I/llvm-project-21.1.8.src/compiler-rt/lib/builtins/../../../third-party/siphash/include --target=armv7l-unknown-linux-gnueabihf --sysroot=/tmp/musl-sysroot-armhf -O3 -DNDEBUG -fno-lto -Werror=array-bounds -Werror=uninitialized -Werror=shadow -Werror=empty-body -Werror=sizeof-pointer-memaccess -Werror=sizeof-array-argument -Werror=suspicious-memaccess -Werror=builtin-memcpy-chk-size -Werror=array-bounds-pointer-arithmetic -Werror=return-stack-address -Werror=sizeof-array-decay -Werror=format-insufficient-args -Wformat -nostdinc++ -fno-builtin -fvisibility=hidden -fomit-frame-pointer -DCOMPILER_RT_HAS_FLOAT16 -DCOMPILER_RT_ARMHF_TARGET -o CMakeFiles/clang_rt.builtins-armhf.dir/arm/divsi3.S.o -c /llvm-project-21.1.8.src/compiler-rt/lib/builtins/arm/divsi3.S
#26 12.85 [  6%] Building ASM object lib/builtins/CMakeFiles/clang_rt.builtins-armhf.dir/arm/udivmodsi4.S.o
#26 12.85 cd /tmp/build-rt-armhf/lib/builtins && /usr/bin/clang -target armv7l-unknown-linux-gnueabihf --sysroot=/tmp/musl-sysroot-armhf -DVISIBILITY_HIDDEN -I/llvm-project-21.1.8.src/compiler-rt/lib/builtins/../../../third-party/siphash/include --target=armv7l-unknown-linux-gnueabihf --sysroot=/tmp/musl-sysroot-armhf -O3 -DNDEBUG -fno-lto -Werror=array-bounds -Werror=uninitialized -Werror=shadow -Werror=empty-body -Werror=sizeof-pointer-memaccess -Werror=sizeof-array-argument -Werror=suspicious-memaccess -Werror=builtin-memcpy-chk-size -Werror=array-bounds-pointer-arithmetic -Werror=return-stack-address -Werror=sizeof-array-decay -Werror=format-insufficient-args -Wformat -nostdinc++ -fno-builtin -fvisibility=hidden -fomit-frame-pointer -DCOMPILER_RT_HAS_FLOAT16 -DCOMPILER_RT_ARMHF_TARGET -o CMakeFiles/clang_rt.builtins-armhf.dir/arm/divmodsi4.S.o -c /llvm-project-21.1.8.src/compiler-rt/lib/builtins/arm/divmodsi4.S
#26 12.85 [  6%] Building ASM object lib/builtins/CMakeFiles/clang_rt.builtins-armhf.dir/arm/umodsi3.S.o
#26 12.85 [  7%] Building C object lib/builtins/CMakeFiles/clang_rt.builtins-armhf.dir/absvdi2.c.o
#26 12.85 cd /tmp/build-rt-armhf/lib/builtins && /usr/bin/clang -target armv7l-unknown-linux-gnueabihf --sysroot=/tmp/musl-sysroot-armhf -DVISIBILITY_HIDDEN -I/llvm-project-21.1.8.src/compiler-rt/lib/builtins/../../../third-party/siphash/include --target=armv7l-unknown-linux-gnueabihf --sysroot=/tmp/musl-sysroot-armhf -O3 -DNDEBUG -fno-lto -Werror=array-bounds -Werror=uninitialized -Werror=shadow -Werror=empty-body -Werror=sizeof-pointer-memaccess -Werror=sizeof-array-argument -Werror=suspicious-memaccess -Werror=builtin-memcpy-chk-size -Werror=array-bounds-pointer-arithmetic -Werror=return-stack-address -Werror=sizeof-array-decay -Werror=format-insufficient-args -Wformat -nostdinc++ -fno-builtin -fvisibility=hidden -fomit-frame-pointer -DCOMPILER_RT_HAS_FLOAT16 -DCOMPILER_RT_ARMHF_TARGET -o CMakeFiles/clang_rt.builtins-armhf.dir/arm/modsi3.S.o -c /llvm-project-21.1.8.src/compiler-rt/lib/builtins/arm/modsi3.S
#26 12.85 [  8%] Building C object lib/builtins/CMakeFiles/clang_rt.builtins-armhf.dir/addsf3.c.o
#26 12.85 cd /tmp/build-rt-armhf/lib/builtins && /usr/bin/clang -target armv7l-unknown-linux-gnueabihf --sysroot=/tmp/musl-sysroot-armhf -DVISIBILITY_HIDDEN -I/llvm-project-21.1.8.src/compiler-rt/lib/builtins/../../../third-party/siphash/include --target=armv7l-unknown-linux-gnueabihf --sysroot=/tmp/musl-sysroot-armhf -O3 -DNDEBUG -fno-lto -Werror=array-bounds -Werror=uninitialized -Werror=shadow -Werror=empty-body -Werror=sizeof-pointer-memaccess -Werror=sizeof-array-argument -Werror=suspicious-memaccess -Werror=builtin-memcpy-chk-size -Werror=array-bounds-pointer-arithmetic -Werror=return-stack-address -Werror=sizeof-array-decay -Werror=format-insufficient-args -Wformat -nostdinc++ -fno-builtin -fvisibility=hidden -fomit-frame-pointer -DCOMPILER_RT_HAS_FLOAT16 -DCOMPILER_RT_ARMHF_TARGET -o CMakeFiles/clang_rt.builtins-armhf.dir/arm/udivsi3.S.o -c /llvm-project-21.1.8.src/compiler-rt/lib/builtins/arm/udivsi3.S
#26 12.85 [  8%] Building C object lib/builtins/CMakeFiles/clang_rt.builtins-armhf.dir/absvsi2.c.o
#26 12.85 [  8%] Building C object lib/builtins/CMakeFiles/clang_rt.builtins-armhf.dir/adddf3.c.o
#26 12.85 cd /tmp/build-rt-armhf/lib/builtins && /usr/bin/clang -target armv7l-unknown-linux-gnueabihf --sysroot=/tmp/musl-sysroot-armhf -DVISIBILITY_HIDDEN -I/llvm-project-21.1.8.src/compiler-rt/lib/builtins/../../../third-party/siphash/include --target=armv7l-unknown-linux-gnueabihf --sysroot=/tmp/musl-sysroot-armhf -O3 -DNDEBUG -fno-lto -Werror=array-bounds -Werror=uninitialized -Werror=shadow -Werror=empty-body -Werror=sizeof-pointer-memaccess -Werror=sizeof-array-argument -Werror=suspicious-memaccess -Werror=builtin-memcpy-chk-size -Werror=array-bounds-pointer-arithmetic -Werror=return-stack-address -Werror=sizeof-array-decay -Werror=format-insufficient-args -Wformat -nostdinc++ -fno-builtin -fvisibility=hidden -fomit-frame-pointer -DCOMPILER_RT_HAS_FLOAT16 -DCOMPILER_RT_ARMHF_TARGET -o CMakeFiles/clang_rt.builtins-armhf.dir/arm/udivmodsi4.S.o -c /llvm-project-21.1.8.src/compiler-rt/lib/builtins/arm/udivmodsi4.S
#26 12.85 cd /tmp/build-rt-armhf/lib/builtins && /usr/bin/clang -target armv7l-unknown-linux-gnueabihf --sysroot=/tmp/musl-sysroot-armhf -DVISIBILITY_HIDDEN -I/llvm-project-21.1.8.src/compiler-rt/lib/builtins/../../../third-party/siphash/include --target=armv7l-unknown-linux-gnueabihf --sysroot=/tmp/musl-sysroot-armhf -O3 -DNDEBUG -fno-lto -Werror=array-bounds -Werror=uninitialized -Werror=shadow -Werror=empty-body -Werror=sizeof-pointer-memaccess -Werror=sizeof-array-argument -Werror=suspicious-memaccess -Werror=builtin-memcpy-chk-size -Werror=array-bounds-pointer-arithmetic -Werror=return-stack-address -Werror=sizeof-array-decay -Werror=format-insufficient-args -Wformat -nostdinc++ -fno-builtin -fvisibility=hidden -fomit-frame-pointer -DCOMPILER_RT_HAS_FLOAT16 -DCOMPILER_RT_ARMHF_TARGET -o CMakeFiles/clang_rt.builtins-armhf.dir/arm/umodsi3.S.o -c /llvm-project-21.1.8.src/compiler-rt/lib/builtins/arm/umodsi3.S
#26 12.85 [  9%] Building C object lib/builtins/CMakeFiles/clang_rt.builtins-armhf.dir/absvti2.c.o
#26 12.85 [  9%] Building C object lib/builtins/CMakeFiles/clang_rt.builtins-armhf.dir/addvdi3.c.o
#26 12.85 cd /tmp/build-rt-armhf/lib/builtins && /usr/bin/clang --target=armv7l-unknown-linux-gnueabihf --sysroot=/tmp/musl-sysroot-armhf -DVISIBILITY_HIDDEN -I/llvm-project-21.1.8.src/compiler-rt/lib/builtins/../../../third-party/siphash/include --target=armv7l-unknown-linux-gnueabihf --sysroot=/tmp/musl-sysroot-armhf -Wall -Wno-unused-parameter -O3 -DNDEBUG -std=gnu11 -fno-lto -Werror=array-bounds -Werror=uninitialized -Werror=shadow -Werror=empty-body -Werror=sizeof-pointer-memaccess -Werror=sizeof-array-argument -Werror=suspicious-memaccess -Werror=builtin-memcpy-chk-size -Werror=array-bounds-pointer-arithmetic -Werror=return-stack-address -Werror=sizeof-array-decay -Werror=format-insufficient-args -Wformat -nostdinc++ -fno-builtin -fvisibility=hidden -fomit-frame-pointer -DCOMPILER_RT_HAS_FLOAT16 -DCOMPILER_RT_ARMHF_TARGET -MD -MT lib/builtins/CMakeFiles/clang_rt.builtins-armhf.dir/absvdi2.c.o -MF CMakeFiles/clang_rt.builtins-armhf.dir/absvdi2.c.o.d -o CMakeFiles/clang_rt.builtins-armhf.dir/absvdi2.c.o -c /llvm-project-21.1.8.src/compiler-rt/lib/builtins/absvdi2.c
#26 12.85 make[2]: Leaving directory '/tmp/build-rt-armhf'
#26 12.85 cd /tmp/build-rt-armhf/lib/builtins && /usr/bin/clang --target=armv7l-unknown-linux-gnueabihf --sysroot=/tmp/musl-sysroot-armhf -DVISIBILITY_HIDDEN -I/llvm-project-21.1.8.src/compiler-rt/lib/builtins/../../../third-party/siphash/include --target=armv7l-unknown-linux-gnueabihf --sysroot=/tmp/musl-sysroot-armhf -Wall -Wno-unused-parameter -O3 -DNDEBUG -std=gnu11 -fno-lto -Werror=array-bounds -Werror=uninitialized -Werror=shadow -Werror=empty-body -Werror=sizeof-pointer-memaccess -Werror=sizeof-array-argument -Werror=suspicious-memaccess -Werror=builtin-memcpy-chk-size -Werror=array-bounds-pointer-arithmetic -Werror=return-stack-address -Werror=sizeof-array-decay -Werror=format-insufficient-args -Wformat -nostdinc++ -fno-builtin -fvisibility=hidden -fomit-frame-pointer -DCOMPILER_RT_HAS_FLOAT16 -DCOMPILER_RT_ARMHF_TARGET -MD -MT lib/builtins/CMakeFiles/clang_rt.builtins-armhf.dir/absvsi2.c.o -MF CMakeFiles/clang_rt.builtins-armhf.dir/absvsi2.c.o.d -o CMakeFiles/clang_rt.builtins-armhf.dir/absvsi2.c.o -c /llvm-project-21.1.8.src/compiler-rt/lib/builtins/absvsi2.c
#26 12.85 cd /tmp/build-rt-armhf/lib/builtins && /usr/bin/clang --target=armv7l-unknown-linux-gnueabihf --sysroot=/tmp/musl-sysroot-armhf -DVISIBILITY_HIDDEN -I/llvm-project-21.1.8.src/compiler-rt/lib/builtins/../../../third-party/siphash/include --target=armv7l-unknown-linux-gnueabihf --sysroot=/tmp/musl-sysroot-armhf -Wall -Wno-unused-parameter -O3 -DNDEBUG -std=gnu11 -fno-lto -Werror=array-bounds -Werror=uninitialized -Werror=shadow -Werror=empty-body -Werror=sizeof-pointer-memaccess -Werror=sizeof-array-argument -Werror=suspicious-memaccess -Werror=builtin-memcpy-chk-size -Werror=array-bounds-pointer-arithmetic -Werror=return-stack-address -Werror=sizeof-array-decay -Werror=format-insufficient-args -Wformat -nostdinc++ -fno-builtin -fvisibility=hidden -fomit-frame-pointer -DCOMPILER_RT_HAS_FLOAT16 -DCOMPILER_RT_ARMHF_TARGET -MD -MT lib/builtins/CMakeFiles/clang_rt.builtins-armhf.dir/adddf3.c.o -MF CMakeFiles/clang_rt.builtins-armhf.dir/adddf3.c.o.d -o CMakeFiles/clang_rt.builtins-armhf.dir/adddf3.c.o -c /llvm-project-21.1.8.src/compiler-rt/lib/builtins/adddf3.c
#26 12.85 cd /tmp/build-rt-armhf/lib/builtins && /usr/bin/clang --target=armv7l-unknown-linux-gnueabihf --sysroot=/tmp/musl-sysroot-armhf -DVISIBILITY_HIDDEN -I/llvm-project-21.1.8.src/compiler-rt/lib/builtins/../../../third-party/siphash/include --target=armv7l-unknown-linux-gnueabihf --sysroot=/tmp/musl-sysroot-armhf -Wall -Wno-unused-parameter -O3 -DNDEBUG -std=gnu11 -fno-lto -Werror=array-bounds -Werror=uninitialized -Werror=shadow -Werror=empty-body -Werror=sizeof-pointer-memaccess -Werror=sizeof-array-argument -Werror=suspicious-memaccess -Werror=builtin-memcpy-chk-size -Werror=array-bounds-pointer-arithmetic -Werror=return-stack-address -Werror=sizeof-array-decay -Werror=format-insufficient-args -Wformat -nostdinc++ -fno-builtin -fvisibility=hidden -fomit-frame-pointer -DCOMPILER_RT_HAS_FLOAT16 -DCOMPILER_RT_ARMHF_TARGET -MD -MT lib/builtins/CMakeFiles/clang_rt.builtins-armhf.dir/absvti2.c.o -MF CMakeFiles/clang_rt.builtins-armhf.dir/absvti2.c.o.d -o CMakeFiles/clang_rt.builtins-armhf.dir/absvti2.c.o -c /llvm-project-21.1.8.src/compiler-rt/lib/builtins/absvti2.c
#26 12.85 cd /tmp/build-rt-armhf/lib/builtins && /usr/bin/clang --target=armv7l-unknown-linux-gnueabihf --sysroot=/tmp/musl-sysroot-armhf -DVISIBILITY_HIDDEN -I/llvm-project-21.1.8.src/compiler-rt/lib/builtins/../../../third-party/siphash/include --target=armv7l-unknown-linux-gnueabihf --sysroot=/tmp/musl-sysroot-armhf -Wall -Wno-unused-parameter -O3 -DNDEBUG -std=gnu11 -fno-lto -Werror=array-bounds -Werror=uninitialized -Werror=shadow -Werror=empty-body -Werror=sizeof-pointer-memaccess -Werror=sizeof-array-argument -Werror=suspicious-memaccess -Werror=builtin-memcpy-chk-size -Werror=array-bounds-pointer-arithmetic -Werror=return-stack-address -Werror=sizeof-array-decay -Werror=format-insufficient-args -Wformat -nostdinc++ -fno-builtin -fvisibility=hidden -fomit-frame-pointer -DCOMPILER_RT_HAS_FLOAT16 -DCOMPILER_RT_ARMHF_TARGET -MD -MT lib/builtins/CMakeFiles/clang_rt.builtins-armhf.dir/addsf3.c.o -MF CMakeFiles/clang_rt.builtins-armhf.dir/addsf3.c.o.d -o CMakeFiles/clang_rt.builtins-armhf.dir/addsf3.c.o -c /llvm-project-21.1.8.src/compiler-rt/lib/builtins/addsf3.c
#26 12.85 [  9%] Built target clang_rt.crtend-armhf
#26 12.85 cd /tmp/build-rt-armhf/lib/builtins && /usr/bin/clang --target=armv7l-unknown-linux-gnueabihf --sysroot=/tmp/musl-sysroot-armhf -DVISIBILITY_HIDDEN -I/llvm-project-21.1.8.src/compiler-rt/lib/builtins/../../../third-party/siphash/include --target=armv7l-unknown-linux-gnueabihf --sysroot=/tmp/musl-sysroot-armhf -Wall -Wno-unused-parameter -O3 -DNDEBUG -std=gnu11 -fno-lto -Werror=array-bounds -Werror=uninitialized -Werror=shadow -Werror=empty-body -Werror=sizeof-pointer-memaccess -Werror=sizeof-array-argument -Werror=suspicious-memaccess -Werror=builtin-memcpy-chk-size -Werror=array-bounds-pointer-arithmetic -Werror=return-stack-address -Werror=sizeof-array-decay -Werror=format-insufficient-args -Wformat -nostdinc++ -fno-builtin -fvisibility=hidden -fomit-frame-pointer -DCOMPILER_RT_HAS_FLOAT16 -DCOMPILER_RT_ARMHF_TARGET -MD -MT lib/builtins/CMakeFiles/clang_rt.builtins-armhf.dir/addvdi3.c.o -MF CMakeFiles/clang_rt.builtins-armhf.dir/addvdi3.c.o.d -o CMakeFiles/clang_rt.builtins-armhf.dir/addvdi3.c.o -c /llvm-project-21.1.8.src/compiler-rt/lib/builtins/addvdi3.c
#26 12.85 [  9%] Building C object lib/builtins/CMakeFiles/clang_rt.builtins-armhf.dir/addvti3.c.o
#26 12.85 [ 10%] Building C object lib/builtins/CMakeFiles/clang_rt.builtins-armhf.dir/addvsi3.c.o
#26 12.85 cd /tmp/build-rt-armhf/lib/builtins && /usr/bin/clang --target=armv7l-unknown-linux-gnueabihf --sysroot=/tmp/musl-sysroot-armhf -DVISIBILITY_HIDDEN -I/llvm-project-21.1.8.src/compiler-rt/lib/builtins/../../../third-party/siphash/include --target=armv7l-unknown-linux-gnueabihf --sysroot=/tmp/musl-sysroot-armhf -Wall -Wno-unused-parameter -O3 -DNDEBUG -std=gnu11 -fno-lto -Werror=array-bounds -Werror=uninitialized -Werror=shadow -Werror=empty-body -Werror=sizeof-pointer-memaccess -Werror=sizeof-array-argument -Werror=suspicious-memaccess -Werror=builtin-memcpy-chk-size -Werror=array-bounds-pointer-arithmetic -Werror=return-stack-address -Werror=sizeof-array-decay -Werror=format-insufficient-args -Wformat -nostdinc++ -fno-builtin -fvisibility=hidden -fomit-frame-pointer -DCOMPILER_RT_HAS_FLOAT16 -DCOMPILER_RT_ARMHF_TARGET -MD -MT lib/builtins/CMakeFiles/clang_rt.builtins-armhf.dir/addvti3.c.o -MF CMakeFiles/clang_rt.builtins-armhf.dir/addvti3.c.o.d -o CMakeFiles/clang_rt.builtins-armhf.dir/addvti3.c.o -c /llvm-project-21.1.8.src/compiler-rt/lib/builtins/addvti3.c
#26 12.85 cd /tmp/build-rt-armhf/lib/builtins && /usr/bin/clang --target=armv7l-unknown-linux-gnueabihf --sysroot=/tmp/musl-sysroot-armhf -DVISIBILITY_HIDDEN -I/llvm-project-21.1.8.src/compiler-rt/lib/builtins/../../../third-party/siphash/include --target=armv7l-unknown-linux-gnueabihf --sysroot=/tmp/musl-sysroot-armhf -Wall -Wno-unused-parameter -O3 -DNDEBUG -std=gnu11 -fno-lto -Werror=array-bounds -Werror=uninitialized -Werror=shadow -Werror=empty-body -Werror=sizeof-pointer-memaccess -Werror=sizeof-array-argument -Werror=suspicious-memaccess -Werror=builtin-memcpy-chk-size -Werror=array-bounds-pointer-arithmetic -Werror=return-stack-address -Werror=sizeof-array-decay -Werror=format-insufficient-args -Wformat -nostdinc++ -fno-builtin -fvisibility=hidden -fomit-frame-pointer -DCOMPILER_RT_HAS_FLOAT16 -DCOMPILER_RT_ARMHF_TARGET -MD -MT lib/builtins/CMakeFiles/clang_rt.builtins-armhf.dir/addvsi3.c.o -MF CMakeFiles/clang_rt.builtins-armhf.dir/addvsi3.c.o.d -o CMakeFiles/clang_rt.builtins-armhf.dir/addvsi3.c.o -c /llvm-project-21.1.8.src/compiler-rt/lib/builtins/addvsi3.c
#26 12.85 [ 10%] Building C object lib/builtins/CMakeFiles/clang_rt.builtins-armhf.dir/apple_versioning.c.o
#26 12.85 [ 10%] Built target clang_rt.crtbegin-armhf
#26 12.85 cd /tmp/build-rt-armhf/lib/builtins && /usr/bin/clang --target=armv7l-unknown-linux-gnueabihf --sysroot=/tmp/musl-sysroot-armhf -DVISIBILITY_HIDDEN -I/llvm-project-21.1.8.src/compiler-rt/lib/builtins/../../../third-party/siphash/include --target=armv7l-unknown-linux-gnueabihf --sysroot=/tmp/musl-sysroot-armhf -Wall -Wno-unused-parameter -O3 -DNDEBUG -std=gnu11 -fno-lto -Werror=array-bounds -Werror=uninitialized -Werror=shadow -Werror=empty-body -Werror=sizeof-pointer-memaccess -Werror=sizeof-array-argument -Werror=suspicious-memaccess -Werror=builtin-memcpy-chk-size -Werror=array-bounds-pointer-arithmetic -Werror=return-stack-address -Werror=sizeof-array-decay -Werror=format-insufficient-args -Wformat -nostdinc++ -fno-builtin -fvisibility=hidden -fomit-frame-pointer -DCOMPILER_RT_HAS_FLOAT16 -DCOMPILER_RT_ARMHF_TARGET -MD -MT lib/builtins/CMakeFiles/clang_rt.builtins-armhf.dir/apple_versioning.c.o -MF CMakeFiles/clang_rt.builtins-armhf.dir/apple_versioning.c.o.d -o CMakeFiles/clang_rt.builtins-armhf.dir/apple_versioning.c.o -c /llvm-project-21.1.8.src/compiler-rt/lib/builtins/apple_versioning.c
#26 12.85 [ 10%] Building C object lib/builtins/CMakeFiles/clang_rt.builtins-armhf.dir/ashlti3.c.o
#26 12.85 [ 11%] Building C object lib/builtins/CMakeFiles/clang_rt.builtins-armhf.dir/ashrdi3.c.o
#26 12.85 [ 12%] Building C object lib/builtins/CMakeFiles/clang_rt.builtins-armhf.dir/ashldi3.c.o
#26 12.85 /usr/bin/make  -f lib/builtins/CMakeFiles/crt.dir/build.make lib/builtins/CMakeFiles/crt.dir/depend
#26 12.85 [ 12%] Building C object lib/builtins/CMakeFiles/clang_rt.builtins-armhf.dir/ashrti3.c.o
#26 12.85 cd /tmp/build-rt-armhf/lib/builtins && /usr/bin/clang --target=armv7l-unknown-linux-gnueabihf --sysroot=/tmp/musl-sysroot-armhf -DVISIBILITY_HIDDEN -I/llvm-project-21.1.8.src/compiler-rt/lib/builtins/../../../third-party/siphash/include --target=armv7l-unknown-linux-gnueabihf --sysroot=/tmp/musl-sysroot-armhf -Wall -Wno-unused-parameter -O3 -DNDEBUG -std=gnu11 -fno-lto -Werror=array-bounds -Werror=uninitialized -Werror=shadow -Werror=empty-body -Werror=sizeof-pointer-memaccess -Werror=sizeof-array-argument -Werror=suspicious-memaccess -Werror=builtin-memcpy-chk-size -Werror=array-bounds-pointer-arithmetic -Werror=return-stack-address -Werror=sizeof-array-decay -Werror=format-insufficient-args -Wformat -nostdinc++ -fno-builtin -fvisibility=hidden -fomit-frame-pointer -DCOMPILER_RT_HAS_FLOAT16 -DCOMPILER_RT_ARMHF_TARGET -MD -MT lib/builtins/CMakeFiles/clang_rt.builtins-armhf.dir/ashlti3.c.o -MF CMakeFiles/clang_rt.builtins-armhf.dir/ashlti3.c.o.d -o CMakeFiles/clang_rt.builtins-armhf.dir/ashlti3.c.o -c /llvm-project-21.1.8.src/compiler-rt/lib/builtins/ashlti3.c
#26 12.85 [ 13%] Building C object lib/builtins/CMakeFiles/clang_rt.builtins-armhf.dir/clzti2.c.o
#26 12.85 cd /tmp/build-rt-armhf/lib/builtins && /usr/bin/clang --target=armv7l-unknown-linux-gnueabihf --sysroot=/tmp/musl-sysroot-armhf -DVISIBILITY_HIDDEN -I/llvm-project-21.1.8.src/compiler-rt/lib/builtins/../../../third-party/siphash/include --target=armv7l-unknown-linux-gnueabihf --sysroot=/tmp/musl-sysroot-armhf -Wall -Wno-unused-parameter -O3 -DNDEBUG -std=gnu11 -fno-lto -Werror=array-bounds -Werror=uninitialized -Werror=shadow -Werror=empty-body -Werror=sizeof-pointer-memaccess -Werror=sizeof-array-argument -Werror=suspicious-memaccess -Werror=builtin-memcpy-chk-size -Werror=array-bounds-pointer-arithmetic -Werror=return-stack-address -Werror=sizeof-array-decay -Werror=format-insufficient-args -Wformat -nostdinc++ -fno-builtin -fvisibility=hidden -fomit-frame-pointer -DCOMPILER_RT_HAS_FLOAT16 -DCOMPILER_RT_ARMHF_TARGET -MD -MT lib/builtins/CMakeFiles/clang_rt.builtins-armhf.dir/ashldi3.c.o -MF CMakeFiles/clang_rt.builtins-armhf.dir/ashldi3.c.o.d -o CMakeFiles/clang_rt.builtins-armhf.dir/ashldi3.c.o -c /llvm-project-21.1.8.src/compiler-rt/lib/builtins/ashldi3.c
#26 12.85 cd /tmp/build-rt-armhf/lib/builtins && /usr/bin/clang --target=armv7l-unknown-linux-gnueabihf --sysroot=/tmp/musl-sysroot-armhf -DVISIBILITY_HIDDEN -I/llvm-project-21.1.8.src/compiler-rt/lib/builtins/../../../third-party/siphash/include --target=armv7l-unknown-linux-gnueabihf --sysroot=/tmp/musl-sysroot-armhf -Wall -Wno-unused-parameter -O3 -DNDEBUG -std=gnu11 -fno-lto -Werror=array-bounds -Werror=uninitialized -Werror=shadow -Werror=empty-body -Werror=sizeof-pointer-memaccess -Werror=sizeof-array-argument -Werror=suspicious-memaccess -Werror=builtin-memcpy-chk-size -Werror=array-bounds-pointer-arithmetic -Werror=return-stack-address -Werror=sizeof-array-decay -Werror=format-insufficient-args -Wformat -nostdinc++ -fno-builtin -fvisibility=hidden -fomit-frame-pointer -DCOMPILER_RT_HAS_FLOAT16 -DCOMPILER_RT_ARMHF_TARGET -MD -MT lib/builtins/CMakeFiles/clang_rt.builtins-armhf.dir/ashrdi3.c.o -MF CMakeFiles/clang_rt.builtins-armhf.dir/ashrdi3.c.o.d -o CMakeFiles/clang_rt.builtins-armhf.dir/ashrdi3.c.o -c /llvm-project-21.1.8.src/compiler-rt/lib/builtins/ashrdi3.c
#26 12.85 make[2]: Entering directory '/tmp/build-rt-armhf'
#26 12.85 cd /tmp/build-rt-armhf && /usr/bin/cmake -E cmake_depends "Unix Makefiles" /llvm-project-21.1.8.src/compiler-rt /llvm-project-21.1.8.src/compiler-rt/lib/builtins /tmp/build-rt-armhf /tmp/build-rt-armhf/lib/builtins /tmp/build-rt-armhf/lib/builtins/CMakeFiles/crt.dir/DependInfo.cmake "--color="
#26 12.85 cd /tmp/build-rt-armhf/lib/builtins && /usr/bin/clang --target=armv7l-unknown-linux-gnueabihf --sysroot=/tmp/musl-sysroot-armhf -DVISIBILITY_HIDDEN -I/llvm-project-21.1.8.src/compiler-rt/lib/builtins/../../../third-party/siphash/include --target=armv7l-unknown-linux-gnueabihf --sysroot=/tmp/musl-sysroot-armhf -Wall -Wno-unused-parameter -O3 -DNDEBUG -std=gnu11 -fno-lto -Werror=array-bounds -Werror=uninitialized -Werror=shadow -Werror=empty-body -Werror=sizeof-pointer-memaccess -Werror=sizeof-array-argument -Werror=suspicious-memaccess -Werror=builtin-memcpy-chk-size -Werror=array-bounds-pointer-arithmetic -Werror=return-stack-address -Werror=sizeof-array-decay -Werror=format-insufficient-args -Wformat -nostdinc++ -fno-builtin -fvisibility=hidden -fomit-frame-pointer -DCOMPILER_RT_HAS_FLOAT16 -DCOMPILER_RT_ARMHF_TARGET -MD -MT lib/builtins/CMakeFiles/clang_rt.builtins-armhf.dir/ashrti3.c.o -MF CMakeFiles/clang_rt.builtins-armhf.dir/ashrti3.c.o.d -o CMakeFiles/clang_rt.builtins-armhf.dir/ashrti3.c.o -c /llvm-project-21.1.8.src/compiler-rt/lib/builtins/ashrti3.c
#26 12.85 [ 13%] Building C object lib/builtins/CMakeFiles/clang_rt.builtins-armhf.dir/comparedf2.c.o
#26 12.85 [ 13%] Building C object lib/builtins/CMakeFiles/clang_rt.builtins-armhf.dir/cmpdi2.c.o
#26 12.85 cd /tmp/build-rt-armhf/lib/builtins && /usr/bin/clang --target=armv7l-unknown-linux-gnueabihf --sysroot=/tmp/musl-sysroot-armhf -DVISIBILITY_HIDDEN -I/llvm-project-21.1.8.src/compiler-rt/lib/builtins/../../../third-party/siphash/include --target=armv7l-unknown-linux-gnueabihf --sysroot=/tmp/musl-sysroot-armhf -Wall -Wno-unused-parameter -O3 -DNDEBUG -std=gnu11 -fno-lto -Werror=array-bounds -Werror=uninitialized -Werror=shadow -Werror=empty-body -Werror=sizeof-pointer-memaccess -Werror=sizeof-array-argument -Werror=suspicious-memaccess -Werror=builtin-memcpy-chk-size -Werror=array-bounds-pointer-arithmetic -Werror=return-stack-address -Werror=sizeof-array-decay -Werror=format-insufficient-args -Wformat -nostdinc++ -fno-builtin -fvisibility=hidden -fomit-frame-pointer -DCOMPILER_RT_HAS_FLOAT16 -DCOMPILER_RT_ARMHF_TARGET -MD -MT lib/builtins/CMakeFiles/clang_rt.builtins-armhf.dir/clzti2.c.o -MF CMakeFiles/clang_rt.builtins-armhf.dir/clzti2.c.o.d -o CMakeFiles/clang_rt.builtins-armhf.dir/clzti2.c.o -c /llvm-project-21.1.8.src/compiler-rt/lib/builtins/clzti2.c
#26 12.85 [ 14%] Building C object lib/builtins/CMakeFiles/clang_rt.builtins-armhf.dir/cmpti2.c.o
#26 12.85 [ 15%] Building C object lib/builtins/CMakeFiles/clang_rt.builtins-armhf.dir/ctzdi2.c.o
#26 12.85 cd /tmp/build-rt-armhf/lib/builtins && /usr/bin/clang --target=armv7l-unknown-linux-gnueabihf --sysroot=/tmp/musl-sysroot-armhf -DVISIBILITY_HIDDEN -I/llvm-project-21.1.8.src/compiler-rt/lib/builtins/../../../third-party/siphash/include --target=armv7l-unknown-linux-gnueabihf --sysroot=/tmp/musl-sysroot-armhf -Wall -Wno-unused-parameter -O3 -DNDEBUG -std=gnu11 -fno-lto -Werror=array-bounds -Werror=uninitialized -Werror=shadow -Werror=empty-body -Werror=sizeof-pointer-memaccess -Werror=sizeof-array-argument -Werror=suspicious-memaccess -Werror=builtin-memcpy-chk-size -Werror=array-bounds-pointer-arithmetic -Werror=return-stack-address -Werror=sizeof-array-decay -Werror=format-insufficient-args -Wformat -nostdinc++ -fno-builtin -fvisibility=hidden -fomit-frame-pointer -DCOMPILER_RT_HAS_FLOAT16 -DCOMPILER_RT_ARMHF_TARGET -MD -MT lib/builtins/CMakeFiles/clang_rt.builtins-armhf.dir/comparedf2.c.o -MF CMakeFiles/clang_rt.builtins-armhf.dir/comparedf2.c.o.d -o CMakeFiles/clang_rt.builtins-armhf.dir/comparedf2.c.o -c /llvm-project-21.1.8.src/compiler-rt/lib/builtins/comparedf2.c
#26 12.85 cd /tmp/build-rt-armhf/lib/builtins && /usr/bin/clang --target=armv7l-unknown-linux-gnueabihf --sysroot=/tmp/musl-sysroot-armhf -DVISIBILITY_HIDDEN -I/llvm-project-21.1.8.src/compiler-rt/lib/builtins/../../../third-party/siphash/include --target=armv7l-unknown-linux-gnueabihf --sysroot=/tmp/musl-sysroot-armhf -Wall -Wno-unused-parameter -O3 -DNDEBUG -std=gnu11 -fno-lto -Werror=array-bounds -Werror=uninitialized -Werror=shadow -Werror=empty-body -Werror=sizeof-pointer-memaccess -Werror=sizeof-array-argument -Werror=suspicious-memaccess -Werror=builtin-memcpy-chk-size -Werror=array-bounds-pointer-arithmetic -Werror=return-stack-address -Werror=sizeof-array-decay -Werror=format-insufficient-args -Wformat -nostdinc++ -fno-builtin -fvisibility=hidden -fomit-frame-pointer -DCOMPILER_RT_HAS_FLOAT16 -DCOMPILER_RT_ARMHF_TARGET -MD -MT lib/builtins/CMakeFiles/clang_rt.builtins-armhf.dir/cmpdi2.c.o -MF CMakeFiles/clang_rt.builtins-armhf.dir/cmpdi2.c.o.d -o CMakeFiles/clang_rt.builtins-armhf.dir/cmpdi2.c.o -c /llvm-project-21.1.8.src/compiler-rt/lib/builtins/cmpdi2.c
#26 12.85 cd /tmp/build-rt-armhf/lib/builtins && /usr/bin/clang --target=armv7l-unknown-linux-gnueabihf --sysroot=/tmp/musl-sysroot-armhf -DVISIBILITY_HIDDEN -I/llvm-project-21.1.8.src/compiler-rt/lib/builtins/../../../third-party/siphash/include --target=armv7l-unknown-linux-gnueabihf --sysroot=/tmp/musl-sysroot-armhf -Wall -Wno-unused-parameter -O3 -DNDEBUG -std=gnu11 -fno-lto -Werror=array-bounds -Werror=uninitialized -Werror=shadow -Werror=empty-body -Werror=sizeof-pointer-memaccess -Werror=sizeof-array-argument -Werror=suspicious-memaccess -Werror=builtin-memcpy-chk-size -Werror=array-bounds-pointer-arithmetic -Werror=return-stack-address -Werror=sizeof-array-decay -Werror=format-insufficient-args -Wformat -nostdinc++ -fno-builtin -fvisibility=hidden -fomit-frame-pointer -DCOMPILER_RT_HAS_FLOAT16 -DCOMPILER_RT_ARMHF_TARGET -MD -MT lib/builtins/CMakeFiles/clang_rt.builtins-armhf.dir/cmpti2.c.o -MF CMakeFiles/clang_rt.builtins-armhf.dir/cmpti2.c.o.d -o CMakeFiles/clang_rt.builtins-armhf.dir/cmpti2.c.o -c /llvm-project-21.1.8.src/compiler-rt/lib/builtins/cmpti2.c
#26 12.85 [ 16%] Building C object lib/builtins/CMakeFiles/clang_rt.builtins-armhf.dir/ctzsi2.c.o
#26 12.85 [ 16%] Building C object lib/builtins/CMakeFiles/clang_rt.builtins-armhf.dir/ctzti2.c.o
#26 12.85 cd /tmp/build-rt-armhf/lib/builtins && /usr/bin/clang --target=armv7l-unknown-linux-gnueabihf --sysroot=/tmp/musl-sysroot-armhf -DVISIBILITY_HIDDEN -I/llvm-project-21.1.8.src/compiler-rt/lib/builtins/../../../third-party/siphash/include --target=armv7l-unknown-linux-gnueabihf --sysroot=/tmp/musl-sysroot-armhf -Wall -Wno-unused-parameter -O3 -DNDEBUG -std=gnu11 -fno-lto -Werror=array-bounds -Werror=uninitialized -Werror=shadow -Werror=empty-body -Werror=sizeof-pointer-memaccess -Werror=sizeof-array-argument -Werror=suspicious-memaccess -Werror=builtin-memcpy-chk-size -Werror=array-bounds-pointer-arithmetic -Werror=return-stack-address -Werror=sizeof-array-decay -Werror=format-insufficient-args -Wformat -nostdinc++ -fno-builtin -fvisibility=hidden -fomit-frame-pointer -DCOMPILER_RT_HAS_FLOAT16 -DCOMPILER_RT_ARMHF_TARGET -MD -MT lib/builtins/CMakeFiles/clang_rt.builtins-armhf.dir/ctzdi2.c.o -MF CMakeFiles/clang_rt.builtins-armhf.dir/ctzdi2.c.o.d -o CMakeFiles/clang_rt.builtins-armhf.dir/ctzdi2.c.o -c /llvm-project-21.1.8.src/compiler-rt/lib/builtins/ctzdi2.c
#26 12.85 [ 16%] Building C object lib/builtins/CMakeFiles/clang_rt.builtins-armhf.dir/divdc3.c.o
#26 12.85 cd /tmp/build-rt-armhf/lib/builtins && /usr/bin/clang --target=armv7l-unknown-linux-gnueabihf --sysroot=/tmp/musl-sysroot-armhf -DVISIBILITY_HIDDEN -I/llvm-project-21.1.8.src/compiler-rt/lib/builtins/../../../third-party/siphash/include --target=armv7l-unknown-linux-gnueabihf --sysroot=/tmp/musl-sysroot-armhf -Wall -Wno-unused-parameter -O3 -DNDEBUG -std=gnu11 -fno-lto -Werror=array-bounds -Werror=uninitialized -Werror=shadow -Werror=empty-body -Werror=sizeof-pointer-memaccess -Werror=sizeof-array-argument -Werror=suspicious-memaccess -Werror=builtin-memcpy-chk-size -Werror=array-bounds-pointer-arithmetic -Werror=return-stack-address -Werror=sizeof-array-decay -Werror=format-insufficient-args -Wformat -nostdinc++ -fno-builtin -fvisibility=hidden -fomit-frame-pointer -DCOMPILER_RT_HAS_FLOAT16 -DCOMPILER_RT_ARMHF_TARGET -MD -MT lib/builtins/CMakeFiles/clang_rt.builtins-armhf.dir/ctzsi2.c.o -MF CMakeFiles/clang_rt.builtins-armhf.dir/ctzsi2.c.o.d -o CMakeFiles/clang_rt.builtins-armhf.dir/ctzsi2.c.o -c /llvm-project-21.1.8.src/compiler-rt/lib/builtins/ctzsi2.c
#26 12.85 [ 17%] Building C object lib/builtins/CMakeFiles/clang_rt.builtins-armhf.dir/divdf3.c.o
#26 12.85 cd /tmp/build-rt-armhf/lib/builtins && /usr/bin/clang --target=armv7l-unknown-linux-gnueabihf --sysroot=/tmp/musl-sysroot-armhf -DVISIBILITY_HIDDEN -I/llvm-project-21.1.8.src/compiler-rt/lib/builtins/../../../third-party/siphash/include --target=armv7l-unknown-linux-gnueabihf --sysroot=/tmp/musl-sysroot-armhf -Wall -Wno-unused-parameter -O3 -DNDEBUG -std=gnu11 -fno-lto -Werror=array-bounds -Werror=uninitialized -Werror=shadow -Werror=empty-body -Werror=sizeof-pointer-memaccess -Werror=sizeof-array-argument -Werror=suspicious-memaccess -Werror=builtin-memcpy-chk-size -Werror=array-bounds-pointer-arithmetic -Werror=return-stack-address -Werror=sizeof-array-decay -Werror=format-insufficient-args -Wformat -nostdinc++ -fno-builtin -fvisibility=hidden -fomit-frame-pointer -DCOMPILER_RT_HAS_FLOAT16 -DCOMPILER_RT_ARMHF_TARGET -MD -MT lib/builtins/CMakeFiles/clang_rt.builtins-armhf.dir/ctzti2.c.o -MF CMakeFiles/clang_rt.builtins-armhf.dir/ctzti2.c.o.d -o CMakeFiles/clang_rt.builtins-armhf.dir/ctzti2.c.o -c /llvm-project-21.1.8.src/compiler-rt/lib/builtins/ctzti2.c
#26 12.85 cd /tmp/build-rt-armhf/lib/builtins && /usr/bin/clang --target=armv7l-unknown-linux-gnueabihf --sysroot=/tmp/musl-sysroot-armhf -DVISIBILITY_HIDDEN -I/llvm-project-21.1.8.src/compiler-rt/lib/builtins/../../../third-party/siphash/include --target=armv7l-unknown-linux-gnueabihf --sysroot=/tmp/musl-sysroot-armhf -Wall -Wno-unused-parameter -O3 -DNDEBUG -std=gnu11 -fno-lto -Werror=array-bounds -Werror=uninitialized -Werror=shadow -Werror=empty-body -Werror=sizeof-pointer-memaccess -Werror=sizeof-array-argument -Werror=suspicious-memaccess -Werror=builtin-memcpy-chk-size -Werror=array-bounds-pointer-arithmetic -Werror=return-stack-address -Werror=sizeof-array-decay -Werror=format-insufficient-args -Wformat -nostdinc++ -fno-builtin -fvisibility=hidden -fomit-frame-pointer -DCOMPILER_RT_HAS_FLOAT16 -DCOMPILER_RT_ARMHF_TARGET -MD -MT lib/builtins/CMakeFiles/clang_rt.builtins-armhf.dir/divdc3.c.o -MF CMakeFiles/clang_rt.builtins-armhf.dir/divdc3.c.o.d -o CMakeFiles/clang_rt.builtins-armhf.dir/divdc3.c.o -c /llvm-project-21.1.8.src/compiler-rt/lib/builtins/divdc3.c
#26 12.85 [ 17%] Building C object lib/builtins/CMakeFiles/clang_rt.builtins-armhf.dir/divdi3.c.o
#26 12.85 [ 18%] Building C object lib/builtins/CMakeFiles/clang_rt.builtins-armhf.dir/divmoddi4.c.o
#26 12.85 cd /tmp/build-rt-armhf/lib/builtins && /usr/bin/clang --target=armv7l-unknown-linux-gnueabihf --sysroot=/tmp/musl-sysroot-armhf -DVISIBILITY_HIDDEN -I/llvm-project-21.1.8.src/compiler-rt/lib/builtins/../../../third-party/siphash/include --target=armv7l-unknown-linux-gnueabihf --sysroot=/tmp/musl-sysroot-armhf -Wall -Wno-unused-parameter -O3 -DNDEBUG -std=gnu11 -fno-lto -Werror=array-bounds -Werror=uninitialized -Werror=shadow -Werror=empty-body -Werror=sizeof-pointer-memaccess -Werror=sizeof-array-argument -Werror=suspicious-memaccess -Werror=builtin-memcpy-chk-size -Werror=array-bounds-pointer-arithmetic -Werror=return-stack-address -Werror=sizeof-array-decay -Werror=format-insufficient-args -Wformat -nostdinc++ -fno-builtin -fvisibility=hidden -fomit-frame-pointer -DCOMPILER_RT_HAS_FLOAT16 -DCOMPILER_RT_ARMHF_TARGET -MD -MT lib/builtins/CMakeFiles/clang_rt.builtins-armhf.dir/divdf3.c.o -MF CMakeFiles/clang_rt.builtins-armhf.dir/divdf3.c.o.d -o CMakeFiles/clang_rt.builtins-armhf.dir/divdf3.c.o -c /llvm-project-21.1.8.src/compiler-rt/lib/builtins/divdf3.c
#26 12.85 make[2]: Leaving directory '/tmp/build-rt-armhf'
#26 12.85 /usr/bin/make  -f lib/builtins/CMakeFiles/crt.dir/build.make lib/builtins/CMakeFiles/crt.dir/build
#26 12.85 cd /tmp/build-rt-armhf/lib/builtins && /usr/bin/clang --target=armv7l-unknown-linux-gnueabihf --sysroot=/tmp/musl-sysroot-armhf -DVISIBILITY_HIDDEN -I/llvm-project-21.1.8.src/compiler-rt/lib/builtins/../../../third-party/siphash/include --target=armv7l-unknown-linux-gnueabihf --sysroot=/tmp/musl-sysroot-armhf -Wall -Wno-unused-parameter -O3 -DNDEBUG -std=gnu11 -fno-lto -Werror=array-bounds -Werror=uninitialized -Werror=shadow -Werror=empty-body -Werror=sizeof-pointer-memaccess -Werror=sizeof-array-argument -Werror=suspicious-memaccess -Werror=builtin-memcpy-chk-size -Werror=array-bounds-pointer-arithmetic -Werror=return-stack-address -Werror=sizeof-array-decay -Werror=format-insufficient-args -Wformat -nostdinc++ -fno-builtin -fvisibility=hidden -fomit-frame-pointer -DCOMPILER_RT_HAS_FLOAT16 -DCOMPILER_RT_ARMHF_TARGET -MD -MT lib/builtins/CMakeFiles/clang_rt.builtins-armhf.dir/divdi3.c.o -MF CMakeFiles/clang_rt.builtins-armhf.dir/divdi3.c.o.d -o CMakeFiles/clang_rt.builtins-armhf.dir/divdi3.c.o -c /llvm-project-21.1.8.src/compiler-rt/lib/builtins/divdi3.c
#26 12.85 [ 18%] Building C object lib/builtins/CMakeFiles/clang_rt.builtins-armhf.dir/divmodti4.c.o
#26 12.85 cd /tmp/build-rt-armhf/lib/builtins && /usr/bin/clang --target=armv7l-unknown-linux-gnueabihf --sysroot=/tmp/musl-sysroot-armhf -DVISIBILITY_HIDDEN -I/llvm-project-21.1.8.src/compiler-rt/lib/builtins/../../../third-party/siphash/include --target=armv7l-unknown-linux-gnueabihf --sysroot=/tmp/musl-sysroot-armhf -Wall -Wno-unused-parameter -O3 -DNDEBUG -std=gnu11 -fno-lto -Werror=array-bounds -Werror=uninitialized -Werror=shadow -Werror=empty-body -Werror=sizeof-pointer-memaccess -Werror=sizeof-array-argument -Werror=suspicious-memaccess -Werror=builtin-memcpy-chk-size -Werror=array-bounds-pointer-arithmetic -Werror=return-stack-address -Werror=sizeof-array-decay -Werror=format-insufficient-args -Wformat -nostdinc++ -fno-builtin -fvisibility=hidden -fomit-frame-pointer -DCOMPILER_RT_HAS_FLOAT16 -DCOMPILER_RT_ARMHF_TARGET -MD -MT lib/builtins/CMakeFiles/clang_rt.builtins-armhf.dir/divmoddi4.c.o -MF CMakeFiles/clang_rt.builtins-armhf.dir/divmoddi4.c.o.d -o CMakeFiles/clang_rt.builtins-armhf.dir/divmoddi4.c.o -c /llvm-project-21.1.8.src/compiler-rt/lib/builtins/divmoddi4.c
#26 12.85 [ 19%] Building C object lib/builtins/CMakeFiles/clang_rt.builtins-armhf.dir/divsc3.c.o
#26 12.85 [ 19%] Building C object lib/builtins/CMakeFiles/clang_rt.builtins-armhf.dir/divsf3.c.o
#26 12.86 cd /tmp/build-rt-armhf/lib/builtins && /usr/bin/clang --target=armv7l-unknown-linux-gnueabihf --sysroot=/tmp/musl-sysroot-armhf -DVISIBILITY_HIDDEN -I/llvm-project-21.1.8.src/compiler-rt/lib/builtins/../../../third-party/siphash/include --target=armv7l-unknown-linux-gnueabihf --sysroot=/tmp/musl-sysroot-armhf -Wall -Wno-unused-parameter -O3 -DNDEBUG -std=gnu11 -fno-lto -Werror=array-bounds -Werror=uninitialized -Werror=shadow -Werror=empty-body -Werror=sizeof-pointer-memaccess -Werror=sizeof-array-argument -Werror=suspicious-memaccess -Werror=builtin-memcpy-chk-size -Werror=array-bounds-pointer-arithmetic -Werror=return-stack-address -Werror=sizeof-array-decay -Werror=format-insufficient-args -Wformat -nostdinc++ -fno-builtin -fvisibility=hidden -fomit-frame-pointer -DCOMPILER_RT_HAS_FLOAT16 -DCOMPILER_RT_ARMHF_TARGET -MD -MT lib/builtins/CMakeFiles/clang_rt.builtins-armhf.dir/divmodti4.c.o -MF CMakeFiles/clang_rt.builtins-armhf.dir/divmodti4.c.o.d -o CMakeFiles/clang_rt.builtins-armhf.dir/divmodti4.c.o -c /llvm-project-21.1.8.src/compiler-rt/lib/builtins/divmodti4.c
#26 12.86 make[2]: Entering directory '/tmp/build-rt-armhf'
#26 12.86 make[2]: Nothing to be done for 'lib/builtins/CMakeFiles/crt.dir/build'.
#26 12.86 make[2]: Leaving directory '/tmp/build-rt-armhf'
#26 12.86 cd /tmp/build-rt-armhf/lib/builtins && /usr/bin/clang --target=armv7l-unknown-linux-gnueabihf --sysroot=/tmp/musl-sysroot-armhf -DVISIBILITY_HIDDEN -I/llvm-project-21.1.8.src/compiler-rt/lib/builtins/../../../third-party/siphash/include --target=armv7l-unknown-linux-gnueabihf --sysroot=/tmp/musl-sysroot-armhf -Wall -Wno-unused-parameter -O3 -DNDEBUG -std=gnu11 -fno-lto -Werror=array-bounds -Werror=uninitialized -Werror=shadow -Werror=empty-body -Werror=sizeof-pointer-memaccess -Werror=sizeof-array-argument -Werror=suspicious-memaccess -Werror=builtin-memcpy-chk-size -Werror=array-bounds-pointer-arithmetic -Werror=return-stack-address -Werror=sizeof-array-decay -Werror=format-insufficient-args -Wformat -nostdinc++ -fno-builtin -fvisibility=hidden -fomit-frame-pointer -DCOMPILER_RT_HAS_FLOAT16 -DCOMPILER_RT_ARMHF_TARGET -MD -MT lib/builtins/CMakeFiles/clang_rt.builtins-armhf.dir/divsc3.c.o -MF CMakeFiles/clang_rt.builtins-armhf.dir/divsc3.c.o.d -o CMakeFiles/clang_rt.builtins-armhf.dir/divsc3.c.o -c /llvm-project-21.1.8.src/compiler-rt/lib/builtins/divsc3.c
#26 12.86 [ 19%] Building C object lib/builtins/CMakeFiles/clang_rt.builtins-armhf.dir/divti3.c.o
#26 12.86 cd /tmp/build-rt-armhf/lib/builtins && /usr/bin/clang --target=armv7l-unknown-linux-gnueabihf --sysroot=/tmp/musl-sysroot-armhf -DVISIBILITY_HIDDEN -I/llvm-project-21.1.8.src/compiler-rt/lib/builtins/../../../third-party/siphash/include --target=armv7l-unknown-linux-gnueabihf --sysroot=/tmp/musl-sysroot-armhf -Wall -Wno-unused-parameter -O3 -DNDEBUG -std=gnu11 -fno-lto -Werror=array-bounds -Werror=uninitialized -Werror=shadow -Werror=empty-body -Werror=sizeof-pointer-memaccess -Werror=sizeof-array-argument -Werror=suspicious-memaccess -Werror=builtin-memcpy-chk-size -Werror=array-bounds-pointer-arithmetic -Werror=return-stack-address -Werror=sizeof-array-decay -Werror=format-insufficient-args -Wformat -nostdinc++ -fno-builtin -fvisibility=hidden -fomit-frame-pointer -DCOMPILER_RT_HAS_FLOAT16 -DCOMPILER_RT_ARMHF_TARGET -MD -MT lib/builtins/CMakeFiles/clang_rt.builtins-armhf.dir/divsf3.c.o -MF CMakeFiles/clang_rt.builtins-armhf.dir/divsf3.c.o.d -o CMakeFiles/clang_rt.builtins-armhf.dir/divsf3.c.o -c /llvm-project-21.1.8.src/compiler-rt/lib/builtins/divsf3.c
#26 12.86 cd /tmp/build-rt-armhf/lib/builtins && /usr/bin/clang --target=armv7l-unknown-linux-gnueabihf --sysroot=/tmp/musl-sysroot-armhf -DVISIBILITY_HIDDEN -I/llvm-project-21.1.8.src/compiler-rt/lib/builtins/../../../third-party/siphash/include --target=armv7l-unknown-linux-gnueabihf --sysroot=/tmp/musl-sysroot-armhf -Wall -Wno-unused-parameter -O3 -DNDEBUG -std=gnu11 -fno-lto -Werror=array-bounds -Werror=uninitialized -Werror=shadow -Werror=empty-body -Werror=sizeof-pointer-memaccess -Werror=sizeof-array-argument -Werror=suspicious-memaccess -Werror=builtin-memcpy-chk-size -Werror=array-bounds-pointer-arithmetic -Werror=return-stack-address -Werror=sizeof-array-decay -Werror=format-insufficient-args -Wformat -nostdinc++ -fno-builtin -fvisibility=hidden -fomit-frame-pointer -DCOMPILER_RT_HAS_FLOAT16 -DCOMPILER_RT_ARMHF_TARGET -MD -MT lib/builtins/CMakeFiles/clang_rt.builtins-armhf.dir/divti3.c.o -MF CMakeFiles/clang_rt.builtins-armhf.dir/divti3.c.o.d -o CMakeFiles/clang_rt.builtins-armhf.dir/divti3.c.o -c /llvm-project-21.1.8.src/compiler-rt/lib/builtins/divti3.c
#26 12.86 [ 20%] Building C object lib/builtins/CMakeFiles/clang_rt.builtins-armhf.dir/extendsfdf2.c.o
#26 12.86 [ 20%] Building C object lib/builtins/CMakeFiles/clang_rt.builtins-armhf.dir/extendhfsf2.c.o
#26 12.86 [ 20%] Built target crt
#26 12.86 [ 21%] Building C object lib/builtins/CMakeFiles/clang_rt.builtins-armhf.dir/extendhfdf2.c.o
#26 12.86 cd /tmp/build-rt-armhf/lib/builtins && /usr/bin/clang --target=armv7l-unknown-linux-gnueabihf --sysroot=/tmp/musl-sysroot-armhf -DVISIBILITY_HIDDEN -I/llvm-project-21.1.8.src/compiler-rt/lib/builtins/../../../third-party/siphash/include --target=armv7l-unknown-linux-gnueabihf --sysroot=/tmp/musl-sysroot-armhf -Wall -Wno-unused-parameter -O3 -DNDEBUG -std=gnu11 -fno-lto -Werror=array-bounds -Werror=uninitialized -Werror=shadow -Werror=empty-body -Werror=sizeof-pointer-memaccess -Werror=sizeof-array-argument -Werror=suspicious-memaccess -Werror=builtin-memcpy-chk-size -Werror=array-bounds-pointer-arithmetic -Werror=return-stack-address -Werror=sizeof-array-decay -Werror=format-insufficient-args -Wformat -nostdinc++ -fno-builtin -fvisibility=hidden -fomit-frame-pointer -DCOMPILER_RT_HAS_FLOAT16 -DCOMPILER_RT_ARMHF_TARGET -MD -MT lib/builtins/CMakeFiles/clang_rt.builtins-armhf.dir/extendsfdf2.c.o -MF CMakeFiles/clang_rt.builtins-armhf.dir/extendsfdf2.c.o.d -o CMakeFiles/clang_rt.builtins-armhf.dir/extendsfdf2.c.o -c /llvm-project-21.1.8.src/compiler-rt/lib/builtins/extendsfdf2.c
#26 12.86 cd /tmp/build-rt-armhf/lib/builtins && /usr/bin/clang --target=armv7l-unknown-linux-gnueabihf --sysroot=/tmp/musl-sysroot-armhf -DVISIBILITY_HIDDEN -I/llvm-project-21.1.8.src/compiler-rt/lib/builtins/../../../third-party/siphash/include --target=armv7l-unknown-linux-gnueabihf --sysroot=/tmp/musl-sysroot-armhf -Wall -Wno-unused-parameter -O3 -DNDEBUG -std=gnu11 -fno-lto -Werror=array-bounds -Werror=uninitialized -Werror=shadow -Werror=empty-body -Werror=sizeof-pointer-memaccess -Werror=sizeof-array-argument -Werror=suspicious-memaccess -Werror=builtin-memcpy-chk-size -Werror=array-bounds-pointer-arithmetic -Werror=return-stack-address -Werror=sizeof-array-decay -Werror=format-insufficient-args -Wformat -nostdinc++ -fno-builtin -fvisibility=hidden -fomit-frame-pointer -DCOMPILER_RT_HAS_FLOAT16 -DCOMPILER_RT_ARMHF_TARGET -MD -MT lib/builtins/CMakeFiles/clang_rt.builtins-armhf.dir/extendhfsf2.c.o -MF CMakeFiles/clang_rt.builtins-armhf.dir/extendhfsf2.c.o.d -o CMakeFiles/clang_rt.builtins-armhf.dir/extendhfsf2.c.o -c /llvm-project-21.1.8.src/compiler-rt/lib/builtins/extendhfsf2.c
#26 12.86 [ 22%] Building C object lib/builtins/CMakeFiles/clang_rt.builtins-armhf.dir/ffssi2.c.o
#26 12.86 [ 22%] Building C object lib/builtins/CMakeFiles/clang_rt.builtins-armhf.dir/ffsti2.c.o
#26 12.86 cd /tmp/build-rt-armhf/lib/builtins && /usr/bin/clang --target=armv7l-unknown-linux-gnueabihf --sysroot=/tmp/musl-sysroot-armhf -DVISIBILITY_HIDDEN -I/llvm-project-21.1.8.src/compiler-rt/lib/builtins/../../../third-party/siphash/include --target=armv7l-unknown-linux-gnueabihf --sysroot=/tmp/musl-sysroot-armhf -Wall -Wno-unused-parameter -O3 -DNDEBUG -std=gnu11 -fno-lto -Werror=array-bounds -Werror=uninitialized -Werror=shadow -Werror=empty-body -Werror=sizeof-pointer-memaccess -Werror=sizeof-array-argument -Werror=suspicious-memaccess -Werror=builtin-memcpy-chk-size -Werror=array-bounds-pointer-arithmetic -Werror=return-stack-address -Werror=sizeof-array-decay -Werror=format-insufficient-args -Wformat -nostdinc++ -fno-builtin -fvisibility=hidden -fomit-frame-pointer -DCOMPILER_RT_HAS_FLOAT16 -DCOMPILER_RT_ARMHF_TARGET -MD -MT lib/builtins/CMakeFiles/clang_rt.builtins-armhf.dir/extendhfdf2.c.o -MF CMakeFiles/clang_rt.builtins-armhf.dir/extendhfdf2.c.o.d -o CMakeFiles/clang_rt.builtins-armhf.dir/extendhfdf2.c.o -c /llvm-project-21.1.8.src/compiler-rt/lib/builtins/extendhfdf2.c
#26 12.86 [ 23%] Building C object lib/builtins/CMakeFiles/clang_rt.builtins-armhf.dir/ffsdi2.c.o
#26 12.86 [ 23%] Building C object lib/builtins/CMakeFiles/clang_rt.builtins-armhf.dir/fixdfdi.c.o
#26 12.86 cd /tmp/build-rt-armhf/lib/builtins && /usr/bin/clang --target=armv7l-unknown-linux-gnueabihf --sysroot=/tmp/musl-sysroot-armhf -DVISIBILITY_HIDDEN -I/llvm-project-21.1.8.src/compiler-rt/lib/builtins/../../../third-party/siphash/include --target=armv7l-unknown-linux-gnueabihf --sysroot=/tmp/musl-sysroot-armhf -Wall -Wno-unused-parameter -O3 -DNDEBUG -std=gnu11 -fno-lto -Werror=array-bounds -Werror=uninitialized -Werror=shadow -Werror=empty-body -Werror=sizeof-pointer-memaccess -Werror=sizeof-array-argument -Werror=suspicious-memaccess -Werror=builtin-memcpy-chk-size -Werror=array-bounds-pointer-arithmetic -Werror=return-stack-address -Werror=sizeof-array-decay -Werror=format-insufficient-args -Wformat -nostdinc++ -fno-builtin -fvisibility=hidden -fomit-frame-pointer -DCOMPILER_RT_HAS_FLOAT16 -DCOMPILER_RT_ARMHF_TARGET -MD -MT lib/builtins/CMakeFiles/clang_rt.builtins-armhf.dir/ffssi2.c.o -MF CMakeFiles/clang_rt.builtins-armhf.dir/ffssi2.c.o.d -o CMakeFiles/clang_rt.builtins-armhf.dir/ffssi2.c.o -c /llvm-project-21.1.8.src/compiler-rt/lib/builtins/ffssi2.c
#26 12.86 [ 24%] Building C object lib/builtins/CMakeFiles/clang_rt.builtins-armhf.dir/fixdfti.c.o
#26 12.86 [ 24%] Building C object lib/builtins/CMakeFiles/clang_rt.builtins-armhf.dir/fixdfsi.c.o
#26 12.86 cd /tmp/build-rt-armhf/lib/builtins && /usr/bin/clang --target=armv7l-unknown-linux-gnueabihf --sysroot=/tmp/musl-sysroot-armhf -DVISIBILITY_HIDDEN -I/llvm-project-21.1.8.src/compiler-rt/lib/builtins/../../../third-party/siphash/include --target=armv7l-unknown-linux-gnueabihf --sysroot=/tmp/musl-sysroot-armhf -Wall -Wno-unused-parameter -O3 -DNDEBUG -std=gnu11 -fno-lto -Werror=array-bounds -Werror=uninitialized -Werror=shadow -Werror=empty-body -Werror=sizeof-pointer-memaccess -Werror=sizeof-array-argument -Werror=suspicious-memaccess -Werror=builtin-memcpy-chk-size -Werror=array-bounds-pointer-arithmetic -Werror=return-stack-address -Werror=sizeof-array-decay -Werror=format-insufficient-args -Wformat -nostdinc++ -fno-builtin -fvisibility=hidden -fomit-frame-pointer -DCOMPILER_RT_HAS_FLOAT16 -DCOMPILER_RT_ARMHF_TARGET -MD -MT lib/builtins/CMakeFiles/clang_rt.builtins-armhf.dir/ffsti2.c.o -MF CMakeFiles/clang_rt.builtins-armhf.dir/ffsti2.c.o.d -o CMakeFiles/clang_rt.builtins-armhf.dir/ffsti2.c.o -c /llvm-project-21.1.8.src/compiler-rt/lib/builtins/ffsti2.c
#26 12.86 cd /tmp/build-rt-armhf/lib/builtins && /usr/bin/clang --target=armv7l-unknown-linux-gnueabihf --sysroot=/tmp/musl-sysroot-armhf -DVISIBILITY_HIDDEN -I/llvm-project-21.1.8.src/compiler-rt/lib/builtins/../../../third-party/siphash/include --target=armv7l-unknown-linux-gnueabihf --sysroot=/tmp/musl-sysroot-armhf -Wall -Wno-unused-parameter -O3 -DNDEBUG -std=gnu11 -fno-lto -Werror=array-bounds -Werror=uninitialized -Werror=shadow -Werror=empty-body -Werror=sizeof-pointer-memaccess -Werror=sizeof-array-argument -Werror=suspicious-memaccess -Werror=builtin-memcpy-chk-size -Werror=array-bounds-pointer-arithmetic -Werror=return-stack-address -Werror=sizeof-array-decay -Werror=format-insufficient-args -Wformat -nostdinc++ -fno-builtin -fvisibility=hidden -fomit-frame-pointer -DCOMPILER_RT_HAS_FLOAT16 -DCOMPILER_RT_ARMHF_TARGET -MD -MT lib/builtins/CMakeFiles/clang_rt.builtins-armhf.dir/ffsdi2.c.o -MF CMakeFiles/clang_rt.builtins-armhf.dir/ffsdi2.c.o.d -o CMakeFiles/clang_rt.builtins-armhf.dir/ffsdi2.c.o -c /llvm-project-21.1.8.src/compiler-rt/lib/builtins/ffsdi2.c
#26 12.86 [ 25%] Building C object lib/builtins/CMakeFiles/clang_rt.builtins-armhf.dir/fixsfti.c.o
#26 12.86 [ 26%] Building C object lib/builtins/CMakeFiles/clang_rt.builtins-armhf.dir/fixsfsi.c.o
#26 12.86 [ 26%] Building C object lib/builtins/CMakeFiles/clang_rt.builtins-armhf.dir/fixunsdfdi.c.o
#26 12.86 cd /tmp/build-rt-armhf/lib/builtins && /usr/bin/clang --target=armv7l-unknown-linux-gnueabihf --sysroot=/tmp/musl-sysroot-armhf -DVISIBILITY_HIDDEN -I/llvm-project-21.1.8.src/compiler-rt/lib/builtins/../../../third-party/siphash/include --target=armv7l-unknown-linux-gnueabihf --sysroot=/tmp/musl-sysroot-armhf -Wall -Wno-unused-parameter -O3 -DNDEBUG -std=gnu11 -fno-lto -Werror=array-bounds -Werror=uninitialized -Werror=shadow -Werror=empty-body -Werror=sizeof-pointer-memaccess -Werror=sizeof-array-argument -Werror=suspicious-memaccess -Werror=builtin-memcpy-chk-size -Werror=array-bounds-pointer-arithmetic -Werror=return-stack-address -Werror=sizeof-array-decay -Werror=format-insufficient-args -Wformat -nostdinc++ -fno-builtin -fvisibility=hidden -fomit-frame-pointer -DCOMPILER_RT_HAS_FLOAT16 -DCOMPILER_RT_ARMHF_TARGET -MD -MT lib/builtins/CMakeFiles/clang_rt.builtins-armhf.dir/fixdfdi.c.o -MF CMakeFiles/clang_rt.builtins-armhf.dir/fixdfdi.c.o.d -o CMakeFiles/clang_rt.builtins-armhf.dir/fixdfdi.c.o -c /llvm-project-21.1.8.src/compiler-rt/lib/builtins/fixdfdi.c
#26 12.86 [ 26%] Building C object lib/builtins/CMakeFiles/clang_rt.builtins-armhf.dir/fixunsdfsi.c.o
#26 12.86 [ 26%] Building C object lib/builtins/CMakeFiles/clang_rt.builtins-armhf.dir/fixsfdi.c.o
#26 12.86 cd /tmp/build-rt-armhf/lib/builtins && /usr/bin/clang --target=armv7l-unknown-linux-gnueabihf --sysroot=/tmp/musl-sysroot-armhf -DVISIBILITY_HIDDEN -I/llvm-project-21.1.8.src/compiler-rt/lib/builtins/../../../third-party/siphash/include --target=armv7l-unknown-linux-gnueabihf --sysroot=/tmp/musl-sysroot-armhf -Wall -Wno-unused-parameter -O3 -DNDEBUG -std=gnu11 -fno-lto -Werror=array-bounds -Werror=uninitialized -Werror=shadow -Werror=empty-body -Werror=sizeof-pointer-memaccess -Werror=sizeof-array-argument -Werror=suspicious-memaccess -Werror=builtin-memcpy-chk-size -Werror=array-bounds-pointer-arithmetic -Werror=return-stack-address -Werror=sizeof-array-decay -Werror=format-insufficient-args -Wformat -nostdinc++ -fno-builtin -fvisibility=hidden -fomit-frame-pointer -DCOMPILER_RT_HAS_FLOAT16 -DCOMPILER_RT_ARMHF_TARGET -MD -MT lib/builtins/CMakeFiles/clang_rt.builtins-armhf.dir/fixdfsi.c.o -MF CMakeFiles/clang_rt.builtins-armhf.dir/fixdfsi.c.o.d -o CMakeFiles/clang_rt.builtins-armhf.dir/fixdfsi.c.o -c /llvm-project-21.1.8.src/compiler-rt/lib/builtins/fixdfsi.c
#26 12.86 [ 27%] Building C object lib/builtins/CMakeFiles/clang_rt.builtins-armhf.dir/fixunsdfti.c.o
#26 12.86 cd /tmp/build-rt-armhf/lib/builtins && /usr/bin/clang --target=armv7l-unknown-linux-gnueabihf --sysroot=/tmp/musl-sysroot-armhf -DVISIBILITY_HIDDEN -I/llvm-project-21.1.8.src/compiler-rt/lib/builtins/../../../third-party/siphash/include --target=armv7l-unknown-linux-gnueabihf --sysroot=/tmp/musl-sysroot-armhf -Wall -Wno-unused-parameter -O3 -DNDEBUG -std=gnu11 -fno-lto -Werror=array-bounds -Werror=uninitialized -Werror=shadow -Werror=empty-body -Werror=sizeof-pointer-memaccess -Werror=sizeof-array-argument -Werror=suspicious-memaccess -Werror=builtin-memcpy-chk-size -Werror=array-bounds-pointer-arithmetic -Werror=return-stack-address -Werror=sizeof-array-decay -Werror=format-insufficient-args -Wformat -nostdinc++ -fno-builtin -fvisibility=hidden -fomit-frame-pointer -DCOMPILER_RT_HAS_FLOAT16 -DCOMPILER_RT_ARMHF_TARGET -MD -MT lib/builtins/CMakeFiles/clang_rt.builtins-armhf.dir/fixdfti.c.o -MF CMakeFiles/clang_rt.builtins-armhf.dir/fixdfti.c.o.d -o CMakeFiles/clang_rt.builtins-armhf.dir/fixdfti.c.o -c /llvm-project-21.1.8.src/compiler-rt/lib/builtins/fixdfti.c
#26 12.86 cd /tmp/build-rt-armhf/lib/builtins && /usr/bin/clang --target=armv7l-unknown-linux-gnueabihf --sysroot=/tmp/musl-sysroot-armhf -DVISIBILITY_HIDDEN -I/llvm-project-21.1.8.src/compiler-rt/lib/builtins/../../../third-party/siphash/include --target=armv7l-unknown-linux-gnueabihf --sysroot=/tmp/musl-sysroot-armhf -Wall -Wno-unused-parameter -O3 -DNDEBUG -std=gnu11 -fno-lto -Werror=array-bounds -Werror=uninitialized -Werror=shadow -Werror=empty-body -Werror=sizeof-pointer-memaccess -Werror=sizeof-array-argument -Werror=suspicious-memaccess -Werror=builtin-memcpy-chk-size -Werror=array-bounds-pointer-arithmetic -Werror=return-stack-address -Werror=sizeof-array-decay -Werror=format-insufficient-args -Wformat -nostdinc++ -fno-builtin -fvisibility=hidden -fomit-frame-pointer -DCOMPILER_RT_HAS_FLOAT16 -DCOMPILER_RT_ARMHF_TARGET -MD -MT lib/builtins/CMakeFiles/clang_rt.builtins-armhf.dir/fixsfsi.c.o -MF CMakeFiles/clang_rt.builtins-armhf.dir/fixsfsi.c.o.d -o CMakeFiles/clang_rt.builtins-armhf.dir/fixsfsi.c.o -c /llvm-project-21.1.8.src/compiler-rt/lib/builtins/fixsfsi.c
#26 12.86 cd /tmp/build-rt-armhf/lib/builtins && /usr/bin/clang --target=armv7l-unknown-linux-gnueabihf --sysroot=/tmp/musl-sysroot-armhf -DVISIBILITY_HIDDEN -I/llvm-project-21.1.8.src/compiler-rt/lib/builtins/../../../third-party/siphash/include --target=armv7l-unknown-linux-gnueabihf --sysroot=/tmp/musl-sysroot-armhf -Wall -Wno-unused-parameter -O3 -DNDEBUG -std=gnu11 -fno-lto -Werror=array-bounds -Werror=uninitialized -Werror=shadow -Werror=empty-body -Werror=sizeof-pointer-memaccess -Werror=sizeof-array-argument -Werror=suspicious-memaccess -Werror=builtin-memcpy-chk-size -Werror=array-bounds-pointer-arithmetic -Werror=return-stack-address -Werror=sizeof-array-decay -Werror=format-insufficient-args -Wformat -nostdinc++ -fno-builtin -fvisibility=hidden -fomit-frame-pointer -DCOMPILER_RT_HAS_FLOAT16 -DCOMPILER_RT_ARMHF_TARGET -MD -MT lib/builtins/CMakeFiles/clang_rt.builtins-armhf.dir/fixsfti.c.o -MF CMakeFiles/clang_rt.builtins-armhf.dir/fixsfti.c.o.d -o CMakeFiles/clang_rt.builtins-armhf.dir/fixsfti.c.o -c /llvm-project-21.1.8.src/compiler-rt/lib/builtins/fixsfti.c
#26 12.86 [ 27%] Building C object lib/builtins/CMakeFiles/clang_rt.builtins-armhf.dir/fixunssfdi.c.o
#26 12.86 cd /tmp/build-rt-armhf/lib/builtins && /usr/bin/clang --target=armv7l-unknown-linux-gnueabihf --sysroot=/tmp/musl-sysroot-armhf -DVISIBILITY_HIDDEN -I/llvm-project-21.1.8.src/compiler-rt/lib/builtins/../../../third-party/siphash/include --target=armv7l-unknown-linux-gnueabihf --sysroot=/tmp/musl-sysroot-armhf -Wall -Wno-unused-parameter -O3 -DNDEBUG -std=gnu11 -fno-lto -Werror=array-bounds -Werror=uninitialized -Werror=shadow -Werror=empty-body -Werror=sizeof-pointer-memaccess -Werror=sizeof-array-argument -Werror=suspicious-memaccess -Werror=builtin-memcpy-chk-size -Werror=array-bounds-pointer-arithmetic -Werror=return-stack-address -Werror=sizeof-array-decay -Werror=format-insufficient-args -Wformat -nostdinc++ -fno-builtin -fvisibility=hidden -fomit-frame-pointer -DCOMPILER_RT_HAS_FLOAT16 -DCOMPILER_RT_ARMHF_TARGET -MD -MT lib/builtins/CMakeFiles/clang_rt.builtins-armhf.dir/fixsfdi.c.o -MF CMakeFiles/clang_rt.builtins-armhf.dir/fixsfdi.c.o.d -o CMakeFiles/clang_rt.builtins-armhf.dir/fixsfdi.c.o -c /llvm-project-21.1.8.src/compiler-rt/lib/builtins/fixsfdi.c
#26 12.86 cd /tmp/build-rt-armhf/lib/builtins && /usr/bin/clang --target=armv7l-unknown-linux-gnueabihf --sysroot=/tmp/musl-sysroot-armhf -DVISIBILITY_HIDDEN -I/llvm-project-21.1.8.src/compiler-rt/lib/builtins/../../../third-party/siphash/include --target=armv7l-unknown-linux-gnueabihf --sysroot=/tmp/musl-sysroot-armhf -Wall -Wno-unused-parameter -O3 -DNDEBUG -std=gnu11 -fno-lto -Werror=array-bounds -Werror=uninitialized -Werror=shadow -Werror=empty-body -Werror=sizeof-pointer-memaccess -Werror=sizeof-array-argument -Werror=suspicious-memaccess -Werror=builtin-memcpy-chk-size -Werror=array-bounds-pointer-arithmetic -Werror=return-stack-address -Werror=sizeof-array-decay -Werror=format-insufficient-args -Wformat -nostdinc++ -fno-builtin -fvisibility=hidden -fomit-frame-pointer -DCOMPILER_RT_HAS_FLOAT16 -DCOMPILER_RT_ARMHF_TARGET -MD -MT lib/builtins/CMakeFiles/clang_rt.builtins-armhf.dir/fixunsdfdi.c.o -MF CMakeFiles/clang_rt.builtins-armhf.dir/fixunsdfdi.c.o.d -o CMakeFiles/clang_rt.builtins-armhf.dir/fixunsdfdi.c.o -c /llvm-project-21.1.8.src/compiler-rt/lib/builtins/fixunsdfdi.c
#26 12.86 cd /tmp/build-rt-armhf/lib/builtins && /usr/bin/clang --target=armv7l-unknown-linux-gnueabihf --sysroot=/tmp/musl-sysroot-armhf -DVISIBILITY_HIDDEN -I/llvm-project-21.1.8.src/compiler-rt/lib/builtins/../../../third-party/siphash/include --target=armv7l-unknown-linux-gnueabihf --sysroot=/tmp/musl-sysroot-armhf -Wall -Wno-unused-parameter -O3 -DNDEBUG -std=gnu11 -fno-lto -Werror=array-bounds -Werror=uninitialized -Werror=shadow -Werror=empty-body -Werror=sizeof-pointer-memaccess -Werror=sizeof-array-argument -Werror=suspicious-memaccess -Werror=builtin-memcpy-chk-size -Werror=array-bounds-pointer-arithmetic -Werror=return-stack-address -Werror=sizeof-array-decay -Werror=format-insufficient-args -Wformat -nostdinc++ -fno-builtin -fvisibility=hidden -fomit-frame-pointer -DCOMPILER_RT_HAS_FLOAT16 -DCOMPILER_RT_ARMHF_TARGET -MD -MT lib/builtins/CMakeFiles/clang_rt.builtins-armhf.dir/fixunsdfsi.c.o -MF CMakeFiles/clang_rt.builtins-armhf.dir/fixunsdfsi.c.o.d -o CMakeFiles/clang_rt.builtins-armhf.dir/fixunsdfsi.c.o -c /llvm-project-21.1.8.src/compiler-rt/lib/builtins/fixunsdfsi.c
#26 12.86 cd /tmp/build-rt-armhf/lib/builtins && /usr/bin/clang --target=armv7l-unknown-linux-gnueabihf --sysroot=/tmp/musl-sysroot-armhf -DVISIBILITY_HIDDEN -I/llvm-project-21.1.8.src/compiler-rt/lib/builtins/../../../third-party/siphash/include --target=armv7l-unknown-linux-gnueabihf --sysroot=/tmp/musl-sysroot-armhf -Wall -Wno-unused-parameter -O3 -DNDEBUG -std=gnu11 -fno-lto -Werror=array-bounds -Werror=uninitialized -Werror=shadow -Werror=empty-body -Werror=sizeof-pointer-memaccess -Werror=sizeof-array-argument -Werror=suspicious-memaccess -Werror=builtin-memcpy-chk-size -Werror=array-bounds-pointer-arithmetic -Werror=return-stack-address -Werror=sizeof-array-decay -Werror=format-insufficient-args -Wformat -nostdinc++ -fno-builtin -fvisibility=hidden -fomit-frame-pointer -DCOMPILER_RT_HAS_FLOAT16 -DCOMPILER_RT_ARMHF_TARGET -MD -MT lib/builtins/CMakeFiles/clang_rt.builtins-armhf.dir/fixunsdfti.c.o -MF CMakeFiles/clang_rt.builtins-armhf.dir/fixunsdfti.c.o.d -o CMakeFiles/clang_rt.builtins-armhf.dir/fixunsdfti.c.o -c /llvm-project-21.1.8.src/compiler-rt/lib/builtins/fixunsdfti.c
#26 12.86 cd /tmp/build-rt-armhf/lib/builtins && /usr/bin/clang --target=armv7l-unknown-linux-gnueabihf --sysroot=/tmp/musl-sysroot-armhf -DVISIBILITY_HIDDEN -I/llvm-project-21.1.8.src/compiler-rt/lib/builtins/../../../third-party/siphash/include --target=armv7l-unknown-linux-gnueabihf --sysroot=/tmp/musl-sysroot-armhf -Wall -Wno-unused-parameter -O3 -DNDEBUG -std=gnu11 -fno-lto -Werror=array-bounds -Werror=uninitialized -Werror=shadow -Werror=empty-body -Werror=sizeof-pointer-memaccess -Werror=sizeof-array-argument -Werror=suspicious-memaccess -Werror=builtin-memcpy-chk-size -Werror=array-bounds-pointer-arithmetic -Werror=return-stack-address -Werror=sizeof-array-decay -Werror=format-insufficient-args -Wformat -nostdinc++ -fno-builtin -fvisibility=hidden -fomit-frame-pointer -DCOMPILER_RT_HAS_FLOAT16 -DCOMPILER_RT_ARMHF_TARGET -MD -MT lib/builtins/CMakeFiles/clang_rt.builtins-armhf.dir/fixunssfdi.c.o -MF CMakeFiles/clang_rt.builtins-armhf.dir/fixunssfdi.c.o.d -o CMakeFiles/clang_rt.builtins-armhf.dir/fixunssfdi.c.o -c /llvm-project-21.1.8.src/compiler-rt/lib/builtins/fixunssfdi.c
#26 12.86 [ 28%] Building C object lib/builtins/CMakeFiles/clang_rt.builtins-armhf.dir/fixunssfsi.c.o
#26 12.86 cd /tmp/build-rt-armhf/lib/builtins && /usr/bin/clang --target=armv7l-unknown-linux-gnueabihf --sysroot=/tmp/musl-sysroot-armhf -DVISIBILITY_HIDDEN -I/llvm-project-21.1.8.src/compiler-rt/lib/builtins/../../../third-party/siphash/include --target=armv7l-unknown-linux-gnueabihf --sysroot=/tmp/musl-sysroot-armhf -Wall -Wno-unused-parameter -O3 -DNDEBUG -std=gnu11 -fno-lto -Werror=array-bounds -Werror=uninitialized -Werror=shadow -Werror=empty-body -Werror=sizeof-pointer-memaccess -Werror=sizeof-array-argument -Werror=suspicious-memaccess -Werror=builtin-memcpy-chk-size -Werror=array-bounds-pointer-arithmetic -Werror=return-stack-address -Werror=sizeof-array-decay -Werror=format-insufficient-args -Wformat -nostdinc++ -fno-builtin -fvisibility=hidden -fomit-frame-pointer -DCOMPILER_RT_HAS_FLOAT16 -DCOMPILER_RT_ARMHF_TARGET -MD -MT lib/builtins/CMakeFiles/clang_rt.builtins-armhf.dir/fixunssfsi.c.o -MF CMakeFiles/clang_rt.builtins-armhf.dir/fixunssfsi.c.o.d -o CMakeFiles/clang_rt.builtins-armhf.dir/fixunssfsi.c.o -c /llvm-project-21.1.8.src/compiler-rt/lib/builtins/fixunssfsi.c
#26 12.86 [ 28%] Building C object lib/builtins/CMakeFiles/clang_rt.builtins-armhf.dir/fixunssfti.c.o
#26 12.86 [ 28%] Building C object lib/builtins/CMakeFiles/clang_rt.builtins-armhf.dir/floatdidf.c.o
#26 12.86 [ 29%] Building C object lib/builtins/CMakeFiles/clang_rt.builtins-armhf.dir/floatsisf.c.o
#26 12.86 [ 29%] Building C object lib/builtins/CMakeFiles/clang_rt.builtins-armhf.dir/floatsidf.c.o
#26 12.86 cd /tmp/build-rt-armhf/lib/builtins && /usr/bin/clang --target=armv7l-unknown-linux-gnueabihf --sysroot=/tmp/musl-sysroot-armhf -DVISIBILITY_HIDDEN -I/llvm-project-21.1.8.src/compiler-rt/lib/builtins/../../../third-party/siphash/include --target=armv7l-unknown-linux-gnueabihf --sysroot=/tmp/musl-sysroot-armhf -Wall -Wno-unused-parameter -O3 -DNDEBUG -std=gnu11 -fno-lto -Werror=array-bounds -Werror=uninitialized -Werror=shadow -Werror=empty-body -Werror=sizeof-pointer-memaccess -Werror=sizeof-array-argument -Werror=suspicious-memaccess -Werror=builtin-memcpy-chk-size -Werror=array-bounds-pointer-arithmetic -Werror=return-stack-address -Werror=sizeof-array-decay -Werror=format-insufficient-args -Wformat -nostdinc++ -fno-builtin -fvisibility=hidden -fomit-frame-pointer -DCOMPILER_RT_HAS_FLOAT16 -DCOMPILER_RT_ARMHF_TARGET -MD -MT lib/builtins/CMakeFiles/clang_rt.builtins-armhf.dir/fixunssfti.c.o -MF CMakeFiles/clang_rt.builtins-armhf.dir/fixunssfti.c.o.d -o CMakeFiles/clang_rt.builtins-armhf.dir/fixunssfti.c.o -c /llvm-project-21.1.8.src/compiler-rt/lib/builtins/fixunssfti.c
#26 12.86 [ 30%] Building C object lib/builtins/CMakeFiles/clang_rt.builtins-armhf.dir/floattisf.c.o
#26 12.86 [ 31%] Building C object lib/builtins/CMakeFiles/clang_rt.builtins-armhf.dir/floatdisf.c.o
#26 12.87 [ 31%] Building C object lib/builtins/CMakeFiles/clang_rt.builtins-armhf.dir/floattidf.c.o
#26 12.87 [ 32%] Building C object lib/builtins/CMakeFiles/clang_rt.builtins-armhf.dir/floatundisf.c.o
#26 12.87 cd /tmp/build-rt-armhf/lib/builtins && /usr/bin/clang --target=armv7l-unknown-linux-gnueabihf --sysroot=/tmp/musl-sysroot-armhf -DVISIBILITY_HIDDEN -I/llvm-project-21.1.8.src/compiler-rt/lib/builtins/../../../third-party/siphash/include --target=armv7l-unknown-linux-gnueabihf --sysroot=/tmp/musl-sysroot-armhf -Wall -Wno-unused-parameter -O3 -DNDEBUG -std=gnu11 -fno-lto -Werror=array-bounds -Werror=uninitialized -Werror=shadow -Werror=empty-body -Werror=sizeof-pointer-memaccess -Werror=sizeof-array-argument -Werror=suspicious-memaccess -Werror=builtin-memcpy-chk-size -Werror=array-bounds-pointer-arithmetic -Werror=return-stack-address -Werror=sizeof-array-decay -Werror=format-insufficient-args -Wformat -nostdinc++ -fno-builtin -fvisibility=hidden -fomit-frame-pointer -DCOMPILER_RT_HAS_FLOAT16 -DCOMPILER_RT_ARMHF_TARGET -MD -MT lib/builtins/CMakeFiles/clang_rt.builtins-armhf.dir/floatdidf.c.o -MF CMakeFiles/clang_rt.builtins-armhf.dir/floatdidf.c.o.d -o CMakeFiles/clang_rt.builtins-armhf.dir/floatdidf.c.o -c /llvm-project-21.1.8.src/compiler-rt/lib/builtins/floatdidf.c
#26 12.87 cd /tmp/build-rt-armhf/lib/builtins && /usr/bin/clang --target=armv7l-unknown-linux-gnueabihf --sysroot=/tmp/musl-sysroot-armhf -DVISIBILITY_HIDDEN -I/llvm-project-21.1.8.src/compiler-rt/lib/builtins/../../../third-party/siphash/include --target=armv7l-unknown-linux-gnueabihf --sysroot=/tmp/musl-sysroot-armhf -Wall -Wno-unused-parameter -O3 -DNDEBUG -std=gnu11 -fno-lto -Werror=array-bounds -Werror=uninitialized -Werror=shadow -Werror=empty-body -Werror=sizeof-pointer-memaccess -Werror=sizeof-array-argument -Werror=suspicious-memaccess -Werror=builtin-memcpy-chk-size -Werror=array-bounds-pointer-arithmetic -Werror=return-stack-address -Werror=sizeof-array-decay -Werror=format-insufficient-args -Wformat -nostdinc++ -fno-builtin -fvisibility=hidden -fomit-frame-pointer -DCOMPILER_RT_HAS_FLOAT16 -DCOMPILER_RT_ARMHF_TARGET -MD -MT lib/builtins/CMakeFiles/clang_rt.builtins-armhf.dir/floatsidf.c.o -MF CMakeFiles/clang_rt.builtins-armhf.dir/floatsidf.c.o.d -o CMakeFiles/clang_rt.builtins-armhf.dir/floatsidf.c.o -c /llvm-project-21.1.8.src/compiler-rt/lib/builtins/floatsidf.c
#26 12.87 [ 32%] Building C object lib/builtins/CMakeFiles/clang_rt.builtins-armhf.dir/floatundidf.c.o
#26 12.87 cd /tmp/build-rt-armhf/lib/builtins && /usr/bin/clang --target=armv7l-unknown-linux-gnueabihf --sysroot=/tmp/musl-sysroot-armhf -DVISIBILITY_HIDDEN -I/llvm-project-21.1.8.src/compiler-rt/lib/builtins/../../../third-party/siphash/include --target=armv7l-unknown-linux-gnueabihf --sysroot=/tmp/musl-sysroot-armhf -Wall -Wno-unused-parameter -O3 -DNDEBUG -std=gnu11 -fno-lto -Werror=array-bounds -Werror=uninitialized -Werror=shadow -Werror=empty-body -Werror=sizeof-pointer-memaccess -Werror=sizeof-array-argument -Werror=suspicious-memaccess -Werror=builtin-memcpy-chk-size -Werror=array-bounds-pointer-arithmetic -Werror=return-stack-address -Werror=sizeof-array-decay -Werror=format-insufficient-args -Wformat -nostdinc++ -fno-builtin -fvisibility=hidden -fomit-frame-pointer -DCOMPILER_RT_HAS_FLOAT16 -DCOMPILER_RT_ARMHF_TARGET -MD -MT lib/builtins/CMakeFiles/clang_rt.builtins-armhf.dir/floatsisf.c.o -MF CMakeFiles/clang_rt.builtins-armhf.dir/floatsisf.c.o.d -o CMakeFiles/clang_rt.builtins-armhf.dir/floatsisf.c.o -c /llvm-project-21.1.8.src/compiler-rt/lib/builtins/floatsisf.c
#26 12.87 cd /tmp/build-rt-armhf/lib/builtins && /usr/bin/clang --target=armv7l-unknown-linux-gnueabihf --sysroot=/tmp/musl-sysroot-armhf -DVISIBILITY_HIDDEN -I/llvm-project-21.1.8.src/compiler-rt/lib/builtins/../../../third-party/siphash/include --target=armv7l-unknown-linux-gnueabihf --sysroot=/tmp/musl-sysroot-armhf -Wall -Wno-unused-parameter -O3 -DNDEBUG -std=gnu11 -fno-lto -Werror=array-bounds -Werror=uninitialized -Werror=shadow -Werror=empty-body -Werror=sizeof-pointer-memaccess -Werror=sizeof-array-argument -Werror=suspicious-memaccess -Werror=builtin-memcpy-chk-size -Werror=array-bounds-pointer-arithmetic -Werror=return-stack-address -Werror=sizeof-array-decay -Werror=format-insufficient-args -Wformat -nostdinc++ -fno-builtin -fvisibility=hidden -fomit-frame-pointer -DCOMPILER_RT_HAS_FLOAT16 -DCOMPILER_RT_ARMHF_TARGET -MD -MT lib/builtins/CMakeFiles/clang_rt.builtins-armhf.dir/floatdisf.c.o -MF CMakeFiles/clang_rt.builtins-armhf.dir/floatdisf.c.o.d -o CMakeFiles/clang_rt.builtins-armhf.dir/floatdisf.c.o -c /llvm-project-21.1.8.src/compiler-rt/lib/builtins/floatdisf.c
#26 12.87 cd /tmp/build-rt-armhf/lib/builtins && /usr/bin/clang --target=armv7l-unknown-linux-gnueabihf --sysroot=/tmp/musl-sysroot-armhf -DVISIBILITY_HIDDEN -I/llvm-project-21.1.8.src/compiler-rt/lib/builtins/../../../third-party/siphash/include --target=armv7l-unknown-linux-gnueabihf --sysroot=/tmp/musl-sysroot-armhf -Wall -Wno-unused-parameter -O3 -DNDEBUG -std=gnu11 -fno-lto -Werror=array-bounds -Werror=uninitialized -Werror=shadow -Werror=empty-body -Werror=sizeof-pointer-memaccess -Werror=sizeof-array-argument -Werror=suspicious-memaccess -Werror=builtin-memcpy-chk-size -Werror=array-bounds-pointer-arithmetic -Werror=return-stack-address -Werror=sizeof-array-decay -Werror=format-insufficient-args -Wformat -nostdinc++ -fno-builtin -fvisibility=hidden -fomit-frame-pointer -DCOMPILER_RT_HAS_FLOAT16 -DCOMPILER_RT_ARMHF_TARGET -MD -MT lib/builtins/CMakeFiles/clang_rt.builtins-armhf.dir/floattisf.c.o -MF CMakeFiles/clang_rt.builtins-armhf.dir/floattisf.c.o.d -o CMakeFiles/clang_rt.builtins-armhf.dir/floattisf.c.o -c /llvm-project-21.1.8.src/compiler-rt/lib/builtins/floattisf.c
#26 12.87 cd /tmp/build-rt-armhf/lib/builtins && /usr/bin/clang --target=armv7l-unknown-linux-gnueabihf --sysroot=/tmp/musl-sysroot-armhf -DVISIBILITY_HIDDEN -I/llvm-project-21.1.8.src/compiler-rt/lib/builtins/../../../third-party/siphash/include --target=armv7l-unknown-linux-gnueabihf --sysroot=/tmp/musl-sysroot-armhf -Wall -Wno-unused-parameter -O3 -DNDEBUG -std=gnu11 -fno-lto -Werror=array-bounds -Werror=uninitialized -Werror=shadow -Werror=empty-body -Werror=sizeof-pointer-memaccess -Werror=sizeof-array-argument -Werror=suspicious-memaccess -Werror=builtin-memcpy-chk-size -Werror=array-bounds-pointer-arithmetic -Werror=return-stack-address -Werror=sizeof-array-decay -Werror=format-insufficient-args -Wformat -nostdinc++ -fno-builtin -fvisibility=hidden -fomit-frame-pointer -DCOMPILER_RT_HAS_FLOAT16 -DCOMPILER_RT_ARMHF_TARGET -MD -MT lib/builtins/CMakeFiles/clang_rt.builtins-armhf.dir/floattidf.c.o -MF CMakeFiles/clang_rt.builtins-armhf.dir/floattidf.c.o.d -o CMakeFiles/clang_rt.builtins-armhf.dir/floattidf.c.o -c /llvm-project-21.1.8.src/compiler-rt/lib/builtins/floattidf.c
#26 12.87 cd /tmp/build-rt-armhf/lib/builtins && /usr/bin/clang --target=armv7l-unknown-linux-gnueabihf --sysroot=/tmp/musl-sysroot-armhf -DVISIBILITY_HIDDEN -I/llvm-project-21.1.8.src/compiler-rt/lib/builtins/../../../third-party/siphash/include --target=armv7l-unknown-linux-gnueabihf --sysroot=/tmp/musl-sysroot-armhf -Wall -Wno-unused-parameter -O3 -DNDEBUG -std=gnu11 -fno-lto -Werror=array-bounds -Werror=uninitialized -Werror=shadow -Werror=empty-body -Werror=sizeof-pointer-memaccess -Werror=sizeof-array-argument -Werror=suspicious-memaccess -Werror=builtin-memcpy-chk-size -Werror=array-bounds-pointer-arithmetic -Werror=return-stack-address -Werror=sizeof-array-decay -Werror=format-insufficient-args -Wformat -nostdinc++ -fno-builtin -fvisibility=hidden -fomit-frame-pointer -DCOMPILER_RT_HAS_FLOAT16 -DCOMPILER_RT_ARMHF_TARGET -MD -MT lib/builtins/CMakeFiles/clang_rt.builtins-armhf.dir/floatundisf.c.o -MF CMakeFiles/clang_rt.builtins-armhf.dir/floatundisf.c.o.d -o CMakeFiles/clang_rt.builtins-armhf.dir/floatundisf.c.o -c /llvm-project-21.1.8.src/compiler-rt/lib/builtins/floatundisf.c
#26 12.87 [ 33%] Building C object lib/builtins/CMakeFiles/clang_rt.builtins-armhf.dir/floatunsisf.c.o
#26 12.87 cd /tmp/build-rt-armhf/lib/builtins && /usr/bin/clang --target=armv7l-unknown-linux-gnueabihf --sysroot=/tmp/musl-sysroot-armhf -DVISIBILITY_HIDDEN -I/llvm-project-21.1.8.src/compiler-rt/lib/builtins/../../../third-party/siphash/include --target=armv7l-unknown-linux-gnueabihf --sysroot=/tmp/musl-sysroot-armhf -Wall -Wno-unused-parameter -O3 -DNDEBUG -std=gnu11 -fno-lto -Werror=array-bounds -Werror=uninitialized -Werror=shadow -Werror=empty-body -Werror=sizeof-pointer-memaccess -Werror=sizeof-array-argument -Werror=suspicious-memaccess -Werror=builtin-memcpy-chk-size -Werror=array-bounds-pointer-arithmetic -Werror=return-stack-address -Werror=sizeof-array-decay -Werror=format-insufficient-args -Wformat -nostdinc++ -fno-builtin -fvisibility=hidden -fomit-frame-pointer -DCOMPILER_RT_HAS_FLOAT16 -DCOMPILER_RT_ARMHF_TARGET -MD -MT lib/builtins/CMakeFiles/clang_rt.builtins-armhf.dir/floatundidf.c.o -MF CMakeFiles/clang_rt.builtins-armhf.dir/floatundidf.c.o.d -o CMakeFiles/clang_rt.builtins-armhf.dir/floatundidf.c.o -c /llvm-project-21.1.8.src/compiler-rt/lib/builtins/floatundidf.c
#26 12.87 [ 33%] Building C object lib/builtins/CMakeFiles/clang_rt.builtins-armhf.dir/floatunsidf.c.o
#26 12.87 [ 34%] Building C object lib/builtins/CMakeFiles/clang_rt.builtins-armhf.dir/floatuntisf.c.o
#26 12.87 [ 34%] Building C object lib/builtins/CMakeFiles/clang_rt.builtins-armhf.dir/floatuntidf.c.o
#26 12.87 cd /tmp/build-rt-armhf/lib/builtins && /usr/bin/clang --target=armv7l-unknown-linux-gnueabihf --sysroot=/tmp/musl-sysroot-armhf -DVISIBILITY_HIDDEN -I/llvm-project-21.1.8.src/compiler-rt/lib/builtins/../../../third-party/siphash/include --target=armv7l-unknown-linux-gnueabihf --sysroot=/tmp/musl-sysroot-armhf -Wall -Wno-unused-parameter -O3 -DNDEBUG -std=gnu11 -fno-lto -Werror=array-bounds -Werror=uninitialized -Werror=shadow -Werror=empty-body -Werror=sizeof-pointer-memaccess -Werror=sizeof-array-argument -Werror=suspicious-memaccess -Werror=builtin-memcpy-chk-size -Werror=array-bounds-pointer-arithmetic -Werror=return-stack-address -Werror=sizeof-array-decay -Werror=format-insufficient-args -Wformat -nostdinc++ -fno-builtin -fvisibility=hidden -fomit-frame-pointer -DCOMPILER_RT_HAS_FLOAT16 -DCOMPILER_RT_ARMHF_TARGET -MD -MT lib/builtins/CMakeFiles/clang_rt.builtins-armhf.dir/floatunsidf.c.o -MF CMakeFiles/clang_rt.builtins-armhf.dir/floatunsidf.c.o.d -o CMakeFiles/clang_rt.builtins-armhf.dir/floatunsidf.c.o -c /llvm-project-21.1.8.src/compiler-rt/lib/builtins/floatunsidf.c
#26 12.87 cd /tmp/build-rt-armhf/lib/builtins && /usr/bin/clang --target=armv7l-unknown-linux-gnueabihf --sysroot=/tmp/musl-sysroot-armhf -DVISIBILITY_HIDDEN -I/llvm-project-21.1.8.src/compiler-rt/lib/builtins/../../../third-party/siphash/include --target=armv7l-unknown-linux-gnueabihf --sysroot=/tmp/musl-sysroot-armhf -Wall -Wno-unused-parameter -O3 -DNDEBUG -std=gnu11 -fno-lto -Werror=array-bounds -Werror=uninitialized -Werror=shadow -Werror=empty-body -Werror=sizeof-pointer-memaccess -Werror=sizeof-array-argument -Werror=suspicious-memaccess -Werror=builtin-memcpy-chk-size -Werror=array-bounds-pointer-arithmetic -Werror=return-stack-address -Werror=sizeof-array-decay -Werror=format-insufficient-args -Wformat -nostdinc++ -fno-builtin -fvisibility=hidden -fomit-frame-pointer -DCOMPILER_RT_HAS_FLOAT16 -DCOMPILER_RT_ARMHF_TARGET -MD -MT lib/builtins/CMakeFiles/clang_rt.builtins-armhf.dir/floatunsisf.c.o -MF CMakeFiles/clang_rt.builtins-armhf.dir/floatunsisf.c.o.d -o CMakeFiles/clang_rt.builtins-armhf.dir/floatunsisf.c.o -c /llvm-project-21.1.8.src/compiler-rt/lib/builtins/floatunsisf.c
#26 12.87 cd /tmp/build-rt-armhf/lib/builtins && /usr/bin/clang --target=armv7l-unknown-linux-gnueabihf --sysroot=/tmp/musl-sysroot-armhf -DVISIBILITY_HIDDEN -I/llvm-project-21.1.8.src/compiler-rt/lib/builtins/../../../third-party/siphash/include --target=armv7l-unknown-linux-gnueabihf --sysroot=/tmp/musl-sysroot-armhf -Wall -Wno-unused-parameter -O3 -DNDEBUG -std=gnu11 -fno-lto -Werror=array-bounds -Werror=uninitialized -Werror=shadow -Werror=empty-body -Werror=sizeof-pointer-memaccess -Werror=sizeof-array-argument -Werror=suspicious-memaccess -Werror=builtin-memcpy-chk-size -Werror=array-bounds-pointer-arithmetic -Werror=return-stack-address -Werror=sizeof-array-decay -Werror=format-insufficient-args -Wformat -nostdinc++ -fno-builtin -fvisibility=hidden -fomit-frame-pointer -DCOMPILER_RT_HAS_FLOAT16 -DCOMPILER_RT_ARMHF_TARGET -MD -MT lib/builtins/CMakeFiles/clang_rt.builtins-armhf.dir/floatuntidf.c.o -MF CMakeFiles/clang_rt.builtins-armhf.dir/floatuntidf.c.o.d -o CMakeFiles/clang_rt.builtins-armhf.dir/floatuntidf.c.o -c /llvm-project-21.1.8.src/compiler-rt/lib/builtins/floatuntidf.c
#26 12.87 cd /tmp/build-rt-armhf/lib/builtins && /usr/bin/clang --target=armv7l-unknown-linux-gnueabihf --sysroot=/tmp/musl-sysroot-armhf -DVISIBILITY_HIDDEN -I/llvm-project-21.1.8.src/compiler-rt/lib/builtins/../../../third-party/siphash/include --target=armv7l-unknown-linux-gnueabihf --sysroot=/tmp/musl-sysroot-armhf -Wall -Wno-unused-parameter -O3 -DNDEBUG -std=gnu11 -fno-lto -Werror=array-bounds -Werror=uninitialized -Werror=shadow -Werror=empty-body -Werror=sizeof-pointer-memaccess -Werror=sizeof-array-argument -Werror=suspicious-memaccess -Werror=builtin-memcpy-chk-size -Werror=array-bounds-pointer-arithmetic -Werror=return-stack-address -Werror=sizeof-array-decay -Werror=format-insufficient-args -Wformat -nostdinc++ -fno-builtin -fvisibility=hidden -fomit-frame-pointer -DCOMPILER_RT_HAS_FLOAT16 -DCOMPILER_RT_ARMHF_TARGET -MD -MT lib/builtins/CMakeFiles/clang_rt.builtins-armhf.dir/floatuntisf.c.o -MF CMakeFiles/clang_rt.builtins-armhf.dir/floatuntisf.c.o.d -o CMakeFiles/clang_rt.builtins-armhf.dir/floatuntisf.c.o -c /llvm-project-21.1.8.src/compiler-rt/lib/builtins/floatuntisf.c
#26 12.87 [ 34%] Building C object lib/builtins/CMakeFiles/clang_rt.builtins-armhf.dir/int_util.c.o
#26 12.87 [ 35%] Building C object lib/builtins/CMakeFiles/clang_rt.builtins-armhf.dir/lshrdi3.c.o
#26 12.87 [ 35%] Building C object lib/builtins/CMakeFiles/clang_rt.builtins-armhf.dir/lshrti3.c.o
#26 12.87 cd /tmp/build-rt-armhf/lib/builtins && /usr/bin/clang --target=armv7l-unknown-linux-gnueabihf --sysroot=/tmp/musl-sysroot-armhf -DVISIBILITY_HIDDEN -I/llvm-project-21.1.8.src/compiler-rt/lib/builtins/../../../third-party/siphash/include --target=armv7l-unknown-linux-gnueabihf --sysroot=/tmp/musl-sysroot-armhf -Wall -Wno-unused-parameter -O3 -DNDEBUG -std=gnu11 -fno-lto -Werror=array-bounds -Werror=uninitialized -Werror=shadow -Werror=empty-body -Werror=sizeof-pointer-memaccess -Werror=sizeof-array-argument -Werror=suspicious-memaccess -Werror=builtin-memcpy-chk-size -Werror=array-bounds-pointer-arithmetic -Werror=return-stack-address -Werror=sizeof-array-decay -Werror=format-insufficient-args -Wformat -nostdinc++ -fno-builtin -fvisibility=hidden -fomit-frame-pointer -DCOMPILER_RT_HAS_FLOAT16 -DCOMPILER_RT_ARMHF_TARGET -MD -MT lib/builtins/CMakeFiles/clang_rt.builtins-armhf.dir/int_util.c.o -MF CMakeFiles/clang_rt.builtins-armhf.dir/int_util.c.o.d -o CMakeFiles/clang_rt.builtins-armhf.dir/int_util.c.o -c /llvm-project-21.1.8.src/compiler-rt/lib/builtins/int_util.c
#26 12.87 cd /tmp/build-rt-armhf/lib/builtins && /usr/bin/clang --target=armv7l-unknown-linux-gnueabihf --sysroot=/tmp/musl-sysroot-armhf -DVISIBILITY_HIDDEN -I/llvm-project-21.1.8.src/compiler-rt/lib/builtins/../../../third-party/siphash/include --target=armv7l-unknown-linux-gnueabihf --sysroot=/tmp/musl-sysroot-armhf -Wall -Wno-unused-parameter -O3 -DNDEBUG -std=gnu11 -fno-lto -Werror=array-bounds -Werror=uninitialized -Werror=shadow -Werror=empty-body -Werror=sizeof-pointer-memaccess -Werror=sizeof-array-argument -Werror=suspicious-memaccess -Werror=builtin-memcpy-chk-size -Werror=array-bounds-pointer-arithmetic -Werror=return-stack-address -Werror=sizeof-array-decay -Werror=format-insufficient-args -Wformat -nostdinc++ -fno-builtin -fvisibility=hidden -fomit-frame-pointer -DCOMPILER_RT_HAS_FLOAT16 -DCOMPILER_RT_ARMHF_TARGET -MD -MT lib/builtins/CMakeFiles/clang_rt.builtins-armhf.dir/lshrdi3.c.o -MF CMakeFiles/clang_rt.builtins-armhf.dir/lshrdi3.c.o.d -o CMakeFiles/clang_rt.builtins-armhf.dir/lshrdi3.c.o -c /llvm-project-21.1.8.src/compiler-rt/lib/builtins/lshrdi3.c
#26 12.87 [ 36%] Building C object lib/builtins/CMakeFiles/clang_rt.builtins-armhf.dir/moddi3.c.o
#26 12.87 cd /tmp/build-rt-armhf/lib/builtins && /usr/bin/clang --target=armv7l-unknown-linux-gnueabihf --sysroot=/tmp/musl-sysroot-armhf -DVISIBILITY_HIDDEN -I/llvm-project-21.1.8.src/compiler-rt/lib/builtins/../../../third-party/siphash/include --target=armv7l-unknown-linux-gnueabihf --sysroot=/tmp/musl-sysroot-armhf -Wall -Wno-unused-parameter -O3 -DNDEBUG -std=gnu11 -fno-lto -Werror=array-bounds -Werror=uninitialized -Werror=shadow -Werror=empty-body -Werror=sizeof-pointer-memaccess -Werror=sizeof-array-argument -Werror=suspicious-memaccess -Werror=builtin-memcpy-chk-size -Werror=array-bounds-pointer-arithmetic -Werror=return-stack-address -Werror=sizeof-array-decay -Werror=format-insufficient-args -Wformat -nostdinc++ -fno-builtin -fvisibility=hidden -fomit-frame-pointer -DCOMPILER_RT_HAS_FLOAT16 -DCOMPILER_RT_ARMHF_TARGET -MD -MT lib/builtins/CMakeFiles/clang_rt.builtins-armhf.dir/lshrti3.c.o -MF CMakeFiles/clang_rt.builtins-armhf.dir/lshrti3.c.o.d -o CMakeFiles/clang_rt.builtins-armhf.dir/lshrti3.c.o -c /llvm-project-21.1.8.src/compiler-rt/lib/builtins/lshrti3.c
#26 12.87 cd /tmp/build-rt-armhf/lib/builtins && /usr/bin/clang --target=armv7l-unknown-linux-gnueabihf --sysroot=/tmp/musl-sysroot-armhf -DVISIBILITY_HIDDEN -I/llvm-project-21.1.8.src/compiler-rt/lib/builtins/../../../third-party/siphash/include --target=armv7l-unknown-linux-gnueabihf --sysroot=/tmp/musl-sysroot-armhf -Wall -Wno-unused-parameter -O3 -DNDEBUG -std=gnu11 -fno-lto -Werror=array-bounds -Werror=uninitialized -Werror=shadow -Werror=empty-body -Werror=sizeof-pointer-memaccess -Werror=sizeof-array-argument -Werror=suspicious-memaccess -Werror=builtin-memcpy-chk-size -Werror=array-bounds-pointer-arithmetic -Werror=return-stack-address -Werror=sizeof-array-decay -Werror=format-insufficient-args -Wformat -nostdinc++ -fno-builtin -fvisibility=hidden -fomit-frame-pointer -DCOMPILER_RT_HAS_FLOAT16 -DCOMPILER_RT_ARMHF_TARGET -MD -MT lib/builtins/CMakeFiles/clang_rt.builtins-armhf.dir/moddi3.c.o -MF CMakeFiles/clang_rt.builtins-armhf.dir/moddi3.c.o.d -o CMakeFiles/clang_rt.builtins-armhf.dir/moddi3.c.o -c /llvm-project-21.1.8.src/compiler-rt/lib/builtins/moddi3.c
#26 12.87 [ 36%] Building C object lib/builtins/CMakeFiles/clang_rt.builtins-armhf.dir/modti3.c.o
#26 12.87 [ 37%] Building C object lib/builtins/CMakeFiles/clang_rt.builtins-armhf.dir/muldc3.c.o
#26 12.87 cd /tmp/build-rt-armhf/lib/builtins && /usr/bin/clang --target=armv7l-unknown-linux-gnueabihf --sysroot=/tmp/musl-sysroot-armhf -DVISIBILITY_HIDDEN -I/llvm-project-21.1.8.src/compiler-rt/lib/builtins/../../../third-party/siphash/include --target=armv7l-unknown-linux-gnueabihf --sysroot=/tmp/musl-sysroot-armhf -Wall -Wno-unused-parameter -O3 -DNDEBUG -std=gnu11 -fno-lto -Werror=array-bounds -Werror=uninitialized -Werror=shadow -Werror=empty-body -Werror=sizeof-pointer-memaccess -Werror=sizeof-array-argument -Werror=suspicious-memaccess -Werror=builtin-memcpy-chk-size -Werror=array-bounds-pointer-arithmetic -Werror=return-stack-address -Werror=sizeof-array-decay -Werror=format-insufficient-args -Wformat -nostdinc++ -fno-builtin -fvisibility=hidden -fomit-frame-pointer -DCOMPILER_RT_HAS_FLOAT16 -DCOMPILER_RT_ARMHF_TARGET -MD -MT lib/builtins/CMakeFiles/clang_rt.builtins-armhf.dir/modti3.c.o -MF CMakeFiles/clang_rt.builtins-armhf.dir/modti3.c.o.d -o CMakeFiles/clang_rt.builtins-armhf.dir/modti3.c.o -c /llvm-project-21.1.8.src/compiler-rt/lib/builtins/modti3.c
#26 12.87 [ 37%] Building C object lib/builtins/CMakeFiles/clang_rt.builtins-armhf.dir/muldf3.c.o
#26 12.87 [ 37%] Building C object lib/builtins/CMakeFiles/clang_rt.builtins-armhf.dir/muldi3.c.o
#26 12.87 cd /tmp/build-rt-armhf/lib/builtins && /usr/bin/clang --target=armv7l-unknown-linux-gnueabihf --sysroot=/tmp/musl-sysroot-armhf -DVISIBILITY_HIDDEN -I/llvm-project-21.1.8.src/compiler-rt/lib/builtins/../../../third-party/siphash/include --target=armv7l-unknown-linux-gnueabihf --sysroot=/tmp/musl-sysroot-armhf -Wall -Wno-unused-parameter -O3 -DNDEBUG -std=gnu11 -fno-lto -Werror=array-bounds -Werror=uninitialized -Werror=shadow -Werror=empty-body -Werror=sizeof-pointer-memaccess -Werror=sizeof-array-argument -Werror=suspicious-memaccess -Werror=builtin-memcpy-chk-size -Werror=array-bounds-pointer-arithmetic -Werror=return-stack-address -Werror=sizeof-array-decay -Werror=format-insufficient-args -Wformat -nostdinc++ -fno-builtin -fvisibility=hidden -fomit-frame-pointer -DCOMPILER_RT_HAS_FLOAT16 -DCOMPILER_RT_ARMHF_TARGET -MD -MT lib/builtins/CMakeFiles/clang_rt.builtins-armhf.dir/muldc3.c.o -MF CMakeFiles/clang_rt.builtins-armhf.dir/muldc3.c.o.d -o CMakeFiles/clang_rt.builtins-armhf.dir/muldc3.c.o -c /llvm-project-21.1.8.src/compiler-rt/lib/builtins/muldc3.c
#26 12.87 cd /tmp/build-rt-armhf/lib/builtins && /usr/bin/clang --target=armv7l-unknown-linux-gnueabihf --sysroot=/tmp/musl-sysroot-armhf -DVISIBILITY_HIDDEN -I/llvm-project-21.1.8.src/compiler-rt/lib/builtins/../../../third-party/siphash/include --target=armv7l-unknown-linux-gnueabihf --sysroot=/tmp/musl-sysroot-armhf -Wall -Wno-unused-parameter -O3 -DNDEBUG -std=gnu11 -fno-lto -Werror=array-bounds -Werror=uninitialized -Werror=shadow -Werror=empty-body -Werror=sizeof-pointer-memaccess -Werror=sizeof-array-argument -Werror=suspicious-memaccess -Werror=builtin-memcpy-chk-size -Werror=array-bounds-pointer-arithmetic -Werror=return-stack-address -Werror=sizeof-array-decay -Werror=format-insufficient-args -Wformat -nostdinc++ -fno-builtin -fvisibility=hidden -fomit-frame-pointer -DCOMPILER_RT_HAS_FLOAT16 -DCOMPILER_RT_ARMHF_TARGET -MD -MT lib/builtins/CMakeFiles/clang_rt.builtins-armhf.dir/muldf3.c.o -MF CMakeFiles/clang_rt.builtins-armhf.dir/muldf3.c.o.d -o CMakeFiles/clang_rt.builtins-armhf.dir/muldf3.c.o -c /llvm-project-21.1.8.src/compiler-rt/lib/builtins/muldf3.c
#26 12.87 cd /tmp/build-rt-armhf/lib/builtins && /usr/bin/clang --target=armv7l-unknown-linux-gnueabihf --sysroot=/tmp/musl-sysroot-armhf -DVISIBILITY_HIDDEN -I/llvm-project-21.1.8.src/compiler-rt/lib/builtins/../../../third-party/siphash/include --target=armv7l-unknown-linux-gnueabihf --sysroot=/tmp/musl-sysroot-armhf -Wall -Wno-unused-parameter -O3 -DNDEBUG -std=gnu11 -fno-lto -Werror=array-bounds -Werror=uninitialized -Werror=shadow -Werror=empty-body -Werror=sizeof-pointer-memaccess -Werror=sizeof-array-argument -Werror=suspicious-memaccess -Werror=builtin-memcpy-chk-size -Werror=array-bounds-pointer-arithmetic -Werror=return-stack-address -Werror=sizeof-array-decay -Werror=format-insufficient-args -Wformat -nostdinc++ -fno-builtin -fvisibility=hidden -fomit-frame-pointer -DCOMPILER_RT_HAS_FLOAT16 -DCOMPILER_RT_ARMHF_TARGET -MD -MT lib/builtins/CMakeFiles/clang_rt.builtins-armhf.dir/muldi3.c.o -MF CMakeFiles/clang_rt.builtins-armhf.dir/muldi3.c.o.d -o CMakeFiles/clang_rt.builtins-armhf.dir/muldi3.c.o -c /llvm-project-21.1.8.src/compiler-rt/lib/builtins/muldi3.c
#26 12.87 [ 37%] Building C object lib/builtins/CMakeFiles/clang_rt.builtins-armhf.dir/mulosi4.c.o
#26 12.87 [ 38%] Building C object lib/builtins/CMakeFiles/clang_rt.builtins-armhf.dir/mulodi4.c.o
#26 12.87 [ 39%] Building C object lib/builtins/CMakeFiles/clang_rt.builtins-armhf.dir/mulsf3.c.o
#26 12.87 [ 39%] Building C object lib/builtins/CMakeFiles/clang_rt.builtins-armhf.dir/mulsc3.c.o
#26 12.87 cd /tmp/build-rt-armhf/lib/builtins && /usr/bin/clang --target=armv7l-unknown-linux-gnueabihf --sysroot=/tmp/musl-sysroot-armhf -DVISIBILITY_HIDDEN -I/llvm-project-21.1.8.src/compiler-rt/lib/builtins/../../../third-party/siphash/include --target=armv7l-unknown-linux-gnueabihf --sysroot=/tmp/musl-sysroot-armhf -Wall -Wno-unused-parameter -O3 -DNDEBUG -std=gnu11 -fno-lto -Werror=array-bounds -Werror=uninitialized -Werror=shadow -Werror=empty-body -Werror=sizeof-pointer-memaccess -Werror=sizeof-array-argument -Werror=suspicious-memaccess -Werror=builtin-memcpy-chk-size -Werror=array-bounds-pointer-arithmetic -Werror=return-stack-address -Werror=sizeof-array-decay -Werror=format-insufficient-args -Wformat -nostdinc++ -fno-builtin -fvisibility=hidden -fomit-frame-pointer -DCOMPILER_RT_HAS_FLOAT16 -DCOMPILER_RT_ARMHF_TARGET -MD -MT lib/builtins/CMakeFiles/clang_rt.builtins-armhf.dir/mulosi4.c.o -MF CMakeFiles/clang_rt.builtins-armhf.dir/mulosi4.c.o.d -o CMakeFiles/clang_rt.builtins-armhf.dir/mulosi4.c.o -c /llvm-project-21.1.8.src/compiler-rt/lib/builtins/mulosi4.c
#26 12.87 [ 40%] Building C object lib/builtins/CMakeFiles/clang_rt.builtins-armhf.dir/muloti4.c.o
#26 12.87 [ 40%] Building C object lib/builtins/CMakeFiles/clang_rt.builtins-armhf.dir/multi3.c.o
#26 12.87 cd /tmp/build-rt-armhf/lib/builtins && /usr/bin/clang --target=armv7l-unknown-linux-gnueabihf --sysroot=/tmp/musl-sysroot-armhf -DVISIBILITY_HIDDEN -I/llvm-project-21.1.8.src/compiler-rt/lib/builtins/../../../third-party/siphash/include --target=armv7l-unknown-linux-gnueabihf --sysroot=/tmp/musl-sysroot-armhf -Wall -Wno-unused-parameter -O3 -DNDEBUG -std=gnu11 -fno-lto -Werror=array-bounds -Werror=uninitialized -Werror=shadow -Werror=empty-body -Werror=sizeof-pointer-memaccess -Werror=sizeof-array-argument -Werror=suspicious-memaccess -Werror=builtin-memcpy-chk-size -Werror=array-bounds-pointer-arithmetic -Werror=return-stack-address -Werror=sizeof-array-decay -Werror=format-insufficient-args -Wformat -nostdinc++ -fno-builtin -fvisibility=hidden -fomit-frame-pointer -DCOMPILER_RT_HAS_FLOAT16 -DCOMPILER_RT_ARMHF_TARGET -MD -MT lib/builtins/CMakeFiles/clang_rt.builtins-armhf.dir/mulodi4.c.o -MF CMakeFiles/clang_rt.builtins-armhf.dir/mulodi4.c.o.d -o CMakeFiles/clang_rt.builtins-armhf.dir/mulodi4.c.o -c /llvm-project-21.1.8.src/compiler-rt/lib/builtins/mulodi4.c
#26 12.87 cd /tmp/build-rt-armhf/lib/builtins && /usr/bin/clang --target=armv7l-unknown-linux-gnueabihf --sysroot=/tmp/musl-sysroot-armhf -DVISIBILITY_HIDDEN -I/llvm-project-21.1.8.src/compiler-rt/lib/builtins/../../../third-party/siphash/include --target=armv7l-unknown-linux-gnueabihf --sysroot=/tmp/musl-sysroot-armhf -Wall -Wno-unused-parameter -O3 -DNDEBUG -std=gnu11 -fno-lto -Werror=array-bounds -Werror=uninitialized -Werror=shadow -Werror=empty-body -Werror=sizeof-pointer-memaccess -Werror=sizeof-array-argument -Werror=suspicious-memaccess -Werror=builtin-memcpy-chk-size -Werror=array-bounds-pointer-arithmetic -Werror=return-stack-address -Werror=sizeof-array-decay -Werror=format-insufficient-args -Wformat -nostdinc++ -fno-builtin -fvisibility=hidden -fomit-frame-pointer -DCOMPILER_RT_HAS_FLOAT16 -DCOMPILER_RT_ARMHF_TARGET -MD -MT lib/builtins/CMakeFiles/clang_rt.builtins-armhf.dir/muloti4.c.o -MF CMakeFiles/clang_rt.builtins-armhf.dir/muloti4.c.o.d -o CMakeFiles/clang_rt.builtins-armhf.dir/muloti4.c.o -c /llvm-project-21.1.8.src/compiler-rt/lib/builtins/muloti4.c
#26 12.87 cd /tmp/build-rt-armhf/lib/builtins && /usr/bin/clang --target=armv7l-unknown-linux-gnueabihf --sysroot=/tmp/musl-sysroot-armhf -DVISIBILITY_HIDDEN -I/llvm-project-21.1.8.src/compiler-rt/lib/builtins/../../../third-party/siphash/include --target=armv7l-unknown-linux-gnueabihf --sysroot=/tmp/musl-sysroot-armhf -Wall -Wno-unused-parameter -O3 -DNDEBUG -std=gnu11 -fno-lto -Werror=array-bounds -Werror=uninitialized -Werror=shadow -Werror=empty-body -Werror=sizeof-pointer-memaccess -Werror=sizeof-array-argument -Werror=suspicious-memaccess -Werror=builtin-memcpy-chk-size -Werror=array-bounds-pointer-arithmetic -Werror=return-stack-address -Werror=sizeof-array-decay -Werror=format-insufficient-args -Wformat -nostdinc++ -fno-builtin -fvisibility=hidden -fomit-frame-pointer -DCOMPILER_RT_HAS_FLOAT16 -DCOMPILER_RT_ARMHF_TARGET -MD -MT lib/builtins/CMakeFiles/clang_rt.builtins-armhf.dir/mulsc3.c.o -MF CMakeFiles/clang_rt.builtins-armhf.dir/mulsc3.c.o.d -o CMakeFiles/clang_rt.builtins-armhf.dir/mulsc3.c.o -c /llvm-project-21.1.8.src/compiler-rt/lib/builtins/mulsc3.c
#26 12.87 cd /tmp/build-rt-armhf/lib/builtins && /usr/bin/clang --target=armv7l-unknown-linux-gnueabihf --sysroot=/tmp/musl-sysroot-armhf -DVISIBILITY_HIDDEN -I/llvm-project-21.1.8.src/compiler-rt/lib/builtins/../../../third-party/siphash/include --target=armv7l-unknown-linux-gnueabihf --sysroot=/tmp/musl-sysroot-armhf -Wall -Wno-unused-parameter -O3 -DNDEBUG -std=gnu11 -fno-lto -Werror=array-bounds -Werror=uninitialized -Werror=shadow -Werror=empty-body -Werror=sizeof-pointer-memaccess -Werror=sizeof-array-argument -Werror=suspicious-memaccess -Werror=builtin-memcpy-chk-size -Werror=array-bounds-pointer-arithmetic -Werror=return-stack-address -Werror=sizeof-array-decay -Werror=format-insufficient-args -Wformat -nostdinc++ -fno-builtin -fvisibility=hidden -fomit-frame-pointer -DCOMPILER_RT_HAS_FLOAT16 -DCOMPILER_RT_ARMHF_TARGET -MD -MT lib/builtins/CMakeFiles/clang_rt.builtins-armhf.dir/mulsf3.c.o -MF CMakeFiles/clang_rt.builtins-armhf.dir/mulsf3.c.o.d -o CMakeFiles/clang_rt.builtins-armhf.dir/mulsf3.c.o -c /llvm-project-21.1.8.src/compiler-rt/lib/builtins/mulsf3.c
#26 12.87 [ 42%] Building C object lib/builtins/CMakeFiles/clang_rt.builtins-armhf.dir/mulvti3.c.o
#26 12.87 [ 42%] Building C object lib/builtins/CMakeFiles/clang_rt.builtins-armhf.dir/mulvdi3.c.o
#26 12.87 [ 42%] Building C object lib/builtins/CMakeFiles/clang_rt.builtins-armhf.dir/mulvsi3.c.o
#26 12.87 cd /tmp/build-rt-armhf/lib/builtins && /usr/bin/clang --target=armv7l-unknown-linux-gnueabihf --sysroot=/tmp/musl-sysroot-armhf -DVISIBILITY_HIDDEN -I/llvm-project-21.1.8.src/compiler-rt/lib/builtins/../../../third-party/siphash/include --target=armv7l-unknown-linux-gnueabihf --sysroot=/tmp/musl-sysroot-armhf -Wall -Wno-unused-parameter -O3 -DNDEBUG -std=gnu11 -fno-lto -Werror=array-bounds -Werror=uninitialized -Werror=shadow -Werror=empty-body -Werror=sizeof-pointer-memaccess -Werror=sizeof-array-argument -Werror=suspicious-memaccess -Werror=builtin-memcpy-chk-size -Werror=array-bounds-pointer-arithmetic -Werror=return-stack-address -Werror=sizeof-array-decay -Werror=format-insufficient-args -Wformat -nostdinc++ -fno-builtin -fvisibility=hidden -fomit-frame-pointer -DCOMPILER_RT_HAS_FLOAT16 -DCOMPILER_RT_ARMHF_TARGET -MD -MT lib/builtins/CMakeFiles/clang_rt.builtins-armhf.dir/multi3.c.o -MF CMakeFiles/clang_rt.builtins-armhf.dir/multi3.c.o.d -o CMakeFiles/clang_rt.builtins-armhf.dir/multi3.c.o -c /llvm-project-21.1.8.src/compiler-rt/lib/builtins/multi3.c
#26 12.88 [ 43%] Building C object lib/builtins/CMakeFiles/clang_rt.builtins-armhf.dir/negdi2.c.o
#26 12.88 [ 43%] Building C object lib/builtins/CMakeFiles/clang_rt.builtins-armhf.dir/negdf2.c.o
#26 12.88 cd /tmp/build-rt-armhf/lib/builtins && /usr/bin/clang --target=armv7l-unknown-linux-gnueabihf --sysroot=/tmp/musl-sysroot-armhf -DVISIBILITY_HIDDEN -I/llvm-project-21.1.8.src/compiler-rt/lib/builtins/../../../third-party/siphash/include --target=armv7l-unknown-linux-gnueabihf --sysroot=/tmp/musl-sysroot-armhf -Wall -Wno-unused-parameter -O3 -DNDEBUG -std=gnu11 -fno-lto -Werror=array-bounds -Werror=uninitialized -Werror=shadow -Werror=empty-body -Werror=sizeof-pointer-memaccess -Werror=sizeof-array-argument -Werror=suspicious-memaccess -Werror=builtin-memcpy-chk-size -Werror=array-bounds-pointer-arithmetic -Werror=return-stack-address -Werror=sizeof-array-decay -Werror=format-insufficient-args -Wformat -nostdinc++ -fno-builtin -fvisibility=hidden -fomit-frame-pointer -DCOMPILER_RT_HAS_FLOAT16 -DCOMPILER_RT_ARMHF_TARGET -MD -MT lib/builtins/CMakeFiles/clang_rt.builtins-armhf.dir/mulvti3.c.o -MF CMakeFiles/clang_rt.builtins-armhf.dir/mulvti3.c.o.d -o CMakeFiles/clang_rt.builtins-armhf.dir/mulvti3.c.o -c /llvm-project-21.1.8.src/compiler-rt/lib/builtins/mulvti3.c
#26 12.88 cd /tmp/build-rt-armhf/lib/builtins && /usr/bin/clang --target=armv7l-unknown-linux-gnueabihf --sysroot=/tmp/musl-sysroot-armhf -DVISIBILITY_HIDDEN -I/llvm-project-21.1.8.src/compiler-rt/lib/builtins/../../../third-party/siphash/include --target=armv7l-unknown-linux-gnueabihf --sysroot=/tmp/musl-sysroot-armhf -Wall -Wno-unused-parameter -O3 -DNDEBUG -std=gnu11 -fno-lto -Werror=array-bounds -Werror=uninitialized -Werror=shadow -Werror=empty-body -Werror=sizeof-pointer-memaccess -Werror=sizeof-array-argument -Werror=suspicious-memaccess -Werror=builtin-memcpy-chk-size -Werror=array-bounds-pointer-arithmetic -Werror=return-stack-address -Werror=sizeof-array-decay -Werror=format-insufficient-args -Wformat -nostdinc++ -fno-builtin -fvisibility=hidden -fomit-frame-pointer -DCOMPILER_RT_HAS_FLOAT16 -DCOMPILER_RT_ARMHF_TARGET -MD -MT lib/builtins/CMakeFiles/clang_rt.builtins-armhf.dir/mulvdi3.c.o -MF CMakeFiles/clang_rt.builtins-armhf.dir/mulvdi3.c.o.d -o CMakeFiles/clang_rt.builtins-armhf.dir/mulvdi3.c.o -c /llvm-project-21.1.8.src/compiler-rt/lib/builtins/mulvdi3.c
#26 12.88 cd /tmp/build-rt-armhf/lib/builtins && /usr/bin/clang --target=armv7l-unknown-linux-gnueabihf --sysroot=/tmp/musl-sysroot-armhf -DVISIBILITY_HIDDEN -I/llvm-project-21.1.8.src/compiler-rt/lib/builtins/../../../third-party/siphash/include --target=armv7l-unknown-linux-gnueabihf --sysroot=/tmp/musl-sysroot-armhf -Wall -Wno-unused-parameter -O3 -DNDEBUG -std=gnu11 -fno-lto -Werror=array-bounds -Werror=uninitialized -Werror=shadow -Werror=empty-body -Werror=sizeof-pointer-memaccess -Werror=sizeof-array-argument -Werror=suspicious-memaccess -Werror=builtin-memcpy-chk-size -Werror=array-bounds-pointer-arithmetic -Werror=return-stack-address -Werror=sizeof-array-decay -Werror=format-insufficient-args -Wformat -nostdinc++ -fno-builtin -fvisibility=hidden -fomit-frame-pointer -DCOMPILER_RT_HAS_FLOAT16 -DCOMPILER_RT_ARMHF_TARGET -MD -MT lib/builtins/CMakeFiles/clang_rt.builtins-armhf.dir/mulvsi3.c.o -MF CMakeFiles/clang_rt.builtins-armhf.dir/mulvsi3.c.o.d -o CMakeFiles/clang_rt.builtins-armhf.dir/mulvsi3.c.o -c /llvm-project-21.1.8.src/compiler-rt/lib/builtins/mulvsi3.c
#26 12.88 cd /tmp/build-rt-armhf/lib/builtins && /usr/bin/clang --target=armv7l-unknown-linux-gnueabihf --sysroot=/tmp/musl-sysroot-armhf -DVISIBILITY_HIDDEN -I/llvm-project-21.1.8.src/compiler-rt/lib/builtins/../../../third-party/siphash/include --target=armv7l-unknown-linux-gnueabihf --sysroot=/tmp/musl-sysroot-armhf -Wall -Wno-unused-parameter -O3 -DNDEBUG -std=gnu11 -fno-lto -Werror=array-bounds -Werror=uninitialized -Werror=shadow -Werror=empty-body -Werror=sizeof-pointer-memaccess -Werror=sizeof-array-argument -Werror=suspicious-memaccess -Werror=builtin-memcpy-chk-size -Werror=array-bounds-pointer-arithmetic -Werror=return-stack-address -Werror=sizeof-array-decay -Werror=format-insufficient-args -Wformat -nostdinc++ -fno-builtin -fvisibility=hidden -fomit-frame-pointer -DCOMPILER_RT_HAS_FLOAT16 -DCOMPILER_RT_ARMHF_TARGET -MD -MT lib/builtins/CMakeFiles/clang_rt.builtins-armhf.dir/negdf2.c.o -MF CMakeFiles/clang_rt.builtins-armhf.dir/negdf2.c.o.d -o CMakeFiles/clang_rt.builtins-armhf.dir/negdf2.c.o -c /llvm-project-21.1.8.src/compiler-rt/lib/builtins/negdf2.c
#26 12.88 [ 43%] Building C object lib/builtins/CMakeFiles/clang_rt.builtins-armhf.dir/negsf2.c.o
#26 12.88 cd /tmp/build-rt-armhf/lib/builtins && /usr/bin/clang --target=armv7l-unknown-linux-gnueabihf --sysroot=/tmp/musl-sysroot-armhf -DVISIBILITY_HIDDEN -I/llvm-project-21.1.8.src/compiler-rt/lib/builtins/../../../third-party/siphash/include --target=armv7l-unknown-linux-gnueabihf --sysroot=/tmp/musl-sysroot-armhf -Wall -Wno-unused-parameter -O3 -DNDEBUG -std=gnu11 -fno-lto -Werror=array-bounds -Werror=uninitialized -Werror=shadow -Werror=empty-body -Werror=sizeof-pointer-memaccess -Werror=sizeof-array-argument -Werror=suspicious-memaccess -Werror=builtin-memcpy-chk-size -Werror=array-bounds-pointer-arithmetic -Werror=return-stack-address -Werror=sizeof-array-decay -Werror=format-insufficient-args -Wformat -nostdinc++ -fno-builtin -fvisibility=hidden -fomit-frame-pointer -DCOMPILER_RT_HAS_FLOAT16 -DCOMPILER_RT_ARMHF_TARGET -MD -MT lib/builtins/CMakeFiles/clang_rt.builtins-armhf.dir/negdi2.c.o -MF CMakeFiles/clang_rt.builtins-armhf.dir/negdi2.c.o.d -o CMakeFiles/clang_rt.builtins-armhf.dir/negdi2.c.o -c /llvm-project-21.1.8.src/compiler-rt/lib/builtins/negdi2.c
#26 12.88 cd /tmp/build-rt-armhf/lib/builtins && /usr/bin/clang --target=armv7l-unknown-linux-gnueabihf --sysroot=/tmp/musl-sysroot-armhf -DVISIBILITY_HIDDEN -I/llvm-project-21.1.8.src/compiler-rt/lib/builtins/../../../third-party/siphash/include --target=armv7l-unknown-linux-gnueabihf --sysroot=/tmp/musl-sysroot-armhf -Wall -Wno-unused-parameter -O3 -DNDEBUG -std=gnu11 -fno-lto -Werror=array-bounds -Werror=uninitialized -Werror=shadow -Werror=empty-body -Werror=sizeof-pointer-memaccess -Werror=sizeof-array-argument -Werror=suspicious-memaccess -Werror=builtin-memcpy-chk-size -Werror=array-bounds-pointer-arithmetic -Werror=return-stack-address -Werror=sizeof-array-decay -Werror=format-insufficient-args -Wformat -nostdinc++ -fno-builtin -fvisibility=hidden -fomit-frame-pointer -DCOMPILER_RT_HAS_FLOAT16 -DCOMPILER_RT_ARMHF_TARGET -MD -MT lib/builtins/CMakeFiles/clang_rt.builtins-armhf.dir/negsf2.c.o -MF CMakeFiles/clang_rt.builtins-armhf.dir/negsf2.c.o.d -o CMakeFiles/clang_rt.builtins-armhf.dir/negsf2.c.o -c /llvm-project-21.1.8.src/compiler-rt/lib/builtins/negsf2.c
#26 12.88 [ 44%] Building C object lib/builtins/CMakeFiles/clang_rt.builtins-armhf.dir/negti2.c.o
#26 12.88 cd /tmp/build-rt-armhf/lib/builtins && /usr/bin/clang --target=armv7l-unknown-linux-gnueabihf --sysroot=/tmp/musl-sysroot-armhf -DVISIBILITY_HIDDEN -I/llvm-project-21.1.8.src/compiler-rt/lib/builtins/../../../third-party/siphash/include --target=armv7l-unknown-linux-gnueabihf --sysroot=/tmp/musl-sysroot-armhf -Wall -Wno-unused-parameter -O3 -DNDEBUG -std=gnu11 -fno-lto -Werror=array-bounds -Werror=uninitialized -Werror=shadow -Werror=empty-body -Werror=sizeof-pointer-memaccess -Werror=sizeof-array-argument -Werror=suspicious-memaccess -Werror=builtin-memcpy-chk-size -Werror=array-bounds-pointer-arithmetic -Werror=return-stack-address -Werror=sizeof-array-decay -Werror=format-insufficient-args -Wformat -nostdinc++ -fno-builtin -fvisibility=hidden -fomit-frame-pointer -DCOMPILER_RT_HAS_FLOAT16 -DCOMPILER_RT_ARMHF_TARGET -MD -MT lib/builtins/CMakeFiles/clang_rt.builtins-armhf.dir/negti2.c.o -MF CMakeFiles/clang_rt.builtins-armhf.dir/negti2.c.o.d -o CMakeFiles/clang_rt.builtins-armhf.dir/negti2.c.o -c /llvm-project-21.1.8.src/compiler-rt/lib/builtins/negti2.c
#26 12.88 [ 44%] Building C object lib/builtins/CMakeFiles/clang_rt.builtins-armhf.dir/negvdi2.c.o
#26 12.88 [ 45%] Building C object lib/builtins/CMakeFiles/clang_rt.builtins-armhf.dir/negvsi2.c.o
#26 12.88 [ 46%] Building C object lib/builtins/CMakeFiles/clang_rt.builtins-armhf.dir/negvti2.c.o
#26 12.88 [ 46%] Building C object lib/builtins/CMakeFiles/clang_rt.builtins-armhf.dir/os_version_check.c.o
#26 12.88 [ 46%] Building C object lib/builtins/CMakeFiles/clang_rt.builtins-armhf.dir/paritysi2.c.o
#26 12.88 cd /tmp/build-rt-armhf/lib/builtins && /usr/bin/clang --target=armv7l-unknown-linux-gnueabihf --sysroot=/tmp/musl-sysroot-armhf -DVISIBILITY_HIDDEN -I/llvm-project-21.1.8.src/compiler-rt/lib/builtins/../../../third-party/siphash/include --target=armv7l-unknown-linux-gnueabihf --sysroot=/tmp/musl-sysroot-armhf -Wall -Wno-unused-parameter -O3 -DNDEBUG -std=gnu11 -fno-lto -Werror=array-bounds -Werror=uninitialized -Werror=shadow -Werror=empty-body -Werror=sizeof-pointer-memaccess -Werror=sizeof-array-argument -Werror=suspicious-memaccess -Werror=builtin-memcpy-chk-size -Werror=array-bounds-pointer-arithmetic -Werror=return-stack-address -Werror=sizeof-array-decay -Werror=format-insufficient-args -Wformat -nostdinc++ -fno-builtin -fvisibility=hidden -fomit-frame-pointer -DCOMPILER_RT_HAS_FLOAT16 -DCOMPILER_RT_ARMHF_TARGET -MD -MT lib/builtins/CMakeFiles/clang_rt.builtins-armhf.dir/negvdi2.c.o -MF CMakeFiles/clang_rt.builtins-armhf.dir/negvdi2.c.o.d -o CMakeFiles/clang_rt.builtins-armhf.dir/negvdi2.c.o -c /llvm-project-21.1.8.src/compiler-rt/lib/builtins/negvdi2.c
#26 12.88 [ 46%] Building C object lib/builtins/CMakeFiles/clang_rt.builtins-armhf.dir/paritydi2.c.o
#26 12.88 [ 47%] Building C object lib/builtins/CMakeFiles/clang_rt.builtins-armhf.dir/parityti2.c.o
#26 12.88 cd /tmp/build-rt-armhf/lib/builtins && /usr/bin/clang --target=armv7l-unknown-linux-gnueabihf --sysroot=/tmp/musl-sysroot-armhf -DVISIBILITY_HIDDEN -I/llvm-project-21.1.8.src/compiler-rt/lib/builtins/../../../third-party/siphash/include --target=armv7l-unknown-linux-gnueabihf --sysroot=/tmp/musl-sysroot-armhf -Wall -Wno-unused-parameter -O3 -DNDEBUG -std=gnu11 -fno-lto -Werror=array-bounds -Werror=uninitialized -Werror=shadow -Werror=empty-body -Werror=sizeof-pointer-memaccess -Werror=sizeof-array-argument -Werror=suspicious-memaccess -Werror=builtin-memcpy-chk-size -Werror=array-bounds-pointer-arithmetic -Werror=return-stack-address -Werror=sizeof-array-decay -Werror=format-insufficient-args -Wformat -nostdinc++ -fno-builtin -fvisibility=hidden -fomit-frame-pointer -DCOMPILER_RT_HAS_FLOAT16 -DCOMPILER_RT_ARMHF_TARGET -MD -MT lib/builtins/CMakeFiles/clang_rt.builtins-armhf.dir/negvsi2.c.o -MF CMakeFiles/clang_rt.builtins-armhf.dir/negvsi2.c.o.d -o CMakeFiles/clang_rt.builtins-armhf.dir/negvsi2.c.o -c /llvm-project-21.1.8.src/compiler-rt/lib/builtins/negvsi2.c
#26 12.88 [ 47%] Building C object lib/builtins/CMakeFiles/clang_rt.builtins-armhf.dir/popcountdi2.c.o
#26 12.88 cd /tmp/build-rt-armhf/lib/builtins && /usr/bin/clang --target=armv7l-unknown-linux-gnueabihf --sysroot=/tmp/musl-sysroot-armhf -DVISIBILITY_HIDDEN -I/llvm-project-21.1.8.src/compiler-rt/lib/builtins/../../../third-party/siphash/include --target=armv7l-unknown-linux-gnueabihf --sysroot=/tmp/musl-sysroot-armhf -Wall -Wno-unused-parameter -O3 -DNDEBUG -std=gnu11 -fno-lto -Werror=array-bounds -Werror=uninitialized -Werror=shadow -Werror=empty-body -Werror=sizeof-pointer-memaccess -Werror=sizeof-array-argument -Werror=suspicious-memaccess -Werror=builtin-memcpy-chk-size -Werror=array-bounds-pointer-arithmetic -Werror=return-stack-address -Werror=sizeof-array-decay -Werror=format-insufficient-args -Wformat -nostdinc++ -fno-builtin -fvisibility=hidden -fomit-frame-pointer -DCOMPILER_RT_HAS_FLOAT16 -DCOMPILER_RT_ARMHF_TARGET -MD -MT lib/builtins/CMakeFiles/clang_rt.builtins-armhf.dir/negvti2.c.o -MF CMakeFiles/clang_rt.builtins-armhf.dir/negvti2.c.o.d -o CMakeFiles/clang_rt.builtins-armhf.dir/negvti2.c.o -c /llvm-project-21.1.8.src/compiler-rt/lib/builtins/negvti2.c
#26 12.88 cd /tmp/build-rt-armhf/lib/builtins && /usr/bin/clang --target=armv7l-unknown-linux-gnueabihf --sysroot=/tmp/musl-sysroot-armhf -DVISIBILITY_HIDDEN -I/llvm-project-21.1.8.src/compiler-rt/lib/builtins/../../../third-party/siphash/include --target=armv7l-unknown-linux-gnueabihf --sysroot=/tmp/musl-sysroot-armhf -Wall -Wno-unused-parameter -O3 -DNDEBUG -std=gnu11 -fno-lto -Werror=array-bounds -Werror=uninitialized -Werror=shadow -Werror=empty-body -Werror=sizeof-pointer-memaccess -Werror=sizeof-array-argument -Werror=suspicious-memaccess -Werror=builtin-memcpy-chk-size -Werror=array-bounds-pointer-arithmetic -Werror=return-stack-address -Werror=sizeof-array-decay -Werror=format-insufficient-args -Wformat -nostdinc++ -fno-builtin -fvisibility=hidden -fomit-frame-pointer -DCOMPILER_RT_HAS_FLOAT16 -DCOMPILER_RT_ARMHF_TARGET -MD -MT lib/builtins/CMakeFiles/clang_rt.builtins-armhf.dir/os_version_check.c.o -MF CMakeFiles/clang_rt.builtins-armhf.dir/os_version_check.c.o.d -o CMakeFiles/clang_rt.builtins-armhf.dir/os_version_check.c.o -c /llvm-project-21.1.8.src/compiler-rt/lib/builtins/os_version_check.c
#26 12.88 [ 48%] Building C object lib/builtins/CMakeFiles/clang_rt.builtins-armhf.dir/popcountsi2.c.o
#26 12.88 cd /tmp/build-rt-armhf/lib/builtins && /usr/bin/clang --target=armv7l-unknown-linux-gnueabihf --sysroot=/tmp/musl-sysroot-armhf -DVISIBILITY_HIDDEN -I/llvm-project-21.1.8.src/compiler-rt/lib/builtins/../../../third-party/siphash/include --target=armv7l-unknown-linux-gnueabihf --sysroot=/tmp/musl-sysroot-armhf -Wall -Wno-unused-parameter -O3 -DNDEBUG -std=gnu11 -fno-lto -Werror=array-bounds -Werror=uninitialized -Werror=shadow -Werror=empty-body -Werror=sizeof-pointer-memaccess -Werror=sizeof-array-argument -Werror=suspicious-memaccess -Werror=builtin-memcpy-chk-size -Werror=array-bounds-pointer-arithmetic -Werror=return-stack-address -Werror=sizeof-array-decay -Werror=format-insufficient-args -Wformat -nostdinc++ -fno-builtin -fvisibility=hidden -fomit-frame-pointer -DCOMPILER_RT_HAS_FLOAT16 -DCOMPILER_RT_ARMHF_TARGET -MD -MT lib/builtins/CMakeFiles/clang_rt.builtins-armhf.dir/paritydi2.c.o -MF CMakeFiles/clang_rt.builtins-armhf.dir/paritydi2.c.o.d -o CMakeFiles/clang_rt.builtins-armhf.dir/paritydi2.c.o -c /llvm-project-21.1.8.src/compiler-rt/lib/builtins/paritydi2.c
#26 12.88 cd /tmp/build-rt-armhf/lib/builtins && /usr/bin/clang --target=armv7l-unknown-linux-gnueabihf --sysroot=/tmp/musl-sysroot-armhf -DVISIBILITY_HIDDEN -I/llvm-project-21.1.8.src/compiler-rt/lib/builtins/../../../third-party/siphash/include --target=armv7l-unknown-linux-gnueabihf --sysroot=/tmp/musl-sysroot-armhf -Wall -Wno-unused-parameter -O3 -DNDEBUG -std=gnu11 -fno-lto -Werror=array-bounds -Werror=uninitialized -Werror=shadow -Werror=empty-body -Werror=sizeof-pointer-memaccess -Werror=sizeof-array-argument -Werror=suspicious-memaccess -Werror=builtin-memcpy-chk-size -Werror=array-bounds-pointer-arithmetic -Werror=return-stack-address -Werror=sizeof-array-decay -Werror=format-insufficient-args -Wformat -nostdinc++ -fno-builtin -fvisibility=hidden -fomit-frame-pointer -DCOMPILER_RT_HAS_FLOAT16 -DCOMPILER_RT_ARMHF_TARGET -MD -MT lib/builtins/CMakeFiles/clang_rt.builtins-armhf.dir/paritysi2.c.o -MF CMakeFiles/clang_rt.builtins-armhf.dir/paritysi2.c.o.d -o CMakeFiles/clang_rt.builtins-armhf.dir/paritysi2.c.o -c /llvm-project-21.1.8.src/compiler-rt/lib/builtins/paritysi2.c
#26 12.88 cd /tmp/build-rt-armhf/lib/builtins && /usr/bin/clang --target=armv7l-unknown-linux-gnueabihf --sysroot=/tmp/musl-sysroot-armhf -DVISIBILITY_HIDDEN -I/llvm-project-21.1.8.src/compiler-rt/lib/builtins/../../../third-party/siphash/include --target=armv7l-unknown-linux-gnueabihf --sysroot=/tmp/musl-sysroot-armhf -Wall -Wno-unused-parameter -O3 -DNDEBUG -std=gnu11 -fno-lto -Werror=array-bounds -Werror=uninitialized -Werror=shadow -Werror=empty-body -Werror=sizeof-pointer-memaccess -Werror=sizeof-array-argument -Werror=suspicious-memaccess -Werror=builtin-memcpy-chk-size -Werror=array-bounds-pointer-arithmetic -Werror=return-stack-address -Werror=sizeof-array-decay -Werror=format-insufficient-args -Wformat -nostdinc++ -fno-builtin -fvisibility=hidden -fomit-frame-pointer -DCOMPILER_RT_HAS_FLOAT16 -DCOMPILER_RT_ARMHF_TARGET -MD -MT lib/builtins/CMakeFiles/clang_rt.builtins-armhf.dir/parityti2.c.o -MF CMakeFiles/clang_rt.builtins-armhf.dir/parityti2.c.o.d -o CMakeFiles/clang_rt.builtins-armhf.dir/parityti2.c.o -c /llvm-project-21.1.8.src/compiler-rt/lib/builtins/parityti2.c
#26 12.88 cd /tmp/build-rt-armhf/lib/builtins && /usr/bin/clang --target=armv7l-unknown-linux-gnueabihf --sysroot=/tmp/musl-sysroot-armhf -DVISIBILITY_HIDDEN -I/llvm-project-21.1.8.src/compiler-rt/lib/builtins/../../../third-party/siphash/include --target=armv7l-unknown-linux-gnueabihf --sysroot=/tmp/musl-sysroot-armhf -Wall -Wno-unused-parameter -O3 -DNDEBUG -std=gnu11 -fno-lto -Werror=array-bounds -Werror=uninitialized -Werror=shadow -Werror=empty-body -Werror=sizeof-pointer-memaccess -Werror=sizeof-array-argument -Werror=suspicious-memaccess -Werror=builtin-memcpy-chk-size -Werror=array-bounds-pointer-arithmetic -Werror=return-stack-address -Werror=sizeof-array-decay -Werror=format-insufficient-args -Wformat -nostdinc++ -fno-builtin -fvisibility=hidden -fomit-frame-pointer -DCOMPILER_RT_HAS_FLOAT16 -DCOMPILER_RT_ARMHF_TARGET -MD -MT lib/builtins/CMakeFiles/clang_rt.builtins-armhf.dir/popcountdi2.c.o -MF CMakeFiles/clang_rt.builtins-armhf.dir/popcountdi2.c.o.d -o CMakeFiles/clang_rt.builtins-armhf.dir/popcountdi2.c.o -c /llvm-project-21.1.8.src/compiler-rt/lib/builtins/popcountdi2.c
#26 12.88 [ 49%] Building C object lib/builtins/CMakeFiles/clang_rt.builtins-armhf.dir/popcountti2.c.o
#26 12.88 cd /tmp/build-rt-armhf/lib/builtins && /usr/bin/clang --target=armv7l-unknown-linux-gnueabihf --sysroot=/tmp/musl-sysroot-armhf -DVISIBILITY_HIDDEN -I/llvm-project-21.1.8.src/compiler-rt/lib/builtins/../../../third-party/siphash/include --target=armv7l-unknown-linux-gnueabihf --sysroot=/tmp/musl-sysroot-armhf -Wall -Wno-unused-parameter -O3 -DNDEBUG -std=gnu11 -fno-lto -Werror=array-bounds -Werror=uninitialized -Werror=shadow -Werror=empty-body -Werror=sizeof-pointer-memaccess -Werror=sizeof-array-argument -Werror=suspicious-memaccess -Werror=builtin-memcpy-chk-size -Werror=array-bounds-pointer-arithmetic -Werror=return-stack-address -Werror=sizeof-array-decay -Werror=format-insufficient-args -Wformat -nostdinc++ -fno-builtin -fvisibility=hidden -fomit-frame-pointer -DCOMPILER_RT_HAS_FLOAT16 -DCOMPILER_RT_ARMHF_TARGET -MD -MT lib/builtins/CMakeFiles/clang_rt.builtins-armhf.dir/popcountsi2.c.o -MF CMakeFiles/clang_rt.builtins-armhf.dir/popcountsi2.c.o.d -o CMakeFiles/clang_rt.builtins-armhf.dir/popcountsi2.c.o -c /llvm-project-21.1.8.src/compiler-rt/lib/builtins/popcountsi2.c
#26 12.88 [ 49%] Building C object lib/builtins/CMakeFiles/clang_rt.builtins-armhf.dir/powidf2.c.o
#26 12.88 [ 49%] Building C object lib/builtins/CMakeFiles/clang_rt.builtins-armhf.dir/powisf2.c.o
#26 12.88 [ 50%] Building C object lib/builtins/CMakeFiles/clang_rt.builtins-armhf.dir/subdf3.c.o
#26 12.88 cd /tmp/build-rt-armhf/lib/builtins && /usr/bin/clang --target=armv7l-unknown-linux-gnueabihf --sysroot=/tmp/musl-sysroot-armhf -DVISIBILITY_HIDDEN -I/llvm-project-21.1.8.src/compiler-rt/lib/builtins/../../../third-party/siphash/include --target=armv7l-unknown-linux-gnueabihf --sysroot=/tmp/musl-sysroot-armhf -Wall -Wno-unused-parameter -O3 -DNDEBUG -std=gnu11 -fno-lto -Werror=array-bounds -Werror=uninitialized -Werror=shadow -Werror=empty-body -Werror=sizeof-pointer-memaccess -Werror=sizeof-array-argument -Werror=suspicious-memaccess -Werror=builtin-memcpy-chk-size -Werror=array-bounds-pointer-arithmetic -Werror=return-stack-address -Werror=sizeof-array-decay -Werror=format-insufficient-args -Wformat -nostdinc++ -fno-builtin -fvisibility=hidden -fomit-frame-pointer -DCOMPILER_RT_HAS_FLOAT16 -DCOMPILER_RT_ARMHF_TARGET -MD -MT lib/builtins/CMakeFiles/clang_rt.builtins-armhf.dir/popcountti2.c.o -MF CMakeFiles/clang_rt.builtins-armhf.dir/popcountti2.c.o.d -o CMakeFiles/clang_rt.builtins-armhf.dir/popcountti2.c.o -c /llvm-project-21.1.8.src/compiler-rt/lib/builtins/popcountti2.c
#26 12.88 cd /tmp/build-rt-armhf/lib/builtins && /usr/bin/clang --target=armv7l-unknown-linux-gnueabihf --sysroot=/tmp/musl-sysroot-armhf -DVISIBILITY_HIDDEN -I/llvm-project-21.1.8.src/compiler-rt/lib/builtins/../../../third-party/siphash/include --target=armv7l-unknown-linux-gnueabihf --sysroot=/tmp/musl-sysroot-armhf -Wall -Wno-unused-parameter -O3 -DNDEBUG -std=gnu11 -fno-lto -Werror=array-bounds -Werror=uninitialized -Werror=shadow -Werror=empty-body -Werror=sizeof-pointer-memaccess -Werror=sizeof-array-argument -Werror=suspicious-memaccess -Werror=builtin-memcpy-chk-size -Werror=array-bounds-pointer-arithmetic -Werror=return-stack-address -Werror=sizeof-array-decay -Werror=format-insufficient-args -Wformat -nostdinc++ -fno-builtin -fvisibility=hidden -fomit-frame-pointer -DCOMPILER_RT_HAS_FLOAT16 -DCOMPILER_RT_ARMHF_TARGET -MD -MT lib/builtins/CMakeFiles/clang_rt.builtins-armhf.dir/powidf2.c.o -MF CMakeFiles/clang_rt.builtins-armhf.dir/powidf2.c.o.d -o CMakeFiles/clang_rt.builtins-armhf.dir/powidf2.c.o -c /llvm-project-21.1.8.src/compiler-rt/lib/builtins/powidf2.c
#26 12.88 [ 50%] Building C object lib/builtins/CMakeFiles/clang_rt.builtins-armhf.dir/subsf3.c.o
#26 12.88 cd /tmp/build-rt-armhf/lib/builtins && /usr/bin/clang --target=armv7l-unknown-linux-gnueabihf --sysroot=/tmp/musl-sysroot-armhf -DVISIBILITY_HIDDEN -I/llvm-project-21.1.8.src/compiler-rt/lib/builtins/../../../third-party/siphash/include --target=armv7l-unknown-linux-gnueabihf --sysroot=/tmp/musl-sysroot-armhf -Wall -Wno-unused-parameter -O3 -DNDEBUG -std=gnu11 -fno-lto -Werror=array-bounds -Werror=uninitialized -Werror=shadow -Werror=empty-body -Werror=sizeof-pointer-memaccess -Werror=sizeof-array-argument -Werror=suspicious-memaccess -Werror=builtin-memcpy-chk-size -Werror=array-bounds-pointer-arithmetic -Werror=return-stack-address -Werror=sizeof-array-decay -Werror=format-insufficient-args -Wformat -nostdinc++ -fno-builtin -fvisibility=hidden -fomit-frame-pointer -DCOMPILER_RT_HAS_FLOAT16 -DCOMPILER_RT_ARMHF_TARGET -MD -MT lib/builtins/CMakeFiles/clang_rt.builtins-armhf.dir/powisf2.c.o -MF CMakeFiles/clang_rt.builtins-armhf.dir/powisf2.c.o.d -o CMakeFiles/clang_rt.builtins-armhf.dir/powisf2.c.o -c /llvm-project-21.1.8.src/compiler-rt/lib/builtins/powisf2.c
#26 12.88 cd /tmp/build-rt-armhf/lib/builtins && /usr/bin/clang --target=armv7l-unknown-linux-gnueabihf --sysroot=/tmp/musl-sysroot-armhf -DVISIBILITY_HIDDEN -I/llvm-project-21.1.8.src/compiler-rt/lib/builtins/../../../third-party/siphash/include --target=armv7l-unknown-linux-gnueabihf --sysroot=/tmp/musl-sysroot-armhf -Wall -Wno-unused-parameter -O3 -DNDEBUG -std=gnu11 -fno-lto -Werror=array-bounds -Werror=uninitialized -Werror=shadow -Werror=empty-body -Werror=sizeof-pointer-memaccess -Werror=sizeof-array-argument -Werror=suspicious-memaccess -Werror=builtin-memcpy-chk-size -Werror=array-bounds-pointer-arithmetic -Werror=return-stack-address -Werror=sizeof-array-decay -Werror=format-insufficient-args -Wformat -nostdinc++ -fno-builtin -fvisibility=hidden -fomit-frame-pointer -DCOMPILER_RT_HAS_FLOAT16 -DCOMPILER_RT_ARMHF_TARGET -MD -MT lib/builtins/CMakeFiles/clang_rt.builtins-armhf.dir/subdf3.c.o -MF CMakeFiles/clang_rt.builtins-armhf.dir/subdf3.c.o.d -o CMakeFiles/clang_rt.builtins-armhf.dir/subdf3.c.o -c /llvm-project-21.1.8.src/compiler-rt/lib/builtins/subdf3.c
#26 12.88 cd /tmp/build-rt-armhf/lib/builtins && /usr/bin/clang --target=armv7l-unknown-linux-gnueabihf --sysroot=/tmp/musl-sysroot-armhf -DVISIBILITY_HIDDEN -I/llvm-project-21.1.8.src/compiler-rt/lib/builtins/../../../third-party/siphash/include --target=armv7l-unknown-linux-gnueabihf --sysroot=/tmp/musl-sysroot-armhf -Wall -Wno-unused-parameter -O3 -DNDEBUG -std=gnu11 -fno-lto -Werror=array-bounds -Werror=uninitialized -Werror=shadow -Werror=empty-body -Werror=sizeof-pointer-memaccess -Werror=sizeof-array-argument -Werror=suspicious-memaccess -Werror=builtin-memcpy-chk-size -Werror=array-bounds-pointer-arithmetic -Werror=return-stack-address -Werror=sizeof-array-decay -Werror=format-insufficient-args -Wformat -nostdinc++ -fno-builtin -fvisibility=hidden -fomit-frame-pointer -DCOMPILER_RT_HAS_FLOAT16 -DCOMPILER_RT_ARMHF_TARGET -MD -MT lib/builtins/CMakeFiles/clang_rt.builtins-armhf.dir/subsf3.c.o -MF CMakeFiles/clang_rt.builtins-armhf.dir/subsf3.c.o.d -o CMakeFiles/clang_rt.builtins-armhf.dir/subsf3.c.o -c /llvm-project-21.1.8.src/compiler-rt/lib/builtins/subsf3.c
#26 12.88 [ 51%] Building C object lib/builtins/CMakeFiles/clang_rt.builtins-armhf.dir/subvdi3.c.o
#26 12.88 [ 51%] Building C object lib/builtins/CMakeFiles/clang_rt.builtins-armhf.dir/subvsi3.c.o
#26 12.88 cd /tmp/build-rt-armhf/lib/builtins && /usr/bin/clang --target=armv7l-unknown-linux-gnueabihf --sysroot=/tmp/musl-sysroot-armhf -DVISIBILITY_HIDDEN -I/llvm-project-21.1.8.src/compiler-rt/lib/builtins/../../../third-party/siphash/include --target=armv7l-unknown-linux-gnueabihf --sysroot=/tmp/musl-sysroot-armhf -Wall -Wno-unused-parameter -O3 -DNDEBUG -std=gnu11 -fno-lto -Werror=array-bounds -Werror=uninitialized -Werror=shadow -Werror=empty-body -Werror=sizeof-pointer-memaccess -Werror=sizeof-array-argument -Werror=suspicious-memaccess -Werror=builtin-memcpy-chk-size -Werror=array-bounds-pointer-arithmetic -Werror=return-stack-address -Werror=sizeof-array-decay -Werror=format-insufficient-args -Wformat -nostdinc++ -fno-builtin -fvisibility=hidden -fomit-frame-pointer -DCOMPILER_RT_HAS_FLOAT16 -DCOMPILER_RT_ARMHF_TARGET -MD -MT lib/builtins/CMakeFiles/clang_rt.builtins-armhf.dir/subvdi3.c.o -MF CMakeFiles/clang_rt.builtins-armhf.dir/subvdi3.c.o.d -o CMakeFiles/clang_rt.builtins-armhf.dir/subvdi3.c.o -c /llvm-project-21.1.8.src/compiler-rt/lib/builtins/subvdi3.c
#26 12.88 [ 52%] Building C object lib/builtins/CMakeFiles/clang_rt.builtins-armhf.dir/subvti3.c.o
#26 12.88 cd /tmp/build-rt-armhf/lib/builtins && /usr/bin/clang --target=armv7l-unknown-linux-gnueabihf --sysroot=/tmp/musl-sysroot-armhf -DVISIBILITY_HIDDEN -I/llvm-project-21.1.8.src/compiler-rt/lib/builtins/../../../third-party/siphash/include --target=armv7l-unknown-linux-gnueabihf --sysroot=/tmp/musl-sysroot-armhf -Wall -Wno-unused-parameter -O3 -DNDEBUG -std=gnu11 -fno-lto -Werror=array-bounds -Werror=uninitialized -Werror=shadow -Werror=empty-body -Werror=sizeof-pointer-memaccess -Werror=sizeof-array-argument -Werror=suspicious-memaccess -Werror=builtin-memcpy-chk-size -Werror=array-bounds-pointer-arithmetic -Werror=return-stack-address -Werror=sizeof-array-decay -Werror=format-insufficient-args -Wformat -nostdinc++ -fno-builtin -fvisibility=hidden -fomit-frame-pointer -DCOMPILER_RT_HAS_FLOAT16 -DCOMPILER_RT_ARMHF_TARGET -MD -MT lib/builtins/CMakeFiles/clang_rt.builtins-armhf.dir/subvsi3.c.o -MF CMakeFiles/clang_rt.builtins-armhf.dir/subvsi3.c.o.d -o CMakeFiles/clang_rt.builtins-armhf.dir/subvsi3.c.o -c /llvm-project-21.1.8.src/compiler-rt/lib/builtins/subvsi3.c
#26 12.88 [ 52%] Building C object lib/builtins/CMakeFiles/clang_rt.builtins-armhf.dir/trampoline_setup.c.o
#26 12.88 cd /tmp/build-rt-armhf/lib/builtins && /usr/bin/clang --target=armv7l-unknown-linux-gnueabihf --sysroot=/tmp/musl-sysroot-armhf -DVISIBILITY_HIDDEN -I/llvm-project-21.1.8.src/compiler-rt/lib/builtins/../../../third-party/siphash/include --target=armv7l-unknown-linux-gnueabihf --sysroot=/tmp/musl-sysroot-armhf -Wall -Wno-unused-parameter -O3 -DNDEBUG -std=gnu11 -fno-lto -Werror=array-bounds -Werror=uninitialized -Werror=shadow -Werror=empty-body -Werror=sizeof-pointer-memaccess -Werror=sizeof-array-argument -Werror=suspicious-memaccess -Werror=builtin-memcpy-chk-size -Werror=array-bounds-pointer-arithmetic -Werror=return-stack-address -Werror=sizeof-array-decay -Werror=format-insufficient-args -Wformat -nostdinc++ -fno-builtin -fvisibility=hidden -fomit-frame-pointer -DCOMPILER_RT_HAS_FLOAT16 -DCOMPILER_RT_ARMHF_TARGET -MD -MT lib/builtins/CMakeFiles/clang_rt.builtins-armhf.dir/subvti3.c.o -MF CMakeFiles/clang_rt.builtins-armhf.dir/subvti3.c.o.d -o CMakeFiles/clang_rt.builtins-armhf.dir/subvti3.c.o -c /llvm-project-21.1.8.src/compiler-rt/lib/builtins/subvti3.c
#26 12.88 [ 53%] Building C object lib/builtins/CMakeFiles/clang_rt.builtins-armhf.dir/truncdfhf2.c.o
#26 12.89 [ 54%] Building C object lib/builtins/CMakeFiles/clang_rt.builtins-armhf.dir/truncsfhf2.c.o
#26 12.89 [ 54%] Building C object lib/builtins/CMakeFiles/clang_rt.builtins-armhf.dir/ucmpdi2.c.o
#26 12.89 cd /tmp/build-rt-armhf/lib/builtins && /usr/bin/clang --target=armv7l-unknown-linux-gnueabihf --sysroot=/tmp/musl-sysroot-armhf -DVISIBILITY_HIDDEN -I/llvm-project-21.1.8.src/compiler-rt/lib/builtins/../../../third-party/siphash/include --target=armv7l-unknown-linux-gnueabihf --sysroot=/tmp/musl-sysroot-armhf -Wall -Wno-unused-parameter -O3 -DNDEBUG -std=gnu11 -fno-lto -Werror=array-bounds -Werror=uninitialized -Werror=shadow -Werror=empty-body -Werror=sizeof-pointer-memaccess -Werror=sizeof-array-argument -Werror=suspicious-memaccess -Werror=builtin-memcpy-chk-size -Werror=array-bounds-pointer-arithmetic -Werror=return-stack-address -Werror=sizeof-array-decay -Werror=format-insufficient-args -Wformat -nostdinc++ -fno-builtin -fvisibility=hidden -fomit-frame-pointer -DCOMPILER_RT_HAS_FLOAT16 -DCOMPILER_RT_ARMHF_TARGET -MD -MT lib/builtins/CMakeFiles/clang_rt.builtins-armhf.dir/trampoline_setup.c.o -MF CMakeFiles/clang_rt.builtins-armhf.dir/trampoline_setup.c.o.d -o CMakeFiles/clang_rt.builtins-armhf.dir/trampoline_setup.c.o -c /llvm-project-21.1.8.src/compiler-rt/lib/builtins/trampoline_setup.c
#26 12.89 [ 54%] Building C object lib/builtins/CMakeFiles/clang_rt.builtins-armhf.dir/truncdfsf2.c.o
#26 12.89 cd /tmp/build-rt-armhf/lib/builtins && /usr/bin/clang --target=armv7l-unknown-linux-gnueabihf --sysroot=/tmp/musl-sysroot-armhf -DVISIBILITY_HIDDEN -I/llvm-project-21.1.8.src/compiler-rt/lib/builtins/../../../third-party/siphash/include --target=armv7l-unknown-linux-gnueabihf --sysroot=/tmp/musl-sysroot-armhf -Wall -Wno-unused-parameter -O3 -DNDEBUG -std=gnu11 -fno-lto -Werror=array-bounds -Werror=uninitialized -Werror=shadow -Werror=empty-body -Werror=sizeof-pointer-memaccess -Werror=sizeof-array-argument -Werror=suspicious-memaccess -Werror=builtin-memcpy-chk-size -Werror=array-bounds-pointer-arithmetic -Werror=return-stack-address -Werror=sizeof-array-decay -Werror=format-insufficient-args -Wformat -nostdinc++ -fno-builtin -fvisibility=hidden -fomit-frame-pointer -DCOMPILER_RT_HAS_FLOAT16 -DCOMPILER_RT_ARMHF_TARGET -MD -MT lib/builtins/CMakeFiles/clang_rt.builtins-armhf.dir/truncdfhf2.c.o -MF CMakeFiles/clang_rt.builtins-armhf.dir/truncdfhf2.c.o.d -o CMakeFiles/clang_rt.builtins-armhf.dir/truncdfhf2.c.o -c /llvm-project-21.1.8.src/compiler-rt/lib/builtins/truncdfhf2.c
#26 12.89 [ 55%] Building C object lib/builtins/CMakeFiles/clang_rt.builtins-armhf.dir/ucmpti2.c.o
#26 12.89 cd /tmp/build-rt-armhf/lib/builtins && /usr/bin/clang --target=armv7l-unknown-linux-gnueabihf --sysroot=/tmp/musl-sysroot-armhf -DVISIBILITY_HIDDEN -I/llvm-project-21.1.8.src/compiler-rt/lib/builtins/../../../third-party/siphash/include --target=armv7l-unknown-linux-gnueabihf --sysroot=/tmp/musl-sysroot-armhf -Wall -Wno-unused-parameter -O3 -DNDEBUG -std=gnu11 -fno-lto -Werror=array-bounds -Werror=uninitialized -Werror=shadow -Werror=empty-body -Werror=sizeof-pointer-memaccess -Werror=sizeof-array-argument -Werror=suspicious-memaccess -Werror=builtin-memcpy-chk-size -Werror=array-bounds-pointer-arithmetic -Werror=return-stack-address -Werror=sizeof-array-decay -Werror=format-insufficient-args -Wformat -nostdinc++ -fno-builtin -fvisibility=hidden -fomit-frame-pointer -DCOMPILER_RT_HAS_FLOAT16 -DCOMPILER_RT_ARMHF_TARGET -MD -MT lib/builtins/CMakeFiles/clang_rt.builtins-armhf.dir/truncsfhf2.c.o -MF CMakeFiles/clang_rt.builtins-armhf.dir/truncsfhf2.c.o.d -o CMakeFiles/clang_rt.builtins-armhf.dir/truncsfhf2.c.o -c /llvm-project-21.1.8.src/compiler-rt/lib/builtins/truncsfhf2.c
#26 12.89 cd /tmp/build-rt-armhf/lib/builtins && /usr/bin/clang --target=armv7l-unknown-linux-gnueabihf --sysroot=/tmp/musl-sysroot-armhf -DVISIBILITY_HIDDEN -I/llvm-project-21.1.8.src/compiler-rt/lib/builtins/../../../third-party/siphash/include --target=armv7l-unknown-linux-gnueabihf --sysroot=/tmp/musl-sysroot-armhf -Wall -Wno-unused-parameter -O3 -DNDEBUG -std=gnu11 -fno-lto -Werror=array-bounds -Werror=uninitialized -Werror=shadow -Werror=empty-body -Werror=sizeof-pointer-memaccess -Werror=sizeof-array-argument -Werror=suspicious-memaccess -Werror=builtin-memcpy-chk-size -Werror=array-bounds-pointer-arithmetic -Werror=return-stack-address -Werror=sizeof-array-decay -Werror=format-insufficient-args -Wformat -nostdinc++ -fno-builtin -fvisibility=hidden -fomit-frame-pointer -DCOMPILER_RT_HAS_FLOAT16 -DCOMPILER_RT_ARMHF_TARGET -MD -MT lib/builtins/CMakeFiles/clang_rt.builtins-armhf.dir/ucmpdi2.c.o -MF CMakeFiles/clang_rt.builtins-armhf.dir/ucmpdi2.c.o.d -o CMakeFiles/clang_rt.builtins-armhf.dir/ucmpdi2.c.o -c /llvm-project-21.1.8.src/compiler-rt/lib/builtins/ucmpdi2.c
#26 12.89 cd /tmp/build-rt-armhf/lib/builtins && /usr/bin/clang --target=armv7l-unknown-linux-gnueabihf --sysroot=/tmp/musl-sysroot-armhf -DVISIBILITY_HIDDEN -I/llvm-project-21.1.8.src/compiler-rt/lib/builtins/../../../third-party/siphash/include --target=armv7l-unknown-linux-gnueabihf --sysroot=/tmp/musl-sysroot-armhf -Wall -Wno-unused-parameter -O3 -DNDEBUG -std=gnu11 -fno-lto -Werror=array-bounds -Werror=uninitialized -Werror=shadow -Werror=empty-body -Werror=sizeof-pointer-memaccess -Werror=sizeof-array-argument -Werror=suspicious-memaccess -Werror=builtin-memcpy-chk-size -Werror=array-bounds-pointer-arithmetic -Werror=return-stack-address -Werror=sizeof-array-decay -Werror=format-insufficient-args -Wformat -nostdinc++ -fno-builtin -fvisibility=hidden -fomit-frame-pointer -DCOMPILER_RT_HAS_FLOAT16 -DCOMPILER_RT_ARMHF_TARGET -MD -MT lib/builtins/CMakeFiles/clang_rt.builtins-armhf.dir/truncdfsf2.c.o -MF CMakeFiles/clang_rt.builtins-armhf.dir/truncdfsf2.c.o.d -o CMakeFiles/clang_rt.builtins-armhf.dir/truncdfsf2.c.o -c /llvm-project-21.1.8.src/compiler-rt/lib/builtins/truncdfsf2.c
#26 12.89 [ 55%] Building C object lib/builtins/CMakeFiles/clang_rt.builtins-armhf.dir/udivdi3.c.o
#26 12.89 cd /tmp/build-rt-armhf/lib/builtins && /usr/bin/clang --target=armv7l-unknown-linux-gnueabihf --sysroot=/tmp/musl-sysroot-armhf -DVISIBILITY_HIDDEN -I/llvm-project-21.1.8.src/compiler-rt/lib/builtins/../../../third-party/siphash/include --target=armv7l-unknown-linux-gnueabihf --sysroot=/tmp/musl-sysroot-armhf -Wall -Wno-unused-parameter -O3 -DNDEBUG -std=gnu11 -fno-lto -Werror=array-bounds -Werror=uninitialized -Werror=shadow -Werror=empty-body -Werror=sizeof-pointer-memaccess -Werror=sizeof-array-argument -Werror=suspicious-memaccess -Werror=builtin-memcpy-chk-size -Werror=array-bounds-pointer-arithmetic -Werror=return-stack-address -Werror=sizeof-array-decay -Werror=format-insufficient-args -Wformat -nostdinc++ -fno-builtin -fvisibility=hidden -fomit-frame-pointer -DCOMPILER_RT_HAS_FLOAT16 -DCOMPILER_RT_ARMHF_TARGET -MD -MT lib/builtins/CMakeFiles/clang_rt.builtins-armhf.dir/ucmpti2.c.o -MF CMakeFiles/clang_rt.builtins-armhf.dir/ucmpti2.c.o.d -o CMakeFiles/clang_rt.builtins-armhf.dir/ucmpti2.c.o -c /llvm-project-21.1.8.src/compiler-rt/lib/builtins/ucmpti2.c
#26 12.89 [ 55%] Building C object lib/builtins/CMakeFiles/clang_rt.builtins-armhf.dir/udivmoddi4.c.o
#26 12.89 [ 56%] Building C object lib/builtins/CMakeFiles/clang_rt.builtins-armhf.dir/udivmodti4.c.o
#26 12.89 [ 57%] Building C object lib/builtins/CMakeFiles/clang_rt.builtins-armhf.dir/udivti3.c.o
#26 12.89 [ 57%] Building C object lib/builtins/CMakeFiles/clang_rt.builtins-armhf.dir/umoddi3.c.o
#26 12.89 cd /tmp/build-rt-armhf/lib/builtins && /usr/bin/clang --target=armv7l-unknown-linux-gnueabihf --sysroot=/tmp/musl-sysroot-armhf -DVISIBILITY_HIDDEN -I/llvm-project-21.1.8.src/compiler-rt/lib/builtins/../../../third-party/siphash/include --target=armv7l-unknown-linux-gnueabihf --sysroot=/tmp/musl-sysroot-armhf -Wall -Wno-unused-parameter -O3 -DNDEBUG -std=gnu11 -fno-lto -Werror=array-bounds -Werror=uninitialized -Werror=shadow -Werror=empty-body -Werror=sizeof-pointer-memaccess -Werror=sizeof-array-argument -Werror=suspicious-memaccess -Werror=builtin-memcpy-chk-size -Werror=array-bounds-pointer-arithmetic -Werror=return-stack-address -Werror=sizeof-array-decay -Werror=format-insufficient-args -Wformat -nostdinc++ -fno-builtin -fvisibility=hidden -fomit-frame-pointer -DCOMPILER_RT_HAS_FLOAT16 -DCOMPILER_RT_ARMHF_TARGET -MD -MT lib/builtins/CMakeFiles/clang_rt.builtins-armhf.dir/udivdi3.c.o -MF CMakeFiles/clang_rt.builtins-armhf.dir/udivdi3.c.o.d -o CMakeFiles/clang_rt.builtins-armhf.dir/udivdi3.c.o -c /llvm-project-21.1.8.src/compiler-rt/lib/builtins/udivdi3.c
#26 12.89 [ 57%] Building C object lib/builtins/CMakeFiles/clang_rt.builtins-armhf.dir/umodti3.c.o
#26 12.89 cd /tmp/build-rt-armhf/lib/builtins && /usr/bin/clang --target=armv7l-unknown-linux-gnueabihf --sysroot=/tmp/musl-sysroot-armhf -DVISIBILITY_HIDDEN -I/llvm-project-21.1.8.src/compiler-rt/lib/builtins/../../../third-party/siphash/include --target=armv7l-unknown-linux-gnueabihf --sysroot=/tmp/musl-sysroot-armhf -Wall -Wno-unused-parameter -O3 -DNDEBUG -std=gnu11 -fno-lto -Werror=array-bounds -Werror=uninitialized -Werror=shadow -Werror=empty-body -Werror=sizeof-pointer-memaccess -Werror=sizeof-array-argument -Werror=suspicious-memaccess -Werror=builtin-memcpy-chk-size -Werror=array-bounds-pointer-arithmetic -Werror=return-stack-address -Werror=sizeof-array-decay -Werror=format-insufficient-args -Wformat -nostdinc++ -fno-builtin -fvisibility=hidden -fomit-frame-pointer -DCOMPILER_RT_HAS_FLOAT16 -DCOMPILER_RT_ARMHF_TARGET -MD -MT lib/builtins/CMakeFiles/clang_rt.builtins-armhf.dir/udivmoddi4.c.o -MF CMakeFiles/clang_rt.builtins-armhf.dir/udivmoddi4.c.o.d -o CMakeFiles/clang_rt.builtins-armhf.dir/udivmoddi4.c.o -c /llvm-project-21.1.8.src/compiler-rt/lib/builtins/udivmoddi4.c
#26 12.89 cd /tmp/build-rt-armhf/lib/builtins && /usr/bin/clang --target=armv7l-unknown-linux-gnueabihf --sysroot=/tmp/musl-sysroot-armhf -DVISIBILITY_HIDDEN -I/llvm-project-21.1.8.src/compiler-rt/lib/builtins/../../../third-party/siphash/include --target=armv7l-unknown-linux-gnueabihf --sysroot=/tmp/musl-sysroot-armhf -Wall -Wno-unused-parameter -O3 -DNDEBUG -std=gnu11 -fno-lto -Werror=array-bounds -Werror=uninitialized -Werror=shadow -Werror=empty-body -Werror=sizeof-pointer-memaccess -Werror=sizeof-array-argument -Werror=suspicious-memaccess -Werror=builtin-memcpy-chk-size -Werror=array-bounds-pointer-arithmetic -Werror=return-stack-address -Werror=sizeof-array-decay -Werror=format-insufficient-args -Wformat -nostdinc++ -fno-builtin -fvisibility=hidden -fomit-frame-pointer -DCOMPILER_RT_HAS_FLOAT16 -DCOMPILER_RT_ARMHF_TARGET -MD -MT lib/builtins/CMakeFiles/clang_rt.builtins-armhf.dir/udivmodti4.c.o -MF CMakeFiles/clang_rt.builtins-armhf.dir/udivmodti4.c.o.d -o CMakeFiles/clang_rt.builtins-armhf.dir/udivmodti4.c.o -c /llvm-project-21.1.8.src/compiler-rt/lib/builtins/udivmodti4.c
#26 12.89 cd /tmp/build-rt-armhf/lib/builtins && /usr/bin/clang --target=armv7l-unknown-linux-gnueabihf --sysroot=/tmp/musl-sysroot-armhf -DVISIBILITY_HIDDEN -I/llvm-project-21.1.8.src/compiler-rt/lib/builtins/../../../third-party/siphash/include --target=armv7l-unknown-linux-gnueabihf --sysroot=/tmp/musl-sysroot-armhf -Wall -Wno-unused-parameter -O3 -DNDEBUG -std=gnu11 -fno-lto -Werror=array-bounds -Werror=uninitialized -Werror=shadow -Werror=empty-body -Werror=sizeof-pointer-memaccess -Werror=sizeof-array-argument -Werror=suspicious-memaccess -Werror=builtin-memcpy-chk-size -Werror=array-bounds-pointer-arithmetic -Werror=return-stack-address -Werror=sizeof-array-decay -Werror=format-insufficient-args -Wformat -nostdinc++ -fno-builtin -fvisibility=hidden -fomit-frame-pointer -DCOMPILER_RT_HAS_FLOAT16 -DCOMPILER_RT_ARMHF_TARGET -MD -MT lib/builtins/CMakeFiles/clang_rt.builtins-armhf.dir/udivti3.c.o -MF CMakeFiles/clang_rt.builtins-armhf.dir/udivti3.c.o.d -o CMakeFiles/clang_rt.builtins-armhf.dir/udivti3.c.o -c /llvm-project-21.1.8.src/compiler-rt/lib/builtins/udivti3.c
#26 12.89 cd /tmp/build-rt-armhf/lib/builtins && /usr/bin/clang --target=armv7l-unknown-linux-gnueabihf --sysroot=/tmp/musl-sysroot-armhf -DVISIBILITY_HIDDEN -I/llvm-project-21.1.8.src/compiler-rt/lib/builtins/../../../third-party/siphash/include --target=armv7l-unknown-linux-gnueabihf --sysroot=/tmp/musl-sysroot-armhf -Wall -Wno-unused-parameter -O3 -DNDEBUG -std=gnu11 -fno-lto -Werror=array-bounds -Werror=uninitialized -Werror=shadow -Werror=empty-body -Werror=sizeof-pointer-memaccess -Werror=sizeof-array-argument -Werror=suspicious-memaccess -Werror=builtin-memcpy-chk-size -Werror=array-bounds-pointer-arithmetic -Werror=return-stack-address -Werror=sizeof-array-decay -Werror=format-insufficient-args -Wformat -nostdinc++ -fno-builtin -fvisibility=hidden -fomit-frame-pointer -DCOMPILER_RT_HAS_FLOAT16 -DCOMPILER_RT_ARMHF_TARGET -MD -MT lib/builtins/CMakeFiles/clang_rt.builtins-armhf.dir/umoddi3.c.o -MF CMakeFiles/clang_rt.builtins-armhf.dir/umoddi3.c.o.d -o CMakeFiles/clang_rt.builtins-armhf.dir/umoddi3.c.o -c /llvm-project-21.1.8.src/compiler-rt/lib/builtins/umoddi3.c
#26 12.89 cd /tmp/build-rt-armhf/lib/builtins && /usr/bin/clang --target=armv7l-unknown-linux-gnueabihf --sysroot=/tmp/musl-sysroot-armhf -DVISIBILITY_HIDDEN -I/llvm-project-21.1.8.src/compiler-rt/lib/builtins/../../../third-party/siphash/include --target=armv7l-unknown-linux-gnueabihf --sysroot=/tmp/musl-sysroot-armhf -Wall -Wno-unused-parameter -O3 -DNDEBUG -std=gnu11 -fno-lto -Werror=array-bounds -Werror=uninitialized -Werror=shadow -Werror=empty-body -Werror=sizeof-pointer-memaccess -Werror=sizeof-array-argument -Werror=suspicious-memaccess -Werror=builtin-memcpy-chk-size -Werror=array-bounds-pointer-arithmetic -Werror=return-stack-address -Werror=sizeof-array-decay -Werror=format-insufficient-args -Wformat -nostdinc++ -fno-builtin -fvisibility=hidden -fomit-frame-pointer -DCOMPILER_RT_HAS_FLOAT16 -DCOMPILER_RT_ARMHF_TARGET -MD -MT lib/builtins/CMakeFiles/clang_rt.builtins-armhf.dir/umodti3.c.o -MF CMakeFiles/clang_rt.builtins-armhf.dir/umodti3.c.o.d -o CMakeFiles/clang_rt.builtins-armhf.dir/umodti3.c.o -c /llvm-project-21.1.8.src/compiler-rt/lib/builtins/umodti3.c
#26 12.89 [ 58%] Building C object lib/builtins/CMakeFiles/clang_rt.builtins-armhf.dir/emutls.c.o
#26 12.89 [ 58%] Building C object lib/builtins/CMakeFiles/clang_rt.builtins-armhf.dir/enable_execute_stack.c.o
#26 12.89 [ 59%] Building C object lib/builtins/CMakeFiles/clang_rt.builtins-armhf.dir/eprintf.c.o
#26 12.89 cd /tmp/build-rt-armhf/lib/builtins && /usr/bin/clang --target=armv7l-unknown-linux-gnueabihf --sysroot=/tmp/musl-sysroot-armhf -DVISIBILITY_HIDDEN -I/llvm-project-21.1.8.src/compiler-rt/lib/builtins/../../../third-party/siphash/include --target=armv7l-unknown-linux-gnueabihf --sysroot=/tmp/musl-sysroot-armhf -Wall -Wno-unused-parameter -O3 -DNDEBUG -std=gnu11 -fno-lto -Werror=array-bounds -Werror=uninitialized -Werror=shadow -Werror=empty-body -Werror=sizeof-pointer-memaccess -Werror=sizeof-array-argument -Werror=suspicious-memaccess -Werror=builtin-memcpy-chk-size -Werror=array-bounds-pointer-arithmetic -Werror=return-stack-address -Werror=sizeof-array-decay -Werror=format-insufficient-args -Wformat -nostdinc++ -fno-builtin -fvisibility=hidden -fomit-frame-pointer -DCOMPILER_RT_HAS_FLOAT16 -DCOMPILER_RT_ARMHF_TARGET -MD -MT lib/builtins/CMakeFiles/clang_rt.builtins-armhf.dir/emutls.c.o -MF CMakeFiles/clang_rt.builtins-armhf.dir/emutls.c.o.d -o CMakeFiles/clang_rt.builtins-armhf.dir/emutls.c.o -c /llvm-project-21.1.8.src/compiler-rt/lib/builtins/emutls.c
#26 12.89 cd /tmp/build-rt-armhf/lib/builtins && /usr/bin/clang --target=armv7l-unknown-linux-gnueabihf --sysroot=/tmp/musl-sysroot-armhf -DVISIBILITY_HIDDEN -I/llvm-project-21.1.8.src/compiler-rt/lib/builtins/../../../third-party/siphash/include --target=armv7l-unknown-linux-gnueabihf --sysroot=/tmp/musl-sysroot-armhf -Wall -Wno-unused-parameter -O3 -DNDEBUG -std=gnu11 -fno-lto -Werror=array-bounds -Werror=uninitialized -Werror=shadow -Werror=empty-body -Werror=sizeof-pointer-memaccess -Werror=sizeof-array-argument -Werror=suspicious-memaccess -Werror=builtin-memcpy-chk-size -Werror=array-bounds-pointer-arithmetic -Werror=return-stack-address -Werror=sizeof-array-decay -Werror=format-insufficient-args -Wformat -nostdinc++ -fno-builtin -fvisibility=hidden -fomit-frame-pointer -DCOMPILER_RT_HAS_FLOAT16 -DCOMPILER_RT_ARMHF_TARGET -MD -MT lib/builtins/CMakeFiles/clang_rt.builtins-armhf.dir/enable_execute_stack.c.o -MF CMakeFiles/clang_rt.builtins-armhf.dir/enable_execute_stack.c.o.d -o CMakeFiles/clang_rt.builtins-armhf.dir/enable_execute_stack.c.o -c /llvm-project-21.1.8.src/compiler-rt/lib/builtins/enable_execute_stack.c
#26 12.89 cd /tmp/build-rt-armhf/lib/builtins && /usr/bin/clang --target=armv7l-unknown-linux-gnueabihf --sysroot=/tmp/musl-sysroot-armhf -DVISIBILITY_HIDDEN -I/llvm-project-21.1.8.src/compiler-rt/lib/builtins/../../../third-party/siphash/include --target=armv7l-unknown-linux-gnueabihf --sysroot=/tmp/musl-sysroot-armhf -Wall -Wno-unused-parameter -O3 -DNDEBUG -std=gnu11 -fno-lto -Werror=array-bounds -Werror=uninitialized -Werror=shadow -Werror=empty-body -Werror=sizeof-pointer-memaccess -Werror=sizeof-array-argument -Werror=suspicious-memaccess -Werror=builtin-memcpy-chk-size -Werror=array-bounds-pointer-arithmetic -Werror=return-stack-address -Werror=sizeof-array-decay -Werror=format-insufficient-args -Wformat -nostdinc++ -fno-builtin -fvisibility=hidden -fomit-frame-pointer -DCOMPILER_RT_HAS_FLOAT16 -DCOMPILER_RT_ARMHF_TARGET -MD -MT lib/builtins/CMakeFiles/clang_rt.builtins-armhf.dir/eprintf.c.o -MF CMakeFiles/clang_rt.builtins-armhf.dir/eprintf.c.o.d -o CMakeFiles/clang_rt.builtins-armhf.dir/eprintf.c.o -c /llvm-project-21.1.8.src/compiler-rt/lib/builtins/eprintf.c
#26 12.89 [ 59%] Building C object lib/builtins/CMakeFiles/clang_rt.builtins-armhf.dir/gcc_personality_v0.c.o
#26 12.89 cd /tmp/build-rt-armhf/lib/builtins && /usr/bin/clang --target=armv7l-unknown-linux-gnueabihf --sysroot=/tmp/musl-sysroot-armhf -DVISIBILITY_HIDDEN -I/llvm-project-21.1.8.src/compiler-rt/lib/builtins/../../../third-party/siphash/include --target=armv7l-unknown-linux-gnueabihf --sysroot=/tmp/musl-sysroot-armhf -Wall -Wno-unused-parameter -O3 -DNDEBUG -std=gnu11 -fno-lto -Werror=array-bounds -Werror=uninitialized -Werror=shadow -Werror=empty-body -Werror=sizeof-pointer-memaccess -Werror=sizeof-array-argument -Werror=suspicious-memaccess -Werror=builtin-memcpy-chk-size -Werror=array-bounds-pointer-arithmetic -Werror=return-stack-address -Werror=sizeof-array-decay -Werror=format-insufficient-args -Wformat -nostdinc++ -fno-builtin -fvisibility=hidden -fomit-frame-pointer -DCOMPILER_RT_HAS_FLOAT16 -DCOMPILER_RT_ARMHF_TARGET -MD -MT lib/builtins/CMakeFiles/clang_rt.builtins-armhf.dir/gcc_personality_v0.c.o -MF CMakeFiles/clang_rt.builtins-armhf.dir/gcc_personality_v0.c.o.d -o CMakeFiles/clang_rt.builtins-armhf.dir/gcc_personality_v0.c.o -c /llvm-project-21.1.8.src/compiler-rt/lib/builtins/gcc_personality_v0.c
#26 12.89 [ 60%] Building C object lib/builtins/CMakeFiles/clang_rt.builtins-armhf.dir/clear_cache.c.o
#26 12.89 [ 60%] Building ASM object lib/builtins/CMakeFiles/clang_rt.builtins-armhf.dir/arm/sync_fetch_and_add_4.S.o
#26 12.89 [ 60%] Building ASM object lib/builtins/CMakeFiles/clang_rt.builtins-armhf.dir/arm/sync_fetch_and_and_4.S.o
#26 12.89 [ 61%] Building ASM object lib/builtins/CMakeFiles/clang_rt.builtins-armhf.dir/arm/sync_fetch_and_add_8.S.o
#26 12.89 cd /tmp/build-rt-armhf/lib/builtins && /usr/bin/clang --target=armv7l-unknown-linux-gnueabihf --sysroot=/tmp/musl-sysroot-armhf -DVISIBILITY_HIDDEN -I/llvm-project-21.1.8.src/compiler-rt/lib/builtins/../../../third-party/siphash/include --target=armv7l-unknown-linux-gnueabihf --sysroot=/tmp/musl-sysroot-armhf -Wall -Wno-unused-parameter -O3 -DNDEBUG -std=gnu11 -fno-lto -Werror=array-bounds -Werror=uninitialized -Werror=shadow -Werror=empty-body -Werror=sizeof-pointer-memaccess -Werror=sizeof-array-argument -Werror=suspicious-memaccess -Werror=builtin-memcpy-chk-size -Werror=array-bounds-pointer-arithmetic -Werror=return-stack-address -Werror=sizeof-array-decay -Werror=format-insufficient-args -Wformat -nostdinc++ -fno-builtin -fvisibility=hidden -fomit-frame-pointer -DCOMPILER_RT_HAS_FLOAT16 -DCOMPILER_RT_ARMHF_TARGET -MD -MT lib/builtins/CMakeFiles/clang_rt.builtins-armhf.dir/clear_cache.c.o -MF CMakeFiles/clang_rt.builtins-armhf.dir/clear_cache.c.o.d -o CMakeFiles/clang_rt.builtins-armhf.dir/clear_cache.c.o -c /llvm-project-21.1.8.src/compiler-rt/lib/builtins/clear_cache.c
#26 12.89 [ 63%] Building ASM object lib/builtins/CMakeFiles/clang_rt.builtins-armhf.dir/arm/sync_fetch_and_max_8.S.o
#26 12.89 [ 63%] Building ASM object lib/builtins/CMakeFiles/clang_rt.builtins-armhf.dir/arm/sync_fetch_and_and_8.S.o
#26 12.89 cd /tmp/build-rt-armhf/lib/builtins && /usr/bin/clang -target armv7l-unknown-linux-gnueabihf --sysroot=/tmp/musl-sysroot-armhf -DVISIBILITY_HIDDEN -I/llvm-project-21.1.8.src/compiler-rt/lib/builtins/../../../third-party/siphash/include --target=armv7l-unknown-linux-gnueabihf --sysroot=/tmp/musl-sysroot-armhf -O3 -DNDEBUG -fno-lto -Werror=array-bounds -Werror=uninitialized -Werror=shadow -Werror=empty-body -Werror=sizeof-pointer-memaccess -Werror=sizeof-array-argument -Werror=suspicious-memaccess -Werror=builtin-memcpy-chk-size -Werror=array-bounds-pointer-arithmetic -Werror=return-stack-address -Werror=sizeof-array-decay -Werror=format-insufficient-args -Wformat -nostdinc++ -fno-builtin -fvisibility=hidden -fomit-frame-pointer -DCOMPILER_RT_HAS_FLOAT16 -DCOMPILER_RT_ARMHF_TARGET -o CMakeFiles/clang_rt.builtins-armhf.dir/arm/sync_fetch_and_add_4.S.o -c /llvm-project-21.1.8.src/compiler-rt/lib/builtins/arm/sync_fetch_and_add_4.S
#26 12.89 [ 63%] Building ASM object lib/builtins/CMakeFiles/clang_rt.builtins-armhf.dir/arm/sync_fetch_and_max_4.S.o
#26 12.89 cd /tmp/build-rt-armhf/lib/builtins && /usr/bin/clang -target armv7l-unknown-linux-gnueabihf --sysroot=/tmp/musl-sysroot-armhf -DVISIBILITY_HIDDEN -I/llvm-project-21.1.8.src/compiler-rt/lib/builtins/../../../third-party/siphash/include --target=armv7l-unknown-linux-gnueabihf --sysroot=/tmp/musl-sysroot-armhf -O3 -DNDEBUG -fno-lto -Werror=array-bounds -Werror=uninitialized -Werror=shadow -Werror=empty-body -Werror=sizeof-pointer-memaccess -Werror=sizeof-array-argument -Werror=suspicious-memaccess -Werror=builtin-memcpy-chk-size -Werror=array-bounds-pointer-arithmetic -Werror=return-stack-address -Werror=sizeof-array-decay -Werror=format-insufficient-args -Wformat -nostdinc++ -fno-builtin -fvisibility=hidden -fomit-frame-pointer -DCOMPILER_RT_HAS_FLOAT16 -DCOMPILER_RT_ARMHF_TARGET -o CMakeFiles/clang_rt.builtins-armhf.dir/arm/sync_fetch_and_add_8.S.o -c /llvm-project-21.1.8.src/compiler-rt/lib/builtins/arm/sync_fetch_and_add_8.S
#26 12.89 [ 64%] Building ASM object lib/builtins/CMakeFiles/clang_rt.builtins-armhf.dir/arm/sync_fetch_and_min_8.S.o
#26 12.89 cd /tmp/build-rt-armhf/lib/builtins && /usr/bin/clang -target armv7l-unknown-linux-gnueabihf --sysroot=/tmp/musl-sysroot-armhf -DVISIBILITY_HIDDEN -I/llvm-project-21.1.8.src/compiler-rt/lib/builtins/../../../third-party/siphash/include --target=armv7l-unknown-linux-gnueabihf --sysroot=/tmp/musl-sysroot-armhf -O3 -DNDEBUG -fno-lto -Werror=array-bounds -Werror=uninitialized -Werror=shadow -Werror=empty-body -Werror=sizeof-pointer-memaccess -Werror=sizeof-array-argument -Werror=suspicious-memaccess -Werror=builtin-memcpy-chk-size -Werror=array-bounds-pointer-arithmetic -Werror=return-stack-address -Werror=sizeof-array-decay -Werror=format-insufficient-args -Wformat -nostdinc++ -fno-builtin -fvisibility=hidden -fomit-frame-pointer -DCOMPILER_RT_HAS_FLOAT16 -DCOMPILER_RT_ARMHF_TARGET -o CMakeFiles/clang_rt.builtins-armhf.dir/arm/sync_fetch_and_and_4.S.o -c /llvm-project-21.1.8.src/compiler-rt/lib/builtins/arm/sync_fetch_and_and_4.S
#26 12.89 cd /tmp/build-rt-armhf/lib/builtins && /usr/bin/clang -target armv7l-unknown-linux-gnueabihf --sysroot=/tmp/musl-sysroot-armhf -DVISIBILITY_HIDDEN -I/llvm-project-21.1.8.src/compiler-rt/lib/builtins/../../../third-party/siphash/include --target=armv7l-unknown-linux-gnueabihf --sysroot=/tmp/musl-sysroot-armhf -O3 -DNDEBUG -fno-lto -Werror=array-bounds -Werror=uninitialized -Werror=shadow -Werror=empty-body -Werror=sizeof-pointer-memaccess -Werror=sizeof-array-argument -Werror=suspicious-memaccess -Werror=builtin-memcpy-chk-size -Werror=array-bounds-pointer-arithmetic -Werror=return-stack-address -Werror=sizeof-array-decay -Werror=format-insufficient-args -Wformat -nostdinc++ -fno-builtin -fvisibility=hidden -fomit-frame-pointer -DCOMPILER_RT_HAS_FLOAT16 -DCOMPILER_RT_ARMHF_TARGET -o CMakeFiles/clang_rt.builtins-armhf.dir/arm/sync_fetch_and_max_8.S.o -c /llvm-project-21.1.8.src/compiler-rt/lib/builtins/arm/sync_fetch_and_max_8.S
#26 12.89 [ 64%] Building ASM object lib/builtins/CMakeFiles/clang_rt.builtins-armhf.dir/arm/sync_fetch_and_nand_8.S.o
#26 12.89 [ 64%] Building ASM object lib/builtins/CMakeFiles/clang_rt.builtins-armhf.dir/arm/sync_fetch_and_nand_4.S.o
#26 12.89 [ 64%] Building ASM object lib/builtins/CMakeFiles/clang_rt.builtins-armhf.dir/arm/sync_fetch_and_min_4.S.o
#26 12.89 cd /tmp/build-rt-armhf/lib/builtins && /usr/bin/clang -target armv7l-unknown-linux-gnueabihf --sysroot=/tmp/musl-sysroot-armhf -DVISIBILITY_HIDDEN -I/llvm-project-21.1.8.src/compiler-rt/lib/builtins/../../../third-party/siphash/include --target=armv7l-unknown-linux-gnueabihf --sysroot=/tmp/musl-sysroot-armhf -O3 -DNDEBUG -fno-lto -Werror=array-bounds -Werror=uninitialized -Werror=shadow -Werror=empty-body -Werror=sizeof-pointer-memaccess -Werror=sizeof-array-argument -Werror=suspicious-memaccess -Werror=builtin-memcpy-chk-size -Werror=array-bounds-pointer-arithmetic -Werror=return-stack-address -Werror=sizeof-array-decay -Werror=format-insufficient-args -Wformat -nostdinc++ -fno-builtin -fvisibility=hidden -fomit-frame-pointer -DCOMPILER_RT_HAS_FLOAT16 -DCOMPILER_RT_ARMHF_TARGET -o CMakeFiles/clang_rt.builtins-armhf.dir/arm/sync_fetch_and_and_8.S.o -c /llvm-project-21.1.8.src/compiler-rt/lib/builtins/arm/sync_fetch_and_and_8.S
#26 12.89 [ 65%] Building ASM object lib/builtins/CMakeFiles/clang_rt.builtins-armhf.dir/arm/sync_fetch_and_or_4.S.o
#26 12.89 cd /tmp/build-rt-armhf/lib/builtins && /usr/bin/clang -target armv7l-unknown-linux-gnueabihf --sysroot=/tmp/musl-sysroot-armhf -DVISIBILITY_HIDDEN -I/llvm-project-21.1.8.src/compiler-rt/lib/builtins/../../../third-party/siphash/include --target=armv7l-unknown-linux-gnueabihf --sysroot=/tmp/musl-sysroot-armhf -O3 -DNDEBUG -fno-lto -Werror=array-bounds -Werror=uninitialized -Werror=shadow -Werror=empty-body -Werror=sizeof-pointer-memaccess -Werror=sizeof-array-argument -Werror=suspicious-memaccess -Werror=builtin-memcpy-chk-size -Werror=array-bounds-pointer-arithmetic -Werror=return-stack-address -Werror=sizeof-array-decay -Werror=format-insufficient-args -Wformat -nostdinc++ -fno-builtin -fvisibility=hidden -fomit-frame-pointer -DCOMPILER_RT_HAS_FLOAT16 -DCOMPILER_RT_ARMHF_TARGET -o CMakeFiles/clang_rt.builtins-armhf.dir/arm/sync_fetch_and_max_4.S.o -c /llvm-project-21.1.8.src/compiler-rt/lib/builtins/arm/sync_fetch_and_max_4.S
#26 12.89 cd /tmp/build-rt-armhf/lib/builtins && /usr/bin/clang -target armv7l-unknown-linux-gnueabihf --sysroot=/tmp/musl-sysroot-armhf -DVISIBILITY_HIDDEN -I/llvm-project-21.1.8.src/compiler-rt/lib/builtins/../../../third-party/siphash/include --target=armv7l-unknown-linux-gnueabihf --sysroot=/tmp/musl-sysroot-armhf -O3 -DNDEBUG -fno-lto -Werror=array-bounds -Werror=uninitialized -Werror=shadow -Werror=empty-body -Werror=sizeof-pointer-memaccess -Werror=sizeof-array-argument -Werror=suspicious-memaccess -Werror=builtin-memcpy-chk-size -Werror=array-bounds-pointer-arithmetic -Werror=return-stack-address -Werror=sizeof-array-decay -Werror=format-insufficient-args -Wformat -nostdinc++ -fno-builtin -fvisibility=hidden -fomit-frame-pointer -DCOMPILER_RT_HAS_FLOAT16 -DCOMPILER_RT_ARMHF_TARGET -o CMakeFiles/clang_rt.builtins-armhf.dir/arm/sync_fetch_and_min_8.S.o -c /llvm-project-21.1.8.src/compiler-rt/lib/builtins/arm/sync_fetch_and_min_8.S
#26 12.89 [ 65%] Building ASM object lib/builtins/CMakeFiles/clang_rt.builtins-armhf.dir/arm/sync_fetch_and_or_8.S.o
#26 12.89 [ 65%] Building ASM object lib/builtins/CMakeFiles/clang_rt.builtins-armhf.dir/arm/sync_fetch_and_sub_8.S.o
#26 12.89 [ 66%] Building ASM object lib/builtins/CMakeFiles/clang_rt.builtins-armhf.dir/arm/sync_fetch_and_sub_4.S.o
#26 12.89 cd /tmp/build-rt-armhf/lib/builtins && /usr/bin/clang -target armv7l-unknown-linux-gnueabihf --sysroot=/tmp/musl-sysroot-armhf -DVISIBILITY_HIDDEN -I/llvm-project-21.1.8.src/compiler-rt/lib/builtins/../../../third-party/siphash/include --target=armv7l-unknown-linux-gnueabihf --sysroot=/tmp/musl-sysroot-armhf -O3 -DNDEBUG -fno-lto -Werror=array-bounds -Werror=uninitialized -Werror=shadow -Werror=empty-body -Werror=sizeof-pointer-memaccess -Werror=sizeof-array-argument -Werror=suspicious-memaccess -Werror=builtin-memcpy-chk-size -Werror=array-bounds-pointer-arithmetic -Werror=return-stack-address -Werror=sizeof-array-decay -Werror=format-insufficient-args -Wformat -nostdinc++ -fno-builtin -fvisibility=hidden -fomit-frame-pointer -DCOMPILER_RT_HAS_FLOAT16 -DCOMPILER_RT_ARMHF_TARGET -o CMakeFiles/clang_rt.builtins-armhf.dir/arm/sync_fetch_and_min_4.S.o -c /llvm-project-21.1.8.src/compiler-rt/lib/builtins/arm/sync_fetch_and_min_4.S
#26 12.89 [ 67%] Building ASM object lib/builtins/CMakeFiles/clang_rt.builtins-armhf.dir/arm/sync_fetch_and_umax_4.S.o
#26 12.89 cd /tmp/build-rt-armhf/lib/builtins && /usr/bin/clang -target armv7l-unknown-linux-gnueabihf --sysroot=/tmp/musl-sysroot-armhf -DVISIBILITY_HIDDEN -I/llvm-project-21.1.8.src/compiler-rt/lib/builtins/../../../third-party/siphash/include --target=armv7l-unknown-linux-gnueabihf --sysroot=/tmp/musl-sysroot-armhf -O3 -DNDEBUG -fno-lto -Werror=array-bounds -Werror=uninitialized -Werror=shadow -Werror=empty-body -Werror=sizeof-pointer-memaccess -Werror=sizeof-array-argument -Werror=suspicious-memaccess -Werror=builtin-memcpy-chk-size -Werror=array-bounds-pointer-arithmetic -Werror=return-stack-address -Werror=sizeof-array-decay -Werror=format-insufficient-args -Wformat -nostdinc++ -fno-builtin -fvisibility=hidden -fomit-frame-pointer -DCOMPILER_RT_HAS_FLOAT16 -DCOMPILER_RT_ARMHF_TARGET -o CMakeFiles/clang_rt.builtins-armhf.dir/arm/sync_fetch_and_nand_4.S.o -c /llvm-project-21.1.8.src/compiler-rt/lib/builtins/arm/sync_fetch_and_nand_4.S
#26 12.89 cd /tmp/build-rt-armhf/lib/builtins && /usr/bin/clang -target armv7l-unknown-linux-gnueabihf --sysroot=/tmp/musl-sysroot-armhf -DVISIBILITY_HIDDEN -I/llvm-project-21.1.8.src/compiler-rt/lib/builtins/../../../third-party/siphash/include --target=armv7l-unknown-linux-gnueabihf --sysroot=/tmp/musl-sysroot-armhf -O3 -DNDEBUG -fno-lto -Werror=array-bounds -Werror=uninitialized -Werror=shadow -Werror=empty-body -Werror=sizeof-pointer-memaccess -Werror=sizeof-array-argument -Werror=suspicious-memaccess -Werror=builtin-memcpy-chk-size -Werror=array-bounds-pointer-arithmetic -Werror=return-stack-address -Werror=sizeof-array-decay -Werror=format-insufficient-args -Wformat -nostdinc++ -fno-builtin -fvisibility=hidden -fomit-frame-pointer -DCOMPILER_RT_HAS_FLOAT16 -DCOMPILER_RT_ARMHF_TARGET -o CMakeFiles/clang_rt.builtins-armhf.dir/arm/sync_fetch_and_nand_8.S.o -c /llvm-project-21.1.8.src/compiler-rt/lib/builtins/arm/sync_fetch_and_nand_8.S
#26 12.89 cd /tmp/build-rt-armhf/lib/builtins && /usr/bin/clang -target armv7l-unknown-linux-gnueabihf --sysroot=/tmp/musl-sysroot-armhf -DVISIBILITY_HIDDEN -I/llvm-project-21.1.8.src/compiler-rt/lib/builtins/../../../third-party/siphash/include --target=armv7l-unknown-linux-gnueabihf --sysroot=/tmp/musl-sysroot-armhf -O3 -DNDEBUG -fno-lto -Werror=array-bounds -Werror=uninitialized -Werror=shadow -Werror=empty-body -Werror=sizeof-pointer-memaccess -Werror=sizeof-array-argument -Werror=suspicious-memaccess -Werror=builtin-memcpy-chk-size -Werror=array-bounds-pointer-arithmetic -Werror=return-stack-address -Werror=sizeof-array-decay -Werror=format-insufficient-args -Wformat -nostdinc++ -fno-builtin -fvisibility=hidden -fomit-frame-pointer -DCOMPILER_RT_HAS_FLOAT16 -DCOMPILER_RT_ARMHF_TARGET -o CMakeFiles/clang_rt.builtins-armhf.dir/arm/sync_fetch_and_or_4.S.o -c /llvm-project-21.1.8.src/compiler-rt/lib/builtins/arm/sync_fetch_and_or_4.S
#26 12.89 [ 67%] Building ASM object lib/builtins/CMakeFiles/clang_rt.builtins-armhf.dir/arm/sync_fetch_and_umax_8.S.o
#26 12.89 cd /tmp/build-rt-armhf/lib/builtins && /usr/bin/clang -target armv7l-unknown-linux-gnueabihf --sysroot=/tmp/musl-sysroot-armhf -DVISIBILITY_HIDDEN -I/llvm-project-21.1.8.src/compiler-rt/lib/builtins/../../../third-party/siphash/include --target=armv7l-unknown-linux-gnueabihf --sysroot=/tmp/musl-sysroot-armhf -O3 -DNDEBUG -fno-lto -Werror=array-bounds -Werror=uninitialized -Werror=shadow -Werror=empty-body -Werror=sizeof-pointer-memaccess -Werror=sizeof-array-argument -Werror=suspicious-memaccess -Werror=builtin-memcpy-chk-size -Werror=array-bounds-pointer-arithmetic -Werror=return-stack-address -Werror=sizeof-array-decay -Werror=format-insufficient-args -Wformat -nostdinc++ -fno-builtin -fvisibility=hidden -fomit-frame-pointer -DCOMPILER_RT_HAS_FLOAT16 -DCOMPILER_RT_ARMHF_TARGET -o CMakeFiles/clang_rt.builtins-armhf.dir/arm/sync_fetch_and_or_8.S.o -c /llvm-project-21.1.8.src/compiler-rt/lib/builtins/arm/sync_fetch_and_or_8.S
#26 12.89 cd /tmp/build-rt-armhf/lib/builtins && /usr/bin/clang -target armv7l-unknown-linux-gnueabihf --sysroot=/tmp/musl-sysroot-armhf -DVISIBILITY_HIDDEN -I/llvm-project-21.1.8.src/compiler-rt/lib/builtins/../../../third-party/siphash/include --target=armv7l-unknown-linux-gnueabihf --sysroot=/tmp/musl-sysroot-armhf -O3 -DNDEBUG -fno-lto -Werror=array-bounds -Werror=uninitialized -Werror=shadow -Werror=empty-body -Werror=sizeof-pointer-memaccess -Werror=sizeof-array-argument -Werror=suspicious-memaccess -Werror=builtin-memcpy-chk-size -Werror=array-bounds-pointer-arithmetic -Werror=return-stack-address -Werror=sizeof-array-decay -Werror=format-insufficient-args -Wformat -nostdinc++ -fno-builtin -fvisibility=hidden -fomit-frame-pointer -DCOMPILER_RT_HAS_FLOAT16 -DCOMPILER_RT_ARMHF_TARGET -o CMakeFiles/clang_rt.builtins-armhf.dir/arm/sync_fetch_and_sub_4.S.o -c /llvm-project-21.1.8.src/compiler-rt/lib/builtins/arm/sync_fetch_and_sub_4.S
#26 12.89 cd /tmp/build-rt-armhf/lib/builtins && /usr/bin/clang -target armv7l-unknown-linux-gnueabihf --sysroot=/tmp/musl-sysroot-armhf -DVISIBILITY_HIDDEN -I/llvm-project-21.1.8.src/compiler-rt/lib/builtins/../../../third-party/siphash/include --target=armv7l-unknown-linux-gnueabihf --sysroot=/tmp/musl-sysroot-armhf -O3 -DNDEBUG -fno-lto -Werror=array-bounds -Werror=uninitialized -Werror=shadow -Werror=empty-body -Werror=sizeof-pointer-memaccess -Werror=sizeof-array-argument -Werror=suspicious-memaccess -Werror=builtin-memcpy-chk-size -Werror=array-bounds-pointer-arithmetic -Werror=return-stack-address -Werror=sizeof-array-decay -Werror=format-insufficient-args -Wformat -nostdinc++ -fno-builtin -fvisibility=hidden -fomit-frame-pointer -DCOMPILER_RT_HAS_FLOAT16 -DCOMPILER_RT_ARMHF_TARGET -o CMakeFiles/clang_rt.builtins-armhf.dir/arm/sync_fetch_and_sub_8.S.o -c /llvm-project-21.1.8.src/compiler-rt/lib/builtins/arm/sync_fetch_and_sub_8.S
#26 12.89 cd /tmp/build-rt-armhf/lib/builtins && /usr/bin/clang -target armv7l-unknown-linux-gnueabihf --sysroot=/tmp/musl-sysroot-armhf -DVISIBILITY_HIDDEN -I/llvm-project-21.1.8.src/compiler-rt/lib/builtins/../../../third-party/siphash/include --target=armv7l-unknown-linux-gnueabihf --sysroot=/tmp/musl-sysroot-armhf -O3 -DNDEBUG -fno-lto -Werror=array-bounds -Werror=uninitialized -Werror=shadow -Werror=empty-body -Werror=sizeof-pointer-memaccess -Werror=sizeof-array-argument -Werror=suspicious-memaccess -Werror=builtin-memcpy-chk-size -Werror=array-bounds-pointer-arithmetic -Werror=return-stack-address -Werror=sizeof-array-decay -Werror=format-insufficient-args -Wformat -nostdinc++ -fno-builtin -fvisibility=hidden -fomit-frame-pointer -DCOMPILER_RT_HAS_FLOAT16 -DCOMPILER_RT_ARMHF_TARGET -o CMakeFiles/clang_rt.builtins-armhf.dir/arm/sync_fetch_and_umax_4.S.o -c /llvm-project-21.1.8.src/compiler-rt/lib/builtins/arm/sync_fetch_and_umax_4.S
#26 12.89 [ 68%] Building ASM object lib/builtins/CMakeFiles/clang_rt.builtins-armhf.dir/arm/sync_fetch_and_umin_4.S.o
#26 12.89 cd /tmp/build-rt-armhf/lib/builtins && /usr/bin/clang -target armv7l-unknown-linux-gnueabihf --sysroot=/tmp/musl-sysroot-armhf -DVISIBILITY_HIDDEN -I/llvm-project-21.1.8.src/compiler-rt/lib/builtins/../../../third-party/siphash/include --target=armv7l-unknown-linux-gnueabihf --sysroot=/tmp/musl-sysroot-armhf -O3 -DNDEBUG -fno-lto -Werror=array-bounds -Werror=uninitialized -Werror=shadow -Werror=empty-body -Werror=sizeof-pointer-memaccess -Werror=sizeof-array-argument -Werror=suspicious-memaccess -Werror=builtin-memcpy-chk-size -Werror=array-bounds-pointer-arithmetic -Werror=return-stack-address -Werror=sizeof-array-decay -Werror=format-insufficient-args -Wformat -nostdinc++ -fno-builtin -fvisibility=hidden -fomit-frame-pointer -DCOMPILER_RT_HAS_FLOAT16 -DCOMPILER_RT_ARMHF_TARGET -o CMakeFiles/clang_rt.builtins-armhf.dir/arm/sync_fetch_and_umax_8.S.o -c /llvm-project-21.1.8.src/compiler-rt/lib/builtins/arm/sync_fetch_and_umax_8.S
#26 12.90 [ 69%] Building ASM object lib/builtins/CMakeFiles/clang_rt.builtins-armhf.dir/arm/sync_fetch_and_xor_4.S.o
#26 12.90 [ 69%] Building ASM object lib/builtins/CMakeFiles/clang_rt.builtins-armhf.dir/arm/sync_fetch_and_umin_8.S.o
#26 12.90 cd /tmp/build-rt-armhf/lib/builtins && /usr/bin/clang -target armv7l-unknown-linux-gnueabihf --sysroot=/tmp/musl-sysroot-armhf -DVISIBILITY_HIDDEN -I/llvm-project-21.1.8.src/compiler-rt/lib/builtins/../../../third-party/siphash/include --target=armv7l-unknown-linux-gnueabihf --sysroot=/tmp/musl-sysroot-armhf -O3 -DNDEBUG -fno-lto -Werror=array-bounds -Werror=uninitialized -Werror=shadow -Werror=empty-body -Werror=sizeof-pointer-memaccess -Werror=sizeof-array-argument -Werror=suspicious-memaccess -Werror=builtin-memcpy-chk-size -Werror=array-bounds-pointer-arithmetic -Werror=return-stack-address -Werror=sizeof-array-decay -Werror=format-insufficient-args -Wformat -nostdinc++ -fno-builtin -fvisibility=hidden -fomit-frame-pointer -DCOMPILER_RT_HAS_FLOAT16 -DCOMPILER_RT_ARMHF_TARGET -o CMakeFiles/clang_rt.builtins-armhf.dir/arm/sync_fetch_and_umin_4.S.o -c /llvm-project-21.1.8.src/compiler-rt/lib/builtins/arm/sync_fetch_and_umin_4.S
#26 12.90 [ 69%] Building ASM object lib/builtins/CMakeFiles/clang_rt.builtins-armhf.dir/arm/sync_fetch_and_xor_8.S.o
#26 12.90 cd /tmp/build-rt-armhf/lib/builtins && /usr/bin/clang -target armv7l-unknown-linux-gnueabihf --sysroot=/tmp/musl-sysroot-armhf -DVISIBILITY_HIDDEN -I/llvm-project-21.1.8.src/compiler-rt/lib/builtins/../../../third-party/siphash/include --target=armv7l-unknown-linux-gnueabihf --sysroot=/tmp/musl-sysroot-armhf -O3 -DNDEBUG -fno-lto -Werror=array-bounds -Werror=uninitialized -Werror=shadow -Werror=empty-body -Werror=sizeof-pointer-memaccess -Werror=sizeof-array-argument -Werror=suspicious-memaccess -Werror=builtin-memcpy-chk-size -Werror=array-bounds-pointer-arithmetic -Werror=return-stack-address -Werror=sizeof-array-decay -Werror=format-insufficient-args -Wformat -nostdinc++ -fno-builtin -fvisibility=hidden -fomit-frame-pointer -DCOMPILER_RT_HAS_FLOAT16 -DCOMPILER_RT_ARMHF_TARGET -o CMakeFiles/clang_rt.builtins-armhf.dir/arm/sync_fetch_and_xor_4.S.o -c /llvm-project-21.1.8.src/compiler-rt/lib/builtins/arm/sync_fetch_and_xor_4.S
#26 12.90 cd /tmp/build-rt-armhf/lib/builtins && /usr/bin/clang -target armv7l-unknown-linux-gnueabihf --sysroot=/tmp/musl-sysroot-armhf -DVISIBILITY_HIDDEN -I/llvm-project-21.1.8.src/compiler-rt/lib/builtins/../../../third-party/siphash/include --target=armv7l-unknown-linux-gnueabihf --sysroot=/tmp/musl-sysroot-armhf -O3 -DNDEBUG -fno-lto -Werror=array-bounds -Werror=uninitialized -Werror=shadow -Werror=empty-body -Werror=sizeof-pointer-memaccess -Werror=sizeof-array-argument -Werror=suspicious-memaccess -Werror=builtin-memcpy-chk-size -Werror=array-bounds-pointer-arithmetic -Werror=return-stack-address -Werror=sizeof-array-decay -Werror=format-insufficient-args -Wformat -nostdinc++ -fno-builtin -fvisibility=hidden -fomit-frame-pointer -DCOMPILER_RT_HAS_FLOAT16 -DCOMPILER_RT_ARMHF_TARGET -o CMakeFiles/clang_rt.builtins-armhf.dir/arm/sync_fetch_and_umin_8.S.o -c /llvm-project-21.1.8.src/compiler-rt/lib/builtins/arm/sync_fetch_and_umin_8.S
#26 12.90 cd /tmp/build-rt-armhf/lib/builtins && /usr/bin/clang -target armv7l-unknown-linux-gnueabihf --sysroot=/tmp/musl-sysroot-armhf -DVISIBILITY_HIDDEN -I/llvm-project-21.1.8.src/compiler-rt/lib/builtins/../../../third-party/siphash/include --target=armv7l-unknown-linux-gnueabihf --sysroot=/tmp/musl-sysroot-armhf -O3 -DNDEBUG -fno-lto -Werror=array-bounds -Werror=uninitialized -Werror=shadow -Werror=empty-body -Werror=sizeof-pointer-memaccess -Werror=sizeof-array-argument -Werror=suspicious-memaccess -Werror=builtin-memcpy-chk-size -Werror=array-bounds-pointer-arithmetic -Werror=return-stack-address -Werror=sizeof-array-decay -Werror=format-insufficient-args -Wformat -nostdinc++ -fno-builtin -fvisibility=hidden -fomit-frame-pointer -DCOMPILER_RT_HAS_FLOAT16 -DCOMPILER_RT_ARMHF_TARGET -o CMakeFiles/clang_rt.builtins-armhf.dir/arm/sync_fetch_and_xor_8.S.o -c /llvm-project-21.1.8.src/compiler-rt/lib/builtins/arm/sync_fetch_and_xor_8.S
#26 12.90 [ 69%] Building C object lib/builtins/CMakeFiles/clang_rt.builtins-armhf.dir/arm/aeabi_cdcmpeq_check_nan.c.o
#26 12.90 [ 70%] Building ASM object lib/builtins/CMakeFiles/clang_rt.builtins-armhf.dir/arm/aeabi_cdcmp.S.o
#26 12.90 [ 71%] Building ASM object lib/builtins/CMakeFiles/clang_rt.builtins-armhf.dir/arm/aeabi_cfcmp.S.o
#26 12.90 cd /tmp/build-rt-armhf/lib/builtins && /usr/bin/clang --target=armv7l-unknown-linux-gnueabihf --sysroot=/tmp/musl-sysroot-armhf -DVISIBILITY_HIDDEN -I/llvm-project-21.1.8.src/compiler-rt/lib/builtins/../../../third-party/siphash/include --target=armv7l-unknown-linux-gnueabihf --sysroot=/tmp/musl-sysroot-armhf -Wall -Wno-unused-parameter -O3 -DNDEBUG -std=gnu11 -fno-lto -Werror=array-bounds -Werror=uninitialized -Werror=shadow -Werror=empty-body -Werror=sizeof-pointer-memaccess -Werror=sizeof-array-argument -Werror=suspicious-memaccess -Werror=builtin-memcpy-chk-size -Werror=array-bounds-pointer-arithmetic -Werror=return-stack-address -Werror=sizeof-array-decay -Werror=format-insufficient-args -Wformat -nostdinc++ -fno-builtin -fvisibility=hidden -fomit-frame-pointer -DCOMPILER_RT_HAS_FLOAT16 -DCOMPILER_RT_ARMHF_TARGET -MD -MT lib/builtins/CMakeFiles/clang_rt.builtins-armhf.dir/arm/aeabi_cdcmpeq_check_nan.c.o -MF CMakeFiles/clang_rt.builtins-armhf.dir/arm/aeabi_cdcmpeq_check_nan.c.o.d -o CMakeFiles/clang_rt.builtins-armhf.dir/arm/aeabi_cdcmpeq_check_nan.c.o -c /llvm-project-21.1.8.src/compiler-rt/lib/builtins/arm/aeabi_cdcmpeq_check_nan.c
#26 12.90 cd /tmp/build-rt-armhf/lib/builtins && /usr/bin/clang -target armv7l-unknown-linux-gnueabihf --sysroot=/tmp/musl-sysroot-armhf -DVISIBILITY_HIDDEN -I/llvm-project-21.1.8.src/compiler-rt/lib/builtins/../../../third-party/siphash/include --target=armv7l-unknown-linux-gnueabihf --sysroot=/tmp/musl-sysroot-armhf -O3 -DNDEBUG -fno-lto -Werror=array-bounds -Werror=uninitialized -Werror=shadow -Werror=empty-body -Werror=sizeof-pointer-memaccess -Werror=sizeof-array-argument -Werror=suspicious-memaccess -Werror=builtin-memcpy-chk-size -Werror=array-bounds-pointer-arithmetic -Werror=return-stack-address -Werror=sizeof-array-decay -Werror=format-insufficient-args -Wformat -nostdinc++ -fno-builtin -fvisibility=hidden -fomit-frame-pointer -DCOMPILER_RT_HAS_FLOAT16 -DCOMPILER_RT_ARMHF_TARGET -o CMakeFiles/clang_rt.builtins-armhf.dir/arm/aeabi_cdcmp.S.o -c /llvm-project-21.1.8.src/compiler-rt/lib/builtins/arm/aeabi_cdcmp.S
#26 12.90 [ 72%] Building C object lib/builtins/CMakeFiles/clang_rt.builtins-armhf.dir/arm/aeabi_cfcmpeq_check_nan.c.o
#26 12.90 [ 72%] Building ASM object lib/builtins/CMakeFiles/clang_rt.builtins-armhf.dir/arm/aeabi_dcmp.S.o
#26 12.90 cd /tmp/build-rt-armhf/lib/builtins && /usr/bin/clang -target armv7l-unknown-linux-gnueabihf --sysroot=/tmp/musl-sysroot-armhf -DVISIBILITY_HIDDEN -I/llvm-project-21.1.8.src/compiler-rt/lib/builtins/../../../third-party/siphash/include --target=armv7l-unknown-linux-gnueabihf --sysroot=/tmp/musl-sysroot-armhf -O3 -DNDEBUG -fno-lto -Werror=array-bounds -Werror=uninitialized -Werror=shadow -Werror=empty-body -Werror=sizeof-pointer-memaccess -Werror=sizeof-array-argument -Werror=suspicious-memaccess -Werror=builtin-memcpy-chk-size -Werror=array-bounds-pointer-arithmetic -Werror=return-stack-address -Werror=sizeof-array-decay -Werror=format-insufficient-args -Wformat -nostdinc++ -fno-builtin -fvisibility=hidden -fomit-frame-pointer -DCOMPILER_RT_HAS_FLOAT16 -DCOMPILER_RT_ARMHF_TARGET -o CMakeFiles/clang_rt.builtins-armhf.dir/arm/aeabi_cfcmp.S.o -c /llvm-project-21.1.8.src/compiler-rt/lib/builtins/arm/aeabi_cfcmp.S
#26 12.90 [ 72%] Building C object lib/builtins/CMakeFiles/clang_rt.builtins-armhf.dir/arm/aeabi_div0.c.o
#26 12.90 [ 73%] Building C object lib/builtins/CMakeFiles/clang_rt.builtins-armhf.dir/arm/aeabi_drsub.c.o
#26 12.90 cd /tmp/build-rt-armhf/lib/builtins && /usr/bin/clang --target=armv7l-unknown-linux-gnueabihf --sysroot=/tmp/musl-sysroot-armhf -DVISIBILITY_HIDDEN -I/llvm-project-21.1.8.src/compiler-rt/lib/builtins/../../../third-party/siphash/include --target=armv7l-unknown-linux-gnueabihf --sysroot=/tmp/musl-sysroot-armhf -Wall -Wno-unused-parameter -O3 -DNDEBUG -std=gnu11 -fno-lto -Werror=array-bounds -Werror=uninitialized -Werror=shadow -Werror=empty-body -Werror=sizeof-pointer-memaccess -Werror=sizeof-array-argument -Werror=suspicious-memaccess -Werror=builtin-memcpy-chk-size -Werror=array-bounds-pointer-arithmetic -Werror=return-stack-address -Werror=sizeof-array-decay -Werror=format-insufficient-args -Wformat -nostdinc++ -fno-builtin -fvisibility=hidden -fomit-frame-pointer -DCOMPILER_RT_HAS_FLOAT16 -DCOMPILER_RT_ARMHF_TARGET -MD -MT lib/builtins/CMakeFiles/clang_rt.builtins-armhf.dir/arm/aeabi_cfcmpeq_check_nan.c.o -MF CMakeFiles/clang_rt.builtins-armhf.dir/arm/aeabi_cfcmpeq_check_nan.c.o.d -o CMakeFiles/clang_rt.builtins-armhf.dir/arm/aeabi_cfcmpeq_check_nan.c.o -c /llvm-project-21.1.8.src/compiler-rt/lib/builtins/arm/aeabi_cfcmpeq_check_nan.c
#26 12.90 [ 74%] Building ASM object lib/builtins/CMakeFiles/clang_rt.builtins-armhf.dir/arm/aeabi_idivmod.S.o
#26 12.90 [ 73%] Building C object lib/builtins/CMakeFiles/clang_rt.builtins-armhf.dir/arm/aeabi_frsub.c.o
#26 12.90 [ 74%] Building ASM object lib/builtins/CMakeFiles/clang_rt.builtins-armhf.dir/arm/aeabi_fcmp.S.o
#26 12.90 cd /tmp/build-rt-armhf/lib/builtins && /usr/bin/clang -target armv7l-unknown-linux-gnueabihf --sysroot=/tmp/musl-sysroot-armhf -DVISIBILITY_HIDDEN -I/llvm-project-21.1.8.src/compiler-rt/lib/builtins/../../../third-party/siphash/include --target=armv7l-unknown-linux-gnueabihf --sysroot=/tmp/musl-sysroot-armhf -O3 -DNDEBUG -fno-lto -Werror=array-bounds -Werror=uninitialized -Werror=shadow -Werror=empty-body -Werror=sizeof-pointer-memaccess -Werror=sizeof-array-argument -Werror=suspicious-memaccess -Werror=builtin-memcpy-chk-size -Werror=array-bounds-pointer-arithmetic -Werror=return-stack-address -Werror=sizeof-array-decay -Werror=format-insufficient-args -Wformat -nostdinc++ -fno-builtin -fvisibility=hidden -fomit-frame-pointer -DCOMPILER_RT_HAS_FLOAT16 -DCOMPILER_RT_ARMHF_TARGET -o CMakeFiles/clang_rt.builtins-armhf.dir/arm/aeabi_dcmp.S.o -c /llvm-project-21.1.8.src/compiler-rt/lib/builtins/arm/aeabi_dcmp.S
#26 12.90 cd /tmp/build-rt-armhf/lib/builtins && /usr/bin/clang --target=armv7l-unknown-linux-gnueabihf --sysroot=/tmp/musl-sysroot-armhf -DVISIBILITY_HIDDEN -I/llvm-project-21.1.8.src/compiler-rt/lib/builtins/../../../third-party/siphash/include --target=armv7l-unknown-linux-gnueabihf --sysroot=/tmp/musl-sysroot-armhf -Wall -Wno-unused-parameter -O3 -DNDEBUG -std=gnu11 -fno-lto -Werror=array-bounds -Werror=uninitialized -Werror=shadow -Werror=empty-body -Werror=sizeof-pointer-memaccess -Werror=sizeof-array-argument -Werror=suspicious-memaccess -Werror=builtin-memcpy-chk-size -Werror=array-bounds-pointer-arithmetic -Werror=return-stack-address -Werror=sizeof-array-decay -Werror=format-insufficient-args -Wformat -nostdinc++ -fno-builtin -fvisibility=hidden -fomit-frame-pointer -DCOMPILER_RT_HAS_FLOAT16 -DCOMPILER_RT_ARMHF_TARGET -MD -MT lib/builtins/CMakeFiles/clang_rt.builtins-armhf.dir/arm/aeabi_div0.c.o -MF CMakeFiles/clang_rt.builtins-armhf.dir/arm/aeabi_div0.c.o.d -o CMakeFiles/clang_rt.builtins-armhf.dir/arm/aeabi_div0.c.o -c /llvm-project-21.1.8.src/compiler-rt/lib/builtins/arm/aeabi_div0.c
#26 12.90 [ 74%] Building ASM object lib/builtins/CMakeFiles/clang_rt.builtins-armhf.dir/arm/aeabi_ldivmod.S.o
#26 12.90 cd /tmp/build-rt-armhf/lib/builtins && /usr/bin/clang --target=armv7l-unknown-linux-gnueabihf --sysroot=/tmp/musl-sysroot-armhf -DVISIBILITY_HIDDEN -I/llvm-project-21.1.8.src/compiler-rt/lib/builtins/../../../third-party/siphash/include --target=armv7l-unknown-linux-gnueabihf --sysroot=/tmp/musl-sysroot-armhf -Wall -Wno-unused-parameter -O3 -DNDEBUG -std=gnu11 -fno-lto -Werror=array-bounds -Werror=uninitialized -Werror=shadow -Werror=empty-body -Werror=sizeof-pointer-memaccess -Werror=sizeof-array-argument -Werror=suspicious-memaccess -Werror=builtin-memcpy-chk-size -Werror=array-bounds-pointer-arithmetic -Werror=return-stack-address -Werror=sizeof-array-decay -Werror=format-insufficient-args -Wformat -nostdinc++ -fno-builtin -fvisibility=hidden -fomit-frame-pointer -DCOMPILER_RT_HAS_FLOAT16 -DCOMPILER_RT_ARMHF_TARGET -MD -MT lib/builtins/CMakeFiles/clang_rt.builtins-armhf.dir/arm/aeabi_drsub.c.o -MF CMakeFiles/clang_rt.builtins-armhf.dir/arm/aeabi_drsub.c.o.d -o CMakeFiles/clang_rt.builtins-armhf.dir/arm/aeabi_drsub.c.o -c /llvm-project-21.1.8.src/compiler-rt/lib/builtins/arm/aeabi_drsub.c
#26 12.90 [ 76%] Building ASM object lib/builtins/CMakeFiles/clang_rt.builtins-armhf.dir/arm/aeabi_memcmp.S.o
#26 12.90 [ 76%] Building ASM object lib/builtins/CMakeFiles/clang_rt.builtins-armhf.dir/arm/aeabi_uidivmod.S.o
#26 12.90 cd /tmp/build-rt-armhf/lib/builtins && /usr/bin/clang -target armv7l-unknown-linux-gnueabihf --sysroot=/tmp/musl-sysroot-armhf -DVISIBILITY_HIDDEN -I/llvm-project-21.1.8.src/compiler-rt/lib/builtins/../../../third-party/siphash/include --target=armv7l-unknown-linux-gnueabihf --sysroot=/tmp/musl-sysroot-armhf -O3 -DNDEBUG -fno-lto -Werror=array-bounds -Werror=uninitialized -Werror=shadow -Werror=empty-body -Werror=sizeof-pointer-memaccess -Werror=sizeof-array-argument -Werror=suspicious-memaccess -Werror=builtin-memcpy-chk-size -Werror=array-bounds-pointer-arithmetic -Werror=return-stack-address -Werror=sizeof-array-decay -Werror=format-insufficient-args -Wformat -nostdinc++ -fno-builtin -fvisibility=hidden -fomit-frame-pointer -DCOMPILER_RT_HAS_FLOAT16 -DCOMPILER_RT_ARMHF_TARGET -o CMakeFiles/clang_rt.builtins-armhf.dir/arm/aeabi_fcmp.S.o -c /llvm-project-21.1.8.src/compiler-rt/lib/builtins/arm/aeabi_fcmp.S
#26 12.90 [ 76%] Building ASM object lib/builtins/CMakeFiles/clang_rt.builtins-armhf.dir/arm/aeabi_memcpy.S.o
#26 12.90 [ 76%] Building ASM object lib/builtins/CMakeFiles/clang_rt.builtins-armhf.dir/arm/aeabi_uldivmod.S.o
#26 12.90 cd /tmp/build-rt-armhf/lib/builtins && /usr/bin/clang --target=armv7l-unknown-linux-gnueabihf --sysroot=/tmp/musl-sysroot-armhf -DVISIBILITY_HIDDEN -I/llvm-project-21.1.8.src/compiler-rt/lib/builtins/../../../third-party/siphash/include --target=armv7l-unknown-linux-gnueabihf --sysroot=/tmp/musl-sysroot-armhf -Wall -Wno-unused-parameter -O3 -DNDEBUG -std=gnu11 -fno-lto -Werror=array-bounds -Werror=uninitialized -Werror=shadow -Werror=empty-body -Werror=sizeof-pointer-memaccess -Werror=sizeof-array-argument -Werror=suspicious-memaccess -Werror=builtin-memcpy-chk-size -Werror=array-bounds-pointer-arithmetic -Werror=return-stack-address -Werror=sizeof-array-decay -Werror=format-insufficient-args -Wformat -nostdinc++ -fno-builtin -fvisibility=hidden -fomit-frame-pointer -DCOMPILER_RT_HAS_FLOAT16 -DCOMPILER_RT_ARMHF_TARGET -MD -MT lib/builtins/CMakeFiles/clang_rt.builtins-armhf.dir/arm/aeabi_frsub.c.o -MF CMakeFiles/clang_rt.builtins-armhf.dir/arm/aeabi_frsub.c.o.d -o CMakeFiles/clang_rt.builtins-armhf.dir/arm/aeabi_frsub.c.o -c /llvm-project-21.1.8.src/compiler-rt/lib/builtins/arm/aeabi_frsub.c
#26 12.90 cd /tmp/build-rt-armhf/lib/builtins && /usr/bin/clang -target armv7l-unknown-linux-gnueabihf --sysroot=/tmp/musl-sysroot-armhf -DVISIBILITY_HIDDEN -I/llvm-project-21.1.8.src/compiler-rt/lib/builtins/../../../third-party/siphash/include --target=armv7l-unknown-linux-gnueabihf --sysroot=/tmp/musl-sysroot-armhf -O3 -DNDEBUG -fno-lto -Werror=array-bounds -Werror=uninitialized -Werror=shadow -Werror=empty-body -Werror=sizeof-pointer-memaccess -Werror=sizeof-array-argument -Werror=suspicious-memaccess -Werror=builtin-memcpy-chk-size -Werror=array-bounds-pointer-arithmetic -Werror=return-stack-address -Werror=sizeof-array-decay -Werror=format-insufficient-args -Wformat -nostdinc++ -fno-builtin -fvisibility=hidden -fomit-frame-pointer -DCOMPILER_RT_HAS_FLOAT16 -DCOMPILER_RT_ARMHF_TARGET -o CMakeFiles/clang_rt.builtins-armhf.dir/arm/aeabi_idivmod.S.o -c /llvm-project-21.1.8.src/compiler-rt/lib/builtins/arm/aeabi_idivmod.S
#26 12.90 cd /tmp/build-rt-armhf/lib/builtins && /usr/bin/clang -target armv7l-unknown-linux-gnueabihf --sysroot=/tmp/musl-sysroot-armhf -DVISIBILITY_HIDDEN -I/llvm-project-21.1.8.src/compiler-rt/lib/builtins/../../../third-party/siphash/include --target=armv7l-unknown-linux-gnueabihf --sysroot=/tmp/musl-sysroot-armhf -O3 -DNDEBUG -fno-lto -Werror=array-bounds -Werror=uninitialized -Werror=shadow -Werror=empty-body -Werror=sizeof-pointer-memaccess -Werror=sizeof-array-argument -Werror=suspicious-memaccess -Werror=builtin-memcpy-chk-size -Werror=array-bounds-pointer-arithmetic -Werror=return-stack-address -Werror=sizeof-array-decay -Werror=format-insufficient-args -Wformat -nostdinc++ -fno-builtin -fvisibility=hidden -fomit-frame-pointer -DCOMPILER_RT_HAS_FLOAT16 -DCOMPILER_RT_ARMHF_TARGET -o CMakeFiles/clang_rt.builtins-armhf.dir/arm/aeabi_ldivmod.S.o -c /llvm-project-21.1.8.src/compiler-rt/lib/builtins/arm/aeabi_ldivmod.S
#26 12.90 In file included from /llvm-project-21.1.8.src/compiler-rt/lib/builtins/gcc_personality_v0.c:12:
#26 12.90 /llvm-project-21.1.8.src/compiler-rt/lib/builtins/../../../libunwind/include/unwind.h:59:10: error: 'unwind_arm_ehabi.h' file not found with <angled> include; use "quotes" instead
#26 12.90    59 | #include <unwind_arm_ehabi.h>
#26 12.90       |          ^~~~~~~~~~~~~~~~~~~~
#26 12.90       |          "unwind_arm_ehabi.h"
#26 12.90 cd /tmp/build-rt-armhf/lib/builtins && /usr/bin/clang -target armv7l-unknown-linux-gnueabihf --sysroot=/tmp/musl-sysroot-armhf -DVISIBILITY_HIDDEN -I/llvm-project-21.1.8.src/compiler-rt/lib/builtins/../../../third-party/siphash/include --target=armv7l-unknown-linux-gnueabihf --sysroot=/tmp/musl-sysroot-armhf -O3 -DNDEBUG -fno-lto -Werror=array-bounds -Werror=uninitialized -Werror=shadow -Werror=empty-body -Werror=sizeof-pointer-memaccess -Werror=sizeof-array-argument -Werror=suspicious-memaccess -Werror=builtin-memcpy-chk-size -Werror=array-bounds-pointer-arithmetic -Werror=return-stack-address -Werror=sizeof-array-decay -Werror=format-insufficient-args -Wformat -nostdinc++ -fno-builtin -fvisibility=hidden -fomit-frame-pointer -DCOMPILER_RT_HAS_FLOAT16 -DCOMPILER_RT_ARMHF_TARGET -o CMakeFiles/clang_rt.builtins-armhf.dir/arm/aeabi_uidivmod.S.o -c /llvm-project-21.1.8.src/compiler-rt/lib/builtins/arm/aeabi_uidivmod.S
#26 12.90 [ 77%] Building ASM object lib/builtins/CMakeFiles/clang_rt.builtins-armhf.dir/arm/aeabi_memmove.S.o
#26 12.90 cd /tmp/build-rt-armhf/lib/builtins && /usr/bin/clang -target armv7l-unknown-linux-gnueabihf --sysroot=/tmp/musl-sysroot-armhf -DVISIBILITY_HIDDEN -I/llvm-project-21.1.8.src/compiler-rt/lib/builtins/../../../third-party/siphash/include --target=armv7l-unknown-linux-gnueabihf --sysroot=/tmp/musl-sysroot-armhf -O3 -DNDEBUG -fno-lto -Werror=array-bounds -Werror=uninitialized -Werror=shadow -Werror=empty-body -Werror=sizeof-pointer-memaccess -Werror=sizeof-array-argument -Werror=suspicious-memaccess -Werror=builtin-memcpy-chk-size -Werror=array-bounds-pointer-arithmetic -Werror=return-stack-address -Werror=sizeof-array-decay -Werror=format-insufficient-args -Wformat -nostdinc++ -fno-builtin -fvisibility=hidden -fomit-frame-pointer -DCOMPILER_RT_HAS_FLOAT16 -DCOMPILER_RT_ARMHF_TARGET -o CMakeFiles/clang_rt.builtins-armhf.dir/arm/aeabi_memcmp.S.o -c /llvm-project-21.1.8.src/compiler-rt/lib/builtins/arm/aeabi_memcmp.S
#26 12.90 [ 78%] Building ASM object lib/builtins/CMakeFiles/clang_rt.builtins-armhf.dir/arm/switch16.S.o
#26 12.90 cd /tmp/build-rt-armhf/lib/builtins && /usr/bin/clang -target armv7l-unknown-linux-gnueabihf --sysroot=/tmp/musl-sysroot-armhf -DVISIBILITY_HIDDEN -I/llvm-project-21.1.8.src/compiler-rt/lib/builtins/../../../third-party/siphash/include --target=armv7l-unknown-linux-gnueabihf --sysroot=/tmp/musl-sysroot-armhf -O3 -DNDEBUG -fno-lto -Werror=array-bounds -Werror=uninitialized -Werror=shadow -Werror=empty-body -Werror=sizeof-pointer-memaccess -Werror=sizeof-array-argument -Werror=suspicious-memaccess -Werror=builtin-memcpy-chk-size -Werror=array-bounds-pointer-arithmetic -Werror=return-stack-address -Werror=sizeof-array-decay -Werror=format-insufficient-args -Wformat -nostdinc++ -fno-builtin -fvisibility=hidden -fomit-frame-pointer -DCOMPILER_RT_HAS_FLOAT16 -DCOMPILER_RT_ARMHF_TARGET -o CMakeFiles/clang_rt.builtins-armhf.dir/arm/aeabi_memcpy.S.o -c /llvm-project-21.1.8.src/compiler-rt/lib/builtins/arm/aeabi_memcpy.S
#26 12.90 [ 78%] Building ASM object lib/builtins/CMakeFiles/clang_rt.builtins-armhf.dir/arm/switch32.S.o
#26 12.90 [ 78%] Building ASM object lib/builtins/CMakeFiles/clang_rt.builtins-armhf.dir/arm/aeabi_memset.S.o
#26 12.90 cd /tmp/build-rt-armhf/lib/builtins && /usr/bin/clang -target armv7l-unknown-linux-gnueabihf --sysroot=/tmp/musl-sysroot-armhf -DVISIBILITY_HIDDEN -I/llvm-project-21.1.8.src/compiler-rt/lib/builtins/../../../third-party/siphash/include --target=armv7l-unknown-linux-gnueabihf --sysroot=/tmp/musl-sysroot-armhf -O3 -DNDEBUG -fno-lto -Werror=array-bounds -Werror=uninitialized -Werror=shadow -Werror=empty-body -Werror=sizeof-pointer-memaccess -Werror=sizeof-array-argument -Werror=suspicious-memaccess -Werror=builtin-memcpy-chk-size -Werror=array-bounds-pointer-arithmetic -Werror=return-stack-address -Werror=sizeof-array-decay -Werror=format-insufficient-args -Wformat -nostdinc++ -fno-builtin -fvisibility=hidden -fomit-frame-pointer -DCOMPILER_RT_HAS_FLOAT16 -DCOMPILER_RT_ARMHF_TARGET -o CMakeFiles/clang_rt.builtins-armhf.dir/arm/aeabi_uldivmod.S.o -c /llvm-project-21.1.8.src/compiler-rt/lib/builtins/arm/aeabi_uldivmod.S
#26 12.90 cd /tmp/build-rt-armhf/lib/builtins && /usr/bin/clang -target armv7l-unknown-linux-gnueabihf --sysroot=/tmp/musl-sysroot-armhf -DVISIBILITY_HIDDEN -I/llvm-project-21.1.8.src/compiler-rt/lib/builtins/../../../third-party/siphash/include --target=armv7l-unknown-linux-gnueabihf --sysroot=/tmp/musl-sysroot-armhf -O3 -DNDEBUG -fno-lto -Werror=array-bounds -Werror=uninitialized -Werror=shadow -Werror=empty-body -Werror=sizeof-pointer-memaccess -Werror=sizeof-array-argument -Werror=suspicious-memaccess -Werror=builtin-memcpy-chk-size -Werror=array-bounds-pointer-arithmetic -Werror=return-stack-address -Werror=sizeof-array-decay -Werror=format-insufficient-args -Wformat -nostdinc++ -fno-builtin -fvisibility=hidden -fomit-frame-pointer -DCOMPILER_RT_HAS_FLOAT16 -DCOMPILER_RT_ARMHF_TARGET -o CMakeFiles/clang_rt.builtins-armhf.dir/arm/aeabi_memmove.S.o -c /llvm-project-21.1.8.src/compiler-rt/lib/builtins/arm/aeabi_memmove.S
#26 12.90 cd /tmp/build-rt-armhf/lib/builtins && /usr/bin/clang -target armv7l-unknown-linux-gnueabihf --sysroot=/tmp/musl-sysroot-armhf -DVISIBILITY_HIDDEN -I/llvm-project-21.1.8.src/compiler-rt/lib/builtins/../../../third-party/siphash/include --target=armv7l-unknown-linux-gnueabihf --sysroot=/tmp/musl-sysroot-armhf -O3 -DNDEBUG -fno-lto -Werror=array-bounds -Werror=uninitialized -Werror=shadow -Werror=empty-body -Werror=sizeof-pointer-memaccess -Werror=sizeof-array-argument -Werror=suspicious-memaccess -Werror=builtin-memcpy-chk-size -Werror=array-bounds-pointer-arithmetic -Werror=return-stack-address -Werror=sizeof-array-decay -Werror=format-insufficient-args -Wformat -nostdinc++ -fno-builtin -fvisibility=hidden -fomit-frame-pointer -DCOMPILER_RT_HAS_FLOAT16 -DCOMPILER_RT_ARMHF_TARGET -o CMakeFiles/clang_rt.builtins-armhf.dir/arm/switch16.S.o -c /llvm-project-21.1.8.src/compiler-rt/lib/builtins/arm/switch16.S
#26 12.90 cd /tmp/build-rt-armhf/lib/builtins && /usr/bin/clang -target armv7l-unknown-linux-gnueabihf --sysroot=/tmp/musl-sysroot-armhf -DVISIBILITY_HIDDEN -I/llvm-project-21.1.8.src/compiler-rt/lib/builtins/../../../third-party/siphash/include --target=armv7l-unknown-linux-gnueabihf --sysroot=/tmp/musl-sysroot-armhf -O3 -DNDEBUG -fno-lto -Werror=array-bounds -Werror=uninitialized -Werror=shadow -Werror=empty-body -Werror=sizeof-pointer-memaccess -Werror=sizeof-array-argument -Werror=suspicious-memaccess -Werror=builtin-memcpy-chk-size -Werror=array-bounds-pointer-arithmetic -Werror=return-stack-address -Werror=sizeof-array-decay -Werror=format-insufficient-args -Wformat -nostdinc++ -fno-builtin -fvisibility=hidden -fomit-frame-pointer -DCOMPILER_RT_HAS_FLOAT16 -DCOMPILER_RT_ARMHF_TARGET -o CMakeFiles/clang_rt.builtins-armhf.dir/arm/aeabi_memset.S.o -c /llvm-project-21.1.8.src/compiler-rt/lib/builtins/arm/aeabi_memset.S
#26 12.90 [ 79%] Building ASM object lib/builtins/CMakeFiles/clang_rt.builtins-armhf.dir/arm/switch8.S.o
#26 12.90 cd /tmp/build-rt-armhf/lib/builtins && /usr/bin/clang -target armv7l-unknown-linux-gnueabihf --sysroot=/tmp/musl-sysroot-armhf -DVISIBILITY_HIDDEN -I/llvm-project-21.1.8.src/compiler-rt/lib/builtins/../../../third-party/siphash/include --target=armv7l-unknown-linux-gnueabihf --sysroot=/tmp/musl-sysroot-armhf -O3 -DNDEBUG -fno-lto -Werror=array-bounds -Werror=uninitialized -Werror=shadow -Werror=empty-body -Werror=sizeof-pointer-memaccess -Werror=sizeof-array-argument -Werror=suspicious-memaccess -Werror=builtin-memcpy-chk-size -Werror=array-bounds-pointer-arithmetic -Werror=return-stack-address -Werror=sizeof-array-decay -Werror=format-insufficient-args -Wformat -nostdinc++ -fno-builtin -fvisibility=hidden -fomit-frame-pointer -DCOMPILER_RT_HAS_FLOAT16 -DCOMPILER_RT_ARMHF_TARGET -o CMakeFiles/clang_rt.builtins-armhf.dir/arm/switch32.S.o -c /llvm-project-21.1.8.src/compiler-rt/lib/builtins/arm/switch32.S
#26 12.90 [ 79%] Building ASM object lib/builtins/CMakeFiles/clang_rt.builtins-armhf.dir/arm/switchu8.S.o
#26 12.90 In file included from /llvm-project-21.1.8.src/compiler-rt/lib/builtins/gcc_personality_v0.c:21:
#26 12.90 In file included from /llvm-project-21.1.8.src/compiler-rt/lib/builtins/unwind-ehabi-helpers.h:14:
#26 12.90 /usr/lib/clang/21/include/unwind.h:59:18: error: typedef redefinition with different types ('uint64_t' (aka 'unsigned long long') vs 'uint8_t[8]' (aka 'unsigned char[8]'))
#26 12.90    59 | typedef uint64_t _Unwind_Exception_Class;
#26 12.90       |                  ^
#26 12.90 /llvm-project-21.1.8.src/compiler-rt/lib/builtins/../../../libunwind/include/unwind_arm_ehabi.h:30:17: note: previous definition is here
#26 12.90    30 | typedef uint8_t _Unwind_Exception_Class[8];
#26 12.90       |                 ^
#26 12.90 In file included from /llvm-project-21.1.8.src/compiler-rt/lib/builtins/gcc_personality_v0.c:21:
#26 12.90 In file included from /llvm-project-21.1.8.src/compiler-rt/lib/builtins/unwind-ehabi-helpers.h:14:
#26 12.90 /usr/lib/clang/21/include/unwind.h:75:3: error: redefinition of enumerator '_URC_NO_REASON'
#26 12.90    75 |   _URC_NO_REASON = 0,
#26 12.90       |   ^
#26 12.90 /llvm-project-21.1.8.src/compiler-rt/lib/builtins/../../../libunwind/include/unwind.h:33:3: note: previous definition is here
#26 12.90    33 |   _URC_NO_REASON = 0,
#26 12.90       |   ^
#26 12.90 In file included from /llvm-project-21.1.8.src/compiler-rt/lib/builtins/gcc_personality_v0.c:21:
#26 12.90 In file included from /llvm-project-21.1.8.src/compiler-rt/lib/builtins/unwind-ehabi-helpers.h:14:
#26 12.90 /usr/lib/clang/21/include/unwind.h:78:3: error: redefinition of enumerator '_URC_OK'
#26 12.90    78 |   _URC_OK = 0, /* used by ARM EHABI */
#26 12.90       |   ^
#26 12.90 /llvm-project-21.1.8.src/compiler-rt/lib/builtins/../../../libunwind/include/unwind.h:34:3: note: previous definition is here
#26 12.90    34 |   _URC_OK = 0,
#26 12.90       |   ^
#26 12.90 In file included from /llvm-project-21.1.8.src/compiler-rt/lib/builtins/gcc_personality_v0.c:21:
#26 12.90 In file included from /llvm-project-21.1.8.src/compiler-rt/lib/builtins/unwind-ehabi-helpers.h:14:
#26 12.90 /usr/lib/clang/21/include/unwind.h:80:3: error: redefinition of enumerator '_URC_FOREIGN_EXCEPTION_CAUGHT'
#26 12.90    80 |   _URC_FOREIGN_EXCEPTION_CAUGHT = 1,
#26 12.90       |   ^
#26 12.90 /llvm-project-21.1.8.src/compiler-rt/lib/builtins/../../../libunwind/include/unwind.h:35:3: note: previous definition is here
#26 12.90    35 |   _URC_FOREIGN_EXCEPTION_CAUGHT = 1,
#26 12.90       |   ^
#26 12.90 In file included from /llvm-project-21.1.8.src/compiler-rt/lib/builtins/gcc_personality_v0.c:21:
#26 12.90 In file included from /llvm-project-21.1.8.src/compiler-rt/lib/builtins/unwind-ehabi-helpers.h:14:
#26 12.90 /usr/lib/clang/21/include/unwind.h:82:3: error: redefinition of enumerator '_URC_FATAL_PHASE2_ERROR'
#26 12.90    82 |   _URC_FATAL_PHASE2_ERROR = 2,
#26 12.90       |   ^
#26 12.90 /llvm-project-21.1.8.src/compiler-rt/lib/builtins/../../../libunwind/include/unwind.h:36:3: note: previous definition is here
#26 12.90    36 |   _URC_FATAL_PHASE2_ERROR = 2,
#26 12.90       |   ^
#26 12.90 In file included from /llvm-project-21.1.8.src/compiler-rt/lib/builtins/gcc_personality_v0.c:21:
#26 12.90 In file included from /llvm-project-21.1.8.src/compiler-rt/lib/builtins/unwind-ehabi-helpers.h:14:
#26 12.90 /usr/lib/clang/21/include/unwind.h:83:3: error: redefinition of enumerator '_URC_FATAL_PHASE1_ERROR'
#26 12.90    83 |   _URC_FATAL_PHASE1_ERROR = 3,
#26 12.90       |   ^
#26 12.90 /llvm-project-21.1.8.src/compiler-rt/lib/builtins/../../../libunwind/include/unwind.h:37:3: note: previous definition is here
#26 12.90    37 |   _URC_FATAL_PHASE1_ERROR = 3,
#26 12.90       |   ^
#26 12.90 In file included from /llvm-project-21.1.8.src/compiler-rt/lib/builtins/gcc_personality_v0.c:21:
#26 12.90 In file included from /llvm-project-21.1.8.src/compiler-rt/lib/builtins/unwind-ehabi-helpers.h:14:
#26 12.90 /usr/lib/clang/21/include/unwind.h:84:3: error: redefinition of enumerator '_URC_NORMAL_STOP'
#26 12.90    84 |   _URC_NORMAL_STOP = 4,
#26 12.90       |   ^
#26 12.90 /llvm-project-21.1.8.src/compiler-rt/lib/builtins/../../../libunwind/include/unwind.h:38:3: note: previous definition is here
#26 12.90    38 |   _URC_NORMAL_STOP = 4,
#26 12.90       |   ^
#26 12.90 In file included from /llvm-project-21.1.8.src/compiler-rt/lib/builtins/gcc_personality_v0.c:21:
#26 12.90 In file included from /llvm-project-21.1.8.src/compiler-rt/lib/builtins/unwind-ehabi-helpers.h:14:
#26 12.90 /usr/lib/clang/21/include/unwind.h:86:3: error: redefinition of enumerator '_URC_END_OF_STACK'
#26 12.90    86 |   _URC_END_OF_STACK = 5,
#26 12.90       |   ^
#26 12.90 /llvm-project-21.1.8.src/compiler-rt/lib/builtins/../../../libunwind/include/unwind.h:39:3: note: previous definition is here
#26 12.90    39 |   _URC_END_OF_STACK = 5,
#26 12.90       |   ^
#26 12.90 In file included from /llvm-project-21.1.8.src/compiler-rt/lib/builtins/gcc_personality_v0.c:21:
#26 12.90 In file included from /llvm-project-21.1.8.src/compiler-rt/lib/builtins/unwind-ehabi-helpers.h:14:
#26 12.90 /usr/lib/clang/21/include/unwind.h:87:3: error: redefinition of enumerator '_URC_HANDLER_FOUND'
#26 12.90    87 |   _URC_HANDLER_FOUND = 6,
#26 12.90       |   ^
#26 12.90 /llvm-project-21.1.8.src/compiler-rt/lib/builtins/../../../libunwind/include/unwind.h:40:3: note: previous definition is here
#26 12.90    40 |   _URC_HANDLER_FOUND = 6,
#26 12.90       |   ^
#26 12.90 In file included from /llvm-project-21.1.8.src/compiler-rt/lib/builtins/gcc_personality_v0.c:21:
#26 12.90 In file included from /llvm-project-21.1.8.src/compiler-rt/lib/builtins/unwind-ehabi-helpers.h:14:
#26 12.90 /usr/lib/clang/21/include/unwind.h:88:3: error: redefinition of enumerator '_URC_INSTALL_CONTEXT'
#26 12.90    88 |   _URC_INSTALL_CONTEXT = 7,
#26 12.90       |   ^
#26 12.90 /llvm-project-21.1.8.src/compiler-rt/lib/builtins/../../../libunwind/include/unwind.h:41:3: note: previous definition is here
#26 12.90    41 |   _URC_INSTALL_CONTEXT = 7,
#26 12.90       |   ^
#26 12.90 In file included from /llvm-project-21.1.8.src/compiler-rt/lib/builtins/gcc_personality_v0.c:21:
#26 12.90 In file included from /llvm-project-21.1.8.src/compiler-rt/lib/builtins/unwind-ehabi-helpers.h:14:
#26 12.90 /usr/lib/clang/21/include/unwind.h:89:3: error: redefinition of enumerator '_URC_CONTINUE_UNWIND'
#26 12.90    89 |   _URC_CONTINUE_UNWIND = 8,
#26 12.90       |   ^
#26 12.90 /llvm-project-21.1.8.src/compiler-rt/lib/builtins/../../../libunwind/include/unwind.h:42:3: note: previous definition is here
#26 12.90    42 |   _URC_CONTINUE_UNWIND = 8,
#26 12.90       |   ^
#26 12.90 In file included from /llvm-project-21.1.8.src/compiler-rt/lib/builtins/gcc_personality_v0.c:21:
#26 12.90 In file included from /llvm-project-21.1.8.src/compiler-rt/lib/builtins/unwind-ehabi-helpers.h:14:
#26 12.90 /usr/lib/clang/21/include/unwind.h:92:3: error: redefinition of enumerator '_URC_FAILURE'
#26 12.90    92 |   _URC_FAILURE = 9 /* used by ARM EHABI */
#26 12.90       |   ^
#26 12.90 /llvm-project-21.1.8.src/compiler-rt/lib/builtins/../../../libunwind/include/unwind.h:44:3: note: previous definition is here
#26 12.90    44 |   _URC_FAILURE = 9
#26 12.90       |   ^
#26 12.90 In file included from /llvm-project-21.1.8.src/compiler-rt/lib/builtins/gcc_personality_v0.c:21:
#26 12.90 In file included from /llvm-project-21.1.8.src/compiler-rt/lib/builtins/unwind-ehabi-helpers.h:14:
#26 12.90 /usr/lib/clang/21/include/unwind.h:94:3: error: typedef redefinition with different types ('enum _Unwind_Reason_Code' vs 'enum _Unwind_Reason_Code')
#26 12.90    94 | } _Unwind_Reason_Code;
#26 12.90       |   ^
#26 12.90 /llvm-project-21.1.8.src/compiler-rt/lib/builtins/../../../libunwind/include/unwind.h:46:3: note: previous definition is here
#26 12.90    46 | } _Unwind_Reason_Code;
#26 12.90       |   ^
#26 12.90 In file included from /llvm-project-21.1.8.src/compiler-rt/lib/builtins/gcc_personality_v0.c:21:
#26 12.90 In file included from /llvm-project-21.1.8.src/compiler-rt/lib/builtins/unwind-ehabi-helpers.h:14:
#26 12.90 /usr/lib/clang/21/include/unwind.h:97:3: error: redefinition of enumerator '_UA_SEARCH_PHASE'
#26 12.90    97 |   _UA_SEARCH_PHASE = 1,
#26 12.90       |   ^
#26 12.90 /llvm-project-21.1.8.src/compiler-rt/lib/builtins/../../../libunwind/include/unwind.h:49:3: note: previous definition is here
#26 12.90    49 |   _UA_SEARCH_PHASE = 1,
#26 12.90       |   ^
#26 12.90 In file included from /llvm-project-21.1.8.src/compiler-rt/lib/builtins/gcc_personality_v0.c:21:
#26 12.90 In file included from /llvm-project-21.1.8.src/compiler-rt/lib/builtins/unwind-ehabi-helpers.h:14:
#26 12.90 /usr/lib/clang/21/include/unwind.h:98:3: error: redefinition of enumerator '_UA_CLEANUP_PHASE'
#26 12.90    98 |   _UA_CLEANUP_PHASE = 2,
#26 12.90       |   ^
#26 12.90 /llvm-project-21.1.8.src/compiler-rt/lib/builtins/../../../libunwind/include/unwind.h:50:3: note: previous definition is here
#26 12.90    50 |   _UA_CLEANUP_PHASE = 2,
#26 12.90       |   ^
#26 12.90 In file included from /llvm-project-21.1.8.src/compiler-rt/lib/builtins/gcc_personality_v0.c:21:
#26 12.90 In file included from /llvm-project-21.1.8.src/compiler-rt/lib/builtins/unwind-ehabi-helpers.h:14:
#26 12.90 /usr/lib/clang/21/include/unwind.h:100:3: error: redefinition of enumerator '_UA_HANDLER_FRAME'
#26 12.90   100 |   _UA_HANDLER_FRAME = 4,
#26 12.90       |   ^
#26 12.90 /llvm-project-21.1.8.src/compiler-rt/lib/builtins/../../../libunwind/include/unwind.h:51:3: note: previous definition is here
#26 12.90    51 |   _UA_HANDLER_FRAME = 4,
#26 12.90       |   ^
#26 12.90 In file included from /llvm-project-21.1.8.src/compiler-rt/lib/builtins/gcc_personality_v0.c:21:
#26 12.90 In file included from /llvm-project-21.1.8.src/compiler-rt/lib/builtins/unwind-ehabi-helpers.h:14:
#26 12.90 /usr/lib/clang/21/include/unwind.h:101:3: error: redefinition of enumerator '_UA_FORCE_UNWIND'
#26 12.90   101 |   _UA_FORCE_UNWIND = 8,
#26 12.90       |   ^
#26 12.90 /llvm-project-21.1.8.src/compiler-rt/lib/builtins/../../../libunwind/include/unwind.h:52:3: note: previous definition is here
#26 12.90    52 |   _UA_FORCE_UNWIND = 8,
#26 12.90       |   ^
#26 12.90 In file included from /llvm-project-21.1.8.src/compiler-rt/lib/builtins/gcc_personality_v0.c:21:
#26 12.90 In file included from /llvm-project-21.1.8.src/compiler-rt/lib/builtins/unwind-ehabi-helpers.h:14:
#26 12.90 /usr/lib/clang/21/include/unwind.h:102:3: error: redefinition of enumerator '_UA_END_OF_STACK'
#26 12.90   102 |   _UA_END_OF_STACK = 16 /* gcc extension to C++ ABI */
#26 12.90       |   ^
#26 12.90 /llvm-project-21.1.8.src/compiler-rt/lib/builtins/../../../libunwind/include/unwind.h:53:3: note: previous definition is here
#26 12.90    53 |   _UA_END_OF_STACK = 16 // gcc extension to C++ ABI
#26 12.90       |   ^
#26 12.90 fatal error: too many errors emitted, stopping now [-ferror-limit=]
#26 12.90 cd /tmp/build-rt-armhf/lib/builtins && /usr/bin/clang -target armv7l-unknown-linux-gnueabihf --sysroot=/tmp/musl-sysroot-armhf -DVISIBILITY_HIDDEN -I/llvm-project-21.1.8.src/compiler-rt/lib/builtins/../../../third-party/siphash/include --target=armv7l-unknown-linux-gnueabihf --sysroot=/tmp/musl-sysroot-armhf -O3 -DNDEBUG -fno-lto -Werror=array-bounds -Werror=uninitialized -Werror=shadow -Werror=empty-body -Werror=sizeof-pointer-memaccess -Werror=sizeof-array-argument -Werror=suspicious-memaccess -Werror=builtin-memcpy-chk-size -Werror=array-bounds-pointer-arithmetic -Werror=return-stack-address -Werror=sizeof-array-decay -Werror=format-insufficient-args -Wformat -nostdinc++ -fno-builtin -fvisibility=hidden -fomit-frame-pointer -DCOMPILER_RT_HAS_FLOAT16 -DCOMPILER_RT_ARMHF_TARGET -o CMakeFiles/clang_rt.builtins-armhf.dir/arm/switch8.S.o -c /llvm-project-21.1.8.src/compiler-rt/lib/builtins/arm/switch8.S
#26 12.90 cd /tmp/build-rt-armhf/lib/builtins && /usr/bin/clang -target armv7l-unknown-linux-gnueabihf --sysroot=/tmp/musl-sysroot-armhf -DVISIBILITY_HIDDEN -I/llvm-project-21.1.8.src/compiler-rt/lib/builtins/../../../third-party/siphash/include --target=armv7l-unknown-linux-gnueabihf --sysroot=/tmp/musl-sysroot-armhf -O3 -DNDEBUG -fno-lto -Werror=array-bounds -Werror=uninitialized -Werror=shadow -Werror=empty-body -Werror=sizeof-pointer-memaccess -Werror=sizeof-array-argument -Werror=suspicious-memaccess -Werror=builtin-memcpy-chk-size -Werror=array-bounds-pointer-arithmetic -Werror=return-stack-address -Werror=sizeof-array-decay -Werror=format-insufficient-args -Wformat -nostdinc++ -fno-builtin -fvisibility=hidden -fomit-frame-pointer -DCOMPILER_RT_HAS_FLOAT16 -DCOMPILER_RT_ARMHF_TARGET -o CMakeFiles/clang_rt.builtins-armhf.dir/arm/switchu8.S.o -c /llvm-project-21.1.8.src/compiler-rt/lib/builtins/arm/switchu8.S
#26 12.90 20 errors generated.
#26 12.91 [ 80%] Building ASM object lib/builtins/CMakeFiles/clang_rt.builtins-armhf.dir/arm/restore_vfp_d8_d15_regs.S.o
#26 12.91 [ 81%] Building ASM object lib/builtins/CMakeFiles/clang_rt.builtins-armhf.dir/arm/adddf3vfp.S.o
#26 12.91 [ 81%] Building ASM object lib/builtins/CMakeFiles/clang_rt.builtins-armhf.dir/arm/save_vfp_d8_d15_regs.S.o
#26 12.91 cd /tmp/build-rt-armhf/lib/builtins && /usr/bin/clang -target armv7l-unknown-linux-gnueabihf --sysroot=/tmp/musl-sysroot-armhf -DVISIBILITY_HIDDEN -I/llvm-project-21.1.8.src/compiler-rt/lib/builtins/../../../third-party/siphash/include --target=armv7l-unknown-linux-gnueabihf --sysroot=/tmp/musl-sysroot-armhf -O3 -DNDEBUG -fno-lto -Werror=array-bounds -Werror=uninitialized -Werror=shadow -Werror=empty-body -Werror=sizeof-pointer-memaccess -Werror=sizeof-array-argument -Werror=suspicious-memaccess -Werror=builtin-memcpy-chk-size -Werror=array-bounds-pointer-arithmetic -Werror=return-stack-address -Werror=sizeof-array-decay -Werror=format-insufficient-args -Wformat -nostdinc++ -fno-builtin -fvisibility=hidden -fomit-frame-pointer -DCOMPILER_RT_HAS_FLOAT16 -DCOMPILER_RT_ARMHF_TARGET -o CMakeFiles/clang_rt.builtins-armhf.dir/arm/restore_vfp_d8_d15_regs.S.o -c /llvm-project-21.1.8.src/compiler-rt/lib/builtins/arm/restore_vfp_d8_d15_regs.S
#26 12.91 [ 82%] Building ASM object lib/builtins/CMakeFiles/clang_rt.builtins-armhf.dir/arm/eqdf2vfp.S.o
#26 12.91 [ 82%] Building ASM object lib/builtins/CMakeFiles/clang_rt.builtins-armhf.dir/arm/divdf3vfp.S.o
#26 12.91 [ 82%] Building ASM object lib/builtins/CMakeFiles/clang_rt.builtins-armhf.dir/arm/fixdfsivfp.S.o
#26 12.91 [ 82%] Building ASM object lib/builtins/CMakeFiles/clang_rt.builtins-armhf.dir/arm/extendsfdf2vfp.S.o
#26 12.91 cd /tmp/build-rt-armhf/lib/builtins && /usr/bin/clang -target armv7l-unknown-linux-gnueabihf --sysroot=/tmp/musl-sysroot-armhf -DVISIBILITY_HIDDEN -I/llvm-project-21.1.8.src/compiler-rt/lib/builtins/../../../third-party/siphash/include --target=armv7l-unknown-linux-gnueabihf --sysroot=/tmp/musl-sysroot-armhf -O3 -DNDEBUG -fno-lto -Werror=array-bounds -Werror=uninitialized -Werror=shadow -Werror=empty-body -Werror=sizeof-pointer-memaccess -Werror=sizeof-array-argument -Werror=suspicious-memaccess -Werror=builtin-memcpy-chk-size -Werror=array-bounds-pointer-arithmetic -Werror=return-stack-address -Werror=sizeof-array-decay -Werror=format-insufficient-args -Wformat -nostdinc++ -fno-builtin -fvisibility=hidden -fomit-frame-pointer -DCOMPILER_RT_HAS_FLOAT16 -DCOMPILER_RT_ARMHF_TARGET -o CMakeFiles/clang_rt.builtins-armhf.dir/arm/save_vfp_d8_d15_regs.S.o -c /llvm-project-21.1.8.src/compiler-rt/lib/builtins/arm/save_vfp_d8_d15_regs.S
#26 12.91 [ 83%] Building ASM object lib/builtins/CMakeFiles/clang_rt.builtins-armhf.dir/arm/fixunsdfsivfp.S.o
#26 12.91 cd /tmp/build-rt-armhf/lib/builtins && /usr/bin/clang -target armv7l-unknown-linux-gnueabihf --sysroot=/tmp/musl-sysroot-armhf -DVISIBILITY_HIDDEN -I/llvm-project-21.1.8.src/compiler-rt/lib/builtins/../../../third-party/siphash/include --target=armv7l-unknown-linux-gnueabihf --sysroot=/tmp/musl-sysroot-armhf -O3 -DNDEBUG -fno-lto -Werror=array-bounds -Werror=uninitialized -Werror=shadow -Werror=empty-body -Werror=sizeof-pointer-memaccess -Werror=sizeof-array-argument -Werror=suspicious-memaccess -Werror=builtin-memcpy-chk-size -Werror=array-bounds-pointer-arithmetic -Werror=return-stack-address -Werror=sizeof-array-decay -Werror=format-insufficient-args -Wformat -nostdinc++ -fno-builtin -fvisibility=hidden -fomit-frame-pointer -DCOMPILER_RT_HAS_FLOAT16 -DCOMPILER_RT_ARMHF_TARGET -o CMakeFiles/clang_rt.builtins-armhf.dir/arm/adddf3vfp.S.o -c /llvm-project-21.1.8.src/compiler-rt/lib/builtins/arm/adddf3vfp.S
#26 12.91 [ 84%] Building ASM object lib/builtins/CMakeFiles/clang_rt.builtins-armhf.dir/arm/floatunssidfvfp.S.o
#26 12.91 cd /tmp/build-rt-armhf/lib/builtins && /usr/bin/clang -target armv7l-unknown-linux-gnueabihf --sysroot=/tmp/musl-sysroot-armhf -DVISIBILITY_HIDDEN -I/llvm-project-21.1.8.src/compiler-rt/lib/builtins/../../../third-party/siphash/include --target=armv7l-unknown-linux-gnueabihf --sysroot=/tmp/musl-sysroot-armhf -O3 -DNDEBUG -fno-lto -Werror=array-bounds -Werror=uninitialized -Werror=shadow -Werror=empty-body -Werror=sizeof-pointer-memaccess -Werror=sizeof-array-argument -Werror=suspicious-memaccess -Werror=builtin-memcpy-chk-size -Werror=array-bounds-pointer-arithmetic -Werror=return-stack-address -Werror=sizeof-array-decay -Werror=format-insufficient-args -Wformat -nostdinc++ -fno-builtin -fvisibility=hidden -fomit-frame-pointer -DCOMPILER_RT_HAS_FLOAT16 -DCOMPILER_RT_ARMHF_TARGET -o CMakeFiles/clang_rt.builtins-armhf.dir/arm/divdf3vfp.S.o -c /llvm-project-21.1.8.src/compiler-rt/lib/builtins/arm/divdf3vfp.S
#26 12.91 [ 84%] Building ASM object lib/builtins/CMakeFiles/clang_rt.builtins-armhf.dir/arm/floatsidfvfp.S.o
#26 12.91 cd /tmp/build-rt-armhf/lib/builtins && /usr/bin/clang -target armv7l-unknown-linux-gnueabihf --sysroot=/tmp/musl-sysroot-armhf -DVISIBILITY_HIDDEN -I/llvm-project-21.1.8.src/compiler-rt/lib/builtins/../../../third-party/siphash/include --target=armv7l-unknown-linux-gnueabihf --sysroot=/tmp/musl-sysroot-armhf -O3 -DNDEBUG -fno-lto -Werror=array-bounds -Werror=uninitialized -Werror=shadow -Werror=empty-body -Werror=sizeof-pointer-memaccess -Werror=sizeof-array-argument -Werror=suspicious-memaccess -Werror=builtin-memcpy-chk-size -Werror=array-bounds-pointer-arithmetic -Werror=return-stack-address -Werror=sizeof-array-decay -Werror=format-insufficient-args -Wformat -nostdinc++ -fno-builtin -fvisibility=hidden -fomit-frame-pointer -DCOMPILER_RT_HAS_FLOAT16 -DCOMPILER_RT_ARMHF_TARGET -o CMakeFiles/clang_rt.builtins-armhf.dir/arm/eqdf2vfp.S.o -c /llvm-project-21.1.8.src/compiler-rt/lib/builtins/arm/eqdf2vfp.S
#26 12.91 cd /tmp/build-rt-armhf/lib/builtins && /usr/bin/clang -target armv7l-unknown-linux-gnueabihf --sysroot=/tmp/musl-sysroot-armhf -DVISIBILITY_HIDDEN -I/llvm-project-21.1.8.src/compiler-rt/lib/builtins/../../../third-party/siphash/include --target=armv7l-unknown-linux-gnueabihf --sysroot=/tmp/musl-sysroot-armhf -O3 -DNDEBUG -fno-lto -Werror=array-bounds -Werror=uninitialized -Werror=shadow -Werror=empty-body -Werror=sizeof-pointer-memaccess -Werror=sizeof-array-argument -Werror=suspicious-memaccess -Werror=builtin-memcpy-chk-size -Werror=array-bounds-pointer-arithmetic -Werror=return-stack-address -Werror=sizeof-array-decay -Werror=format-insufficient-args -Wformat -nostdinc++ -fno-builtin -fvisibility=hidden -fomit-frame-pointer -DCOMPILER_RT_HAS_FLOAT16 -DCOMPILER_RT_ARMHF_TARGET -o CMakeFiles/clang_rt.builtins-armhf.dir/arm/extendsfdf2vfp.S.o -c /llvm-project-21.1.8.src/compiler-rt/lib/builtins/arm/extendsfdf2vfp.S
#26 12.91 [ 84%] Building ASM object lib/builtins/CMakeFiles/clang_rt.builtins-armhf.dir/arm/gedf2vfp.S.o
#26 12.91 [ 85%] Building ASM object lib/builtins/CMakeFiles/clang_rt.builtins-armhf.dir/arm/gtdf2vfp.S.o
#26 12.91 cd /tmp/build-rt-armhf/lib/builtins && /usr/bin/clang -target armv7l-unknown-linux-gnueabihf --sysroot=/tmp/musl-sysroot-armhf -DVISIBILITY_HIDDEN -I/llvm-project-21.1.8.src/compiler-rt/lib/builtins/../../../third-party/siphash/include --target=armv7l-unknown-linux-gnueabihf --sysroot=/tmp/musl-sysroot-armhf -O3 -DNDEBUG -fno-lto -Werror=array-bounds -Werror=uninitialized -Werror=shadow -Werror=empty-body -Werror=sizeof-pointer-memaccess -Werror=sizeof-array-argument -Werror=suspicious-memaccess -Werror=builtin-memcpy-chk-size -Werror=array-bounds-pointer-arithmetic -Werror=return-stack-address -Werror=sizeof-array-decay -Werror=format-insufficient-args -Wformat -nostdinc++ -fno-builtin -fvisibility=hidden -fomit-frame-pointer -DCOMPILER_RT_HAS_FLOAT16 -DCOMPILER_RT_ARMHF_TARGET -o CMakeFiles/clang_rt.builtins-armhf.dir/arm/fixdfsivfp.S.o -c /llvm-project-21.1.8.src/compiler-rt/lib/builtins/arm/fixdfsivfp.S
#26 12.91 cd /tmp/build-rt-armhf/lib/builtins && /usr/bin/clang -target armv7l-unknown-linux-gnueabihf --sysroot=/tmp/musl-sysroot-armhf -DVISIBILITY_HIDDEN -I/llvm-project-21.1.8.src/compiler-rt/lib/builtins/../../../third-party/siphash/include --target=armv7l-unknown-linux-gnueabihf --sysroot=/tmp/musl-sysroot-armhf -O3 -DNDEBUG -fno-lto -Werror=array-bounds -Werror=uninitialized -Werror=shadow -Werror=empty-body -Werror=sizeof-pointer-memaccess -Werror=sizeof-array-argument -Werror=suspicious-memaccess -Werror=builtin-memcpy-chk-size -Werror=array-bounds-pointer-arithmetic -Werror=return-stack-address -Werror=sizeof-array-decay -Werror=format-insufficient-args -Wformat -nostdinc++ -fno-builtin -fvisibility=hidden -fomit-frame-pointer -DCOMPILER_RT_HAS_FLOAT16 -DCOMPILER_RT_ARMHF_TARGET -o CMakeFiles/clang_rt.builtins-armhf.dir/arm/fixunsdfsivfp.S.o -c /llvm-project-21.1.8.src/compiler-rt/lib/builtins/arm/fixunsdfsivfp.S
#26 12.91 [ 86%] Building ASM object lib/builtins/CMakeFiles/clang_rt.builtins-armhf.dir/arm/ltdf2vfp.S.o
#26 12.91 [ 86%] Building ASM object lib/builtins/CMakeFiles/clang_rt.builtins-armhf.dir/arm/ledf2vfp.S.o
#26 12.91 cd /tmp/build-rt-armhf/lib/builtins && /usr/bin/clang -target armv7l-unknown-linux-gnueabihf --sysroot=/tmp/musl-sysroot-armhf -DVISIBILITY_HIDDEN -I/llvm-project-21.1.8.src/compiler-rt/lib/builtins/../../../third-party/siphash/include --target=armv7l-unknown-linux-gnueabihf --sysroot=/tmp/musl-sysroot-armhf -O3 -DNDEBUG -fno-lto -Werror=array-bounds -Werror=uninitialized -Werror=shadow -Werror=empty-body -Werror=sizeof-pointer-memaccess -Werror=sizeof-array-argument -Werror=suspicious-memaccess -Werror=builtin-memcpy-chk-size -Werror=array-bounds-pointer-arithmetic -Werror=return-stack-address -Werror=sizeof-array-decay -Werror=format-insufficient-args -Wformat -nostdinc++ -fno-builtin -fvisibility=hidden -fomit-frame-pointer -DCOMPILER_RT_HAS_FLOAT16 -DCOMPILER_RT_ARMHF_TARGET -o CMakeFiles/clang_rt.builtins-armhf.dir/arm/floatsidfvfp.S.o -c /llvm-project-21.1.8.src/compiler-rt/lib/builtins/arm/floatsidfvfp.S
#26 12.91 cd /tmp/build-rt-armhf/lib/builtins && /usr/bin/clang -target armv7l-unknown-linux-gnueabihf --sysroot=/tmp/musl-sysroot-armhf -DVISIBILITY_HIDDEN -I/llvm-project-21.1.8.src/compiler-rt/lib/builtins/../../../third-party/siphash/include --target=armv7l-unknown-linux-gnueabihf --sysroot=/tmp/musl-sysroot-armhf -O3 -DNDEBUG -fno-lto -Werror=array-bounds -Werror=uninitialized -Werror=shadow -Werror=empty-body -Werror=sizeof-pointer-memaccess -Werror=sizeof-array-argument -Werror=suspicious-memaccess -Werror=builtin-memcpy-chk-size -Werror=array-bounds-pointer-arithmetic -Werror=return-stack-address -Werror=sizeof-array-decay -Werror=format-insufficient-args -Wformat -nostdinc++ -fno-builtin -fvisibility=hidden -fomit-frame-pointer -DCOMPILER_RT_HAS_FLOAT16 -DCOMPILER_RT_ARMHF_TARGET -o CMakeFiles/clang_rt.builtins-armhf.dir/arm/floatunssidfvfp.S.o -c /llvm-project-21.1.8.src/compiler-rt/lib/builtins/arm/floatunssidfvfp.S
#26 12.91 cd /tmp/build-rt-armhf/lib/builtins && /usr/bin/clang -target armv7l-unknown-linux-gnueabihf --sysroot=/tmp/musl-sysroot-armhf -DVISIBILITY_HIDDEN -I/llvm-project-21.1.8.src/compiler-rt/lib/builtins/../../../third-party/siphash/include --target=armv7l-unknown-linux-gnueabihf --sysroot=/tmp/musl-sysroot-armhf -O3 -DNDEBUG -fno-lto -Werror=array-bounds -Werror=uninitialized -Werror=shadow -Werror=empty-body -Werror=sizeof-pointer-memaccess -Werror=sizeof-array-argument -Werror=suspicious-memaccess -Werror=builtin-memcpy-chk-size -Werror=array-bounds-pointer-arithmetic -Werror=return-stack-address -Werror=sizeof-array-decay -Werror=format-insufficient-args -Wformat -nostdinc++ -fno-builtin -fvisibility=hidden -fomit-frame-pointer -DCOMPILER_RT_HAS_FLOAT16 -DCOMPILER_RT_ARMHF_TARGET -o CMakeFiles/clang_rt.builtins-armhf.dir/arm/gedf2vfp.S.o -c /llvm-project-21.1.8.src/compiler-rt/lib/builtins/arm/gedf2vfp.S
#26 12.91 [ 87%] Building ASM object lib/builtins/CMakeFiles/clang_rt.builtins-armhf.dir/arm/nedf2vfp.S.o
#26 12.91 [ 87%] Building ASM object lib/builtins/CMakeFiles/clang_rt.builtins-armhf.dir/arm/negdf2vfp.S.o
#26 12.91 cd /tmp/build-rt-armhf/lib/builtins && /usr/bin/clang -target armv7l-unknown-linux-gnueabihf --sysroot=/tmp/musl-sysroot-armhf -DVISIBILITY_HIDDEN -I/llvm-project-21.1.8.src/compiler-rt/lib/builtins/../../../third-party/siphash/include --target=armv7l-unknown-linux-gnueabihf --sysroot=/tmp/musl-sysroot-armhf -O3 -DNDEBUG -fno-lto -Werror=array-bounds -Werror=uninitialized -Werror=shadow -Werror=empty-body -Werror=sizeof-pointer-memaccess -Werror=sizeof-array-argument -Werror=suspicious-memaccess -Werror=builtin-memcpy-chk-size -Werror=array-bounds-pointer-arithmetic -Werror=return-stack-address -Werror=sizeof-array-decay -Werror=format-insufficient-args -Wformat -nostdinc++ -fno-builtin -fvisibility=hidden -fomit-frame-pointer -DCOMPILER_RT_HAS_FLOAT16 -DCOMPILER_RT_ARMHF_TARGET -o CMakeFiles/clang_rt.builtins-armhf.dir/arm/gtdf2vfp.S.o -c /llvm-project-21.1.8.src/compiler-rt/lib/builtins/arm/gtdf2vfp.S
#26 12.91 cd /tmp/build-rt-armhf/lib/builtins && /usr/bin/clang -target armv7l-unknown-linux-gnueabihf --sysroot=/tmp/musl-sysroot-armhf -DVISIBILITY_HIDDEN -I/llvm-project-21.1.8.src/compiler-rt/lib/builtins/../../../third-party/siphash/include --target=armv7l-unknown-linux-gnueabihf --sysroot=/tmp/musl-sysroot-armhf -O3 -DNDEBUG -fno-lto -Werror=array-bounds -Werror=uninitialized -Werror=shadow -Werror=empty-body -Werror=sizeof-pointer-memaccess -Werror=sizeof-array-argument -Werror=suspicious-memaccess -Werror=builtin-memcpy-chk-size -Werror=array-bounds-pointer-arithmetic -Werror=return-stack-address -Werror=sizeof-array-decay -Werror=format-insufficient-args -Wformat -nostdinc++ -fno-builtin -fvisibility=hidden -fomit-frame-pointer -DCOMPILER_RT_HAS_FLOAT16 -DCOMPILER_RT_ARMHF_TARGET -o CMakeFiles/clang_rt.builtins-armhf.dir/arm/ledf2vfp.S.o -c /llvm-project-21.1.8.src/compiler-rt/lib/builtins/arm/ledf2vfp.S
#26 12.91 make[2]: *** [lib/builtins/CMakeFiles/clang_rt.builtins-armhf.dir/build.make:1790: lib/builtins/CMakeFiles/clang_rt.builtins-armhf.dir/gcc_personality_v0.c.o] Error 1
#26 12.91 make[2]: *** Waiting for unfinished jobs....
#26 12.91 cd /tmp/build-rt-armhf/lib/builtins && /usr/bin/clang -target armv7l-unknown-linux-gnueabihf --sysroot=/tmp/musl-sysroot-armhf -DVISIBILITY_HIDDEN -I/llvm-project-21.1.8.src/compiler-rt/lib/builtins/../../../third-party/siphash/include --target=armv7l-unknown-linux-gnueabihf --sysroot=/tmp/musl-sysroot-armhf -O3 -DNDEBUG -fno-lto -Werror=array-bounds -Werror=uninitialized -Werror=shadow -Werror=empty-body -Werror=sizeof-pointer-memaccess -Werror=sizeof-array-argument -Werror=suspicious-memaccess -Werror=builtin-memcpy-chk-size -Werror=array-bounds-pointer-arithmetic -Werror=return-stack-address -Werror=sizeof-array-decay -Werror=format-insufficient-args -Wformat -nostdinc++ -fno-builtin -fvisibility=hidden -fomit-frame-pointer -DCOMPILER_RT_HAS_FLOAT16 -DCOMPILER_RT_ARMHF_TARGET -o CMakeFiles/clang_rt.builtins-armhf.dir/arm/ltdf2vfp.S.o -c /llvm-project-21.1.8.src/compiler-rt/lib/builtins/arm/ltdf2vfp.S
#26 12.91 [ 88%] Building ASM object lib/builtins/CMakeFiles/clang_rt.builtins-armhf.dir/arm/subdf3vfp.S.o
#26 12.91 [ 88%] Building ASM object lib/builtins/CMakeFiles/clang_rt.builtins-armhf.dir/arm/truncdfsf2vfp.S.o
#26 12.91 cd /tmp/build-rt-armhf/lib/builtins && /usr/bin/clang -target armv7l-unknown-linux-gnueabihf --sysroot=/tmp/musl-sysroot-armhf -DVISIBILITY_HIDDEN -I/llvm-project-21.1.8.src/compiler-rt/lib/builtins/../../../third-party/siphash/include --target=armv7l-unknown-linux-gnueabihf --sysroot=/tmp/musl-sysroot-armhf -O3 -DNDEBUG -fno-lto -Werror=array-bounds -Werror=uninitialized -Werror=shadow -Werror=empty-body -Werror=sizeof-pointer-memaccess -Werror=sizeof-array-argument -Werror=suspicious-memaccess -Werror=builtin-memcpy-chk-size -Werror=array-bounds-pointer-arithmetic -Werror=return-stack-address -Werror=sizeof-array-decay -Werror=format-insufficient-args -Wformat -nostdinc++ -fno-builtin -fvisibility=hidden -fomit-frame-pointer -DCOMPILER_RT_HAS_FLOAT16 -DCOMPILER_RT_ARMHF_TARGET -o CMakeFiles/clang_rt.builtins-armhf.dir/arm/nedf2vfp.S.o -c /llvm-project-21.1.8.src/compiler-rt/lib/builtins/arm/nedf2vfp.S
#26 12.91 [ 88%] Building ASM object lib/builtins/CMakeFiles/clang_rt.builtins-armhf.dir/arm/muldf3vfp.S.o
#26 12.91 cd /tmp/build-rt-armhf/lib/builtins && /usr/bin/clang -target armv7l-unknown-linux-gnueabihf --sysroot=/tmp/musl-sysroot-armhf -DVISIBILITY_HIDDEN -I/llvm-project-21.1.8.src/compiler-rt/lib/builtins/../../../third-party/siphash/include --target=armv7l-unknown-linux-gnueabihf --sysroot=/tmp/musl-sysroot-armhf -O3 -DNDEBUG -fno-lto -Werror=array-bounds -Werror=uninitialized -Werror=shadow -Werror=empty-body -Werror=sizeof-pointer-memaccess -Werror=sizeof-array-argument -Werror=suspicious-memaccess -Werror=builtin-memcpy-chk-size -Werror=array-bounds-pointer-arithmetic -Werror=return-stack-address -Werror=sizeof-array-decay -Werror=format-insufficient-args -Wformat -nostdinc++ -fno-builtin -fvisibility=hidden -fomit-frame-pointer -DCOMPILER_RT_HAS_FLOAT16 -DCOMPILER_RT_ARMHF_TARGET -o CMakeFiles/clang_rt.builtins-armhf.dir/arm/negdf2vfp.S.o -c /llvm-project-21.1.8.src/compiler-rt/lib/builtins/arm/negdf2vfp.S
#26 12.91 cd /tmp/build-rt-armhf/lib/builtins && /usr/bin/clang -target armv7l-unknown-linux-gnueabihf --sysroot=/tmp/musl-sysroot-armhf -DVISIBILITY_HIDDEN -I/llvm-project-21.1.8.src/compiler-rt/lib/builtins/../../../third-party/siphash/include --target=armv7l-unknown-linux-gnueabihf --sysroot=/tmp/musl-sysroot-armhf -O3 -DNDEBUG -fno-lto -Werror=array-bounds -Werror=uninitialized -Werror=shadow -Werror=empty-body -Werror=sizeof-pointer-memaccess -Werror=sizeof-array-argument -Werror=suspicious-memaccess -Werror=builtin-memcpy-chk-size -Werror=array-bounds-pointer-arithmetic -Werror=return-stack-address -Werror=sizeof-array-decay -Werror=format-insufficient-args -Wformat -nostdinc++ -fno-builtin -fvisibility=hidden -fomit-frame-pointer -DCOMPILER_RT_HAS_FLOAT16 -DCOMPILER_RT_ARMHF_TARGET -o CMakeFiles/clang_rt.builtins-armhf.dir/arm/subdf3vfp.S.o -c /llvm-project-21.1.8.src/compiler-rt/lib/builtins/arm/subdf3vfp.S
#26 12.91 cd /tmp/build-rt-armhf/lib/builtins && /usr/bin/clang -target armv7l-unknown-linux-gnueabihf --sysroot=/tmp/musl-sysroot-armhf -DVISIBILITY_HIDDEN -I/llvm-project-21.1.8.src/compiler-rt/lib/builtins/../../../third-party/siphash/include --target=armv7l-unknown-linux-gnueabihf --sysroot=/tmp/musl-sysroot-armhf -O3 -DNDEBUG -fno-lto -Werror=array-bounds -Werror=uninitialized -Werror=shadow -Werror=empty-body -Werror=sizeof-pointer-memaccess -Werror=sizeof-array-argument -Werror=suspicious-memaccess -Werror=builtin-memcpy-chk-size -Werror=array-bounds-pointer-arithmetic -Werror=return-stack-address -Werror=sizeof-array-decay -Werror=format-insufficient-args -Wformat -nostdinc++ -fno-builtin -fvisibility=hidden -fomit-frame-pointer -DCOMPILER_RT_HAS_FLOAT16 -DCOMPILER_RT_ARMHF_TARGET -o CMakeFiles/clang_rt.builtins-armhf.dir/arm/truncdfsf2vfp.S.o -c /llvm-project-21.1.8.src/compiler-rt/lib/builtins/arm/truncdfsf2vfp.S
#26 12.91 cd /tmp/build-rt-armhf/lib/builtins && /usr/bin/clang -target armv7l-unknown-linux-gnueabihf --sysroot=/tmp/musl-sysroot-armhf -DVISIBILITY_HIDDEN -I/llvm-project-21.1.8.src/compiler-rt/lib/builtins/../../../third-party/siphash/include --target=armv7l-unknown-linux-gnueabihf --sysroot=/tmp/musl-sysroot-armhf -O3 -DNDEBUG -fno-lto -Werror=array-bounds -Werror=uninitialized -Werror=shadow -Werror=empty-body -Werror=sizeof-pointer-memaccess -Werror=sizeof-array-argument -Werror=suspicious-memaccess -Werror=builtin-memcpy-chk-size -Werror=array-bounds-pointer-arithmetic -Werror=return-stack-address -Werror=sizeof-array-decay -Werror=format-insufficient-args -Wformat -nostdinc++ -fno-builtin -fvisibility=hidden -fomit-frame-pointer -DCOMPILER_RT_HAS_FLOAT16 -DCOMPILER_RT_ARMHF_TARGET -o CMakeFiles/clang_rt.builtins-armhf.dir/arm/muldf3vfp.S.o -c /llvm-project-21.1.8.src/compiler-rt/lib/builtins/arm/muldf3vfp.S
#26 12.91 [ 89%] Building ASM object lib/builtins/CMakeFiles/clang_rt.builtins-armhf.dir/arm/unorddf2vfp.S.o
#26 12.91 cd /tmp/build-rt-armhf/lib/builtins && /usr/bin/clang -target armv7l-unknown-linux-gnueabihf --sysroot=/tmp/musl-sysroot-armhf -DVISIBILITY_HIDDEN -I/llvm-project-21.1.8.src/compiler-rt/lib/builtins/../../../third-party/siphash/include --target=armv7l-unknown-linux-gnueabihf --sysroot=/tmp/musl-sysroot-armhf -O3 -DNDEBUG -fno-lto -Werror=array-bounds -Werror=uninitialized -Werror=shadow -Werror=empty-body -Werror=sizeof-pointer-memaccess -Werror=sizeof-array-argument -Werror=suspicious-memaccess -Werror=builtin-memcpy-chk-size -Werror=array-bounds-pointer-arithmetic -Werror=return-stack-address -Werror=sizeof-array-decay -Werror=format-insufficient-args -Wformat -nostdinc++ -fno-builtin -fvisibility=hidden -fomit-frame-pointer -DCOMPILER_RT_HAS_FLOAT16 -DCOMPILER_RT_ARMHF_TARGET -o CMakeFiles/clang_rt.builtins-armhf.dir/arm/unorddf2vfp.S.o -c /llvm-project-21.1.8.src/compiler-rt/lib/builtins/arm/unorddf2vfp.S
#26 12.94 make[2]: Leaving directory '/tmp/build-rt-armhf'
#26 12.94 make[1]: *** [CMakeFiles/Makefile2:631: lib/builtins/CMakeFiles/clang_rt.builtins-armhf.dir/all] Error 2
#26 12.94 make[1]: Leaving directory '/tmp/build-rt-armhf'
#26 12.94 make: *** [Makefile:136: all] Error 2
#26 12.94 
#26 ERROR: process "/bin/sh -l -c set -eux\n\n# Target architectures to build for (excluding host)\n# Host is determined by TARGETARCH from the main build\nexport HOST_ARCH=\"${ARCH}\"\n\n# List of all supported architectures\nTARGETS=\"aarch64 armhf armv7 ppc64le ppc64 ppc x86_64 riscv64 loongarch64\"\n\n# Remove host architecture from targets\nCROSS_TARGETS=\"\"\nfor target in $TARGETS; do\nif [ \"$target\" != \"$HOST_ARCH\" ]; then\nCROSS_TARGETS=\"$CROSS_TARGETS $target\"\nfi\ndone\n\necho \"Building for cross targets:$CROSS_TARGETS\"\n\n# Extract musl source once\nmkdir -p /tmp/musl-source\ncd /tmp/musl-source\ntar -xf /musl-1.2.5.tar.gz --strip-components=1\n\n# For each target, we need to:\n# 1. Build musl headers for that target\n# 2. Build compiler-rt builtins and CRT for that target\n\nfor target in $CROSS_TARGETS; do\necho \"Building for $target...\"\n\n# Determine triplet based on architecture\ncase $target in\naarch64) TRIPLET=\"aarch64-unknown-linux-gnu\" ;;\narmhf) TRIPLET=\"armv7l-unknown-linux-gnueabihf\" ;;\narmv7) TRIPLET=\"armv7l-unknown-linux-gnueabihf\" ;;\nppc64le) TRIPLET=\"powerpc64le-unknown-linux-gnu\" ;;\nppc64) TRIPLET=\"powerpc64-unknown-linux-gnu\" ;;\nppc) TRIPLET=\"powerpc-unknown-linux-gnu\" ;;\nx86_64) TRIPLET=\"x86_64-unknown-linux-gnu\" ;;\nriscv64) TRIPLET=\"riscv64-unknown-linux-gnu\" ;;\nloongarch64) TRIPLET=\"loongarch64-unknown-linux-gnu\" ;;\nesac\n\n# Create musl build directory\nmkdir -p \"/tmp/musl-build-${target}\"\n\n# Configure musl for this target (build headers only)\ncd \"/tmp/musl-build-${target}\"\n/tmp/musl-source/configure \\\n--prefix=/usr \\\n--host=${TRIPLET} \\\nCC=\"clang -target ${TRIPLET}\"\n\n# Create sysroot directory for this target\nMUSL_SYSROOT=\"/tmp/musl-sysroot-${target}\"\nmkdir -p \"${MUSL_SYSROOT}\"\n\n# Install just the headers to our sysroot\ncd \"/tmp/musl-build-${target}\"\nmake install-headers DESTDIR=\"${MUSL_SYSROOT}\"\n\n# Create build directory for compiler-rt\nmkdir -p \"/tmp/build-rt-${target}\"\ncd \"/tmp/build-rt-${target}\"\n\n# Configure compiler-rt for this target\ncmake \\\n-S /llvm-project-${VERSION}.src/compiler-rt \\\n-B . \\\n-DCMAKE_BUILD_TYPE=Release \\\n-DCMAKE_INSTALL_PREFIX=/usr/lib/clang/21 \\\n-DCMAKE_C_COMPILER=/usr/bin/clang \\\n-DCMAKE_CXX_COMPILER=/usr/bin/clang++ \\\n-DCMAKE_AR=/usr/bin/llvm-ar \\\n-DCMAKE_NM=/usr/bin/llvm-nm \\\n-DCMAKE_RANLIB=/usr/bin/llvm-ranlib \\\n-DCMAKE_C_COMPILER_TARGET=\"${TRIPLET}\" \\\n-DCMAKE_CXX_COMPILER_TARGET=\"${TRIPLET}\" \\\n-DCMAKE_ASM_COMPILER_TARGET=\"${TRIPLET}\" \\\n-DCMAKE_SYSROOT=\"${MUSL_SYSROOT}\" \\\n-DCMAKE_TRY_COMPILE_TARGET_TYPE=STATIC_LIBRARY \\\n-DCOMPILER_RT_DEFAULT_TARGET_ONLY=ON \\\n-DCOMPILER_RT_BUILD_BUILTINS=ON \\\n-DCOMPILER_RT_BUILD_CRT=ON \\\n-DCOMPILER_RT_BUILD_LIBFUZZER=OFF \\\n-DCOMPILER_RT_BUILD_MEMPROF=OFF \\\n-DCOMPILER_RT_BUILD_PROFILE=OFF \\\n-DCOMPILER_RT_BUILD_SANITIZERS=OFF \\\n-DCOMPILER_RT_BUILD_XRAY=OFF \\\n-DCOMPILER_RT_BUILD_ORC=OFF \\\n-DCOMPILER_RT_BUILD_CTX_PROFILE=OFF \\\n-DCMAKE_C_FLAGS=\"--target=${TRIPLET} --sysroot=${MUSL_SYSROOT}\" \\\n-DCMAKE_CXX_FLAGS=\"--target=${TRIPLET} --sysroot=${MUSL_SYSROOT}\" \\\n-DCMAKE_ASM_FLAGS=\"--target=${TRIPLET} --sysroot=${MUSL_SYSROOT}\"\n\n# Build\ncmake --build . -v --parallel $(nproc)\n\n# Install to rootfs\nDESTDIR=\"/rootfs\" cmake --install . --prefix \"/usr/lib/clang/21\"\n\n# Clean up build directory\ncd /\nrm -rf \"/tmp/build-rt-${target}\"\nrm -rf \"/tmp/musl-build-${target}\"\nrm -rf \"${MUSL_SYSROOT}\"\ndone\n\n# Clean up musl source\nrm -rf /tmp/musl-source\n\n# Copy LICENSE.TXT\nmkdir -p /rootfs/usr/share/licenses/llvm\ncp /llvm-project-${VERSION}.src/compiler-rt/LICENSE.TXT /rootfs/usr/share/licenses/llvm/\n" did not complete successfully: exit code: 2
------
 > [build-clang-rt-crt-cross 2/2] RUN --network=none <<-EOF (set -eux...):
12.91 cd /tmp/build-rt-armhf/lib/builtins && /usr/bin/clang -target armv7l-unknown-linux-gnueabihf --sysroot=/tmp/musl-sysroot-armhf -DVISIBILITY_HIDDEN -I/llvm-project-21.1.8.src/compiler-rt/lib/builtins/../../../third-party/siphash/include --target=armv7l-unknown-linux-gnueabihf --sysroot=/tmp/musl-sysroot-armhf -O3 -DNDEBUG -fno-lto -Werror=array-bounds -Werror=uninitialized -Werror=shadow -Werror=empty-body -Werror=sizeof-pointer-memaccess -Werror=sizeof-array-argument -Werror=suspicious-memaccess -Werror=builtin-memcpy-chk-size -Werror=array-bounds-pointer-arithmetic -Werror=return-stack-address -Werror=sizeof-array-decay -Werror=format-insufficient-args -Wformat -nostdinc++ -fno-builtin -fvisibility=hidden -fomit-frame-pointer -DCOMPILER_RT_HAS_FLOAT16 -DCOMPILER_RT_ARMHF_TARGET -o CMakeFiles/clang_rt.builtins-armhf.dir/arm/subdf3vfp.S.o -c /llvm-project-21.1.8.src/compiler-rt/lib/builtins/arm/subdf3vfp.S
12.91 cd /tmp/build-rt-armhf/lib/builtins && /usr/bin/clang -target armv7l-unknown-linux-gnueabihf --sysroot=/tmp/musl-sysroot-armhf -DVISIBILITY_HIDDEN -I/llvm-project-21.1.8.src/compiler-rt/lib/builtins/../../../third-party/siphash/include --target=armv7l-unknown-linux-gnueabihf --sysroot=/tmp/musl-sysroot-armhf -O3 -DNDEBUG -fno-lto -Werror=array-bounds -Werror=uninitialized -Werror=shadow -Werror=empty-body -Werror=sizeof-pointer-memaccess -Werror=sizeof-array-argument -Werror=suspicious-memaccess -Werror=builtin-memcpy-chk-size -Werror=array-bounds-pointer-arithmetic -Werror=return-stack-address -Werror=sizeof-array-decay -Werror=format-insufficient-args -Wformat -nostdinc++ -fno-builtin -fvisibility=hidden -fomit-frame-pointer -DCOMPILER_RT_HAS_FLOAT16 -DCOMPILER_RT_ARMHF_TARGET -o CMakeFiles/clang_rt.builtins-armhf.dir/arm/truncdfsf2vfp.S.o -c /llvm-project-21.1.8.src/compiler-rt/lib/builtins/arm/truncdfsf2vfp.S
12.91 cd /tmp/build-rt-armhf/lib/builtins && /usr/bin/clang -target armv7l-unknown-linux-gnueabihf --sysroot=/tmp/musl-sysroot-armhf -DVISIBILITY_HIDDEN -I/llvm-project-21.1.8.src/compiler-rt/lib/builtins/../../../third-party/siphash/include --target=armv7l-unknown-linux-gnueabihf --sysroot=/tmp/musl-sysroot-armhf -O3 -DNDEBUG -fno-lto -Werror=array-bounds -Werror=uninitialized -Werror=shadow -Werror=empty-body -Werror=sizeof-pointer-memaccess -Werror=sizeof-array-argument -Werror=suspicious-memaccess -Werror=builtin-memcpy-chk-size -Werror=array-bounds-pointer-arithmetic -Werror=return-stack-address -Werror=sizeof-array-decay -Werror=format-insufficient-args -Wformat -nostdinc++ -fno-builtin -fvisibility=hidden -fomit-frame-pointer -DCOMPILER_RT_HAS_FLOAT16 -DCOMPILER_RT_ARMHF_TARGET -o CMakeFiles/clang_rt.builtins-armhf.dir/arm/muldf3vfp.S.o -c /llvm-project-21.1.8.src/compiler-rt/lib/builtins/arm/muldf3vfp.S
12.91 [ 89%] Building ASM object lib/builtins/CMakeFiles/clang_rt.builtins-armhf.dir/arm/unorddf2vfp.S.o
12.91 cd /tmp/build-rt-armhf/lib/builtins && /usr/bin/clang -target armv7l-unknown-linux-gnueabihf --sysroot=/tmp/musl-sysroot-armhf -DVISIBILITY_HIDDEN -I/llvm-project-21.1.8.src/compiler-rt/lib/builtins/../../../third-party/siphash/include --target=armv7l-unknown-linux-gnueabihf --sysroot=/tmp/musl-sysroot-armhf -O3 -DNDEBUG -fno-lto -Werror=array-bounds -Werror=uninitialized -Werror=shadow -Werror=empty-body -Werror=sizeof-pointer-memaccess -Werror=sizeof-array-argument -Werror=suspicious-memaccess -Werror=builtin-memcpy-chk-size -Werror=array-bounds-pointer-arithmetic -Werror=return-stack-address -Werror=sizeof-array-decay -Werror=format-insufficient-args -Wformat -nostdinc++ -fno-builtin -fvisibility=hidden -fomit-frame-pointer -DCOMPILER_RT_HAS_FLOAT16 -DCOMPILER_RT_ARMHF_TARGET -o CMakeFiles/clang_rt.builtins-armhf.dir/arm/unorddf2vfp.S.o -c /llvm-project-21.1.8.src/compiler-rt/lib/builtins/arm/unorddf2vfp.S
12.94 make[2]: Leaving directory '/tmp/build-rt-armhf'
12.94 make[1]: *** [CMakeFiles/Makefile2:631: lib/builtins/CMakeFiles/clang_rt.builtins-armhf.dir/all] Error 2
12.94 make[1]: Leaving directory '/tmp/build-rt-armhf'
12.94 make: *** [Makefile:136: all] Error 2
12.94 
------
Containerfile:505
--------------------
 504 |     COPY --from=build /musl-1.2.5.tar.gz /
 505 | >>> RUN --network=none <<-EOF
 506 | >>> 	set -eux
 507 | >>> 
 508 | >>> 	# Target architectures to build for (excluding host)
 509 | >>> 	# Host is determined by TARGETARCH from the main build
 510 | >>> 	export HOST_ARCH="${ARCH}"
 511 | >>> 	
 512 | >>> 	# List of all supported architectures
 513 | >>> 	TARGETS="aarch64 armhf armv7 ppc64le ppc64 ppc x86_64 riscv64 loongarch64"
 514 | >>> 	
 515 | >>> 	# Remove host architecture from targets
 516 | >>> 	CROSS_TARGETS=""
 517 | >>> 	for target in $TARGETS; do
 518 | >>> 		if [ "$target" != "$HOST_ARCH" ]; then
 519 | >>> 			CROSS_TARGETS="$CROSS_TARGETS $target"
 520 | >>> 		fi
 521 | >>> 	done
 522 | >>> 	
 523 | >>> 	echo "Building for cross targets:$CROSS_TARGETS"
 524 | >>> 	
 525 | >>> 	# Extract musl source once
 526 | >>> 	mkdir -p /tmp/musl-source
 527 | >>> 	cd /tmp/musl-source
 528 | >>> 	tar -xf /musl-1.2.5.tar.gz --strip-components=1
 529 | >>> 	
 530 | >>> 	# For each target, we need to:
 531 | >>> 	# 1. Build musl headers for that target
 532 | >>> 	# 2. Build compiler-rt builtins and CRT for that target
 533 | >>> 	
 534 | >>> 	for target in $CROSS_TARGETS; do
 535 | >>> 		echo "Building for $target..."
 536 | >>> 		
 537 | >>> 		# Determine triplet based on architecture
 538 | >>> 		case $target in
 539 | >>> 			aarch64) TRIPLET="aarch64-unknown-linux-gnu" ;;
 540 | >>> 			armhf) TRIPLET="armv7l-unknown-linux-gnueabihf" ;;
 541 | >>> 			armv7) TRIPLET="armv7l-unknown-linux-gnueabihf" ;;
 542 | >>> 			ppc64le) TRIPLET="powerpc64le-unknown-linux-gnu" ;;
 543 | >>> 			ppc64) TRIPLET="powerpc64-unknown-linux-gnu" ;;
 544 | >>> 			ppc) TRIPLET="powerpc-unknown-linux-gnu" ;;
 545 | >>> 			x86_64) TRIPLET="x86_64-unknown-linux-gnu" ;;
 546 | >>> 			riscv64) TRIPLET="riscv64-unknown-linux-gnu" ;;
 547 | >>> 			loongarch64) TRIPLET="loongarch64-unknown-linux-gnu" ;;
 548 | >>> 		esac
 549 | >>> 		
 550 | >>> 		# Create musl build directory
 551 | >>> 		mkdir -p "/tmp/musl-build-${target}"
 552 | >>> 		
 553 | >>> 		# Configure musl for this target (build headers only)
 554 | >>> 		cd "/tmp/musl-build-${target}"
 555 | >>> 		/tmp/musl-source/configure \
 556 | >>> 			--prefix=/usr \
 557 | >>> 			--host=${TRIPLET} \
 558 | >>> 			CC="clang -target ${TRIPLET}"
 559 | >>> 		
 560 | >>> 		# Create sysroot directory for this target
 561 | >>> 		MUSL_SYSROOT="/tmp/musl-sysroot-${target}"
 562 | >>> 		mkdir -p "${MUSL_SYSROOT}"
 563 | >>> 		
 564 | >>> 		# Install just the headers to our sysroot
 565 | >>> 		cd "/tmp/musl-build-${target}"
 566 | >>> 		make install-headers DESTDIR="${MUSL_SYSROOT}"
 567 | >>> 		
 568 | >>> 		# Create build directory for compiler-rt
 569 | >>> 		mkdir -p "/tmp/build-rt-${target}"
 570 | >>> 		cd "/tmp/build-rt-${target}"
 571 | >>> 		
 572 | >>> 		# Configure compiler-rt for this target
 573 | >>> 		cmake \
 574 | >>> 			-S /llvm-project-${VERSION}.src/compiler-rt \
 575 | >>> 			-B . \
 576 | >>> 			-DCMAKE_BUILD_TYPE=Release \
 577 | >>> 			-DCMAKE_INSTALL_PREFIX=/usr/lib/clang/21 \
 578 | >>> 			-DCMAKE_C_COMPILER=/usr/bin/clang \
 579 | >>> 			-DCMAKE_CXX_COMPILER=/usr/bin/clang++ \
 580 | >>> 			-DCMAKE_AR=/usr/bin/llvm-ar \
 581 | >>> 			-DCMAKE_NM=/usr/bin/llvm-nm \
 582 | >>> 			-DCMAKE_RANLIB=/usr/bin/llvm-ranlib \
 583 | >>> 			-DCMAKE_C_COMPILER_TARGET="${TRIPLET}" \
 584 | >>> 			-DCMAKE_CXX_COMPILER_TARGET="${TRIPLET}" \
 585 | >>> 			-DCMAKE_ASM_COMPILER_TARGET="${TRIPLET}" \
 586 | >>> 			-DCMAKE_SYSROOT="${MUSL_SYSROOT}" \
 587 | >>> 			-DCMAKE_TRY_COMPILE_TARGET_TYPE=STATIC_LIBRARY \
 588 | >>> 			-DCOMPILER_RT_DEFAULT_TARGET_ONLY=ON \
 589 | >>> 			-DCOMPILER_RT_BUILD_BUILTINS=ON \
 590 | >>> 			-DCOMPILER_RT_BUILD_CRT=ON \
 591 | >>> 			-DCOMPILER_RT_BUILD_LIBFUZZER=OFF \
 592 | >>> 			-DCOMPILER_RT_BUILD_MEMPROF=OFF \
 593 | >>> 			-DCOMPILER_RT_BUILD_PROFILE=OFF \
 594 | >>> 			-DCOMPILER_RT_BUILD_SANITIZERS=OFF \
 595 | >>> 			-DCOMPILER_RT_BUILD_XRAY=OFF \
 596 | >>> 			-DCOMPILER_RT_BUILD_ORC=OFF \
 597 | >>> 			-DCOMPILER_RT_BUILD_CTX_PROFILE=OFF \
 598 | >>> 			-DCMAKE_C_FLAGS="--target=${TRIPLET} --sysroot=${MUSL_SYSROOT}" \
 599 | >>> 			-DCMAKE_CXX_FLAGS="--target=${TRIPLET} --sysroot=${MUSL_SYSROOT}" \
 600 | >>> 			-DCMAKE_ASM_FLAGS="--target=${TRIPLET} --sysroot=${MUSL_SYSROOT}"
 601 | >>> 		
 602 | >>> 		# Build
 603 | >>> 		cmake --build . -v --parallel $(nproc)
 604 | >>> 		
 605 | >>> 		# Install to rootfs
 606 | >>> 		DESTDIR="/rootfs" cmake --install . --prefix "/usr/lib/clang/21"
 607 | >>> 		
 608 | >>> 		# Clean up build directory
 609 | >>> 		cd /
 610 | >>> 		rm -rf "/tmp/build-rt-${target}"
 611 | >>> 		rm -rf "/tmp/musl-build-${target}"
 612 | >>> 		rm -rf "${MUSL_SYSROOT}"
 613 | >>> 	done
 614 | >>> 	
 615 | >>> 	# Clean up musl source
 616 | >>> 	rm -rf /tmp/musl-source
 617 | >>> 	
 618 | >>> 	# Copy LICENSE.TXT
 619 | >>> 	mkdir -p /rootfs/usr/share/licenses/llvm
 620 | >>> 	cp /llvm-project-${VERSION}.src/compiler-rt/LICENSE.TXT /rootfs/usr/share/licenses/llvm/
 621 | >>> EOF
 622 |     
--------------------
ERROR: failed to solve: process "/bin/sh -l -c set -eux\n\n# Target architectures to build for (excluding host)\n# Host is determined by TARGETARCH from the main build\nexport HOST_ARCH=\"${ARCH}\"\n\n# List of all supported architectures\nTARGETS=\"aarch64 armhf armv7 ppc64le ppc64 ppc x86_64 riscv64 loongarch64\"\n\n# Remove host architecture from targets\nCROSS_TARGETS=\"\"\nfor target in $TARGETS; do\nif [ \"$target\" != \"$HOST_ARCH\" ]; then\nCROSS_TARGETS=\"$CROSS_TARGETS $target\"\nfi\ndone\n\necho \"Building for cross targets:$CROSS_TARGETS\"\n\n# Extract musl source once\nmkdir -p /tmp/musl-source\ncd /tmp/musl-source\ntar -xf /musl-1.2.5.tar.gz --strip-components=1\n\n# For each target, we need to:\n# 1. Build musl headers for that target\n# 2. Build compiler-rt builtins and CRT for that target\n\nfor target in $CROSS_TARGETS; do\necho \"Building for $target...\"\n\n# Determine triplet based on architecture\ncase $target in\naarch64) TRIPLET=\"aarch64-unknown-linux-gnu\" ;;\narmhf) TRIPLET=\"armv7l-unknown-linux-gnueabihf\" ;;\narmv7) TRIPLET=\"armv7l-unknown-linux-gnueabihf\" ;;\nppc64le) TRIPLET=\"powerpc64le-unknown-linux-gnu\" ;;\nppc64) TRIPLET=\"powerpc64-unknown-linux-gnu\" ;;\nppc) TRIPLET=\"powerpc-unknown-linux-gnu\" ;;\nx86_64) TRIPLET=\"x86_64-unknown-linux-gnu\" ;;\nriscv64) TRIPLET=\"riscv64-unknown-linux-gnu\" ;;\nloongarch64) TRIPLET=\"loongarch64-unknown-linux-gnu\" ;;\nesac\n\n# Create musl build directory\nmkdir -p \"/tmp/musl-build-${target}\"\n\n# Configure musl for this target (build headers only)\ncd \"/tmp/musl-build-${target}\"\n/tmp/musl-source/configure \\\n--prefix=/usr \\\n--host=${TRIPLET} \\\nCC=\"clang -target ${TRIPLET}\"\n\n# Create sysroot directory for this target\nMUSL_SYSROOT=\"/tmp/musl-sysroot-${target}\"\nmkdir -p \"${MUSL_SYSROOT}\"\n\n# Install just the headers to our sysroot\ncd \"/tmp/musl-build-${target}\"\nmake install-headers DESTDIR=\"${MUSL_SYSROOT}\"\n\n# Create build directory for compiler-rt\nmkdir -p \"/tmp/build-rt-${target}\"\ncd \"/tmp/build-rt-${target}\"\n\n# Configure compiler-rt for this target\ncmake \\\n-S /llvm-project-${VERSION}.src/compiler-rt \\\n-B . \\\n-DCMAKE_BUILD_TYPE=Release \\\n-DCMAKE_INSTALL_PREFIX=/usr/lib/clang/21 \\\n-DCMAKE_C_COMPILER=/usr/bin/clang \\\n-DCMAKE_CXX_COMPILER=/usr/bin/clang++ \\\n-DCMAKE_AR=/usr/bin/llvm-ar \\\n-DCMAKE_NM=/usr/bin/llvm-nm \\\n-DCMAKE_RANLIB=/usr/bin/llvm-ranlib \\\n-DCMAKE_C_COMPILER_TARGET=\"${TRIPLET}\" \\\n-DCMAKE_CXX_COMPILER_TARGET=\"${TRIPLET}\" \\\n-DCMAKE_ASM_COMPILER_TARGET=\"${TRIPLET}\" \\\n-DCMAKE_SYSROOT=\"${MUSL_SYSROOT}\" \\\n-DCMAKE_TRY_COMPILE_TARGET_TYPE=STATIC_LIBRARY \\\n-DCOMPILER_RT_DEFAULT_TARGET_ONLY=ON \\\n-DCOMPILER_RT_BUILD_BUILTINS=ON \\\n-DCOMPILER_RT_BUILD_CRT=ON \\\n-DCOMPILER_RT_BUILD_LIBFUZZER=OFF \\\n-DCOMPILER_RT_BUILD_MEMPROF=OFF \\\n-DCOMPILER_RT_BUILD_PROFILE=OFF \\\n-DCOMPILER_RT_BUILD_SANITIZERS=OFF \\\n-DCOMPILER_RT_BUILD_XRAY=OFF \\\n-DCOMPILER_RT_BUILD_ORC=OFF \\\n-DCOMPILER_RT_BUILD_CTX_PROFILE=OFF \\\n-DCMAKE_C_FLAGS=\"--target=${TRIPLET} --sysroot=${MUSL_SYSROOT}\" \\\n-DCMAKE_CXX_FLAGS=\"--target=${TRIPLET} --sysroot=${MUSL_SYSROOT}\" \\\n-DCMAKE_ASM_FLAGS=\"--target=${TRIPLET} --sysroot=${MUSL_SYSROOT}\"\n\n# Build\ncmake --build . -v --parallel $(nproc)\n\n# Install to rootfs\nDESTDIR=\"/rootfs\" cmake --install . --prefix \"/usr/lib/clang/21\"\n\n# Clean up build directory\ncd /\nrm -rf \"/tmp/build-rt-${target}\"\nrm -rf \"/tmp/musl-build-${target}\"\nrm -rf \"${MUSL_SYSROOT}\"\ndone\n\n# Clean up musl source\nrm -rf /tmp/musl-source\n\n# Copy LICENSE.TXT\nmkdir -p /rootfs/usr/share/licenses/llvm\ncp /llvm-project-${VERSION}.src/compiler-rt/LICENSE.TXT /rootfs/usr/share/licenses/llvm/\n" did not complete successfully: exit code: 2
tar: This does not look like a tar archive
tar: Exiting with failure status due to previous errors
make: *** [out/targets.mk:13241: out/core-clang-rt-crt-cross/index.json] Error 2
