2026-05-03 20:51:16,017 - INFO - Determining build order from make -n...
2026-05-03 20:51:18,475 - INFO - Found 334 packages in build order
2026-05-03 20:51:18,482 - WARNING - Failed to load stage2: 'version'
2026-05-03 20:51:18,482 - WARNING - Failed to load stage0: 'version'
2026-05-03 20:51:18,483 - WARNING - Failed to load stage3: 'version'
2026-05-03 20:51:18,518 - WARNING - Failed to load clang-meson-busybox: 'version'
2026-05-03 20:51:18,518 - WARNING - Failed to load clang-gnu-busybox: 'version'
2026-05-03 20:51:18,518 - WARNING - Failed to load gcc-gnu-busybox: 'version'
2026-05-03 20:51:18,518 - WARNING - Failed to load solidity: 'version'
2026-05-03 20:51:18,518 - WARNING - Failed to load clang-cmake-busybox: 'version'
2026-05-03 20:51:18,518 - WARNING - Failed to load gcc-gnu-gnu: 'version'
2026-05-03 20:51:18,519 - WARNING - Failed to load luarocks: 'version'
2026-05-03 20:51:18,519 - WARNING - Failed to load rust: 'version'
2026-05-03 20:51:18,519 - WARNING - Failed to load gcc: 'version'
2026-05-03 20:51:18,519 - WARNING - Failed to load php: 'version'
2026-05-03 20:51:18,519 - WARNING - Failed to load python: 'version'
2026-05-03 20:51:18,519 - WARNING - Failed to load clang: 'version'
2026-05-03 20:51:18,519 - WARNING - Failed to load nodejs: 'version'
2026-05-03 20:51:18,519 - WARNING - Failed to load cython: 'version'
2026-05-03 20:51:18,519 - WARNING - Failed to load gcc-cmake-busybox: 'version'
2026-05-03 20:51:18,519 - WARNING - Failed to load php-composer: 'version'
2026-05-03 20:51:18,520 - WARNING - Failed to load go: 'version'
2026-05-03 20:51:18,520 - WARNING - Failed to load lua: 'version'
2026-05-03 20:51:18,520 - WARNING - Failed to load cgo: 'version'
2026-05-03 20:51:18,520 - WARNING - Failed to load gcc-meson-busybox: 'version'
2026-05-03 20:51:18,525 - WARNING - Failed to load cross-x86_64-gnu-gcc: 'version'
2026-05-03 20:51:18,529 - WARNING - Failed to load filesystem: 'version'
2026-05-03 20:51:18,531 - WARNING - Failed to load profile: 'version'
2026-05-03 20:51:18,537 - INFO - Loaded 416 packages
2026-05-03 20:51:18,537 - INFO - Processing stage1...
2026-05-03 20:51:18,543 - WARNING - Failed to load stage2: 'version'
2026-05-03 20:51:18,544 - WARNING - Failed to load stage0: 'version'
2026-05-03 20:51:18,544 - WARNING - Failed to load stage3: 'version'
2026-05-03 20:51:18,578 - WARNING - Failed to load clang-meson-busybox: 'version'
2026-05-03 20:51:18,578 - WARNING - Failed to load clang-gnu-busybox: 'version'
2026-05-03 20:51:18,578 - WARNING - Failed to load gcc-gnu-busybox: 'version'
2026-05-03 20:51:18,578 - WARNING - Failed to load solidity: 'version'
2026-05-03 20:51:18,578 - WARNING - Failed to load clang-cmake-busybox: 'version'
2026-05-03 20:51:18,578 - WARNING - Failed to load gcc-gnu-gnu: 'version'
2026-05-03 20:51:18,579 - WARNING - Failed to load luarocks: 'version'
2026-05-03 20:51:18,579 - WARNING - Failed to load rust: 'version'
2026-05-03 20:51:18,579 - WARNING - Failed to load gcc: 'version'
2026-05-03 20:51:18,579 - WARNING - Failed to load php: 'version'
2026-05-03 20:51:18,579 - WARNING - Failed to load python: 'version'
2026-05-03 20:51:18,579 - WARNING - Failed to load clang: 'version'
2026-05-03 20:51:18,579 - WARNING - Failed to load nodejs: 'version'
2026-05-03 20:51:18,579 - WARNING - Failed to load cython: 'version'
2026-05-03 20:51:18,579 - WARNING - Failed to load gcc-cmake-busybox: 'version'
2026-05-03 20:51:18,579 - WARNING - Failed to load php-composer: 'version'
2026-05-03 20:51:18,580 - WARNING - Failed to load go: 'version'
2026-05-03 20:51:18,580 - WARNING - Failed to load lua: 'version'
2026-05-03 20:51:18,580 - WARNING - Failed to load cgo: 'version'
2026-05-03 20:51:18,580 - WARNING - Failed to load gcc-meson-busybox: 'version'
2026-05-03 20:51:18,585 - WARNING - Failed to load cross-x86_64-gnu-gcc: 'version'
2026-05-03 20:51:18,589 - WARNING - Failed to load filesystem: 'version'
2026-05-03 20:51:18,590 - WARNING - Failed to load profile: 'version'
2026-05-03 20:51:18,597 - INFO - Loaded 416 packages
2026-05-03 20:51:18,597 - INFO - stage1 has no RM.org ID, attempting to look it up...
2026-05-03 20:51:19,501 - WARNING - Could not determine latest version for stage1
2026-05-03 20:51:19,501 - INFO - Processing stage2...
2026-05-03 20:51:19,501 - INFO - Processing stage3...
2026-05-03 20:51:19,501 - INFO - Processing filesystem...
2026-05-03 20:51:19,501 - INFO - Processing busybox...
2026-05-03 20:51:19,507 - WARNING - Failed to load stage2: 'version'
2026-05-03 20:51:19,508 - WARNING - Failed to load stage0: 'version'
2026-05-03 20:51:19,508 - WARNING - Failed to load stage3: 'version'
2026-05-03 20:51:19,544 - WARNING - Failed to load clang-meson-busybox: 'version'
2026-05-03 20:51:19,544 - WARNING - Failed to load clang-gnu-busybox: 'version'
2026-05-03 20:51:19,544 - WARNING - Failed to load gcc-gnu-busybox: 'version'
2026-05-03 20:51:19,544 - WARNING - Failed to load solidity: 'version'
2026-05-03 20:51:19,544 - WARNING - Failed to load clang-cmake-busybox: 'version'
2026-05-03 20:51:19,544 - WARNING - Failed to load gcc-gnu-gnu: 'version'
2026-05-03 20:51:19,544 - WARNING - Failed to load luarocks: 'version'
2026-05-03 20:51:19,544 - WARNING - Failed to load rust: 'version'
2026-05-03 20:51:19,544 - WARNING - Failed to load gcc: 'version'
2026-05-03 20:51:19,544 - WARNING - Failed to load php: 'version'
2026-05-03 20:51:19,545 - WARNING - Failed to load python: 'version'
2026-05-03 20:51:19,545 - WARNING - Failed to load clang: 'version'
2026-05-03 20:51:19,545 - WARNING - Failed to load nodejs: 'version'
2026-05-03 20:51:19,545 - WARNING - Failed to load cython: 'version'
2026-05-03 20:51:19,545 - WARNING - Failed to load gcc-cmake-busybox: 'version'
2026-05-03 20:51:19,545 - WARNING - Failed to load php-composer: 'version'
2026-05-03 20:51:19,545 - WARNING - Failed to load go: 'version'
2026-05-03 20:51:19,545 - WARNING - Failed to load lua: 'version'
2026-05-03 20:51:19,545 - WARNING - Failed to load cgo: 'version'
2026-05-03 20:51:19,545 - WARNING - Failed to load gcc-meson-busybox: 'version'
2026-05-03 20:51:19,550 - WARNING - Failed to load cross-x86_64-gnu-gcc: 'version'
2026-05-03 20:51:19,555 - WARNING - Failed to load filesystem: 'version'
2026-05-03 20:51:19,556 - WARNING - Failed to load profile: 'version'
2026-05-03 20:51:19,562 - INFO - Loaded 416 packages
2026-05-03 20:51:19,562 - INFO - busybox has no RM.org ID, attempting to look it up...
2026-05-03 20:51:20,220 - INFO - Found project ID 230 for busybox
2026-05-03 20:51:20,220 - INFO - Found project ID 230 for busybox
2026-05-03 20:51:20,221 - INFO - Added release_monitoring_id=230 to busybox
2026-05-03 20:51:20,221 - INFO - Current: 1.37.0, Latest: 1.37.0
2026-05-03 20:51:20,221 - INFO - busybox is up to date
2026-05-03 20:51:20,221 - INFO - Processing mimalloc...
2026-05-03 20:51:20,228 - WARNING - Failed to load stage2: 'version'
2026-05-03 20:51:20,228 - WARNING - Failed to load stage0: 'version'
2026-05-03 20:51:20,229 - WARNING - Failed to load stage3: 'version'
2026-05-03 20:51:20,265 - WARNING - Failed to load clang-meson-busybox: 'version'
2026-05-03 20:51:20,265 - WARNING - Failed to load clang-gnu-busybox: 'version'
2026-05-03 20:51:20,265 - WARNING - Failed to load gcc-gnu-busybox: 'version'
2026-05-03 20:51:20,265 - WARNING - Failed to load solidity: 'version'
2026-05-03 20:51:20,265 - WARNING - Failed to load clang-cmake-busybox: 'version'
2026-05-03 20:51:20,265 - WARNING - Failed to load gcc-gnu-gnu: 'version'
2026-05-03 20:51:20,265 - WARNING - Failed to load luarocks: 'version'
2026-05-03 20:51:20,265 - WARNING - Failed to load rust: 'version'
2026-05-03 20:51:20,265 - WARNING - Failed to load gcc: 'version'
2026-05-03 20:51:20,265 - WARNING - Failed to load php: 'version'
2026-05-03 20:51:20,266 - WARNING - Failed to load python: 'version'
2026-05-03 20:51:20,266 - WARNING - Failed to load clang: 'version'
2026-05-03 20:51:20,266 - WARNING - Failed to load nodejs: 'version'
2026-05-03 20:51:20,266 - WARNING - Failed to load cython: 'version'
2026-05-03 20:51:20,266 - WARNING - Failed to load gcc-cmake-busybox: 'version'
2026-05-03 20:51:20,266 - WARNING - Failed to load php-composer: 'version'
2026-05-03 20:51:20,266 - WARNING - Failed to load go: 'version'
2026-05-03 20:51:20,266 - WARNING - Failed to load lua: 'version'
2026-05-03 20:51:20,266 - WARNING - Failed to load cgo: 'version'
2026-05-03 20:51:20,266 - WARNING - Failed to load gcc-meson-busybox: 'version'
2026-05-03 20:51:20,271 - WARNING - Failed to load cross-x86_64-gnu-gcc: 'version'
2026-05-03 20:51:20,276 - WARNING - Failed to load filesystem: 'version'
2026-05-03 20:51:20,277 - WARNING - Failed to load profile: 'version'
2026-05-03 20:51:20,283 - INFO - Loaded 416 packages
2026-05-03 20:51:20,283 - INFO - mimalloc has no RM.org ID, attempting to look it up...
2026-05-03 20:51:20,959 - INFO - Found project ID 320429 for mimalloc
2026-05-03 20:51:20,959 - INFO - Found project ID 320429 for mimalloc
2026-05-03 20:51:20,969 - INFO - Added release_monitoring_id=320429 to mimalloc
2026-05-03 20:51:20,969 - INFO - Current: 2.3.0, Latest: 0.1.50
2026-05-03 20:51:20,969 - INFO - Updating mimalloc to 0.1.50
2026-05-03 20:51:20,969 - INFO - Backed up mimalloc to /home/lrvick/Sources/stagex/scripts/backups/core/mimalloc
2026-05-03 20:51:21,556 - ERROR - No working download URL found for version 0.1.50
2026-05-03 20:51:21,557 - ERROR - Failed to download source for mimalloc
2026-05-03 20:51:21,557 - INFO - Processing musl...
2026-05-03 20:51:21,563 - WARNING - Failed to load stage2: 'version'
2026-05-03 20:51:21,563 - WARNING - Failed to load stage0: 'version'
2026-05-03 20:51:21,564 - WARNING - Failed to load stage3: 'version'
2026-05-03 20:51:21,598 - WARNING - Failed to load clang-meson-busybox: 'version'
2026-05-03 20:51:21,598 - WARNING - Failed to load clang-gnu-busybox: 'version'
2026-05-03 20:51:21,598 - WARNING - Failed to load gcc-gnu-busybox: 'version'
2026-05-03 20:51:21,598 - WARNING - Failed to load solidity: 'version'
2026-05-03 20:51:21,598 - WARNING - Failed to load clang-cmake-busybox: 'version'
2026-05-03 20:51:21,599 - WARNING - Failed to load gcc-gnu-gnu: 'version'
2026-05-03 20:51:21,599 - WARNING - Failed to load luarocks: 'version'
2026-05-03 20:51:21,599 - WARNING - Failed to load rust: 'version'
2026-05-03 20:51:21,599 - WARNING - Failed to load gcc: 'version'
2026-05-03 20:51:21,599 - WARNING - Failed to load php: 'version'
2026-05-03 20:51:21,599 - WARNING - Failed to load python: 'version'
2026-05-03 20:51:21,599 - WARNING - Failed to load clang: 'version'
2026-05-03 20:51:21,599 - WARNING - Failed to load nodejs: 'version'
2026-05-03 20:51:21,599 - WARNING - Failed to load cython: 'version'
2026-05-03 20:51:21,599 - WARNING - Failed to load gcc-cmake-busybox: 'version'
2026-05-03 20:51:21,600 - WARNING - Failed to load php-composer: 'version'
2026-05-03 20:51:21,600 - WARNING - Failed to load go: 'version'
2026-05-03 20:51:21,600 - WARNING - Failed to load lua: 'version'
2026-05-03 20:51:21,600 - WARNING - Failed to load cgo: 'version'
2026-05-03 20:51:21,600 - WARNING - Failed to load gcc-meson-busybox: 'version'
2026-05-03 20:51:21,605 - WARNING - Failed to load cross-x86_64-gnu-gcc: 'version'
2026-05-03 20:51:21,609 - WARNING - Failed to load filesystem: 'version'
2026-05-03 20:51:21,610 - WARNING - Failed to load profile: 'version'
2026-05-03 20:51:21,616 - INFO - Loaded 416 packages
2026-05-03 20:51:21,616 - INFO - Skipping musl - handled by staging
2026-05-03 20:51:21,617 - INFO - Processing libzstd...
2026-05-03 20:51:21,623 - WARNING - Failed to load stage2: 'version'
2026-05-03 20:51:21,623 - WARNING - Failed to load stage0: 'version'
2026-05-03 20:51:21,624 - WARNING - Failed to load stage3: 'version'
2026-05-03 20:51:21,657 - WARNING - Failed to load clang-meson-busybox: 'version'
2026-05-03 20:51:21,658 - WARNING - Failed to load clang-gnu-busybox: 'version'
2026-05-03 20:51:21,658 - WARNING - Failed to load gcc-gnu-busybox: 'version'
2026-05-03 20:51:21,658 - WARNING - Failed to load solidity: 'version'
2026-05-03 20:51:21,658 - WARNING - Failed to load clang-cmake-busybox: 'version'
2026-05-03 20:51:21,658 - WARNING - Failed to load gcc-gnu-gnu: 'version'
2026-05-03 20:51:21,658 - WARNING - Failed to load luarocks: 'version'
2026-05-03 20:51:21,658 - WARNING - Failed to load rust: 'version'
2026-05-03 20:51:21,658 - WARNING - Failed to load gcc: 'version'
2026-05-03 20:51:21,658 - WARNING - Failed to load php: 'version'
2026-05-03 20:51:21,658 - WARNING - Failed to load python: 'version'
2026-05-03 20:51:21,659 - WARNING - Failed to load clang: 'version'
2026-05-03 20:51:21,659 - WARNING - Failed to load nodejs: 'version'
2026-05-03 20:51:21,659 - WARNING - Failed to load cython: 'version'
2026-05-03 20:51:21,659 - WARNING - Failed to load gcc-cmake-busybox: 'version'
2026-05-03 20:51:21,659 - WARNING - Failed to load php-composer: 'version'
2026-05-03 20:51:21,659 - WARNING - Failed to load go: 'version'
2026-05-03 20:51:21,659 - WARNING - Failed to load lua: 'version'
2026-05-03 20:51:21,659 - WARNING - Failed to load cgo: 'version'
2026-05-03 20:51:21,659 - WARNING - Failed to load gcc-meson-busybox: 'version'
2026-05-03 20:51:21,664 - WARNING - Failed to load cross-x86_64-gnu-gcc: 'version'
2026-05-03 20:51:21,669 - WARNING - Failed to load filesystem: 'version'
2026-05-03 20:51:21,670 - WARNING - Failed to load profile: 'version'
2026-05-03 20:51:21,676 - INFO - Loaded 416 packages
2026-05-03 20:51:21,676 - INFO - libzstd has no RM.org ID, attempting to look it up...
2026-05-03 20:51:22,345 - WARNING - Could not determine latest version for libzstd
2026-05-03 20:51:22,345 - INFO - Processing llvm...
2026-05-03 20:51:22,352 - WARNING - Failed to load stage2: 'version'
2026-05-03 20:51:22,352 - WARNING - Failed to load stage0: 'version'
2026-05-03 20:51:22,353 - WARNING - Failed to load stage3: 'version'
2026-05-03 20:51:22,387 - WARNING - Failed to load clang-meson-busybox: 'version'
2026-05-03 20:51:22,387 - WARNING - Failed to load clang-gnu-busybox: 'version'
2026-05-03 20:51:22,387 - WARNING - Failed to load gcc-gnu-busybox: 'version'
2026-05-03 20:51:22,387 - WARNING - Failed to load solidity: 'version'
2026-05-03 20:51:22,387 - WARNING - Failed to load clang-cmake-busybox: 'version'
2026-05-03 20:51:22,387 - WARNING - Failed to load gcc-gnu-gnu: 'version'
2026-05-03 20:51:22,387 - WARNING - Failed to load luarocks: 'version'
2026-05-03 20:51:22,388 - WARNING - Failed to load rust: 'version'
2026-05-03 20:51:22,388 - WARNING - Failed to load gcc: 'version'
2026-05-03 20:51:22,388 - WARNING - Failed to load php: 'version'
2026-05-03 20:51:22,388 - WARNING - Failed to load python: 'version'
2026-05-03 20:51:22,388 - WARNING - Failed to load clang: 'version'
2026-05-03 20:51:22,388 - WARNING - Failed to load nodejs: 'version'
2026-05-03 20:51:22,388 - WARNING - Failed to load cython: 'version'
2026-05-03 20:51:22,388 - WARNING - Failed to load gcc-cmake-busybox: 'version'
2026-05-03 20:51:22,388 - WARNING - Failed to load php-composer: 'version'
2026-05-03 20:51:22,388 - WARNING - Failed to load go: 'version'
2026-05-03 20:51:22,388 - WARNING - Failed to load lua: 'version'
2026-05-03 20:51:22,389 - WARNING - Failed to load cgo: 'version'
2026-05-03 20:51:22,389 - WARNING - Failed to load gcc-meson-busybox: 'version'
2026-05-03 20:51:22,394 - WARNING - Failed to load cross-x86_64-gnu-gcc: 'version'
2026-05-03 20:51:22,398 - WARNING - Failed to load filesystem: 'version'
2026-05-03 20:51:22,399 - WARNING - Failed to load profile: 'version'
2026-05-03 20:51:22,405 - INFO - Loaded 416 packages
2026-05-03 20:51:22,405 - INFO - Skipping llvm - handled by staging
2026-05-03 20:51:22,405 - INFO - Processing make...
2026-05-03 20:51:22,412 - WARNING - Failed to load stage2: 'version'
2026-05-03 20:51:22,412 - WARNING - Failed to load stage0: 'version'
2026-05-03 20:51:22,412 - WARNING - Failed to load stage3: 'version'
2026-05-03 20:51:22,446 - WARNING - Failed to load clang-meson-busybox: 'version'
2026-05-03 20:51:22,446 - WARNING - Failed to load clang-gnu-busybox: 'version'
2026-05-03 20:51:22,446 - WARNING - Failed to load gcc-gnu-busybox: 'version'
2026-05-03 20:51:22,447 - WARNING - Failed to load solidity: 'version'
2026-05-03 20:51:22,447 - WARNING - Failed to load clang-cmake-busybox: 'version'
2026-05-03 20:51:22,447 - WARNING - Failed to load gcc-gnu-gnu: 'version'
2026-05-03 20:51:22,447 - WARNING - Failed to load luarocks: 'version'
2026-05-03 20:51:22,447 - WARNING - Failed to load rust: 'version'
2026-05-03 20:51:22,447 - WARNING - Failed to load gcc: 'version'
2026-05-03 20:51:22,447 - WARNING - Failed to load php: 'version'
2026-05-03 20:51:22,447 - WARNING - Failed to load python: 'version'
2026-05-03 20:51:22,447 - WARNING - Failed to load clang: 'version'
2026-05-03 20:51:22,447 - WARNING - Failed to load nodejs: 'version'
2026-05-03 20:51:22,448 - WARNING - Failed to load cython: 'version'
2026-05-03 20:51:22,448 - WARNING - Failed to load gcc-cmake-busybox: 'version'
2026-05-03 20:51:22,448 - WARNING - Failed to load php-composer: 'version'
2026-05-03 20:51:22,448 - WARNING - Failed to load go: 'version'
2026-05-03 20:51:22,448 - WARNING - Failed to load lua: 'version'
2026-05-03 20:51:22,448 - WARNING - Failed to load cgo: 'version'
2026-05-03 20:51:22,448 - WARNING - Failed to load gcc-meson-busybox: 'version'
2026-05-03 20:51:22,453 - WARNING - Failed to load cross-x86_64-gnu-gcc: 'version'
2026-05-03 20:51:22,457 - WARNING - Failed to load filesystem: 'version'
2026-05-03 20:51:22,459 - WARNING - Failed to load profile: 'version'
2026-05-03 20:51:22,464 - INFO - Loaded 416 packages
2026-05-03 20:51:22,465 - INFO - make has no RM.org ID, attempting to look it up...
2026-05-03 20:51:23,083 - INFO - Found project ID 1877 for make
2026-05-03 20:51:23,083 - INFO - Found project ID 1877 for make
2026-05-03 20:51:23,083 - INFO - Added release_monitoring_id=1877 to make
2026-05-03 20:51:23,083 - INFO - Current: 4.4, Latest: 4.4.1
2026-05-03 20:51:23,083 - INFO - Updating make to 4.4.1
2026-05-03 20:51:23,083 - INFO - Backed up make to /home/lrvick/Sources/stagex/scripts/backups/core/make
2026-05-03 20:51:24,559 - INFO - Downloading from https://mirror.techrich.hk/gnu/make/make-4.4.1.tar.gz
2026-05-03 20:51:25,378 - INFO - Downloaded source-4.4.1.tar.gz (SHA256: dd16fb1d67bfab79a72f5e8390735c49e3e8e70b4945a15ab1f81ddb78658fb3)
2026-05-03 20:51:25,379 - INFO - Updated make to 4.4.1
2026-05-03 20:53:34,686 - INFO - Build succeeded for make
2026-05-03 20:53:34,734 - ERROR - Commit failed for make: Command '['git', 'commit', '-m', 'Update make to 4.4']' died with <Signals.SIGPIPE: 13>.
2026-05-03 20:53:34,735 - INFO - Processing zlib...
2026-05-03 20:53:34,741 - WARNING - Failed to load stage2: 'version'
2026-05-03 20:53:34,741 - WARNING - Failed to load stage0: 'version'
2026-05-03 20:53:34,742 - WARNING - Failed to load stage3: 'version'
2026-05-03 20:53:34,777 - WARNING - Failed to load clang-meson-busybox: 'version'
2026-05-03 20:53:34,777 - WARNING - Failed to load clang-gnu-busybox: 'version'
2026-05-03 20:53:34,777 - WARNING - Failed to load gcc-gnu-busybox: 'version'
2026-05-03 20:53:34,777 - WARNING - Failed to load solidity: 'version'
2026-05-03 20:53:34,777 - WARNING - Failed to load clang-cmake-busybox: 'version'
2026-05-03 20:53:34,778 - WARNING - Failed to load gcc-gnu-gnu: 'version'
2026-05-03 20:53:34,778 - WARNING - Failed to load luarocks: 'version'
2026-05-03 20:53:34,778 - WARNING - Failed to load rust: 'version'
2026-05-03 20:53:34,778 - WARNING - Failed to load gcc: 'version'
2026-05-03 20:53:34,778 - WARNING - Failed to load php: 'version'
2026-05-03 20:53:34,778 - WARNING - Failed to load python: 'version'
2026-05-03 20:53:34,778 - WARNING - Failed to load clang: 'version'
2026-05-03 20:53:34,778 - WARNING - Failed to load nodejs: 'version'
2026-05-03 20:53:34,778 - WARNING - Failed to load cython: 'version'
2026-05-03 20:53:34,778 - WARNING - Failed to load gcc-cmake-busybox: 'version'
2026-05-03 20:53:34,779 - WARNING - Failed to load php-composer: 'version'
2026-05-03 20:53:34,779 - WARNING - Failed to load go: 'version'
2026-05-03 20:53:34,779 - WARNING - Failed to load lua: 'version'
2026-05-03 20:53:34,779 - WARNING - Failed to load cgo: 'version'
2026-05-03 20:53:34,779 - WARNING - Failed to load gcc-meson-busybox: 'version'
2026-05-03 20:53:34,784 - WARNING - Failed to load cross-x86_64-gnu-gcc: 'version'
2026-05-03 20:53:34,788 - WARNING - Failed to load filesystem: 'version'
2026-05-03 20:53:34,790 - WARNING - Failed to load profile: 'version'
2026-05-03 20:53:34,796 - INFO - Loaded 416 packages
2026-05-03 20:53:34,796 - INFO - zlib has no RM.org ID, attempting to look it up...
2026-05-03 20:53:35,367 - INFO - Found project ID 1104 for zlib
2026-05-03 20:53:35,367 - INFO - Found project ID 1104 for zlib
2026-05-03 20:53:35,368 - INFO - Added release_monitoring_id=1104 to zlib
2026-05-03 20:53:35,368 - INFO - Current: 1.3.1, Latest: 0.7.1.1
2026-05-03 20:53:35,368 - INFO - Updating zlib to 0.7.1.1
2026-05-03 20:53:35,368 - INFO - Backed up zlib to /home/lrvick/Sources/stagex/scripts/backups/core/zlib
2026-05-03 20:53:35,597 - ERROR - No working download URL found for version 0.7.1.1
2026-05-03 20:53:35,597 - ERROR - Failed to download source for zlib
2026-05-03 20:53:35,598 - INFO - Processing pkgconf...
2026-05-03 20:53:35,604 - WARNING - Failed to load stage2: 'version'
2026-05-03 20:53:35,604 - WARNING - Failed to load stage0: 'version'
2026-05-03 20:53:35,605 - WARNING - Failed to load stage3: 'version'
2026-05-03 20:53:35,639 - WARNING - Failed to load clang-meson-busybox: 'version'
2026-05-03 20:53:35,639 - WARNING - Failed to load clang-gnu-busybox: 'version'
2026-05-03 20:53:35,639 - WARNING - Failed to load gcc-gnu-busybox: 'version'
2026-05-03 20:53:35,639 - WARNING - Failed to load solidity: 'version'
2026-05-03 20:53:35,639 - WARNING - Failed to load clang-cmake-busybox: 'version'
2026-05-03 20:53:35,639 - WARNING - Failed to load gcc-gnu-gnu: 'version'
2026-05-03 20:53:35,639 - WARNING - Failed to load luarocks: 'version'
2026-05-03 20:53:35,640 - WARNING - Failed to load rust: 'version'
2026-05-03 20:53:35,640 - WARNING - Failed to load gcc: 'version'
2026-05-03 20:53:35,640 - WARNING - Failed to load php: 'version'
2026-05-03 20:53:35,640 - WARNING - Failed to load python: 'version'
2026-05-03 20:53:35,640 - WARNING - Failed to load clang: 'version'
2026-05-03 20:53:35,640 - WARNING - Failed to load nodejs: 'version'
2026-05-03 20:53:35,640 - WARNING - Failed to load cython: 'version'
2026-05-03 20:53:35,640 - WARNING - Failed to load gcc-cmake-busybox: 'version'
2026-05-03 20:53:35,640 - WARNING - Failed to load php-composer: 'version'
2026-05-03 20:53:35,640 - WARNING - Failed to load go: 'version'
2026-05-03 20:53:35,640 - WARNING - Failed to load lua: 'version'
2026-05-03 20:53:35,641 - WARNING - Failed to load cgo: 'version'
2026-05-03 20:53:35,641 - WARNING - Failed to load gcc-meson-busybox: 'version'
2026-05-03 20:53:35,646 - WARNING - Failed to load cross-x86_64-gnu-gcc: 'version'
2026-05-03 20:53:35,650 - WARNING - Failed to load filesystem: 'version'
2026-05-03 20:53:35,651 - WARNING - Failed to load profile: 'version'
2026-05-03 20:53:35,657 - INFO - Loaded 416 packages
2026-05-03 20:53:35,657 - INFO - pkgconf has no RM.org ID, attempting to look it up...
2026-05-03 20:53:36,273 - INFO - Found project ID 12753 for pkgconf
2026-05-03 20:53:36,273 - INFO - Found project ID 12753 for pkgconf
2026-05-03 20:53:36,273 - INFO - Added release_monitoring_id=12753 to pkgconf
2026-05-03 20:53:36,273 - INFO - Current: 1.6.3, Latest: 2.5.1
2026-05-03 20:53:36,273 - INFO - Updating pkgconf to 2.5.1
2026-05-03 20:53:36,273 - INFO - Backed up pkgconf to /home/lrvick/Sources/stagex/scripts/backups/core/pkgconf
2026-05-03 20:53:37,093 - INFO - Downloading from https://distfiles.ariadne.space/pkgconf/pkgconf-2.5.1.tar.gz
2026-05-03 20:53:37,328 - INFO - Downloaded source-2.5.1.tar.gz (SHA256: ab89d59810d9cad5dfcd508f25efab8ea0b1c8e7bad91c2b6351f13e6a5940d8)
2026-05-03 20:53:37,328 - INFO - Updated pkgconf to 2.5.1
2026-05-03 20:54:12,330 - INFO - Build failed for pkgconf
2026-05-03 20:54:12,331 - ERROR - Build failed for pkgconf:
python3 src/targets.py > out/targets.mk
rm -rf out/core-busybox && \
mkdir -p out/core-busybox && \
mkdir -p fetch/core/busybox && \
python3 src/fetch.py busybox && \
 rm -rf packages/core/busybox/fetch && \
 mkdir -p packages/core/busybox/fetch && \
 ( [ -z "$(ls -A fetch/core/busybox)" ] || \
   cp -lR fetch/core/busybox/* packages/core/busybox/fetch ) && \
/bin/docker  \
  build \
  --ulimit nofile=2048:16384 \
  --tag stagex/core-busybox:1.37.0 \
  --provenance=false \
  --build-arg SOURCE_DATE_EPOCH=1 \
  --build-arg BUILDKIT_MULTI_PLATFORM=1 \
  --build-arg "BUILDKIT_DOCKERFILE_CHECK=skip=FromPlatformFlagConstDisallowed;error=true" \
  --output \
    name=core-busybox,type=oci,rewrite-timestamp=true,force-compression=true,annotation.containerd.io/distribution.source.docker.io=stagex/core-busybox,annotation.org.opencontainers.image.version=1.37.0,annotation.org.opencontainers.image.created=1970-01-01T00:00:01Z,tar=true,dest=- \
  --build-context fetch=fetch/core/busybox \
  --build-context stagex/bootstrap-stage3=oci-layout://./out/bootstrap-stage3 \
  --build-context stagex/core-filesystem=oci-layout://./out/core-filesystem \
  --build-arg VERSION=1.37.0 \
  --build-arg VERSION_UNDER=1_37_0 \
  --build-arg VERSION_DASH=1-37-0 \
  --build-arg VERSION_MAJOR=1 \
  --build-arg VERSION_MAJOR_MINOR=1.37 \
  --build-arg VERSION_STRIP_SUFFIX=1.37.0 \
   \
   \
   \
  --platform=linux/amd64  \
  --progress=auto  \
  -f packages/core/busybox/Containerfile \
  packages/core/busybox \
| tar -C out/core-busybox -mx
[Thread 140161398118200] Starting: packages/core/busybox/package.toml

Parsing: packages/core/busybox/package.toml

Validating: busybox
[Thread 140161398118200] Finished: packages/core/busybox/package.toml in 0.00s

rm -rf out/core-mimalloc && \
mkdir -p out/core-mimalloc && \
mkdir -p fetch/core/mimalloc && \
python3 src/fetch.py mimalloc && \
 rm -rf packages/core/mimalloc/fetch && \
 mkdir -p packages/core/mimalloc/fetch && \
 ( [ -z "$(ls -A fetch/core/mimalloc)" ] || \
   cp -lR fetch/core/mimalloc/* packages/core/mimalloc/fetch ) && \
/bin/docker  \
  build \
  --ulimit nofile=2048:16384 \
  --tag stagex/core-mimalloc:2.3.0 \
  --provenance=false \
  --build-arg SOURCE_DATE_EPOCH=1 \
  --build-arg BUILDKIT_MULTI_PLATFORM=1 \
  --build-arg "BUILDKIT_DOCKERFILE_CHECK=skip=FromPlatformFlagConstDisallowed;error=true" \
  --output \
    name=core-mimalloc,type=oci,rewrite-timestamp=true,force-compression=true,annotation.containerd.io/distribution.source.docker.io=stagex/core-mimalloc,annotation.org.opencontainers.image.version=2.3.0,annotation.org.opencontainers.image.created=1970-01-01T00:00:01Z,tar=true,dest=- \
  --build-context fetch=fetch/core/mimalloc \
  --build-context stagex/bootstrap-stage3=oci-layout://./out/bootstrap-stage3 \
  --build-context stagex/core-filesystem=oci-layout://./out/core-filesystem \
  --build-arg VERSION=2.3.0 \
  --build-arg VERSION_UNDER=2_3_0 \
  --build-arg VERSION_DASH=2-3-0 \
  --build-arg VERSION_MAJOR=2 \
  --build-arg VERSION_MAJOR_MINOR=2.3 \
  --build-arg VERSION_STRIP_SUFFIX=2.3.0 \
   \
   \
   \
  --platform=linux/amd64  \
  --progress=auto  \
  -f packages/core/mimalloc/Containerfile \
  packages/core/mimalloc \
| tar -C out/core-mimalloc -mx
[Thread 139803486635832] Starting: packages/core/mimalloc/package.toml

Parsing: packages/core/mimalloc/package.toml

Validating: mimalloc
[Thread 139803486635832] Finished: packages/core/mimalloc/package.toml in 0.00s

rm -rf out/core-musl && \
mkdir -p out/core-musl && \
mkdir -p fetch/core/musl && \
python3 src/fetch.py musl && \
 rm -rf packages/core/musl/fetch && \
 mkdir -p packages/core/musl/fetch && \
 ( [ -z "$(ls -A fetch/core/musl)" ] || \
   cp -lR fetch/core/musl/* packages/core/musl/fetch ) && \
/bin/docker  \
  build \
  --ulimit nofile=2048:16384 \
  --tag stagex/core-musl:1.2.6 \
  --provenance=false \
  --build-arg SOURCE_DATE_EPOCH=1 \
  --build-arg BUILDKIT_MULTI_PLATFORM=1 \
  --build-arg "BUILDKIT_DOCKERFILE_CHECK=skip=FromPlatformFlagConstDisallowed;error=true" \
  --output \
    name=core-musl,type=oci,rewrite-timestamp=true,force-compression=true,annotation.containerd.io/distribution.source.docker.io=stagex/core-musl,annotation.org.opencontainers.image.version=1.2.6,annotation.org.opencontainers.image.created=1970-01-01T00:00:01Z,tar=true,dest=- \
  --build-context fetch=fetch/core/musl \
  --build-context stagex/bootstrap-stage3=oci-layout://./out/bootstrap-stage3 \
  --build-context stagex/core-mimalloc=oci-layout://./out/core-mimalloc \
  --build-context stagex/core-filesystem=oci-layout://./out/core-filesystem \
  --build-arg VERSION=1.2.6 \
  --build-arg VERSION_UNDER=1_2_6 \
  --build-arg VERSION_DASH=1-2-6 \
  --build-arg VERSION_MAJOR=1 \
  --build-arg VERSION_MAJOR_MINOR=1.2 \
  --build-arg VERSION_STRIP_SUFFIX=1.2.6 \
   \
   \
   \
  --platform=linux/amd64  \
  --progress=auto  \
  -f packages/core/musl/Containerfile \
  packages/core/musl \
| tar -C out/core-musl -mx
[Thread 140620616705848] Starting: packages/core/musl/package.toml

Parsing: packages/core/musl/package.toml

Validating: musl
[Thread 140620616705848] Finished: packages/core/musl/package.toml in 0.00s

rm -rf out/core-llvm && \
mkdir -p out/core-llvm && \
mkdir -p fetch/core/llvm && \
python3 src/fetch.py llvm && \
 rm -rf packages/core/llvm/fetch && \
 mkdir -p packages/core/llvm/fetch && \
 ( [ -z "$(ls -A fetch/core/llvm)" ] || \
   cp -lR fetch/core/llvm/* packages/core/llvm/fetch ) && \
/bin/docker  \
  build \
  --ulimit nofile=2048:16384 \
  --tag stagex/core-llvm:22.1.4 \
  --provenance=false \
  --build-arg SOURCE_DATE_EPOCH=1 \
  --build-arg BUILDKIT_MULTI_PLATFORM=1 \
  --build-arg "BUILDKIT_DOCKERFILE_CHECK=skip=FromPlatformFlagConstDisallowed;error=true" \
  --output \
    name=core-llvm,type=oci,rewrite-timestamp=true,force-compression=true,annotation.containerd.io/distribution.source.docker.io=stagex/core-llvm,annotation.org.opencontainers.image.version=22.1.4,annotation.org.opencontainers.image.created=1970-01-01T00:00:01Z,tar=true,dest=- \
  --build-context fetch=fetch/core/llvm \
  --build-context stagex/bootstrap-stage3=oci-layout://./out/bootstrap-stage3 \
  --build-context stagex/core-musl=oci-layout://./out/core-musl \
  --build-context stagex/core-filesystem=oci-layout://./out/core-filesystem \
  --build-context stagex/core-filesystem=oci-layout://./out/core-filesystem \
  --build-context stagex/core-filesystem=oci-layout://./out/core-filesystem \
  --build-context stagex/core-filesystem=oci-layout://./out/core-filesystem \
  --build-context stagex/core-filesystem=oci-layout://./out/core-filesystem \
  --build-context stagex/core-filesystem=oci-layout://./out/core-filesystem \
  --build-context stagex/core-filesystem=oci-layout://./out/core-filesystem \
  --build-context stagex/core-filesystem=oci-layout://./out/core-filesystem \
  --build-context stagex/core-filesystem=oci-layout://./out/core-filesystem \
  --build-context stagex/core-filesystem=oci-layout://./out/core-filesystem \
  --build-context stagex/core-filesystem=oci-layout://./out/core-filesystem \
  --build-context stagex/core-filesystem=oci-layout://./out/core-filesystem \
  --build-context stagex/core-filesystem=oci-layout://./out/core-filesystem \
  --build-context stagex/core-filesystem=oci-layout://./out/core-filesystem \
  --build-context stagex/core-filesystem=oci-layout://./out/core-filesystem \
  --build-context stagex/core-filesystem=oci-layout://./out/core-filesystem \
  --build-context stagex/core-filesystem=oci-layout://./out/core-filesystem \
  --build-context stagex/core-filesystem=oci-layout://./out/core-filesystem \
  --build-context stagex/core-filesystem=oci-layout://./out/core-filesystem \
  --build-context stagex/core-filesystem=oci-layout://./out/core-filesystem \
  --build-context stagex/core-filesystem=oci-layout://./out/core-filesystem \
  --build-context stagex/core-filesystem=oci-layout://./out/core-filesystem \
  --build-context stagex/core-filesystem=oci-layout://./out/core-filesystem \
  --build-context stagex/core-filesystem=oci-layout://./out/core-filesystem \
  --build-context stagex/core-filesystem=oci-layout://./out/core-filesystem \
  --build-context stagex/core-filesystem=oci-layout://./out/core-filesystem \
  --build-context stagex/core-filesystem=oci-layout://./out/core-filesystem \
  --build-context stagex/core-filesystem=oci-layout://./out/core-filesystem \
  --build-context stagex/core-filesystem=oci-layout://./out/core-filesystem \
  --build-context stagex/core-filesystem=oci-layout://./out/core-filesystem \
  --build-context stagex/core-filesystem=oci-layout://./out/core-filesystem \
  --target package-llvm \
  --build-arg VERSION=22.1.4 \
  --build-arg VERSION_UNDER=22_1_4 \
  --build-arg VERSION_DASH=22-1-4 \
  --build-arg VERSION_MAJOR=22 \
  --build-arg VERSION_MAJOR_MINOR=22.1 \
  --build-arg VERSION_STRIP_SUFFIX=22.1.4 \
   \
   \
   \
  --platform=linux/amd64  \
  --progress=auto  \
  -f packages/core/llvm/Containerfile \
  packages/core/llvm \
| tar -C out/core-llvm -mx
[Thread 140545751910200] Starting: packages/core/llvm/package.toml

Parsing: packages/core/llvm/package.toml

Validating: llvm
[Thread 140545751910200] Finished: packages/core/llvm/package.toml in 0.10s

rm -rf out/core-libzstd && \
mkdir -p out/core-libzstd && \
mkdir -p fetch/core/libzstd && \
python3 src/fetch.py libzstd && \
 rm -rf packages/core/libzstd/fetch && \
 mkdir -p packages/core/libzstd/fetch && \
 ( [ -z "$(ls -A fetch/core/libzstd)" ] || \
   cp -lR fetch/core/libzstd/* packages/core/libzstd/fetch ) && \
/bin/docker  \
  build \
  --ulimit nofile=2048:16384 \
  --tag stagex/core-libzstd:1.5.5 \
  --provenance=false \
  --build-arg SOURCE_DATE_EPOCH=1 \
  --build-arg BUILDKIT_MULTI_PLATFORM=1 \
  --build-arg "BUILDKIT_DOCKERFILE_CHECK=skip=FromPlatformFlagConstDisallowed;error=true" \
  --output \
    name=core-libzstd,type=oci,rewrite-timestamp=true,force-compression=true,annotation.containerd.io/distribution.source.docker.io=stagex/core-libzstd,annotation.org.opencontainers.image.version=1.5.5,annotation.org.opencontainers.image.created=1970-01-01T00:00:01Z,tar=true,dest=- \
  --build-context fetch=fetch/core/libzstd \
  --build-context stagex/bootstrap-stage3=oci-layout://./out/bootstrap-stage3 \
  --build-context stagex/core-filesystem=oci-layout://./out/core-filesystem \
  --build-arg VERSION=1.5.5 \
  --build-arg VERSION_UNDER=1_5_5 \
  --build-arg VERSION_DASH=1-5-5 \
  --build-arg VERSION_MAJOR=1 \
  --build-arg VERSION_MAJOR_MINOR=1.5 \
  --build-arg VERSION_STRIP_SUFFIX=1.5.5 \
   \
   \
   \
  --platform=linux/amd64  \
  --progress=auto  \
  -f packages/core/libzstd/Containerfile \
  packages/core/libzstd \
| tar -C out/core-libzstd -mx
[Thread 139760188237624] Starting: packages/core/libzstd/package.toml

Parsing: packages/core/libzstd/package.toml

Validating: libzstd
[Thread 139760188237624] Finished: packages/core/libzstd/package.toml in 0.00s

rm -rf out/core-zlib && \
mkdir -p out/core-zlib && \
mkdir -p fetch/core/zlib && \
python3 src/fetch.py zlib && \
 rm -rf packages/core/zlib/fetch && \
 mkdir -p packages/core/zlib/fetch && \
 ( [ -z "$(ls -A fetch/core/zlib)" ] || \
   cp -lR fetch/core/zlib/* packages/core/zlib/fetch ) && \
/bin/docker  \
  build \
  --ulimit nofile=2048:16384 \
  --tag stagex/core-zlib:1.3.1 \
  --provenance=false \
  --build-arg SOURCE_DATE_EPOCH=1 \
  --build-arg BUILDKIT_MULTI_PLATFORM=1 \
  --build-arg "BUILDKIT_DOCKERFILE_CHECK=skip=FromPlatformFlagConstDisallowed;error=true" \
  --output \
    name=core-zlib,type=oci,rewrite-timestamp=true,force-compression=true,annotation.containerd.io/distribution.source.docker.io=stagex/core-zlib,annotation.org.opencontainers.image.version=1.3.1,annotation.org.opencontainers.image.created=1970-01-01T00:00:01Z,tar=true,dest=- \
  --build-context fetch=fetch/core/zlib \
  --build-context stagex/bootstrap-stage3=oci-layout://./out/bootstrap-stage3 \
  --build-context stagex/core-busybox=oci-layout://./out/core-busybox \
  --build-context stagex/core-libzstd=oci-layout://./out/core-libzstd \
  --build-context stagex/core-llvm=oci-layout://./out/core-llvm \
  --build-context stagex/core-make=oci-layout://./out/core-make \
  --build-context stagex/core-musl=oci-layout://./out/core-musl \
  --build-context stagex/core-filesystem=oci-layout://./out/core-filesystem \
  --build-arg VERSION=1.3.1 \
  --build-arg VERSION_UNDER=1_3_1 \
  --build-arg VERSION_DASH=1-3-1 \
  --build-arg VERSION_MAJOR=1 \
  --build-arg VERSION_MAJOR_MINOR=1.3 \
  --build-arg VERSION_STRIP_SUFFIX=1.3.1 \
   \
   \
   \
  --platform=linux/amd64  \
  --progress=auto  \
  -f packages/core/zlib/Containerfile \
  packages/core/zlib \
| tar -C out/core-zlib -mx
[Thread 140301271172920] Starting: packages/core/zlib/package.toml

Parsing: packages/core/zlib/package.toml

Validating: zlib
[Thread 140301271172920] Finished: packages/core/zlib/package.toml in 0.00s

rm -rf out/core-pkgconf && \
mkdir -p out/core-pkgconf && \
mkdir -p fetch/core/pkgconf && \
python3 src/fetch.py pkgconf && \
 rm -rf packages/core/pkgconf/fetch && \
 mkdir -p packages/core/pkgconf/fetch && \
 ( [ -z "$(ls -A fetch/core/pkgconf)" ] || \
   cp -lR fetch/core/pkgconf/* packages/core/pkgconf/fetch ) && \
/bin/docker  \
  build \
  --ulimit nofile=2048:16384 \
  --tag stagex/core-pkgconf:2.5.1 \
  --provenance=false \
  --build-arg SOURCE_DATE_EPOCH=1 \
  --build-arg BUILDKIT_MULTI_PLATFORM=1 \
  --build-arg "BUILDKIT_DOCKERFILE_CHECK=skip=FromPlatformFlagConstDisallowed;error=true" \
  --output \
    name=core-pkgconf,type=oci,rewrite-timestamp=true,force-compression=true,annotation.containerd.io/distribution.source.docker.io=stagex/core-pkgconf,annotation.org.opencontainers.image.version=2.5.1,annotation.org.opencontainers.image.created=1970-01-01T00:00:01Z,tar=true,dest=- \
  --build-context fetch=fetch/core/pkgconf \
  --build-context stagex/core-busybox=oci-layout://./out/core-busybox \
  --build-context stagex/core-llvm=oci-layout://./out/core-llvm \
  --build-context stagex/core-zlib=oci-layout://./out/core-zlib \
  --build-context stagex/core-libzstd=oci-layout://./out/core-libzstd \
  --build-context stagex/core-make=oci-layout://./out/core-make \
  --build-context stagex/core-musl=oci-layout://./out/core-musl \
  --build-context stagex/core-filesystem=oci-layout://./out/core-filesystem \
  --build-arg VERSION=2.5.1 \
  --build-arg VERSION_UNDER=2_5_1 \
  --build-arg VERSION_DASH=2-5-1 \
  --build-arg VERSION_MAJOR=2 \
  --build-arg VERSION_MAJOR_MINOR=2.5 \
  --build-arg VERSION_STRIP_SUFFIX=2.5.1 \
   \
   \
   \
  --platform=linux/amd64  \
  --progress=auto  \
  -f packages/core/pkgconf/Containerfile \
  packages/core/pkgconf \
| tar -C out/core-pkgconf -mx
[Thread 139625026819896] Starting: packages/core/pkgconf/package.toml

Parsing: packages/core/pkgconf/package.toml

Validating: pkgconf
Failed verifying stored file, removing

Downloading: pkgconf-2.5.1.tar.xz
Mirror: https://distfiles.ariadne.space/pkgconf/pkgconf-2.5.1.tar.xz

...2%, 0.0078125 MB, 156067 KB/s, 5.125999450683594e-05 seconds passed[K
...4%, 0.015625 MB, 710 KB/s, 0.022504568099975586 seconds passed[K
...7%, 0.0234375 MB, 1062 KB/s, 0.022578001022338867 seconds passed[K
...9%, 0.03125 MB, 1416 KB/s, 0.022595643997192383 seconds passed[K
...12%, 0.0390625 MB, 896 KB/s, 0.04463839530944824 seconds passed[K
...14%, 0.046875 MB, 1072 KB/s, 0.04473567008972168 seconds passed[K
...17%, 0.0546875 MB, 1249 KB/s, 0.044818878173828125 seconds passed[K
...19%, 0.0625 MB, 1427 KB/s, 0.0448305606842041 seconds passed[K
...22%, 0.0703125 MB, 1601 KB/s, 0.0449521541595459 seconds passed[K
...24%, 0.078125 MB, 1775 KB/s, 0.045068979263305664 seconds passed[K
...27%, 0.0859375 MB, 1952 KB/s, 0.04507732391357422 seconds passed[K
...29%, 0.09375 MB, 1435 KB/s, 0.0668795108795166 seconds passed[K
...32%, 0.1015625 MB, 1554 KB/s, 0.06691670417785645 seconds passed[K
...34%, 0.109375 MB, 1673 KB/s, 0.06693291664123535 seconds passed[K
...37%, 0.1171875 MB, 1790 KB/s, 0.06701779365539551 seconds passed[K
...39%, 0.125 MB, 1909 KB/s, 0.06703352928161621 seconds passed[K
...42%, 0.1328125 MB, 2025 KB/s, 0.06714606285095215 seconds passed[K
...44%, 0.140625 MB, 2143 KB/s, 0.06717491149902344 seconds passed[K
...47%, 0.1484375 MB, 2259 KB/s, 0.06726908683776855 seconds passed[K
...49%, 0.15625 MB, 2378 KB/s, 0.06728219985961914 seconds passed[K
...52%, 0.1640625 MB, 1883 KB/s, 0.08921098709106445 seconds passed[K
...54%, 0.171875 MB, 1972 KB/s, 0.08923864364624023 seconds passed[K
...57%, 0.1796875 MB, 2059 KB/s, 0.08934879302978516 seconds passed[K
...59%, 0.1875 MB, 2148 KB/s, 0.08937501907348633 seconds passed[K
...62%, 0.1953125 MB, 2236 KB/s, 0.08943676948547363 seconds passed[K
...64%, 0.203125 MB, 2325 KB/s, 0.08945202827453613 seconds passed[K
...67%, 0.2109375 MB, 2409 KB/s, 0.08963656425476074 seconds passed[K
...69%, 0.21875 MB, 2498 KB/s, 0.08965063095092773 seconds passed[K
...72%, 0.2265625 MB, 2585 KB/s, 0.08974790573120117 seconds passed[K
...74%, 0.234375 MB, 2673 KB/s, 0.08976173400878906 seconds passed[K
...77%, 0.2421875 MB, 2759 KB/s, 0.08986234664916992 seconds passed[K
...79%, 0.25 MB, 2848 KB/s, 0.0898749828338623 seconds passed[K
...82%, 0.2578125 MB, 2934 KB/s, 0.08997368812561035 seconds passed[K
...84%, 0.265625 MB, 3022 KB/s, 0.08999371528625488 seconds passed[K
...87%, 0.2734375 MB, 3104 KB/s, 0.09018945693969727 seconds passed[K
...89%, 0.28125 MB, 3192 KB/s, 0.09020256996154785 seconds passed[K
...92%, 0.2890625 MB, 3277 KB/s, 0.09030795097351074 seconds passed[K
...94%, 0.296875 MB, 3365 KB/s, 0.09032058715820312 seconds passed[K
...97%, 0.3046875 MB, 2786 KB/s, 0.11196351051330566 seconds passed[K
...99%, 0.3125 MB, 2857 KB/s, 0.11199021339416504 seconds passed[K
...102%, 0.3203125 MB, 2926 KB/s, 0.11207938194274902 seconds passed[K
Finished downloading: pkgconf-2.5.1.tar.xz
Failed verifying downloaded file, from mirror: {url}
[Thread 139625026819896] Finished: packages/core/pkgconf/package.toml in 0.22s


Failed: [('pkgconf-2.5.1.tar.xz', 'ab89d59810d9cad5dfcd508f25efab8ea0b1c8e7bad91c2b6351f13e6a5940d8', 'https://distfiles.ariadne.space/pkgconf/pkgconf-2.5.1.tar.xz', 'verify_download')]
#0 building with "default" instance using docker driver

#1 [internal] load build definition from Containerfile
#1 transferring dockerfile: 1.44kB done
#1 DONE 0.0s

#2 [context stagex/core-filesystem] load metadata for docker.io/stagex/core-filesystem@sha256:da28831927652291b0fa573092fd41c8c96ca181ea224df7bff40e1833c3db13
#2 DONE 0.0s

#3 [context stagex/bootstrap-stage3] load metadata for docker.io/stagex/bootstrap-stage3@sha256:8077de97dae49bdaa2f0fb0ff06249fed4cc982a27e05b22e2df6dad6f71ab60
#3 DONE 0.0s

#4 [internal] load .dockerignore
#4 transferring context: 2B done
#4 DONE 0.0s

#5 [context stagex/core-filesystem] OCI load from client
#5 resolve docker.io/stagex/core-filesystem@sha256:da28831927652291b0fa573092fd41c8c96ca181ea224df7bff40e1833c3db13 0.0s done
#5 DONE 0.0s

#6 [context stagex/bootstrap-stage3] OCI load from client
#6 resolve docker.io/stagex/bootstrap-stage3@sha256:8077de97dae49bdaa2f0fb0ff06249fed4cc982a27e05b22e2df6dad6f71ab60 0.0s done
#6 DONE 0.0s

#7 [internal] load build context
#7 transferring context: 77B done
#7 DONE 0.0s

#8 [linux/amd64 build 1/4] ADD fetch/busybox-1.37.0.tar.bz2 .
#8 CACHED

#9 [linux/amd64 build 2/4] WORKDIR /busybox-1.37.0
#9 CACHED

#10 [linux/amd64 build 3/4] RUN --network=none <<-EOF (set -eux...)
#10 CACHED

#11 [linux/amd64 package 1/2] COPY --from=build /rootfs/ /
#11 CACHED

#12 exporting to oci image format
#12 exporting layers 0.0s done
#12 rewriting layers with source-date-epoch 1 (1970-01-01 00:00:01 +0000 UTC) 0.1s done
#12 exporting manifest sha256:4a4443a1fabc3b7b167cc9b4ecd91b6a729f166b1d4ba07509b25e102da63b93 done
#12 exporting config sha256:e62a89cb623bd96f9e00b845a4dab4d2900e192260065bcdb84422888febb156 done
#12 exporting manifest list sha256:31d7085492fb282162633191bd9ff2efec1ed4d7afc651368c922e5e305f2aed done
#12 sending tarball done
#12 DONE 0.1s
#0 building with "default" instance using docker driver

#1 [internal] load build definition from Containerfile
#1 transferring dockerfile: 1.53kB done
#1 DONE 0.0s

#2 [context stagex/core-filesystem] load metadata for docker.io/stagex/core-filesystem@sha256:da28831927652291b0fa573092fd41c8c96ca181ea224df7bff40e1833c3db13
#2 DONE 0.0s

#3 [context stagex/bootstrap-stage3] load metadata for docker.io/stagex/bootstrap-stage3@sha256:8077de97dae49bdaa2f0fb0ff06249fed4cc982a27e05b22e2df6dad6f71ab60
#3 DONE 0.0s

#4 [internal] load .dockerignore
#4 transferring context: 2B done
#4 DONE 0.0s

#5 [context stagex/bootstrap-stage3] OCI load from client
#5 resolve docker.io/stagex/bootstrap-stage3@sha256:8077de97dae49bdaa2f0fb0ff06249fed4cc982a27e05b22e2df6dad6f71ab60 0.0s done
#5 DONE 0.0s

#6 [context stagex/core-filesystem] OCI load from client
#6 resolve docker.io/stagex/core-filesystem@sha256:da28831927652291b0fa573092fd41c8c96ca181ea224df7bff40e1833c3db13 0.0s done
#6 DONE 0.0s

#7 [internal] load build context
#7 transferring context: 75B done
#7 DONE 0.1s

#8 [linux/amd64 build 1/4] ADD fetch/mimalloc-2.3.0.tar.gz .
#8 CACHED

#9 [linux/amd64 build 2/4] WORKDIR /mimalloc-2.3.0
#9 CACHED

#10 [linux/amd64 build 3/4] RUN --network=none <<-EOF (set -eux...)
#10 CACHED

#11 [linux/amd64 package-mimalloc 1/2] COPY --from=build /rootfs /
#11 CACHED

#12 exporting to oci image format
#12 exporting layers 0.0s done
#12 rewriting layers with source-date-epoch 1 (1970-01-01 00:00:01 +0000 UTC) 0.0s done
#12 exporting manifest sha256:a9672e1f1307fdc33714039522fd19e10276a9039418c0eca093e06a6050be8a done
#12 exporting config sha256:9fc7007ed6f87ca6a0709cc9d3d4e2913ca36a0635eb109a234af8135f2a8527 done
#12 exporting manifest list sha256:0343a7dc524695197535d3a0016079f77ffcfcf3f99915b6ebcbbb5db71e9ab2 done
#12 sending tarball done
#12 DONE 0.1s
#0 building with "default" instance using docker driver

#1 [internal] load build definition from Containerfile
#1 transferring dockerfile: 4.85kB done
#1 DONE 0.0s

#2 [context stagex/core-filesystem] load metadata for docker.io/stagex/core-filesystem@sha256:da28831927652291b0fa573092fd41c8c96ca181ea224df7bff40e1833c3db13
#2 DONE 0.0s

#3 [context stagex/core-mimalloc] load metadata for docker.io/stagex/core-mimalloc@sha256:0343a7dc524695197535d3a0016079f77ffcfcf3f99915b6ebcbbb5db71e9ab2
#3 DONE 0.0s

#4 [context stagex/bootstrap-stage3] load metadata for docker.io/stagex/bootstrap-stage3@sha256:8077de97dae49bdaa2f0fb0ff06249fed4cc982a27e05b22e2df6dad6f71ab60
#4 DONE 0.0s

#5 [internal] load .dockerignore
#5 transferring context: 2B done
#5 DONE 0.0s

#6 [internal] load build context
#6 DONE 0.0s

#7 [context stagex/core-mimalloc] OCI load from client
#7 resolve docker.io/stagex/core-mimalloc@sha256:0343a7dc524695197535d3a0016079f77ffcfcf3f99915b6ebcbbb5db71e9ab2 0.0s done
#7 DONE 0.0s

#8 [context stagex/core-filesystem] OCI load from client
#8 resolve docker.io/stagex/core-filesystem@sha256:da28831927652291b0fa573092fd41c8c96ca181ea224df7bff40e1833c3db13
#8 resolve docker.io/stagex/core-filesystem@sha256:da28831927652291b0fa573092fd41c8c96ca181ea224df7bff40e1833c3db13 0.0s done
#8 DONE 0.0s

#9 [context stagex/bootstrap-stage3] OCI load from client
#9 resolve docker.io/stagex/bootstrap-stage3@sha256:8077de97dae49bdaa2f0fb0ff06249fed4cc982a27e05b22e2df6dad6f71ab60 0.0s done
#9 DONE 0.0s

#6 [internal] load build context
#6 transferring context: 13.26kB done
#6 DONE 0.0s

#10 [linux/amd64 build 4/6] ADD *.patch .
#10 CACHED

#11 [linux/amd64 build 3/6] WORKDIR /musl-1.2.6
#11 CACHED

#12 [linux/amd64 build 1/6] ADD fetch/musl-1.2.6.tar.gz .
#12 CACHED

#13 [linux/amd64 build 2/6] COPY --from=stagex/core-mimalloc / /
#13 CACHED

#14 [linux/amd64 build 5/6] RUN --network=none <<-EOF (set -eux...)
#14 CACHED

#15 [linux/amd64 package 1/2] COPY --from=build /rootfs/ /
#15 CACHED

#16 exporting to oci image format
#16 exporting layers 0.0s done
#16 rewriting layers with source-date-epoch 1 (1970-01-01 00:00:01 +0000 UTC) 0.1s done
#16 exporting manifest sha256:e5a9225801fc153819e090425244a263b37108b2b2d045f521c019138bebcbbf done
#16 exporting config sha256:f1207cfdc6dd19155c82a6ada7a4a2bc761959079b58136c7384817cf272ea09 done
#16 exporting manifest list sha256:db4abc18ed3853d1282239e5d664b4d55aa887de6708da8ac6fce7c96c29894b done
#16 sending tarball done
#16 DONE 0.2s
#0 building with "default" instance using docker driver

#1 [internal] load build definition from Containerfile
#1 transferring dockerfile: 19.71kB done
#1 DONE 0.0s

#2 [context stagex/core-musl] load metadata for docker.io/stagex/core-musl@sha256:db4abc18ed3853d1282239e5d664b4d55aa887de6708da8ac6fce7c96c29894b
#2 DONE 0.0s

#3 [context stagex/bootstrap-stage3] load metadata for docker.io/stagex/bootstrap-stage3@sha256:8077de97dae49bdaa2f0fb0ff06249fed4cc982a27e05b22e2df6dad6f71ab60
#3 DONE 0.0s

#4 [context stagex/core-filesystem] load metadata for docker.io/stagex/core-filesystem@sha256:da28831927652291b0fa573092fd41c8c96ca181ea224df7bff40e1833c3db13
#4 DONE 0.0s

#5 [internal] load .dockerignore
#5 transferring context: 2B done
#5 DONE 0.0s

#6 [internal] preparing inline document
#6 DONE 0.0s

#7 [internal] load build context
#7 DONE 0.0s

#8 [context stagex/bootstrap-stage3] OCI load from client
#8 resolve docker.io/stagex/bootstrap-stage3@sha256:8077de97dae49bdaa2f0fb0ff06249fed4cc982a27e05b22e2df6dad6f71ab60 0.0s done
#8 DONE 0.0s

#9 [context stagex/core-musl] OCI load from client
#9 resolve docker.io/stagex/core-musl@sha256:db4abc18ed3853d1282239e5d664b4d55aa887de6708da8ac6fce7c96c29894b
#9 resolve docker.io/stagex/core-musl@sha256:db4abc18ed3853d1282239e5d664b4d55aa887de6708da8ac6fce7c96c29894b 0.0s done
#9 DONE 0.0s

#10 [context stagex/core-filesystem] OCI load from client
#10 resolve docker.io/stagex/core-filesystem@sha256:da28831927652291b0fa573092fd41c8c96ca181ea224df7bff40e1833c3db13 0.0s done
#10 DONE 0.0s

#7 [internal] load build context
#7 transferring context: 34.45kB done
#7 DONE 0.0s

#11 [build  7/12] RUN --network=none <<-EOF (# CMake configuration arguments applicable to both of the following builds...)
#11 CACHED

#12 [build  6/12] RUN --network=none <<-EOF (for file in $(find . -maxdepth 1 -name "*.patch" | sort); do...)
#12 CACHED

#13 [linux/amd64 build  2/12] COPY <<-EOF /etc/profile
#13 CACHED

#14 [linux/amd64 build  5/12] ADD patches/*.patch .
#14 CACHED

#15 [linux/amd64 build  3/12] ADD fetch/llvm-22.1.4.tar.xz .
#15 CACHED

#16 [build 11/12] RUN --network=none <<-EOF (export LIBCC="/usr/lib/clang/$MAJOR_VERSION/lib/${TARGET}/libclang_rt.builtins.a"...)
#16 CACHED

#17 [build  8/12] RUN --network=none <<-EOF (# We first build LLVM with GCC, before we will build LLVM with LLVM...)
#17 CACHED

#18 [build 10/12] RUN --network=none <<-EOF (export LIBCC="/usr/lib/clang/$MAJOR_VERSION/lib/${TARGET}/libclang_rt.builtins.a"...)
#18 CACHED

#19 [linux/amd64 build  4/12] WORKDIR /llvm-project-22.1.4.src
#19 CACHED

#20 [linux/amd64 build  9/12] COPY --from=stagex/core-musl . /
#20 CACHED

#21 [build 12/12] RUN --network=none <<-EOF (ln -sf /usr/bin/clang++ /rootfs/usr/bin/c++...)
#21 CACHED

#22 [linux/amd64 build  1/12] COPY --from=stagex/bootstrap-stage3 . /
#22 CACHED

#23 [linux/amd64 package-llvm 1/2] COPY --from=build /rootfs/ /
#23 CACHED

#24 exporting to oci image format
#24 exporting layers 0.0s done
#24 rewriting layers with source-date-epoch 1 (1970-01-01 00:00:01 +0000 UTC)
#24 rewriting layers with source-date-epoch 1 (1970-01-01 00:00:01 +0000 UTC) 26.8s done
#24 exporting manifest sha256:fab96a6c687bca83fdecdd943cc2b633fa81744c675ff54d7f60de274794e768 done
#24 exporting config sha256:4f5b47f803e631ea7545b32819857619a1acc56bdfdee25846ad84b6ccc0032f done
#24 exporting manifest list sha256:afbf495b7bc087d7697a89ef1e6d2e05309e15f046a0df5b9e7ea2b271b8fd33 done
#24 sending tarball
#24 sending tarball 1.2s done
#24 DONE 28.0s
#0 building with "default" instance using docker driver

#1 [internal] load build definition from Containerfile
#1 transferring dockerfile: 928B done
#1 DONE 0.0s

#2 [context stagex/core-filesystem] load metadata for docker.io/stagex/core-filesystem@sha256:da28831927652291b0fa573092fd41c8c96ca181ea224df7bff40e1833c3db13
#2 DONE 0.0s

#3 [context stagex/bootstrap-stage3] load metadata for docker.io/stagex/bootstrap-stage3@sha256:8077de97dae49bdaa2f0fb0ff06249fed4cc982a27e05b22e2df6dad6f71ab60
#3 DONE 0.0s

#4 [internal] load .dockerignore
#4 transferring context: 2B done
#4 DONE 0.0s

#5 [context stagex/bootstrap-stage3] OCI load from client
#5 resolve docker.io/stagex/bootstrap-stage3@sha256:8077de97dae49bdaa2f0fb0ff06249fed4cc982a27e05b22e2df6dad6f71ab60 0.0s done
#5 DONE 0.0s

#6 [context stagex/core-filesystem] OCI load from client
#6 resolve docker.io/stagex/core-filesystem@sha256:da28831927652291b0fa573092fd41c8c96ca181ea224df7bff40e1833c3db13 0.0s done
#6 DONE 0.0s

#7 [internal] load build context
#7 transferring context: 75B done
#7 DONE 0.0s

#8 [linux/amd64 build 1/4] ADD fetch/libzstd-1.5.5.tar.gz .
#8 CACHED

#9 [linux/amd64 build 2/4] WORKDIR /zstd-1.5.5
#9 CACHED

#10 [linux/amd64 build 3/4] RUN --network=none <<-EOF (set -eux...)
#10 CACHED

#11 [linux/amd64 package 1/2] COPY --from=build /rootfs/ /
#11 CACHED

#12 exporting to oci image format
#12 exporting layers 0.0s done
#12 rewriting layers with source-date-epoch 1 (1970-01-01 00:00:01 +0000 UTC)
#12 rewriting layers with source-date-epoch 1 (1970-01-01 00:00:01 +0000 UTC) 0.2s done
#12 exporting manifest sha256:96b9a2a0061685b54552f9d036d54a734b4d5dce10231286868b09503315c690 done
#12 exporting config sha256:3dbff97c16c1469124e289e0849dc835068e3e9f2125f08d45e56d0102b7b839 done
#12 exporting manifest list sha256:1a478b69162949c16549baee21c6a2c7a02462ade2fd97d6d18f9a6e91695a4e done
#12 sending tarball 0.0s done
#12 DONE 0.2s
#0 building with "default" instance using docker driver

#1 [internal] load build definition from Containerfile
#1 transferring dockerfile: 587B done
#1 DONE 0.0s

#2 [context stagex/core-llvm] load metadata for docker.io/stagex/core-llvm@sha256:afbf495b7bc087d7697a89ef1e6d2e05309e15f046a0df5b9e7ea2b271b8fd33
#2 DONE 0.1s

#3 [context stagex/core-filesystem] load metadata for docker.io/stagex/core-filesystem@sha256:da28831927652291b0fa573092fd41c8c96ca181ea224df7bff40e1833c3db13
#3 DONE 0.1s

#4 [context stagex/core-libzstd] load metadata for docker.io/stagex/core-libzstd@sha256:1a478b69162949c16549baee21c6a2c7a02462ade2fd97d6d18f9a6e91695a4e
#4 DONE 0.1s

#5 [context stagex/core-musl] load metadata for docker.io/stagex/core-musl@sha256:db4abc18ed3853d1282239e5d664b4d55aa887de6708da8ac6fce7c96c29894b
#5 DONE 0.1s

#6 [context stagex/bootstrap-stage3] load metadata for docker.io/stagex/bootstrap-stage3@sha256:8077de97dae49bdaa2f0fb0ff06249fed4cc982a27e05b22e2df6dad6f71ab60
#6 DONE 0.1s

#7 [context stagex/core-busybox] load metadata for docker.io/stagex/core-busybox@sha256:31d7085492fb282162633191bd9ff2efec1ed4d7afc651368c922e5e305f2aed
#7 DONE 0.1s

#8 [context stagex/core-make] load metadata for docker.io/stagex/core-make@sha256:4a56f32705ad0875925067e3975dacd5345af3d60ccc47a1f491f69d2a206f0e
#8 DONE 0.1s

#9 [internal] load .dockerignore
#9 transferring context: 2B done
#9 DONE 0.0s

#10 [internal] load build context
#10 DONE 0.0s

#11 [context stagex/core-filesystem] OCI load from client
#11 resolve docker.io/stagex/core-filesystem@sha256:da28831927652291b0fa573092fd41c8c96ca181ea224df7bff40e1833c3db13 0.1s done
#11 DONE 0.1s

#12 [context stagex/core-llvm] OCI load from client
#12 resolve docker.io/stagex/core-llvm@sha256:afbf495b7bc087d7697a89ef1e6d2e05309e15f046a0df5b9e7ea2b271b8fd33
#12 resolve docker.io/stagex/core-llvm@sha256:afbf495b7bc087d7697a89ef1e6d2e05309e15f046a0df5b9e7ea2b271b8fd33 0.1s done
#12 DONE 0.1s

#13 [context stagex/core-busybox] OCI load from client
#13 resolve docker.io/stagex/core-busybox@sha256:31d7085492fb282162633191bd9ff2efec1ed4d7afc651368c922e5e305f2aed 0.1s done
#13 DONE 0.1s

#14 [context stagex/bootstrap-stage3] OCI load from client
#14 resolve docker.io/stagex/bootstrap-stage3@sha256:8077de97dae49bdaa2f0fb0ff06249fed4cc982a27e05b22e2df6dad6f71ab60 0.1s done
#14 DONE 0.1s

#15 [context stagex/core-libzstd] OCI load from client
#15 resolve docker.io/stagex/core-libzstd@sha256:1a478b69162949c16549baee21c6a2c7a02462ade2fd97d6d18f9a6e91695a4e 0.1s done
#15 DONE 0.1s

#16 [context stagex/core-musl] OCI load from client
#16 resolve docker.io/stagex/core-musl@sha256:db4abc18ed3853d1282239e5d664b4d55aa887de6708da8ac6fce7c96c29894b 0.1s done
#16 DONE 0.1s

#10 [internal] load build context
#10 transferring context: 71B done
#10 DONE 0.0s

#17 [context stagex/core-make] OCI load from client
#17 resolve docker.io/stagex/core-make@sha256:4a56f32705ad0875925067e3975dacd5345af3d60ccc47a1f491f69d2a206f0e 0.1s done
#17 sha256:89c6d8ee478286425c3f78f5d38e496a334c2e81b8aecee2abecd328caa17932 619.14kB / 619.14kB done
#17 extracting sha256:89c6d8ee478286425c3f78f5d38e496a334c2e81b8aecee2abecd328caa17932 0.0s done
#17 DONE 0.2s

#18 [linux/amd64 build 1/9] COPY --from=stagex/core-busybox . /
#18 CACHED

#19 [linux/amd64 build 2/9] COPY --from=stagex/core-libzstd . /
#19 CACHED

#20 [linux/amd64 build 3/9] COPY --from=stagex/core-llvm . /
#20 CACHED

#16 [context stagex/core-musl] OCI load from client
#16 CACHED

#21 [linux/amd64 build 4/9] COPY --from=stagex/core-make . /
#21 DONE 0.1s

#22 [linux/amd64 build 5/9] COPY --from=stagex/core-musl . /
#22 DONE 0.1s

#23 [linux/amd64 build 6/9] ADD fetch/zlib-1.3.1.tar.gz .
#23 DONE 0.1s

#24 [linux/amd64 build 7/9] WORKDIR /zlib-1.3.1
#24 DONE 0.0s

#25 [linux/amd64 build 8/9] RUN --network=none <<-EOF (set -eux; ...)
#25 0.140 + ./configure '--prefix=/usr' '--libdir=/usr/lib' --shared
#25 0.167 Checking for gcc...
#25 0.201 Checking for shared library support...
#25 0.217 Building shared library libz.so.1.3.1 with gcc.
#25 0.225 Checking for size_t... Yes.
#25 0.234 Checking for off64_t... Yes.
#25 0.234 Checking for fseeko... Yes.
#25 0.250 Checking for strerror... Yes.
#25 0.263 Checking for unistd.h... Yes.
#25 0.274 Checking for stdarg.h... Yes.
#25 0.288 Checking whether to use vs[n]printf() or s[n]printf()... using vs[n]printf().
#25 0.303 Checking for vsnprintf() in stdio.h... Yes.
#25 0.314 Checking for return value of vsnprintf()... Yes.
#25 0.324 Checking for attribute(visibility) support... Yes.
#25 0.330 + nproc
#25 0.330 + make -j 384
#25 0.332 gcc -fPIC -D_LARGEFILE64_SOURCE=1 -DHAVE_HIDDEN -I. -c -o example.o test/example.c
#25 0.332 gcc -fPIC -D_LARGEFILE64_SOURCE=1 -DHAVE_HIDDEN  -c -o adler32.o adler32.c
#25 0.332 gcc -fPIC -D_LARGEFILE64_SOURCE=1 -DHAVE_HIDDEN  -c -o crc32.o crc32.c
#25 0.332 gcc -fPIC -D_LARGEFILE64_SOURCE=1 -DHAVE_HIDDEN  -c -o deflate.o deflate.c
#25 0.333 gcc -fPIC -D_LARGEFILE64_SOURCE=1 -DHAVE_HIDDEN  -c -o infback.o infback.c
#25 0.333 gcc -fPIC -D_LARGEFILE64_SOURCE=1 -DHAVE_HIDDEN  -c -o inffast.o inffast.c
#25 0.333 gcc -fPIC -D_LARGEFILE64_SOURCE=1 -DHAVE_HIDDEN  -c -o inflate.o inflate.c
#25 0.333 gcc -fPIC -D_LARGEFILE64_SOURCE=1 -DHAVE_HIDDEN  -c -o inftrees.o inftrees.c
#25 0.333 gcc -fPIC -D_LARGEFILE64_SOURCE=1 -DHAVE_HIDDEN  -c -o trees.o trees.c
#25 0.333 gcc -fPIC -D_LARGEFILE64_SOURCE=1 -DHAVE_HIDDEN  -c -o zutil.o zutil.c
#25 0.333 gcc -fPIC -D_LARGEFILE64_SOURCE=1 -DHAVE_HIDDEN  -c -o compress.o compress.c
#25 0.334 gcc -fPIC -D_LARGEFILE64_SOURCE=1 -DHAVE_HIDDEN  -c -o uncompr.o uncompr.c
#25 0.334 gcc -fPIC -D_LARGEFILE64_SOURCE=1 -DHAVE_HIDDEN  -c -o gzclose.o gzclose.c
#25 0.334 gcc -fPIC -D_LARGEFILE64_SOURCE=1 -DHAVE_HIDDEN  -c -o gzlib.o gzlib.c
#25 0.334 gcc -fPIC -D_LARGEFILE64_SOURCE=1 -DHAVE_HIDDEN  -c -o gzread.o gzread.c
#25 0.334 gcc -fPIC -D_LARGEFILE64_SOURCE=1 -DHAVE_HIDDEN  -c -o gzwrite.o gzwrite.c
#25 0.334 gcc -fPIC -D_LARGEFILE64_SOURCE=1 -DHAVE_HIDDEN -I. -c -o minigzip.o test/minigzip.c
#25 0.335 gcc -fPIC -fPIC -D_LARGEFILE64_SOURCE=1 -DHAVE_HIDDEN  -DPIC -c -o objs/adler32.o adler32.c
#25 0.335 gcc -fPIC -fPIC -D_LARGEFILE64_SOURCE=1 -DHAVE_HIDDEN  -DPIC -c -o objs/crc32.o crc32.c
#25 0.335 gcc -fPIC -fPIC -D_LARGEFILE64_SOURCE=1 -DHAVE_HIDDEN  -DPIC -c -o objs/deflate.o deflate.c
#25 0.335 gcc -fPIC -fPIC -D_LARGEFILE64_SOURCE=1 -DHAVE_HIDDEN  -DPIC -c -o objs/infback.o infback.c
#25 0.336 gcc -fPIC -fPIC -D_LARGEFILE64_SOURCE=1 -DHAVE_HIDDEN  -DPIC -c -o objs/inffast.o inffast.c
#25 0.336 gcc -fPIC -fPIC -D_LARGEFILE64_SOURCE=1 -DHAVE_HIDDEN  -DPIC -c -o objs/inflate.o inflate.c
#25 0.336 gcc -fPIC -fPIC -D_LARGEFILE64_SOURCE=1 -DHAVE_HIDDEN  -DPIC -c -o objs/inftrees.o inftrees.c
#25 0.337 gcc -fPIC -fPIC -D_LARGEFILE64_SOURCE=1 -DHAVE_HIDDEN  -DPIC -c -o objs/trees.o trees.c
#25 0.337 gcc -fPIC -fPIC -D_LARGEFILE64_SOURCE=1 -DHAVE_HIDDEN  -DPIC -c -o objs/zutil.o zutil.c
#25 0.337 gcc -fPIC -fPIC -D_LARGEFILE64_SOURCE=1 -DHAVE_HIDDEN  -DPIC -c -o objs/compress.o compress.c
#25 0.338 gcc -fPIC -fPIC -D_LARGEFILE64_SOURCE=1 -DHAVE_HIDDEN  -DPIC -c -o objs/gzclose.o gzclose.c
#25 0.338 gcc -fPIC -fPIC -D_LARGEFILE64_SOURCE=1 -DHAVE_HIDDEN  -DPIC -c -o objs/uncompr.o uncompr.c
#25 0.338 gcc -fPIC -fPIC -D_LARGEFILE64_SOURCE=1 -DHAVE_HIDDEN  -DPIC -c -o objs/gzlib.o gzlib.c
#25 0.339 gcc -fPIC -fPIC -D_LARGEFILE64_SOURCE=1 -DHAVE_HIDDEN  -DPIC -c -o objs/gzread.o gzread.c
#25 0.339 gcc -fPIC -fPIC -D_LARGEFILE64_SOURCE=1 -DHAVE_HIDDEN  -DPIC -c -o objs/gzwrite.o gzwrite.c
#25 0.339 gcc -fPIC -D_LARGEFILE64_SOURCE=1 -DHAVE_HIDDEN -I. -D_FILE_OFFSET_BITS=64 -c -o example64.o test/example.c
#25 0.339 gcc -fPIC -D_LARGEFILE64_SOURCE=1 -DHAVE_HIDDEN -I. -D_FILE_OFFSET_BITS=64 -c -o minigzip64.o test/minigzip.c
#25 0.406 ar rc libz.a adler32.o crc32.o deflate.o infback.o inffast.o inflate.o inftrees.o trees.o zutil.o compress.o uncompr.o gzclose.o gzlib.o gzread.o gzwrite.o 
#25 0.417 gcc -fPIC -D_LARGEFILE64_SOURCE=1 -DHAVE_HIDDEN  -o example example.o -L. libz.a
#25 0.417 gcc -fPIC -D_LARGEFILE64_SOURCE=1 -DHAVE_HIDDEN  -o minigzip minigzip.o -L. libz.a
#25 0.417 gcc -shared -Wl,-soname,libz.so.1,--version-script,zlib.map -fPIC -fPIC -D_LARGEFILE64_SOURCE=1 -DHAVE_HIDDEN -o libz.so.1.3.1 adler32.lo crc32.lo deflate.lo infback.lo inffast.lo inflate.lo inftrees.lo trees.lo zutil.lo compress.lo uncompr.lo gzclose.lo gzlib.lo gzread.lo gzwrite.lo  -lc 
#25 0.418 gcc -fPIC -D_LARGEFILE64_SOURCE=1 -DHAVE_HIDDEN  -o example64 example64.o -L. libz.a
#25 0.418 gcc -fPIC -D_LARGEFILE64_SOURCE=1 -DHAVE_HIDDEN  -o minigzip64 minigzip64.o -L. libz.a
#25 0.424 rm -f libz.so libz.so.1
#25 0.424 ln -s libz.so.1.3.1 libz.so
#25 0.424 ln -s libz.so.1.3.1 libz.so.1
#25 0.424 gcc -fPIC -D_LARGEFILE64_SOURCE=1 -DHAVE_HIDDEN -o examplesh example.o  -L. libz.so.1.3.1
#25 0.424 gcc -fPIC -D_LARGEFILE64_SOURCE=1 -DHAVE_HIDDEN -o minigzipsh minigzip.o  -L. libz.so.1.3.1
#25 0.430 + make 'DESTDIR=/rootfs' install
#25 0.433 rm -f /rootfs/usr/lib/libz.a
#25 0.433 cp libz.a /rootfs/usr/lib
#25 0.433 chmod 644 /rootfs/usr/lib/libz.a
#25 0.440 cp libz.so.1.3.1 /rootfs/usr/lib
#25 0.440 chmod 755 /rootfs/usr/lib/libz.so.1.3.1
#25 0.441 rm -f /rootfs/usr/share/man/man3/zlib.3
#25 0.441 cp zlib.3 /rootfs/usr/share/man/man3
#25 0.441 chmod 644 /rootfs/usr/share/man/man3/zlib.3
#25 0.441 rm -f /rootfs/usr/lib/pkgconfig/zlib.pc
#25 0.441 cp zlib.pc /rootfs/usr/lib/pkgconfig
#25 0.442 chmod 644 /rootfs/usr/lib/pkgconfig/zlib.pc
#25 0.442 rm -f /rootfs/usr/include/zlib.h /rootfs/usr/include/zconf.h
#25 0.442 cp zlib.h zconf.h /rootfs/usr/include
#25 0.442 chmod 644 /rootfs/usr/include/zlib.h /rootfs/usr/include/zconf.h
#25 DONE 0.5s

#26 [linux/amd64 package 1/2] COPY --from=build /rootfs/ /
#26 CACHED

#27 exporting to oci image format
#27 exporting layers 0.0s done
#27 rewriting layers with source-date-epoch 1 (1970-01-01 00:00:01 +0000 UTC) 0.0s done
#27 exporting manifest sha256:ffdd24e83182ee2e0f9c6191c1931c5428d50a09b608b7e712c122522aec3aef done
#27 exporting config sha256:757872f17026c99599745cb2cf0952a905cfef62f7d6227eac02906a99cd4f78 done
#27 exporting manifest list sha256:21fc4472965f0d3ddfb04339ee1984b5b24b44b8a009c2fb1a62896b9a8ee27a done
#27 sending tarball done
#27 DONE 0.1s
make: *** [out/targets.mk:8568: out/core-pkgconf/index.json] Error 1

2026-05-03 20:54:12,331 - INFO - Processing samurai...
2026-05-03 20:54:12,338 - WARNING - Failed to load stage2: 'version'
2026-05-03 20:54:12,338 - WARNING - Failed to load stage0: 'version'
2026-05-03 20:54:12,339 - WARNING - Failed to load stage3: 'version'
2026-05-03 20:54:12,373 - WARNING - Failed to load clang-meson-busybox: 'version'
2026-05-03 20:54:12,373 - WARNING - Failed to load clang-gnu-busybox: 'version'
2026-05-03 20:54:12,373 - WARNING - Failed to load gcc-gnu-busybox: 'version'
2026-05-03 20:54:12,374 - WARNING - Failed to load solidity: 'version'
2026-05-03 20:54:12,374 - WARNING - Failed to load clang-cmake-busybox: 'version'
2026-05-03 20:54:12,374 - WARNING - Failed to load gcc-gnu-gnu: 'version'
2026-05-03 20:54:12,374 - WARNING - Failed to load luarocks: 'version'
2026-05-03 20:54:12,374 - WARNING - Failed to load rust: 'version'
2026-05-03 20:54:12,374 - WARNING - Failed to load gcc: 'version'
2026-05-03 20:54:12,374 - WARNING - Failed to load php: 'version'
2026-05-03 20:54:12,374 - WARNING - Failed to load python: 'version'
2026-05-03 20:54:12,374 - WARNING - Failed to load clang: 'version'
2026-05-03 20:54:12,374 - WARNING - Failed to load nodejs: 'version'
2026-05-03 20:54:12,375 - WARNING - Failed to load cython: 'version'
2026-05-03 20:54:12,375 - WARNING - Failed to load gcc-cmake-busybox: 'version'
2026-05-03 20:54:12,375 - WARNING - Failed to load php-composer: 'version'
2026-05-03 20:54:12,375 - WARNING - Failed to load go: 'version'
2026-05-03 20:54:12,375 - WARNING - Failed to load lua: 'version'
2026-05-03 20:54:12,375 - WARNING - Failed to load cgo: 'version'
2026-05-03 20:54:12,375 - WARNING - Failed to load gcc-meson-busybox: 'version'
2026-05-03 20:54:12,380 - WARNING - Failed to load cross-x86_64-gnu-gcc: 'version'
2026-05-03 20:54:12,385 - WARNING - Failed to load filesystem: 'version'
2026-05-03 20:54:12,386 - WARNING - Failed to load profile: 'version'
2026-05-03 20:54:12,392 - INFO - Loaded 416 packages
2026-05-03 20:54:12,392 - INFO - samurai has no RM.org ID, attempting to look it up...
2026-05-03 20:54:12,944 - INFO - Found project ID 96779 for samurai
2026-05-03 20:54:12,945 - INFO - Found project ID 96779 for samurai
2026-05-03 20:54:12,945 - INFO - Added release_monitoring_id=96779 to samurai
2026-05-03 20:54:12,945 - INFO - Current: 1.2, Latest: 1.3
2026-05-03 20:54:12,945 - INFO - Updating samurai to 1.3
2026-05-03 20:54:12,945 - INFO - Backed up samurai to /home/lrvick/Sources/stagex/scripts/backups/core/samurai
2026-05-03 20:54:13,435 - INFO - Downloading from https://release-assets.githubusercontent.com/github-production-release-asset/97347481/12f0fe68-f263-4c4c-b320-55315bb3eae0?sp=r&sv=2018-11-09&sr=b&spr=https&se=2026-05-03T21%3A28%3A05Z&rscd=attachment%3B+filename%3Dsamurai-1.3.tar.gz&rsct=application%2Foctet-stream&skoid=96c2d410-5711-43a1-aedd-ab1947aa7ab0&sktid=398a6654-997b-47e9-b12b-9515b896b4de&skt=2026-05-03T20%3A27%3A56Z&ske=2026-05-03T21%3A28%3A05Z&sks=b&skv=2018-11-09&sig=5WhKXmtwrU70NcuYa8WAMjzP2m5BfXIGXFP5uWVA8LY%3D&jwt=eyJ0eXAiOiJKV1QiLCJhbGciOiJIUzI1NiJ9.eyJpc3MiOiJnaXRodWIuY29tIiwiYXVkIjoicmVsZWFzZS1hc3NldHMuZ2l0aHVidXNlcmNvbnRlbnQuY29tIiwia2V5Ijoia2V5MSIsImV4cCI6MTc3Nzg0MTk1MywibmJmIjoxNzc3ODQxNjUzLCJwYXRoIjoicmVsZWFzZWFzc2V0cHJvZHVjdGlvbi5ibG9iLmNvcmUud2luZG93cy5uZXQifQ.NYgnbILoM0_8W2ihoEJM4Lqit5XDIlOq_nnnv60LXso&response-content-disposition=attachment%3B%20filename%3Dsamurai-1.3.tar.gz&response-content-type=application%2Foctet-stream
2026-05-03 20:54:13,459 - INFO - Downloaded source-1.3.tar.gz (SHA256: 1bc020a9e133432df51911ac71cc34322f828934d9a2282ba2916d88c15976af)
2026-05-03 20:54:13,459 - INFO - Updated samurai to 1.3
2026-05-03 20:54:16,164 - INFO - Build failed for samurai
2026-05-03 20:54:16,165 - ERROR - Build failed for samurai:
python3 src/targets.py > out/targets.mk
rm -rf out/core-pkgconf && \
mkdir -p out/core-pkgconf && \
mkdir -p fetch/core/pkgconf && \
python3 src/fetch.py pkgconf && \
 rm -rf packages/core/pkgconf/fetch && \
 mkdir -p packages/core/pkgconf/fetch && \
 ( [ -z "$(ls -A fetch/core/pkgconf)" ] || \
   cp -lR fetch/core/pkgconf/* packages/core/pkgconf/fetch ) && \
/bin/docker  \
  build \
  --ulimit nofile=2048:16384 \
  --tag stagex/core-pkgconf:2.5.1 \
  --provenance=false \
  --build-arg SOURCE_DATE_EPOCH=1 \
  --build-arg BUILDKIT_MULTI_PLATFORM=1 \
  --build-arg "BUILDKIT_DOCKERFILE_CHECK=skip=FromPlatformFlagConstDisallowed;error=true" \
  --output \
    name=core-pkgconf,type=oci,rewrite-timestamp=true,force-compression=true,annotation.containerd.io/distribution.source.docker.io=stagex/core-pkgconf,annotation.org.opencontainers.image.version=2.5.1,annotation.org.opencontainers.image.created=1970-01-01T00:00:01Z,tar=true,dest=- \
  --build-context fetch=fetch/core/pkgconf \
  --build-context stagex/core-busybox=oci-layout://./out/core-busybox \
  --build-context stagex/core-llvm=oci-layout://./out/core-llvm \
  --build-context stagex/core-zlib=oci-layout://./out/core-zlib \
  --build-context stagex/core-libzstd=oci-layout://./out/core-libzstd \
  --build-context stagex/core-make=oci-layout://./out/core-make \
  --build-context stagex/core-musl=oci-layout://./out/core-musl \
  --build-context stagex/core-filesystem=oci-layout://./out/core-filesystem \
  --build-arg VERSION=2.5.1 \
  --build-arg VERSION_UNDER=2_5_1 \
  --build-arg VERSION_DASH=2-5-1 \
  --build-arg VERSION_MAJOR=2 \
  --build-arg VERSION_MAJOR_MINOR=2.5 \
  --build-arg VERSION_STRIP_SUFFIX=2.5.1 \
   \
   \
   \
  --platform=linux/amd64  \
  --progress=auto  \
  -f packages/core/pkgconf/Containerfile \
  packages/core/pkgconf \
| tar -C out/core-pkgconf -mx
[Thread 139750128035640] Starting: packages/core/pkgconf/package.toml

Parsing: packages/core/pkgconf/package.toml

Validating: pkgconf
Failed verifying stored file, removing

Downloading: pkgconf-2.5.1.tar.xz
Mirror: https://distfiles.ariadne.space/pkgconf/pkgconf-2.5.1.tar.xz

...2%, 0.0078125 MB, 142179 KB/s, 5.626678466796875e-05 seconds passed[K
...4%, 0.015625 MB, 721 KB/s, 0.022190093994140625 seconds passed[K
...7%, 0.0234375 MB, 1072 KB/s, 0.022376537322998047 seconds passed[K
...9%, 0.03125 MB, 1428 KB/s, 0.022401809692382812 seconds passed[K
...12%, 0.0390625 MB, 908 KB/s, 0.044036865234375 seconds passed[K
...14%, 0.046875 MB, 1088 KB/s, 0.044077396392822266 seconds passed[K
...17%, 0.0546875 MB, 1266 KB/s, 0.044225215911865234 seconds passed[K
...19%, 0.0625 MB, 1446 KB/s, 0.04423975944519043 seconds passed[K
...22%, 0.0703125 MB, 1624 KB/s, 0.04432511329650879 seconds passed[K
...24%, 0.078125 MB, 1800 KB/s, 0.044443368911743164 seconds passed[K
...27%, 0.0859375 MB, 1979 KB/s, 0.04445672035217285 seconds passed[K
...29%, 0.09375 MB, 1464 KB/s, 0.06556510925292969 seconds passed[K
...32%, 0.1015625 MB, 1577 KB/s, 0.06592512130737305 seconds passed[K
...34%, 0.109375 MB, 1698 KB/s, 0.06594133377075195 seconds passed[K
...37%, 0.1171875 MB, 1817 KB/s, 0.06600689888000488 seconds passed[K
...39%, 0.125 MB, 1938 KB/s, 0.06601572036743164 seconds passed[K
...42%, 0.1328125 MB, 2053 KB/s, 0.06621670722961426 seconds passed[K
...44%, 0.140625 MB, 2174 KB/s, 0.06622529029846191 seconds passed[K
...47%, 0.1484375 MB, 2292 KB/s, 0.06630325317382812 seconds passed[K
...49%, 0.15625 MB, 2412 KB/s, 0.06631040573120117 seconds passed[K
...52%, 0.1640625 MB, 2529 KB/s, 0.06642794609069824 seconds passed[K
...54%, 0.171875 MB, 2649 KB/s, 0.06643557548522949 seconds passed[K
...57%, 0.1796875 MB, 2099 KB/s, 0.08762001991271973 seconds passed[K
...59%, 0.1875 MB, 2190 KB/s, 0.08763670921325684 seconds passed[K
...62%, 0.1953125 MB, 2279 KB/s, 0.08774018287658691 seconds passed[K
...64%, 0.203125 MB, 2370 KB/s, 0.08774828910827637 seconds passed[K
...67%, 0.2109375 MB, 2458 KB/s, 0.08785367012023926 seconds passed[K
...69%, 0.21875 MB, 2549 KB/s, 0.08786177635192871 seconds passed[K
...72%, 0.2265625 MB, 2637 KB/s, 0.08796334266662598 seconds passed[K
...74%, 0.234375 MB, 2728 KB/s, 0.08797073364257812 seconds passed[K
...77%, 0.2421875 MB, 2799 KB/s, 0.08859539031982422 seconds passed[K
...79%, 0.25 MB, 2871 KB/s, 0.08916735649108887 seconds passed[K
...82%, 0.2578125 MB, 2956 KB/s, 0.08930826187133789 seconds passed[K
...84%, 0.265625 MB, 3044 KB/s, 0.08932948112487793 seconds passed[K
...87%, 0.2734375 MB, 3133 KB/s, 0.08934712409973145 seconds passed[K
...89%, 0.28125 MB, 3223 KB/s, 0.08935761451721191 seconds passed[K
...92%, 0.2890625 MB, 3311 KB/s, 0.08937454223632812 seconds passed[K
...94%, 0.296875 MB, 3400 KB/s, 0.089385986328125 seconds passed[K
...97%, 0.3046875 MB, 3489 KB/s, 0.08940291404724121 seconds passed[K
...99%, 0.3125 MB, 3578 KB/s, 0.08941364288330078 seconds passed[K
...102%, 0.3203125 MB, 3665 KB/s, 0.08947372436523438 seconds passed[K
Finished downloading: pkgconf-2.5.1.tar.xz
Failed verifying downloaded file, from mirror: {url}
[Thread 139750128035640] Finished: packages/core/pkgconf/package.toml in 0.19s


Failed: [('pkgconf-2.5.1.tar.xz', 'ab89d59810d9cad5dfcd508f25efab8ea0b1c8e7bad91c2b6351f13e6a5940d8', 'https://distfiles.ariadne.space/pkgconf/pkgconf-2.5.1.tar.xz', 'verify_download')]
make: *** [out/targets.mk:8568: out/core-pkgconf/index.json] Error 1

2026-05-03 20:54:16,165 - INFO - Processing linux...
2026-05-03 20:54:16,172 - WARNING - Failed to load stage2: 'version'
2026-05-03 20:54:16,172 - WARNING - Failed to load stage0: 'version'
2026-05-03 20:54:16,173 - WARNING - Failed to load stage3: 'version'
2026-05-03 20:54:16,208 - WARNING - Failed to load clang-meson-busybox: 'version'
2026-05-03 20:54:16,208 - WARNING - Failed to load clang-gnu-busybox: 'version'
2026-05-03 20:54:16,208 - WARNING - Failed to load gcc-gnu-busybox: 'version'
2026-05-03 20:54:16,208 - WARNING - Failed to load solidity: 'version'
2026-05-03 20:54:16,208 - WARNING - Failed to load clang-cmake-busybox: 'version'
2026-05-03 20:54:16,208 - WARNING - Failed to load gcc-gnu-gnu: 'version'
2026-05-03 20:54:16,208 - WARNING - Failed to load luarocks: 'version'
2026-05-03 20:54:16,208 - WARNING - Failed to load rust: 'version'
2026-05-03 20:54:16,208 - WARNING - Failed to load gcc: 'version'
2026-05-03 20:54:16,208 - WARNING - Failed to load php: 'version'
2026-05-03 20:54:16,209 - WARNING - Failed to load python: 'version'
2026-05-03 20:54:16,209 - WARNING - Failed to load clang: 'version'
2026-05-03 20:54:16,209 - WARNING - Failed to load nodejs: 'version'
2026-05-03 20:54:16,209 - WARNING - Failed to load cython: 'version'
2026-05-03 20:54:16,209 - WARNING - Failed to load gcc-cmake-busybox: 'version'
2026-05-03 20:54:16,209 - WARNING - Failed to load php-composer: 'version'
2026-05-03 20:54:16,209 - WARNING - Failed to load go: 'version'
2026-05-03 20:54:16,209 - WARNING - Failed to load lua: 'version'
2026-05-03 20:54:16,209 - WARNING - Failed to load cgo: 'version'
2026-05-03 20:54:16,209 - WARNING - Failed to load gcc-meson-busybox: 'version'
2026-05-03 20:54:16,214 - WARNING - Failed to load cross-x86_64-gnu-gcc: 'version'
2026-05-03 20:54:16,219 - WARNING - Failed to load filesystem: 'version'
2026-05-03 20:54:16,220 - WARNING - Failed to load profile: 'version'
2026-05-03 20:54:16,226 - INFO - Loaded 416 packages
2026-05-03 20:54:16,226 - INFO - linux has no RM.org ID, attempting to look it up...
2026-05-03 20:54:16,834 - INFO - Found project ID 358810 for linux
2026-05-03 20:54:16,834 - INFO - Found project ID 358810 for linux
2026-05-03 20:54:16,834 - INFO - Current: 7.0, Latest: 7.1-rc1
2026-05-03 20:54:16,834 - INFO - Updating linux to 7.1-rc1
2026-05-03 20:54:16,834 - INFO - Backed up linux to /home/lrvick/Sources/stagex/scripts/backups/user/linux
2026-05-03 20:54:32,212 - ERROR - No working download URL found for version 7.1-rc1
2026-05-03 20:54:32,212 - ERROR - Failed to download source for linux
2026-05-03 20:54:32,213 - INFO - Processing perl...
2026-05-03 20:54:32,219 - WARNING - Failed to load stage2: 'version'
2026-05-03 20:54:32,220 - WARNING - Failed to load stage0: 'version'
2026-05-03 20:54:32,220 - WARNING - Failed to load stage3: 'version'
2026-05-03 20:54:32,255 - WARNING - Failed to load clang-meson-busybox: 'version'
2026-05-03 20:54:32,255 - WARNING - Failed to load clang-gnu-busybox: 'version'
2026-05-03 20:54:32,255 - WARNING - Failed to load gcc-gnu-busybox: 'version'
2026-05-03 20:54:32,255 - WARNING - Failed to load solidity: 'version'
2026-05-03 20:54:32,255 - WARNING - Failed to load clang-cmake-busybox: 'version'
2026-05-03 20:54:32,256 - WARNING - Failed to load gcc-gnu-gnu: 'version'
2026-05-03 20:54:32,256 - WARNING - Failed to load luarocks: 'version'
2026-05-03 20:54:32,256 - WARNING - Failed to load rust: 'version'
2026-05-03 20:54:32,256 - WARNING - Failed to load gcc: 'version'
2026-05-03 20:54:32,256 - WARNING - Failed to load php: 'version'
2026-05-03 20:54:32,256 - WARNING - Failed to load python: 'version'
2026-05-03 20:54:32,256 - WARNING - Failed to load clang: 'version'
2026-05-03 20:54:32,256 - WARNING - Failed to load nodejs: 'version'
2026-05-03 20:54:32,256 - WARNING - Failed to load cython: 'version'
2026-05-03 20:54:32,256 - WARNING - Failed to load gcc-cmake-busybox: 'version'
2026-05-03 20:54:32,256 - WARNING - Failed to load php-composer: 'version'
2026-05-03 20:54:32,257 - WARNING - Failed to load go: 'version'
2026-05-03 20:54:32,257 - WARNING - Failed to load lua: 'version'
2026-05-03 20:54:32,257 - WARNING - Failed to load cgo: 'version'
2026-05-03 20:54:32,257 - WARNING - Failed to load gcc-meson-busybox: 'version'
2026-05-03 20:54:32,262 - WARNING - Failed to load cross-x86_64-gnu-gcc: 'version'
2026-05-03 20:54:32,266 - WARNING - Failed to load filesystem: 'version'
2026-05-03 20:54:32,267 - WARNING - Failed to load profile: 'version'
2026-05-03 20:54:32,274 - INFO - Loaded 416 packages
2026-05-03 20:54:32,274 - INFO - perl has no RM.org ID, attempting to look it up...
2026-05-03 20:54:32,976 - INFO - Found project ID 13599 for perl
2026-05-03 20:54:32,976 - INFO - Found project ID 13599 for perl
2026-05-03 20:54:32,976 - INFO - Current: 5.38.0, Latest: 5.43.10
2026-05-03 20:54:32,977 - INFO - Updating perl to 5.43.10
2026-05-03 20:54:32,986 - INFO - Backed up perl to /home/lrvick/Sources/stagex/scripts/backups/core/perl
2026-05-03 20:54:33,526 - ERROR - No working download URL found for version 5.43.10
2026-05-03 20:54:33,527 - ERROR - Failed to download source for perl
2026-05-03 20:54:33,527 - INFO - Processing openssl...
2026-05-03 20:54:33,533 - WARNING - Failed to load stage2: 'version'
2026-05-03 20:54:33,533 - WARNING - Failed to load stage0: 'version'
2026-05-03 20:54:33,534 - WARNING - Failed to load stage3: 'version'
2026-05-03 20:54:33,567 - WARNING - Failed to load clang-meson-busybox: 'version'
2026-05-03 20:54:33,568 - WARNING - Failed to load clang-gnu-busybox: 'version'
2026-05-03 20:54:33,568 - WARNING - Failed to load gcc-gnu-busybox: 'version'
2026-05-03 20:54:33,568 - WARNING - Failed to load solidity: 'version'
2026-05-03 20:54:33,568 - WARNING - Failed to load clang-cmake-busybox: 'version'
2026-05-03 20:54:33,568 - WARNING - Failed to load gcc-gnu-gnu: 'version'
2026-05-03 20:54:33,568 - WARNING - Failed to load luarocks: 'version'
2026-05-03 20:54:33,568 - WARNING - Failed to load rust: 'version'
2026-05-03 20:54:33,568 - WARNING - Failed to load gcc: 'version'
2026-05-03 20:54:33,568 - WARNING - Failed to load php: 'version'
2026-05-03 20:54:33,568 - WARNING - Failed to load python: 'version'
2026-05-03 20:54:33,569 - WARNING - Failed to load clang: 'version'
2026-05-03 20:54:33,569 - WARNING - Failed to load nodejs: 'version'
2026-05-03 20:54:33,569 - WARNING - Failed to load cython: 'version'
2026-05-03 20:54:33,569 - WARNING - Failed to load gcc-cmake-busybox: 'version'
2026-05-03 20:54:33,569 - WARNING - Failed to load php-composer: 'version'
2026-05-03 20:54:33,569 - WARNING - Failed to load go: 'version'
2026-05-03 20:54:33,569 - WARNING - Failed to load lua: 'version'
2026-05-03 20:54:33,569 - WARNING - Failed to load cgo: 'version'
2026-05-03 20:54:33,569 - WARNING - Failed to load gcc-meson-busybox: 'version'
2026-05-03 20:54:33,574 - WARNING - Failed to load cross-x86_64-gnu-gcc: 'version'
2026-05-03 20:54:33,579 - WARNING - Failed to load filesystem: 'version'
2026-05-03 20:54:33,580 - WARNING - Failed to load profile: 'version'
2026-05-03 20:54:33,585 - INFO - Loaded 416 packages
2026-05-03 20:54:33,586 - INFO - openssl has no RM.org ID, attempting to look it up...
2026-05-03 20:54:34,267 - INFO - Found project ID 15451 for openssl
2026-05-03 20:54:34,267 - INFO - Found project ID 15451 for openssl
2026-05-03 20:54:34,267 - INFO - Added release_monitoring_id=15451 to openssl
2026-05-03 20:54:34,267 - INFO - Current: 3.5.2, Latest: 0.10.78
2026-05-03 20:54:34,267 - INFO - Updating openssl to 0.10.78
2026-05-03 20:54:34,268 - INFO - Backed up openssl to /home/lrvick/Sources/stagex/scripts/backups/core/openssl
2026-05-03 20:54:34,984 - ERROR - No working download URL found for version 0.10.78
2026-05-03 20:54:34,985 - ERROR - Failed to download source for openssl
2026-05-03 20:54:34,985 - INFO - Processing cmake...
2026-05-03 20:54:34,992 - WARNING - Failed to load stage2: 'version'
2026-05-03 20:54:34,992 - WARNING - Failed to load stage0: 'version'
2026-05-03 20:54:34,992 - WARNING - Failed to load stage3: 'version'
2026-05-03 20:54:35,027 - WARNING - Failed to load clang-meson-busybox: 'version'
2026-05-03 20:54:35,027 - WARNING - Failed to load clang-gnu-busybox: 'version'
2026-05-03 20:54:35,027 - WARNING - Failed to load gcc-gnu-busybox: 'version'
2026-05-03 20:54:35,027 - WARNING - Failed to load solidity: 'version'
2026-05-03 20:54:35,027 - WARNING - Failed to load clang-cmake-busybox: 'version'
2026-05-03 20:54:35,027 - WARNING - Failed to load gcc-gnu-gnu: 'version'
2026-05-03 20:54:35,027 - WARNING - Failed to load luarocks: 'version'
2026-05-03 20:54:35,028 - WARNING - Failed to load rust: 'version'
2026-05-03 20:54:35,028 - WARNING - Failed to load gcc: 'version'
2026-05-03 20:54:35,028 - WARNING - Failed to load php: 'version'
2026-05-03 20:54:35,028 - WARNING - Failed to load python: 'version'
2026-05-03 20:54:35,028 - WARNING - Failed to load clang: 'version'
2026-05-03 20:54:35,028 - WARNING - Failed to load nodejs: 'version'
2026-05-03 20:54:35,028 - WARNING - Failed to load cython: 'version'
2026-05-03 20:54:35,028 - WARNING - Failed to load gcc-cmake-busybox: 'version'
2026-05-03 20:54:35,028 - WARNING - Failed to load php-composer: 'version'
2026-05-03 20:54:35,028 - WARNING - Failed to load go: 'version'
2026-05-03 20:54:35,028 - WARNING - Failed to load lua: 'version'
2026-05-03 20:54:35,028 - WARNING - Failed to load cgo: 'version'
2026-05-03 20:54:35,029 - WARNING - Failed to load gcc-meson-busybox: 'version'
2026-05-03 20:54:35,034 - WARNING - Failed to load cross-x86_64-gnu-gcc: 'version'
2026-05-03 20:54:35,038 - WARNING - Failed to load filesystem: 'version'
2026-05-03 20:54:35,039 - WARNING - Failed to load profile: 'version'
2026-05-03 20:54:35,045 - INFO - Loaded 416 packages
2026-05-03 20:54:35,045 - INFO - cmake has no RM.org ID, attempting to look it up...
2026-05-03 20:54:35,633 - INFO - Found project ID 15412 for cmake
2026-05-03 20:54:35,633 - INFO - Found project ID 15412 for cmake
2026-05-03 20:54:35,633 - INFO - Added release_monitoring_id=15412 to cmake
2026-05-03 20:54:35,633 - INFO - Current: 4.1.2, Latest: 0.1.58
2026-05-03 20:54:35,633 - INFO - Updating cmake to 0.1.58
2026-05-03 20:54:35,634 - INFO - Backed up cmake to /home/lrvick/Sources/stagex/scripts/backups/core/cmake
2026-05-03 20:54:35,944 - ERROR - No working download URL found for version 0.1.58
2026-05-03 20:54:35,944 - ERROR - Failed to download source for cmake
2026-05-03 20:54:35,945 - INFO - Processing attr...
2026-05-03 20:54:35,951 - WARNING - Failed to load stage2: 'version'
2026-05-03 20:54:35,951 - WARNING - Failed to load stage0: 'version'
2026-05-03 20:54:35,952 - WARNING - Failed to load stage3: 'version'
2026-05-03 20:54:35,986 - WARNING - Failed to load clang-meson-busybox: 'version'
2026-05-03 20:54:35,986 - WARNING - Failed to load clang-gnu-busybox: 'version'
2026-05-03 20:54:35,986 - WARNING - Failed to load gcc-gnu-busybox: 'version'
2026-05-03 20:54:35,987 - WARNING - Failed to load solidity: 'version'
2026-05-03 20:54:35,987 - WARNING - Failed to load clang-cmake-busybox: 'version'
2026-05-03 20:54:35,987 - WARNING - Failed to load gcc-gnu-gnu: 'version'
2026-05-03 20:54:35,987 - WARNING - Failed to load luarocks: 'version'
2026-05-03 20:54:35,987 - WARNING - Failed to load rust: 'version'
2026-05-03 20:54:35,987 - WARNING - Failed to load gcc: 'version'
2026-05-03 20:54:35,987 - WARNING - Failed to load php: 'version'
2026-05-03 20:54:35,987 - WARNING - Failed to load python: 'version'
2026-05-03 20:54:35,987 - WARNING - Failed to load clang: 'version'
2026-05-03 20:54:35,987 - WARNING - Failed to load nodejs: 'version'
2026-05-03 20:54:35,987 - WARNING - Failed to load cython: 'version'
2026-05-03 20:54:35,988 - WARNING - Failed to load gcc-cmake-busybox: 'version'
2026-05-03 20:54:35,988 - WARNING - Failed to load php-composer: 'version'
2026-05-03 20:54:35,988 - WARNING - Failed to load go: 'version'
2026-05-03 20:54:35,988 - WARNING - Failed to load lua: 'version'
2026-05-03 20:54:35,988 - WARNING - Failed to load cgo: 'version'
2026-05-03 20:54:35,988 - WARNING - Failed to load gcc-meson-busybox: 'version'
2026-05-03 20:54:35,993 - WARNING - Failed to load cross-x86_64-gnu-gcc: 'version'
2026-05-03 20:54:35,997 - WARNING - Failed to load filesystem: 'version'
2026-05-03 20:54:35,999 - WARNING - Failed to load profile: 'version'
2026-05-03 20:54:36,004 - INFO - Loaded 416 packages
2026-05-03 20:54:36,005 - INFO - attr has no RM.org ID, attempting to look it up...
2026-05-03 20:54:36,559 - INFO - Found project ID 137 for attr
2026-05-03 20:54:36,560 - INFO - Found project ID 137 for attr
2026-05-03 20:54:36,560 - INFO - Added release_monitoring_id=137 to attr
2026-05-03 20:54:36,560 - INFO - Current: 2.5.2, Latest: 2.5.2
2026-05-03 20:54:36,560 - INFO - attr is up to date
2026-05-03 20:54:36,560 - INFO - Processing libucontext...
2026-05-03 20:54:36,567 - WARNING - Failed to load stage2: 'version'
2026-05-03 20:54:36,567 - WARNING - Failed to load stage0: 'version'
2026-05-03 20:54:36,568 - WARNING - Failed to load stage3: 'version'
2026-05-03 20:54:36,601 - WARNING - Failed to load clang-meson-busybox: 'version'
2026-05-03 20:54:36,601 - WARNING - Failed to load clang-gnu-busybox: 'version'
2026-05-03 20:54:36,601 - WARNING - Failed to load gcc-gnu-busybox: 'version'
2026-05-03 20:54:36,601 - WARNING - Failed to load solidity: 'version'
2026-05-03 20:54:36,601 - WARNING - Failed to load clang-cmake-busybox: 'version'
2026-05-03 20:54:36,601 - WARNING - Failed to load gcc-gnu-gnu: 'version'
2026-05-03 20:54:36,601 - WARNING - Failed to load luarocks: 'version'
2026-05-03 20:54:36,602 - WARNING - Failed to load rust: 'version'
2026-05-03 20:54:36,602 - WARNING - Failed to load gcc: 'version'
2026-05-03 20:54:36,602 - WARNING - Failed to load php: 'version'
2026-05-03 20:54:36,602 - WARNING - Failed to load python: 'version'
2026-05-03 20:54:36,602 - WARNING - Failed to load clang: 'version'
2026-05-03 20:54:36,602 - WARNING - Failed to load nodejs: 'version'
2026-05-03 20:54:36,602 - WARNING - Failed to load cython: 'version'
2026-05-03 20:54:36,602 - WARNING - Failed to load gcc-cmake-busybox: 'version'
2026-05-03 20:54:36,602 - WARNING - Failed to load php-composer: 'version'
2026-05-03 20:54:36,602 - WARNING - Failed to load go: 'version'
2026-05-03 20:54:36,602 - WARNING - Failed to load lua: 'version'
2026-05-03 20:54:36,603 - WARNING - Failed to load cgo: 'version'
2026-05-03 20:54:36,603 - WARNING - Failed to load gcc-meson-busybox: 'version'
2026-05-03 20:54:36,608 - WARNING - Failed to load cross-x86_64-gnu-gcc: 'version'
2026-05-03 20:54:36,612 - WARNING - Failed to load filesystem: 'version'
2026-05-03 20:54:36,613 - WARNING - Failed to load profile: 'version'
2026-05-03 20:54:36,619 - INFO - Loaded 416 packages
2026-05-03 20:54:36,619 - INFO - libucontext has no RM.org ID, attempting to look it up...
2026-05-03 20:54:37,173 - INFO - Found project ID 17085 for libucontext
2026-05-03 20:54:37,173 - INFO - Found project ID 17085 for libucontext
2026-05-03 20:54:37,173 - INFO - Added release_monitoring_id=17085 to libucontext
2026-05-03 20:54:37,173 - INFO - Current: 1.3.2, Latest: 1.5
2026-05-03 20:54:37,173 - INFO - Updating libucontext to 1.5
2026-05-03 20:54:37,173 - INFO - Backed up libucontext to /home/lrvick/Sources/stagex/scripts/backups/core/libucontext
2026-05-03 20:54:37,284 - ERROR - No working download URL found for version 1.5
2026-05-03 20:54:37,284 - ERROR - Failed to download source for libucontext
2026-05-03 20:54:37,284 - INFO - Processing onetbb...
2026-05-03 20:54:37,290 - WARNING - Failed to load stage2: 'version'
2026-05-03 20:54:37,291 - WARNING - Failed to load stage0: 'version'
2026-05-03 20:54:37,291 - WARNING - Failed to load stage3: 'version'
2026-05-03 20:54:37,325 - WARNING - Failed to load clang-meson-busybox: 'version'
2026-05-03 20:54:37,325 - WARNING - Failed to load clang-gnu-busybox: 'version'
2026-05-03 20:54:37,325 - WARNING - Failed to load gcc-gnu-busybox: 'version'
2026-05-03 20:54:37,325 - WARNING - Failed to load solidity: 'version'
2026-05-03 20:54:37,325 - WARNING - Failed to load clang-cmake-busybox: 'version'
2026-05-03 20:54:37,325 - WARNING - Failed to load gcc-gnu-gnu: 'version'
2026-05-03 20:54:37,325 - WARNING - Failed to load luarocks: 'version'
2026-05-03 20:54:37,326 - WARNING - Failed to load rust: 'version'
2026-05-03 20:54:37,326 - WARNING - Failed to load gcc: 'version'
2026-05-03 20:54:37,326 - WARNING - Failed to load php: 'version'
2026-05-03 20:54:37,326 - WARNING - Failed to load python: 'version'
2026-05-03 20:54:37,326 - WARNING - Failed to load clang: 'version'
2026-05-03 20:54:37,326 - WARNING - Failed to load nodejs: 'version'
2026-05-03 20:54:37,326 - WARNING - Failed to load cython: 'version'
2026-05-03 20:54:37,326 - WARNING - Failed to load gcc-cmake-busybox: 'version'
2026-05-03 20:54:37,326 - WARNING - Failed to load php-composer: 'version'
2026-05-03 20:54:37,326 - WARNING - Failed to load go: 'version'
2026-05-03 20:54:37,326 - WARNING - Failed to load lua: 'version'
2026-05-03 20:54:37,327 - WARNING - Failed to load cgo: 'version'
2026-05-03 20:54:37,327 - WARNING - Failed to load gcc-meson-busybox: 'version'
2026-05-03 20:54:37,332 - WARNING - Failed to load cross-x86_64-gnu-gcc: 'version'
2026-05-03 20:54:37,336 - WARNING - Failed to load filesystem: 'version'
2026-05-03 20:54:37,337 - WARNING - Failed to load profile: 'version'
2026-05-03 20:54:37,343 - INFO - Loaded 416 packages
2026-05-03 20:54:37,343 - INFO - onetbb has no RM.org ID, attempting to look it up...
2026-05-03 20:54:37,946 - INFO - Found project ID 227581 for onetbb
2026-05-03 20:54:37,946 - INFO - Found project ID 227581 for onetbb
2026-05-03 20:54:37,946 - INFO - Added release_monitoring_id=227581 to onetbb
2026-05-03 20:54:37,947 - INFO - Current: 2023.0.0, Latest: 2023.0.0
2026-05-03 20:54:37,947 - INFO - onetbb is up to date
2026-05-03 20:54:37,947 - INFO - Processing mold...
2026-05-03 20:54:37,954 - WARNING - Failed to load stage2: 'version'
2026-05-03 20:54:37,954 - WARNING - Failed to load stage0: 'version'
2026-05-03 20:54:37,954 - WARNING - Failed to load stage3: 'version'
2026-05-03 20:54:37,989 - WARNING - Failed to load clang-meson-busybox: 'version'
2026-05-03 20:54:37,989 - WARNING - Failed to load clang-gnu-busybox: 'version'
2026-05-03 20:54:37,989 - WARNING - Failed to load gcc-gnu-busybox: 'version'
2026-05-03 20:54:37,989 - WARNING - Failed to load solidity: 'version'
2026-05-03 20:54:37,989 - WARNING - Failed to load clang-cmake-busybox: 'version'
2026-05-03 20:54:37,989 - WARNING - Failed to load gcc-gnu-gnu: 'version'
2026-05-03 20:54:37,989 - WARNING - Failed to load luarocks: 'version'
2026-05-03 20:54:37,989 - WARNING - Failed to load rust: 'version'
2026-05-03 20:54:37,989 - WARNING - Failed to load gcc: 'version'
2026-05-03 20:54:37,990 - WARNING - Failed to load php: 'version'
2026-05-03 20:54:37,990 - WARNING - Failed to load python: 'version'
2026-05-03 20:54:37,990 - WARNING - Failed to load clang: 'version'
2026-05-03 20:54:37,990 - WARNING - Failed to load nodejs: 'version'
2026-05-03 20:54:37,990 - WARNING - Failed to load cython: 'version'
2026-05-03 20:54:37,990 - WARNING - Failed to load gcc-cmake-busybox: 'version'
2026-05-03 20:54:37,990 - WARNING - Failed to load php-composer: 'version'
2026-05-03 20:54:37,990 - WARNING - Failed to load go: 'version'
2026-05-03 20:54:37,990 - WARNING - Failed to load lua: 'version'
2026-05-03 20:54:37,990 - WARNING - Failed to load cgo: 'version'
2026-05-03 20:54:37,990 - WARNING - Failed to load gcc-meson-busybox: 'version'
2026-05-03 20:54:37,995 - WARNING - Failed to load cross-x86_64-gnu-gcc: 'version'
2026-05-03 20:54:38,000 - WARNING - Failed to load filesystem: 'version'
2026-05-03 20:54:38,001 - WARNING - Failed to load profile: 'version'
2026-05-03 20:54:38,007 - INFO - Loaded 416 packages
2026-05-03 20:54:38,007 - INFO - Skipping mold - handled by staging
2026-05-03 20:54:38,007 - INFO - Processing expat...
2026-05-03 20:54:38,014 - WARNING - Failed to load stage2: 'version'
2026-05-03 20:54:38,014 - WARNING - Failed to load stage0: 'version'
2026-05-03 20:54:38,014 - WARNING - Failed to load stage3: 'version'
2026-05-03 20:54:38,048 - WARNING - Failed to load clang-meson-busybox: 'version'
2026-05-03 20:54:38,048 - WARNING - Failed to load clang-gnu-busybox: 'version'
2026-05-03 20:54:38,048 - WARNING - Failed to load gcc-gnu-busybox: 'version'
2026-05-03 20:54:38,049 - WARNING - Failed to load solidity: 'version'
2026-05-03 20:54:38,049 - WARNING - Failed to load clang-cmake-busybox: 'version'
2026-05-03 20:54:38,049 - WARNING - Failed to load gcc-gnu-gnu: 'version'
2026-05-03 20:54:38,049 - WARNING - Failed to load luarocks: 'version'
2026-05-03 20:54:38,049 - WARNING - Failed to load rust: 'version'
2026-05-03 20:54:38,049 - WARNING - Failed to load gcc: 'version'
2026-05-03 20:54:38,049 - WARNING - Failed to load php: 'version'
2026-05-03 20:54:38,049 - WARNING - Failed to load python: 'version'
2026-05-03 20:54:38,049 - WARNING - Failed to load clang: 'version'
2026-05-03 20:54:38,049 - WARNING - Failed to load nodejs: 'version'
2026-05-03 20:54:38,050 - WARNING - Failed to load cython: 'version'
2026-05-03 20:54:38,050 - WARNING - Failed to load gcc-cmake-busybox: 'version'
2026-05-03 20:54:38,050 - WARNING - Failed to load php-composer: 'version'
2026-05-03 20:54:38,050 - WARNING - Failed to load go: 'version'
2026-05-03 20:54:38,050 - WARNING - Failed to load lua: 'version'
2026-05-03 20:54:38,050 - WARNING - Failed to load cgo: 'version'
2026-05-03 20:54:38,050 - WARNING - Failed to load gcc-meson-busybox: 'version'
2026-05-03 20:54:38,055 - WARNING - Failed to load cross-x86_64-gnu-gcc: 'version'
2026-05-03 20:54:38,060 - WARNING - Failed to load filesystem: 'version'
2026-05-03 20:54:38,061 - WARNING - Failed to load profile: 'version'
2026-05-03 20:54:38,067 - INFO - Loaded 416 packages
2026-05-03 20:54:38,067 - INFO - expat has no RM.org ID, attempting to look it up...
2026-05-03 20:54:38,704 - INFO - Found project ID 770 for expat
2026-05-03 20:54:38,704 - INFO - Found project ID 770 for expat
2026-05-03 20:54:38,704 - INFO - Current: 2.8.0, Latest: 2.8.0
2026-05-03 20:54:38,704 - INFO - expat is up to date
2026-05-03 20:54:38,705 - INFO - Processing lzip...
2026-05-03 20:54:38,711 - WARNING - Failed to load stage2: 'version'
2026-05-03 20:54:38,712 - WARNING - Failed to load stage0: 'version'
2026-05-03 20:54:38,712 - WARNING - Failed to load stage3: 'version'
2026-05-03 20:54:38,746 - WARNING - Failed to load clang-meson-busybox: 'version'
2026-05-03 20:54:38,746 - WARNING - Failed to load clang-gnu-busybox: 'version'
2026-05-03 20:54:38,746 - WARNING - Failed to load gcc-gnu-busybox: 'version'
2026-05-03 20:54:38,746 - WARNING - Failed to load solidity: 'version'
2026-05-03 20:54:38,746 - WARNING - Failed to load clang-cmake-busybox: 'version'
2026-05-03 20:54:38,746 - WARNING - Failed to load gcc-gnu-gnu: 'version'
2026-05-03 20:54:38,747 - WARNING - Failed to load luarocks: 'version'
2026-05-03 20:54:38,747 - WARNING - Failed to load rust: 'version'
2026-05-03 20:54:38,747 - WARNING - Failed to load gcc: 'version'
2026-05-03 20:54:38,747 - WARNING - Failed to load php: 'version'
2026-05-03 20:54:38,747 - WARNING - Failed to load python: 'version'
2026-05-03 20:54:38,747 - WARNING - Failed to load clang: 'version'
2026-05-03 20:54:38,747 - WARNING - Failed to load nodejs: 'version'
2026-05-03 20:54:38,747 - WARNING - Failed to load cython: 'version'
2026-05-03 20:54:38,747 - WARNING - Failed to load gcc-cmake-busybox: 'version'
2026-05-03 20:54:38,747 - WARNING - Failed to load php-composer: 'version'
2026-05-03 20:54:38,747 - WARNING - Failed to load go: 'version'
2026-05-03 20:54:38,748 - WARNING - Failed to load lua: 'version'
2026-05-03 20:54:38,748 - WARNING - Failed to load cgo: 'version'
2026-05-03 20:54:38,748 - WARNING - Failed to load gcc-meson-busybox: 'version'
2026-05-03 20:54:38,753 - WARNING - Failed to load cross-x86_64-gnu-gcc: 'version'
2026-05-03 20:54:38,757 - WARNING - Failed to load filesystem: 'version'
2026-05-03 20:54:38,758 - WARNING - Failed to load profile: 'version'
2026-05-03 20:54:38,764 - INFO - Loaded 416 packages
2026-05-03 20:54:38,764 - INFO - lzip has no RM.org ID, attempting to look it up...
2026-05-03 20:54:39,410 - INFO - Found project ID 1866 for lzip
2026-05-03 20:54:39,410 - INFO - Found project ID 1866 for lzip
2026-05-03 20:54:39,410 - INFO - Current: 1.26, Latest: 1.26
2026-05-03 20:54:39,410 - INFO - lzip is up to date
2026-05-03 20:54:39,411 - INFO - Processing bsd...
2026-05-03 20:54:39,411 - INFO - Processing tcl...
2026-05-03 20:54:39,417 - WARNING - Failed to load stage2: 'version'
2026-05-03 20:54:39,418 - WARNING - Failed to load stage0: 'version'
2026-05-03 20:54:39,418 - WARNING - Failed to load stage3: 'version'
2026-05-03 20:54:39,452 - WARNING - Failed to load clang-meson-busybox: 'version'
2026-05-03 20:54:39,452 - WARNING - Failed to load clang-gnu-busybox: 'version'
2026-05-03 20:54:39,452 - WARNING - Failed to load gcc-gnu-busybox: 'version'
2026-05-03 20:54:39,452 - WARNING - Failed to load solidity: 'version'
2026-05-03 20:54:39,452 - WARNING - Failed to load clang-cmake-busybox: 'version'
2026-05-03 20:54:39,452 - WARNING - Failed to load gcc-gnu-gnu: 'version'
2026-05-03 20:54:39,453 - WARNING - Failed to load luarocks: 'version'
2026-05-03 20:54:39,453 - WARNING - Failed to load rust: 'version'
2026-05-03 20:54:39,453 - WARNING - Failed to load gcc: 'version'
2026-05-03 20:54:39,453 - WARNING - Failed to load php: 'version'
2026-05-03 20:54:39,453 - WARNING - Failed to load python: 'version'
2026-05-03 20:54:39,453 - WARNING - Failed to load clang: 'version'
2026-05-03 20:54:39,453 - WARNING - Failed to load nodejs: 'version'
2026-05-03 20:54:39,453 - WARNING - Failed to load cython: 'version'
2026-05-03 20:54:39,453 - WARNING - Failed to load gcc-cmake-busybox: 'version'
2026-05-03 20:54:39,453 - WARNING - Failed to load php-composer: 'version'
2026-05-03 20:54:39,453 - WARNING - Failed to load go: 'version'
2026-05-03 20:54:39,454 - WARNING - Failed to load lua: 'version'
2026-05-03 20:54:39,454 - WARNING - Failed to load cgo: 'version'
2026-05-03 20:54:39,454 - WARNING - Failed to load gcc-meson-busybox: 'version'
2026-05-03 20:54:39,459 - WARNING - Failed to load cross-x86_64-gnu-gcc: 'version'
2026-05-03 20:54:39,463 - WARNING - Failed to load filesystem: 'version'
2026-05-03 20:54:39,464 - WARNING - Failed to load profile: 'version'
2026-05-03 20:54:39,470 - INFO - Loaded 416 packages
2026-05-03 20:54:39,470 - INFO - tcl has no RM.org ID, attempting to look it up...
2026-05-03 20:54:40,189 - INFO - Found project ID 4941 for tcl
2026-05-03 20:54:40,189 - INFO - Found project ID 4941 for tcl
2026-05-03 20:54:40,189 - INFO - Current: 9.0.3, Latest: 9.0.3
2026-05-03 20:54:40,189 - INFO - tcl is up to date
2026-05-03 20:54:40,189 - INFO - Processing sqlite3...
2026-05-03 20:54:40,196 - WARNING - Failed to load stage2: 'version'
2026-05-03 20:54:40,196 - WARNING - Failed to load stage0: 'version'
2026-05-03 20:54:40,197 - WARNING - Failed to load stage3: 'version'
2026-05-03 20:54:40,231 - WARNING - Failed to load clang-meson-busybox: 'version'
2026-05-03 20:54:40,231 - WARNING - Failed to load clang-gnu-busybox: 'version'
2026-05-03 20:54:40,231 - WARNING - Failed to load gcc-gnu-busybox: 'version'
2026-05-03 20:54:40,231 - WARNING - Failed to load solidity: 'version'
2026-05-03 20:54:40,231 - WARNING - Failed to load clang-cmake-busybox: 'version'
2026-05-03 20:54:40,232 - WARNING - Failed to load gcc-gnu-gnu: 'version'
2026-05-03 20:54:40,232 - WARNING - Failed to load luarocks: 'version'
2026-05-03 20:54:40,232 - WARNING - Failed to load rust: 'version'
2026-05-03 20:54:40,232 - WARNING - Failed to load gcc: 'version'
2026-05-03 20:54:40,232 - WARNING - Failed to load php: 'version'
2026-05-03 20:54:40,232 - WARNING - Failed to load python: 'version'
2026-05-03 20:54:40,232 - WARNING - Failed to load clang: 'version'
2026-05-03 20:54:40,232 - WARNING - Failed to load nodejs: 'version'
2026-05-03 20:54:40,232 - WARNING - Failed to load cython: 'version'
2026-05-03 20:54:40,232 - WARNING - Failed to load gcc-cmake-busybox: 'version'
2026-05-03 20:54:40,233 - WARNING - Failed to load php-composer: 'version'
2026-05-03 20:54:40,233 - WARNING - Failed to load go: 'version'
2026-05-03 20:54:40,233 - WARNING - Failed to load lua: 'version'
2026-05-03 20:54:40,233 - WARNING - Failed to load cgo: 'version'
2026-05-03 20:54:40,233 - WARNING - Failed to load gcc-meson-busybox: 'version'
2026-05-03 20:54:40,238 - WARNING - Failed to load cross-x86_64-gnu-gcc: 'version'
2026-05-03 20:54:40,242 - WARNING - Failed to load filesystem: 'version'
2026-05-03 20:54:40,244 - WARNING - Failed to load profile: 'version'
2026-05-03 20:54:40,249 - INFO - Loaded 416 packages
2026-05-03 20:54:40,249 - INFO - sqlite3 has no RM.org ID, attempting to look it up...
2026-05-03 20:54:40,884 - INFO - Found project ID 2141 for sqlite3
2026-05-03 20:54:40,884 - INFO - Found project ID 2141 for sqlite3
2026-05-03 20:54:40,884 - INFO - Current: 3.50.1, Latest: 6.0.1
2026-05-03 20:54:40,884 - INFO - Updating sqlite3 to 6.0.1
2026-05-03 20:54:40,884 - INFO - Backed up sqlite3 to /home/lrvick/Sources/stagex/scripts/backups/core/sqlite3
2026-05-03 20:54:41,344 - ERROR - No working download URL found for version 6.0.1
2026-05-03 20:54:41,344 - ERROR - Failed to download source for sqlite3
2026-05-03 20:54:41,344 - INFO - Processing bzip2...
2026-05-03 20:54:41,351 - WARNING - Failed to load stage2: 'version'
2026-05-03 20:54:41,351 - WARNING - Failed to load stage0: 'version'
2026-05-03 20:54:41,352 - WARNING - Failed to load stage3: 'version'
2026-05-03 20:54:41,385 - WARNING - Failed to load clang-meson-busybox: 'version'
2026-05-03 20:54:41,386 - WARNING - Failed to load clang-gnu-busybox: 'version'
2026-05-03 20:54:41,386 - WARNING - Failed to load gcc-gnu-busybox: 'version'
2026-05-03 20:54:41,386 - WARNING - Failed to load solidity: 'version'
2026-05-03 20:54:41,386 - WARNING - Failed to load clang-cmake-busybox: 'version'
2026-05-03 20:54:41,386 - WARNING - Failed to load gcc-gnu-gnu: 'version'
2026-05-03 20:54:41,386 - WARNING - Failed to load luarocks: 'version'
2026-05-03 20:54:41,386 - WARNING - Failed to load rust: 'version'
2026-05-03 20:54:41,386 - WARNING - Failed to load gcc: 'version'
2026-05-03 20:54:41,386 - WARNING - Failed to load php: 'version'
2026-05-03 20:54:41,386 - WARNING - Failed to load python: 'version'
2026-05-03 20:54:41,387 - WARNING - Failed to load clang: 'version'
2026-05-03 20:54:41,387 - WARNING - Failed to load nodejs: 'version'
2026-05-03 20:54:41,387 - WARNING - Failed to load cython: 'version'
2026-05-03 20:54:41,387 - WARNING - Failed to load gcc-cmake-busybox: 'version'
2026-05-03 20:54:41,387 - WARNING - Failed to load php-composer: 'version'
2026-05-03 20:54:41,387 - WARNING - Failed to load go: 'version'
2026-05-03 20:54:41,387 - WARNING - Failed to load lua: 'version'
2026-05-03 20:54:41,387 - WARNING - Failed to load cgo: 'version'
2026-05-03 20:54:41,387 - WARNING - Failed to load gcc-meson-busybox: 'version'
2026-05-03 20:54:41,392 - WARNING - Failed to load cross-x86_64-gnu-gcc: 'version'
2026-05-03 20:54:41,397 - WARNING - Failed to load filesystem: 'version'
2026-05-03 20:54:41,398 - WARNING - Failed to load profile: 'version'
2026-05-03 20:54:41,404 - INFO - Loaded 416 packages
2026-05-03 20:54:41,404 - INFO - bzip2 has no RM.org ID, attempting to look it up...
2026-05-03 20:54:41,973 - INFO - Found project ID 109557 for bzip2
2026-05-03 20:54:41,973 - INFO - Found project ID 109557 for bzip2
2026-05-03 20:54:41,974 - INFO - Current: 1.0.8, Latest: 0.6.1
2026-05-03 20:54:41,974 - INFO - Updating bzip2 to 0.6.1
2026-05-03 20:54:41,974 - INFO - Backed up bzip2 to /home/lrvick/Sources/stagex/scripts/backups/core/bzip2
2026-05-03 20:54:42,679 - ERROR - No working download URL found for version 0.6.1
2026-05-03 20:54:42,679 - ERROR - Failed to download source for bzip2
2026-05-03 20:54:42,679 - INFO - Processing ncurses...
2026-05-03 20:54:42,686 - WARNING - Failed to load stage2: 'version'
2026-05-03 20:54:42,686 - WARNING - Failed to load stage0: 'version'
2026-05-03 20:54:42,687 - WARNING - Failed to load stage3: 'version'
2026-05-03 20:54:42,721 - WARNING - Failed to load clang-meson-busybox: 'version'
2026-05-03 20:54:42,721 - WARNING - Failed to load clang-gnu-busybox: 'version'
2026-05-03 20:54:42,721 - WARNING - Failed to load gcc-gnu-busybox: 'version'
2026-05-03 20:54:42,721 - WARNING - Failed to load solidity: 'version'
2026-05-03 20:54:42,721 - WARNING - Failed to load clang-cmake-busybox: 'version'
2026-05-03 20:54:42,721 - WARNING - Failed to load gcc-gnu-gnu: 'version'
2026-05-03 20:54:42,722 - WARNING - Failed to load luarocks: 'version'
2026-05-03 20:54:42,722 - WARNING - Failed to load rust: 'version'
2026-05-03 20:54:42,722 - WARNING - Failed to load gcc: 'version'
2026-05-03 20:54:42,722 - WARNING - Failed to load php: 'version'
2026-05-03 20:54:42,722 - WARNING - Failed to load python: 'version'
2026-05-03 20:54:42,722 - WARNING - Failed to load clang: 'version'
2026-05-03 20:54:42,722 - WARNING - Failed to load nodejs: 'version'
2026-05-03 20:54:42,722 - WARNING - Failed to load cython: 'version'
2026-05-03 20:54:42,722 - WARNING - Failed to load gcc-cmake-busybox: 'version'
2026-05-03 20:54:42,722 - WARNING - Failed to load php-composer: 'version'
2026-05-03 20:54:42,722 - WARNING - Failed to load go: 'version'
2026-05-03 20:54:42,723 - WARNING - Failed to load lua: 'version'
2026-05-03 20:54:42,723 - WARNING - Failed to load cgo: 'version'
2026-05-03 20:54:42,723 - WARNING - Failed to load gcc-meson-busybox: 'version'
2026-05-03 20:54:42,728 - WARNING - Failed to load cross-x86_64-gnu-gcc: 'version'
2026-05-03 20:54:42,732 - WARNING - Failed to load filesystem: 'version'
2026-05-03 20:54:42,733 - WARNING - Failed to load profile: 'version'
2026-05-03 20:54:42,739 - INFO - Loaded 416 packages
2026-05-03 20:54:42,739 - INFO - ncurses has no RM.org ID, attempting to look it up...
2026-05-03 20:54:43,373 - INFO - Found project ID 200313 for ncurses
2026-05-03 20:54:43,373 - INFO - Found project ID 200313 for ncurses
2026-05-03 20:54:43,373 - INFO - Current: 6.5, Latest: 6.0.1
2026-05-03 20:54:43,373 - INFO - Updating ncurses to 6.0.1
2026-05-03 20:54:43,383 - INFO - Backed up ncurses to /home/lrvick/Sources/stagex/scripts/backups/core/ncurses
2026-05-03 20:54:44,488 - ERROR - No working download URL found for version 6.0.1
2026-05-03 20:54:44,488 - ERROR - Failed to download source for ncurses
2026-05-03 20:54:44,489 - INFO - Processing libffi...
2026-05-03 20:54:44,495 - WARNING - Failed to load stage2: 'version'
2026-05-03 20:54:44,495 - WARNING - Failed to load stage0: 'version'
2026-05-03 20:54:44,496 - WARNING - Failed to load stage3: 'version'
2026-05-03 20:54:44,530 - WARNING - Failed to load clang-meson-busybox: 'version'
2026-05-03 20:54:44,530 - WARNING - Failed to load clang-gnu-busybox: 'version'
2026-05-03 20:54:44,530 - WARNING - Failed to load gcc-gnu-busybox: 'version'
2026-05-03 20:54:44,530 - WARNING - Failed to load solidity: 'version'
2026-05-03 20:54:44,531 - WARNING - Failed to load clang-cmake-busybox: 'version'
2026-05-03 20:54:44,531 - WARNING - Failed to load gcc-gnu-gnu: 'version'
2026-05-03 20:54:44,531 - WARNING - Failed to load luarocks: 'version'
2026-05-03 20:54:44,531 - WARNING - Failed to load rust: 'version'
2026-05-03 20:54:44,531 - WARNING - Failed to load gcc: 'version'
2026-05-03 20:54:44,531 - WARNING - Failed to load php: 'version'
2026-05-03 20:54:44,531 - WARNING - Failed to load python: 'version'
2026-05-03 20:54:44,531 - WARNING - Failed to load clang: 'version'
2026-05-03 20:54:44,531 - WARNING - Failed to load nodejs: 'version'
2026-05-03 20:54:44,531 - WARNING - Failed to load cython: 'version'
2026-05-03 20:54:44,532 - WARNING - Failed to load gcc-cmake-busybox: 'version'
2026-05-03 20:54:44,532 - WARNING - Failed to load php-composer: 'version'
2026-05-03 20:54:44,532 - WARNING - Failed to load go: 'version'
2026-05-03 20:54:44,532 - WARNING - Failed to load lua: 'version'
2026-05-03 20:54:44,532 - WARNING - Failed to load cgo: 'version'
2026-05-03 20:54:44,532 - WARNING - Failed to load gcc-meson-busybox: 'version'
2026-05-03 20:54:44,537 - WARNING - Failed to load cross-x86_64-gnu-gcc: 'version'
2026-05-03 20:54:44,541 - WARNING - Failed to load filesystem: 'version'
2026-05-03 20:54:44,543 - WARNING - Failed to load profile: 'version'
2026-05-03 20:54:44,549 - INFO - Loaded 416 packages
2026-05-03 20:54:44,549 - INFO - libffi has no RM.org ID, attempting to look it up...
2026-05-03 20:54:45,131 - INFO - Found project ID 1093 for libffi
2026-05-03 20:54:45,132 - INFO - Found project ID 1093 for libffi
2026-05-03 20:54:45,132 - INFO - Current: 3.4.6, Latest: 0.2.1
2026-05-03 20:54:45,132 - INFO - Updating libffi to 0.2.1
2026-05-03 20:54:45,132 - INFO - Backed up libffi to /home/lrvick/Sources/stagex/scripts/backups/core/libffi
2026-05-03 20:54:45,354 - ERROR - No working download URL found for version 0.2.1
2026-05-03 20:54:45,354 - ERROR - Failed to download source for libffi
2026-05-03 20:54:45,354 - INFO - Processing python...
2026-05-03 20:54:45,361 - WARNING - Failed to load stage2: 'version'
2026-05-03 20:54:45,361 - WARNING - Failed to load stage0: 'version'
2026-05-03 20:54:45,362 - WARNING - Failed to load stage3: 'version'
2026-05-03 20:54:45,395 - WARNING - Failed to load clang-meson-busybox: 'version'
2026-05-03 20:54:45,396 - WARNING - Failed to load clang-gnu-busybox: 'version'
2026-05-03 20:54:45,396 - WARNING - Failed to load gcc-gnu-busybox: 'version'
2026-05-03 20:54:45,396 - WARNING - Failed to load solidity: 'version'
2026-05-03 20:54:45,396 - WARNING - Failed to load clang-cmake-busybox: 'version'
2026-05-03 20:54:45,396 - WARNING - Failed to load gcc-gnu-gnu: 'version'
2026-05-03 20:54:45,396 - WARNING - Failed to load luarocks: 'version'
2026-05-03 20:54:45,396 - WARNING - Failed to load rust: 'version'
2026-05-03 20:54:45,396 - WARNING - Failed to load gcc: 'version'
2026-05-03 20:54:45,396 - WARNING - Failed to load php: 'version'
2026-05-03 20:54:45,396 - WARNING - Failed to load python: 'version'
2026-05-03 20:54:45,396 - WARNING - Failed to load clang: 'version'
2026-05-03 20:54:45,397 - WARNING - Failed to load nodejs: 'version'
2026-05-03 20:54:45,397 - WARNING - Failed to load cython: 'version'
2026-05-03 20:54:45,397 - WARNING - Failed to load gcc-cmake-busybox: 'version'
2026-05-03 20:54:45,397 - WARNING - Failed to load php-composer: 'version'
2026-05-03 20:54:45,397 - WARNING - Failed to load go: 'version'
2026-05-03 20:54:45,397 - WARNING - Failed to load lua: 'version'
2026-05-03 20:54:45,397 - WARNING - Failed to load cgo: 'version'
2026-05-03 20:54:45,397 - WARNING - Failed to load gcc-meson-busybox: 'version'
2026-05-03 20:54:45,402 - WARNING - Failed to load cross-x86_64-gnu-gcc: 'version'
2026-05-03 20:54:45,407 - WARNING - Failed to load filesystem: 'version'
2026-05-03 20:54:45,408 - WARNING - Failed to load profile: 'version'
2026-05-03 20:54:45,413 - INFO - Loaded 416 packages
2026-05-03 20:54:45,414 - INFO - python has no RM.org ID, attempting to look it up...
2026-05-03 20:54:46,057 - INFO - Found project ID 13254 for python
2026-05-03 20:54:46,057 - INFO - Found project ID 13254 for python
2026-05-03 20:54:46,057 - INFO - Current: 3.14.4, Latest: 3.14.4
2026-05-03 20:54:46,057 - INFO - python is up to date
2026-05-03 20:54:46,057 - INFO - Processing py...
2026-05-03 20:54:46,057 - INFO - Processing meson...
2026-05-03 20:54:46,064 - WARNING - Failed to load stage2: 'version'
2026-05-03 20:54:46,064 - WARNING - Failed to load stage0: 'version'
2026-05-03 20:54:46,065 - WARNING - Failed to load stage3: 'version'
2026-05-03 20:54:46,099 - WARNING - Failed to load clang-meson-busybox: 'version'
2026-05-03 20:54:46,099 - WARNING - Failed to load clang-gnu-busybox: 'version'
2026-05-03 20:54:46,099 - WARNING - Failed to load gcc-gnu-busybox: 'version'
2026-05-03 20:54:46,099 - WARNING - Failed to load solidity: 'version'
2026-05-03 20:54:46,100 - WARNING - Failed to load clang-cmake-busybox: 'version'
2026-05-03 20:54:46,100 - WARNING - Failed to load gcc-gnu-gnu: 'version'
2026-05-03 20:54:46,100 - WARNING - Failed to load luarocks: 'version'
2026-05-03 20:54:46,100 - WARNING - Failed to load rust: 'version'
2026-05-03 20:54:46,100 - WARNING - Failed to load gcc: 'version'
2026-05-03 20:54:46,100 - WARNING - Failed to load php: 'version'
2026-05-03 20:54:46,100 - WARNING - Failed to load python: 'version'
2026-05-03 20:54:46,100 - WARNING - Failed to load clang: 'version'
2026-05-03 20:54:46,100 - WARNING - Failed to load nodejs: 'version'
2026-05-03 20:54:46,100 - WARNING - Failed to load cython: 'version'
2026-05-03 20:54:46,101 - WARNING - Failed to load gcc-cmake-busybox: 'version'
2026-05-03 20:54:46,101 - WARNING - Failed to load php-composer: 'version'
2026-05-03 20:54:46,101 - WARNING - Failed to load go: 'version'
2026-05-03 20:54:46,101 - WARNING - Failed to load lua: 'version'
2026-05-03 20:54:46,101 - WARNING - Failed to load cgo: 'version'
2026-05-03 20:54:46,101 - WARNING - Failed to load gcc-meson-busybox: 'version'
2026-05-03 20:54:46,106 - WARNING - Failed to load cross-x86_64-gnu-gcc: 'version'
2026-05-03 20:54:46,110 - WARNING - Failed to load filesystem: 'version'
2026-05-03 20:54:46,112 - WARNING - Failed to load profile: 'version'
2026-05-03 20:54:46,118 - INFO - Loaded 416 packages
2026-05-03 20:54:46,118 - INFO - meson has no RM.org ID, attempting to look it up...
2026-05-03 20:54:46,706 - INFO - Found project ID 6472 for meson
2026-05-03 20:54:46,706 - INFO - Found project ID 6472 for meson
2026-05-03 20:54:46,706 - INFO - Current: 1.11.1, Latest: 1.11.1
2026-05-03 20:54:46,706 - INFO - meson is up to date
2026-05-03 20:54:46,706 - INFO - Processing m4...
2026-05-03 20:54:46,713 - WARNING - Failed to load stage2: 'version'
2026-05-03 20:54:46,713 - WARNING - Failed to load stage0: 'version'
2026-05-03 20:54:46,714 - WARNING - Failed to load stage3: 'version'
2026-05-03 20:54:46,747 - WARNING - Failed to load clang-meson-busybox: 'version'
2026-05-03 20:54:46,747 - WARNING - Failed to load clang-gnu-busybox: 'version'
2026-05-03 20:54:46,747 - WARNING - Failed to load gcc-gnu-busybox: 'version'
2026-05-03 20:54:46,747 - WARNING - Failed to load solidity: 'version'
2026-05-03 20:54:46,748 - WARNING - Failed to load clang-cmake-busybox: 'version'
2026-05-03 20:54:46,748 - WARNING - Failed to load gcc-gnu-gnu: 'version'
2026-05-03 20:54:46,748 - WARNING - Failed to load luarocks: 'version'
2026-05-03 20:54:46,748 - WARNING - Failed to load rust: 'version'
2026-05-03 20:54:46,748 - WARNING - Failed to load gcc: 'version'
2026-05-03 20:54:46,748 - WARNING - Failed to load php: 'version'
2026-05-03 20:54:46,748 - WARNING - Failed to load python: 'version'
2026-05-03 20:54:46,748 - WARNING - Failed to load clang: 'version'
2026-05-03 20:54:46,748 - WARNING - Failed to load nodejs: 'version'
2026-05-03 20:54:46,748 - WARNING - Failed to load cython: 'version'
2026-05-03 20:54:46,748 - WARNING - Failed to load gcc-cmake-busybox: 'version'
2026-05-03 20:54:46,749 - WARNING - Failed to load php-composer: 'version'
2026-05-03 20:54:46,749 - WARNING - Failed to load go: 'version'
2026-05-03 20:54:46,749 - WARNING - Failed to load lua: 'version'
2026-05-03 20:54:46,749 - WARNING - Failed to load cgo: 'version'
2026-05-03 20:54:46,749 - WARNING - Failed to load gcc-meson-busybox: 'version'
2026-05-03 20:54:46,754 - WARNING - Failed to load cross-x86_64-gnu-gcc: 'version'
2026-05-03 20:54:46,758 - WARNING - Failed to load filesystem: 'version'
2026-05-03 20:54:46,759 - WARNING - Failed to load profile: 'version'
2026-05-03 20:54:46,765 - INFO - Loaded 416 packages
2026-05-03 20:54:46,765 - INFO - m4 has no RM.org ID, attempting to look it up...
2026-05-03 20:54:47,368 - INFO - Found project ID 1871 for m4
2026-05-03 20:54:47,368 - INFO - Found project ID 1871 for m4
2026-05-03 20:54:47,368 - INFO - Current: 1.4.21, Latest: 1.4.21
2026-05-03 20:54:47,368 - INFO - m4 is up to date
2026-05-03 20:54:47,368 - INFO - Processing autoconf...
2026-05-03 20:54:47,375 - WARNING - Failed to load stage2: 'version'
2026-05-03 20:54:47,375 - WARNING - Failed to load stage0: 'version'
2026-05-03 20:54:47,376 - WARNING - Failed to load stage3: 'version'
2026-05-03 20:54:47,409 - WARNING - Failed to load clang-meson-busybox: 'version'
2026-05-03 20:54:47,409 - WARNING - Failed to load clang-gnu-busybox: 'version'
2026-05-03 20:54:47,409 - WARNING - Failed to load gcc-gnu-busybox: 'version'
2026-05-03 20:54:47,409 - WARNING - Failed to load solidity: 'version'
2026-05-03 20:54:47,409 - WARNING - Failed to load clang-cmake-busybox: 'version'
2026-05-03 20:54:47,410 - WARNING - Failed to load gcc-gnu-gnu: 'version'
2026-05-03 20:54:47,410 - WARNING - Failed to load luarocks: 'version'
2026-05-03 20:54:47,410 - WARNING - Failed to load rust: 'version'
2026-05-03 20:54:47,410 - WARNING - Failed to load gcc: 'version'
2026-05-03 20:54:47,410 - WARNING - Failed to load php: 'version'
2026-05-03 20:54:47,410 - WARNING - Failed to load python: 'version'
2026-05-03 20:54:47,410 - WARNING - Failed to load clang: 'version'
2026-05-03 20:54:47,410 - WARNING - Failed to load nodejs: 'version'
2026-05-03 20:54:47,410 - WARNING - Failed to load cython: 'version'
2026-05-03 20:54:47,410 - WARNING - Failed to load gcc-cmake-busybox: 'version'
2026-05-03 20:54:47,410 - WARNING - Failed to load php-composer: 'version'
2026-05-03 20:54:47,411 - WARNING - Failed to load go: 'version'
2026-05-03 20:54:47,411 - WARNING - Failed to load lua: 'version'
2026-05-03 20:54:47,411 - WARNING - Failed to load cgo: 'version'
2026-05-03 20:54:47,411 - WARNING - Failed to load gcc-meson-busybox: 'version'
2026-05-03 20:54:47,416 - WARNING - Failed to load cross-x86_64-gnu-gcc: 'version'
2026-05-03 20:54:47,420 - WARNING - Failed to load filesystem: 'version'
2026-05-03 20:54:47,421 - WARNING - Failed to load profile: 'version'
2026-05-03 20:54:47,427 - INFO - Loaded 416 packages
2026-05-03 20:54:47,427 - INFO - autoconf has no RM.org ID, attempting to look it up...
2026-05-03 20:54:48,004 - INFO - Found project ID 141 for autoconf
2026-05-03 20:54:48,004 - INFO - Found project ID 141 for autoconf
2026-05-03 20:54:48,004 - INFO - Current: 2.73, Latest: 2.73
2026-05-03 20:54:48,004 - INFO - autoconf is up to date
2026-05-03 20:54:48,004 - INFO - Processing ca...
2026-05-03 20:54:48,004 - INFO - Processing curl...
2026-05-03 20:54:48,011 - WARNING - Failed to load stage2: 'version'
2026-05-03 20:54:48,011 - WARNING - Failed to load stage0: 'version'
2026-05-03 20:54:48,012 - WARNING - Failed to load stage3: 'version'
2026-05-03 20:54:48,045 - WARNING - Failed to load clang-meson-busybox: 'version'
2026-05-03 20:54:48,045 - WARNING - Failed to load clang-gnu-busybox: 'version'
2026-05-03 20:54:48,045 - WARNING - Failed to load gcc-gnu-busybox: 'version'
2026-05-03 20:54:48,045 - WARNING - Failed to load solidity: 'version'
2026-05-03 20:54:48,046 - WARNING - Failed to load clang-cmake-busybox: 'version'
2026-05-03 20:54:48,046 - WARNING - Failed to load gcc-gnu-gnu: 'version'
2026-05-03 20:54:48,046 - WARNING - Failed to load luarocks: 'version'
2026-05-03 20:54:48,046 - WARNING - Failed to load rust: 'version'
2026-05-03 20:54:48,046 - WARNING - Failed to load gcc: 'version'
2026-05-03 20:54:48,046 - WARNING - Failed to load php: 'version'
2026-05-03 20:54:48,046 - WARNING - Failed to load python: 'version'
2026-05-03 20:54:48,046 - WARNING - Failed to load clang: 'version'
2026-05-03 20:54:48,046 - WARNING - Failed to load nodejs: 'version'
2026-05-03 20:54:48,046 - WARNING - Failed to load cython: 'version'
2026-05-03 20:54:48,046 - WARNING - Failed to load gcc-cmake-busybox: 'version'
2026-05-03 20:54:48,047 - WARNING - Failed to load php-composer: 'version'
2026-05-03 20:54:48,047 - WARNING - Failed to load go: 'version'
2026-05-03 20:54:48,047 - WARNING - Failed to load lua: 'version'
2026-05-03 20:54:48,047 - WARNING - Failed to load cgo: 'version'
2026-05-03 20:54:48,047 - WARNING - Failed to load gcc-meson-busybox: 'version'
2026-05-03 20:54:48,052 - WARNING - Failed to load cross-x86_64-gnu-gcc: 'version'
2026-05-03 20:54:48,056 - WARNING - Failed to load filesystem: 'version'
2026-05-03 20:54:48,057 - WARNING - Failed to load profile: 'version'
2026-05-03 20:54:48,063 - INFO - Loaded 416 packages
2026-05-03 20:54:48,063 - INFO - curl has no RM.org ID, attempting to look it up...
2026-05-03 20:54:48,805 - INFO - Found project ID 16813 for curl
2026-05-03 20:54:48,805 - INFO - Found project ID 16813 for curl
2026-05-03 20:54:48,805 - INFO - Current: 8.9.1, Latest: 0.4.49
2026-05-03 20:54:48,805 - INFO - Updating curl to 0.4.49
2026-05-03 20:54:48,805 - INFO - Backed up curl to /home/lrvick/Sources/stagex/scripts/backups/core/curl
2026-05-03 20:54:49,010 - ERROR - No working download URL found for version 0.4.49
2026-05-03 20:54:49,010 - ERROR - Failed to download source for curl
2026-05-03 20:54:49,010 - INFO - Processing libatomic_ops...
2026-05-03 20:54:49,017 - WARNING - Failed to load stage2: 'version'
2026-05-03 20:54:49,017 - WARNING - Failed to load stage0: 'version'
2026-05-03 20:54:49,018 - WARNING - Failed to load stage3: 'version'
2026-05-03 20:54:49,051 - WARNING - Failed to load clang-meson-busybox: 'version'
2026-05-03 20:54:49,051 - WARNING - Failed to load clang-gnu-busybox: 'version'
2026-05-03 20:54:49,051 - WARNING - Failed to load gcc-gnu-busybox: 'version'
2026-05-03 20:54:49,051 - WARNING - Failed to load solidity: 'version'
2026-05-03 20:54:49,051 - WARNING - Failed to load clang-cmake-busybox: 'version'
2026-05-03 20:54:49,051 - WARNING - Failed to load gcc-gnu-gnu: 'version'
2026-05-03 20:54:49,051 - WARNING - Failed to load luarocks: 'version'
2026-05-03 20:54:49,051 - WARNING - Failed to load rust: 'version'
2026-05-03 20:54:49,051 - WARNING - Failed to load gcc: 'version'
2026-05-03 20:54:49,052 - WARNING - Failed to load php: 'version'
2026-05-03 20:54:49,052 - WARNING - Failed to load python: 'version'
2026-05-03 20:54:49,052 - WARNING - Failed to load clang: 'version'
2026-05-03 20:54:49,052 - WARNING - Failed to load nodejs: 'version'
2026-05-03 20:54:49,052 - WARNING - Failed to load cython: 'version'
2026-05-03 20:54:49,052 - WARNING - Failed to load gcc-cmake-busybox: 'version'
2026-05-03 20:54:49,052 - WARNING - Failed to load php-composer: 'version'
2026-05-03 20:54:49,052 - WARNING - Failed to load go: 'version'
2026-05-03 20:54:49,052 - WARNING - Failed to load lua: 'version'
2026-05-03 20:54:49,052 - WARNING - Failed to load cgo: 'version'
2026-05-03 20:54:49,052 - WARNING - Failed to load gcc-meson-busybox: 'version'
2026-05-03 20:54:49,057 - WARNING - Failed to load cross-x86_64-gnu-gcc: 'version'
2026-05-03 20:54:49,062 - WARNING - Failed to load filesystem: 'version'
2026-05-03 20:54:49,063 - WARNING - Failed to load profile: 'version'
2026-05-03 20:54:49,069 - INFO - Loaded 416 packages
2026-05-03 20:54:49,069 - INFO - libatomic_ops has no RM.org ID, attempting to look it up...
2026-05-03 20:54:49,646 - INFO - Found project ID 1561 for libatomic_ops
2026-05-03 20:54:49,646 - INFO - Found project ID 1561 for libatomic_ops
2026-05-03 20:54:49,646 - INFO - Current: 7.10.0, Latest: 7.10.0
2026-05-03 20:54:49,646 - INFO - libatomic_ops is up to date
2026-05-03 20:54:49,646 - INFO - Processing binutils...
2026-05-03 20:54:49,653 - WARNING - Failed to load stage2: 'version'
2026-05-03 20:54:49,653 - WARNING - Failed to load stage0: 'version'
2026-05-03 20:54:49,653 - WARNING - Failed to load stage3: 'version'
2026-05-03 20:54:49,687 - WARNING - Failed to load clang-meson-busybox: 'version'
2026-05-03 20:54:49,687 - WARNING - Failed to load clang-gnu-busybox: 'version'
2026-05-03 20:54:49,687 - WARNING - Failed to load gcc-gnu-busybox: 'version'
2026-05-03 20:54:49,687 - WARNING - Failed to load solidity: 'version'
2026-05-03 20:54:49,687 - WARNING - Failed to load clang-cmake-busybox: 'version'
2026-05-03 20:54:49,688 - WARNING - Failed to load gcc-gnu-gnu: 'version'
2026-05-03 20:54:49,688 - WARNING - Failed to load luarocks: 'version'
2026-05-03 20:54:49,688 - WARNING - Failed to load rust: 'version'
2026-05-03 20:54:49,688 - WARNING - Failed to load gcc: 'version'
2026-05-03 20:54:49,688 - WARNING - Failed to load php: 'version'
2026-05-03 20:54:49,688 - WARNING - Failed to load python: 'version'
2026-05-03 20:54:49,688 - WARNING - Failed to load clang: 'version'
2026-05-03 20:54:49,688 - WARNING - Failed to load nodejs: 'version'
2026-05-03 20:54:49,688 - WARNING - Failed to load cython: 'version'
2026-05-03 20:54:49,688 - WARNING - Failed to load gcc-cmake-busybox: 'version'
2026-05-03 20:54:49,688 - WARNING - Failed to load php-composer: 'version'
2026-05-03 20:54:49,689 - WARNING - Failed to load go: 'version'
2026-05-03 20:54:49,689 - WARNING - Failed to load lua: 'version'
2026-05-03 20:54:49,689 - WARNING - Failed to load cgo: 'version'
2026-05-03 20:54:49,689 - WARNING - Failed to load gcc-meson-busybox: 'version'
2026-05-03 20:54:49,694 - WARNING - Failed to load cross-x86_64-gnu-gcc: 'version'
2026-05-03 20:54:49,698 - WARNING - Failed to load filesystem: 'version'
2026-05-03 20:54:49,699 - WARNING - Failed to load profile: 'version'
2026-05-03 20:54:49,705 - INFO - Loaded 416 packages
2026-05-03 20:54:49,705 - INFO - binutils has no RM.org ID, attempting to look it up...
2026-05-03 20:54:50,290 - INFO - Found project ID 7981 for binutils
2026-05-03 20:54:50,290 - INFO - Found project ID 7981 for binutils
2026-05-03 20:54:50,290 - INFO - Current: 2.46.0, Latest: 2.46.0
2026-05-03 20:54:50,290 - INFO - binutils is up to date
2026-05-03 20:54:50,290 - INFO - Processing icu...
2026-05-03 20:54:50,297 - WARNING - Failed to load stage2: 'version'
2026-05-03 20:54:50,297 - WARNING - Failed to load stage0: 'version'
2026-05-03 20:54:50,298 - WARNING - Failed to load stage3: 'version'
2026-05-03 20:54:50,331 - WARNING - Failed to load clang-meson-busybox: 'version'
2026-05-03 20:54:50,331 - WARNING - Failed to load clang-gnu-busybox: 'version'
2026-05-03 20:54:50,331 - WARNING - Failed to load gcc-gnu-busybox: 'version'
2026-05-03 20:54:50,331 - WARNING - Failed to load solidity: 'version'
2026-05-03 20:54:50,331 - WARNING - Failed to load clang-cmake-busybox: 'version'
2026-05-03 20:54:50,331 - WARNING - Failed to load gcc-gnu-gnu: 'version'
2026-05-03 20:54:50,332 - WARNING - Failed to load luarocks: 'version'
2026-05-03 20:54:50,332 - WARNING - Failed to load rust: 'version'
2026-05-03 20:54:50,332 - WARNING - Failed to load gcc: 'version'
2026-05-03 20:54:50,332 - WARNING - Failed to load php: 'version'
2026-05-03 20:54:50,332 - WARNING - Failed to load python: 'version'
2026-05-03 20:54:50,332 - WARNING - Failed to load clang: 'version'
2026-05-03 20:54:50,332 - WARNING - Failed to load nodejs: 'version'
2026-05-03 20:54:50,332 - WARNING - Failed to load cython: 'version'
2026-05-03 20:54:50,332 - WARNING - Failed to load gcc-cmake-busybox: 'version'
2026-05-03 20:54:50,332 - WARNING - Failed to load php-composer: 'version'
2026-05-03 20:54:50,332 - WARNING - Failed to load go: 'version'
2026-05-03 20:54:50,333 - WARNING - Failed to load lua: 'version'
2026-05-03 20:54:50,333 - WARNING - Failed to load cgo: 'version'
2026-05-03 20:54:50,333 - WARNING - Failed to load gcc-meson-busybox: 'version'
2026-05-03 20:54:50,338 - WARNING - Failed to load cross-x86_64-gnu-gcc: 'version'
2026-05-03 20:54:50,342 - WARNING - Failed to load filesystem: 'version'
2026-05-03 20:54:50,343 - WARNING - Failed to load profile: 'version'
2026-05-03 20:54:50,349 - INFO - Loaded 416 packages
2026-05-03 20:54:50,349 - INFO - icu has no RM.org ID, attempting to look it up...
2026-05-03 20:54:50,912 - INFO - Found project ID 379847 for icu
2026-05-03 20:54:50,912 - INFO - Found project ID 379847 for icu
2026-05-03 20:54:50,912 - INFO - Current: 74.2, Latest: 78.3
2026-05-03 20:54:50,912 - INFO - Updating icu to 78.3
2026-05-03 20:54:50,912 - INFO - Backed up icu to /home/lrvick/Sources/stagex/scripts/backups/core/icu
2026-05-03 20:54:51,235 - ERROR - No working download URL found for version 78.3
2026-05-03 20:54:51,235 - ERROR - Failed to download source for icu
2026-05-03 20:54:51,235 - INFO - Processing automake...
2026-05-03 20:54:51,242 - WARNING - Failed to load stage2: 'version'
2026-05-03 20:54:51,242 - WARNING - Failed to load stage0: 'version'
2026-05-03 20:54:51,243 - WARNING - Failed to load stage3: 'version'
2026-05-03 20:54:51,276 - WARNING - Failed to load clang-meson-busybox: 'version'
2026-05-03 20:54:51,277 - WARNING - Failed to load clang-gnu-busybox: 'version'
2026-05-03 20:54:51,277 - WARNING - Failed to load gcc-gnu-busybox: 'version'
2026-05-03 20:54:51,277 - WARNING - Failed to load solidity: 'version'
2026-05-03 20:54:51,277 - WARNING - Failed to load clang-cmake-busybox: 'version'
2026-05-03 20:54:51,277 - WARNING - Failed to load gcc-gnu-gnu: 'version'
2026-05-03 20:54:51,277 - WARNING - Failed to load luarocks: 'version'
2026-05-03 20:54:51,277 - WARNING - Failed to load rust: 'version'
2026-05-03 20:54:51,277 - WARNING - Failed to load gcc: 'version'
2026-05-03 20:54:51,277 - WARNING - Failed to load php: 'version'
2026-05-03 20:54:51,277 - WARNING - Failed to load python: 'version'
2026-05-03 20:54:51,278 - WARNING - Failed to load clang: 'version'
2026-05-03 20:54:51,278 - WARNING - Failed to load nodejs: 'version'
2026-05-03 20:54:51,278 - WARNING - Failed to load cython: 'version'
2026-05-03 20:54:51,278 - WARNING - Failed to load gcc-cmake-busybox: 'version'
2026-05-03 20:54:51,278 - WARNING - Failed to load php-composer: 'version'
2026-05-03 20:54:51,278 - WARNING - Failed to load go: 'version'
2026-05-03 20:54:51,278 - WARNING - Failed to load lua: 'version'
2026-05-03 20:54:51,278 - WARNING - Failed to load cgo: 'version'
2026-05-03 20:54:51,278 - WARNING - Failed to load gcc-meson-busybox: 'version'
2026-05-03 20:54:51,283 - WARNING - Failed to load cross-x86_64-gnu-gcc: 'version'
2026-05-03 20:54:51,288 - WARNING - Failed to load filesystem: 'version'
2026-05-03 20:54:51,289 - WARNING - Failed to load profile: 'version'
2026-05-03 20:54:51,295 - INFO - Loaded 416 packages
2026-05-03 20:54:51,295 - INFO - automake has no RM.org ID, attempting to look it up...
2026-05-03 20:54:51,929 - INFO - Found project ID 144 for automake
2026-05-03 20:54:51,929 - INFO - Found project ID 144 for automake
2026-05-03 20:54:51,929 - INFO - Current: 1.18.1, Latest: 1.18.1
2026-05-03 20:54:51,929 - INFO - automake is up to date
2026-05-03 20:54:51,929 - INFO - Processing libtool...
2026-05-03 20:54:51,936 - WARNING - Failed to load stage2: 'version'
2026-05-03 20:54:51,936 - WARNING - Failed to load stage0: 'version'
2026-05-03 20:54:51,937 - WARNING - Failed to load stage3: 'version'
2026-05-03 20:54:51,971 - WARNING - Failed to load clang-meson-busybox: 'version'
2026-05-03 20:54:51,971 - WARNING - Failed to load clang-gnu-busybox: 'version'
2026-05-03 20:54:51,971 - WARNING - Failed to load gcc-gnu-busybox: 'version'
2026-05-03 20:54:51,971 - WARNING - Failed to load solidity: 'version'
2026-05-03 20:54:51,971 - WARNING - Failed to load clang-cmake-busybox: 'version'
2026-05-03 20:54:51,971 - WARNING - Failed to load gcc-gnu-gnu: 'version'
2026-05-03 20:54:51,971 - WARNING - Failed to load luarocks: 'version'
2026-05-03 20:54:51,972 - WARNING - Failed to load rust: 'version'
2026-05-03 20:54:51,972 - WARNING - Failed to load gcc: 'version'
2026-05-03 20:54:51,972 - WARNING - Failed to load php: 'version'
2026-05-03 20:54:51,972 - WARNING - Failed to load python: 'version'
2026-05-03 20:54:51,972 - WARNING - Failed to load clang: 'version'
2026-05-03 20:54:51,972 - WARNING - Failed to load nodejs: 'version'
2026-05-03 20:54:51,972 - WARNING - Failed to load cython: 'version'
2026-05-03 20:54:51,972 - WARNING - Failed to load gcc-cmake-busybox: 'version'
2026-05-03 20:54:51,972 - WARNING - Failed to load php-composer: 'version'
2026-05-03 20:54:51,972 - WARNING - Failed to load go: 'version'
2026-05-03 20:54:51,972 - WARNING - Failed to load lua: 'version'
2026-05-03 20:54:51,973 - WARNING - Failed to load cgo: 'version'
2026-05-03 20:54:51,973 - WARNING - Failed to load gcc-meson-busybox: 'version'
2026-05-03 20:54:51,978 - WARNING - Failed to load cross-x86_64-gnu-gcc: 'version'
2026-05-03 20:54:51,982 - WARNING - Failed to load filesystem: 'version'
2026-05-03 20:54:51,983 - WARNING - Failed to load profile: 'version'
2026-05-03 20:54:51,989 - INFO - Loaded 416 packages
2026-05-03 20:54:51,989 - INFO - libtool has no RM.org ID, attempting to look it up...
2026-05-03 20:54:52,582 - INFO - Found project ID 1741 for libtool
2026-05-03 20:54:52,582 - INFO - Found project ID 1741 for libtool
2026-05-03 20:54:52,582 - INFO - Current: 2.5.4, Latest: 2.5.4
2026-05-03 20:54:52,582 - INFO - libtool is up to date
2026-05-03 20:54:52,583 - INFO - Processing libxml2...
2026-05-03 20:54:52,589 - WARNING - Failed to load stage2: 'version'
2026-05-03 20:54:52,590 - WARNING - Failed to load stage0: 'version'
2026-05-03 20:54:52,590 - WARNING - Failed to load stage3: 'version'
2026-05-03 20:54:52,624 - WARNING - Failed to load clang-meson-busybox: 'version'
2026-05-03 20:54:52,624 - WARNING - Failed to load clang-gnu-busybox: 'version'
2026-05-03 20:54:52,624 - WARNING - Failed to load gcc-gnu-busybox: 'version'
2026-05-03 20:54:52,624 - WARNING - Failed to load solidity: 'version'
2026-05-03 20:54:52,624 - WARNING - Failed to load clang-cmake-busybox: 'version'
2026-05-03 20:54:52,624 - WARNING - Failed to load gcc-gnu-gnu: 'version'
2026-05-03 20:54:52,624 - WARNING - Failed to load luarocks: 'version'
2026-05-03 20:54:52,624 - WARNING - Failed to load rust: 'version'
2026-05-03 20:54:52,625 - WARNING - Failed to load gcc: 'version'
2026-05-03 20:54:52,625 - WARNING - Failed to load php: 'version'
2026-05-03 20:54:52,625 - WARNING - Failed to load python: 'version'
2026-05-03 20:54:52,625 - WARNING - Failed to load clang: 'version'
2026-05-03 20:54:52,625 - WARNING - Failed to load nodejs: 'version'
2026-05-03 20:54:52,625 - WARNING - Failed to load cython: 'version'
2026-05-03 20:54:52,625 - WARNING - Failed to load gcc-cmake-busybox: 'version'
2026-05-03 20:54:52,625 - WARNING - Failed to load php-composer: 'version'
2026-05-03 20:54:52,625 - WARNING - Failed to load go: 'version'
2026-05-03 20:54:52,625 - WARNING - Failed to load lua: 'version'
2026-05-03 20:54:52,625 - WARNING - Failed to load cgo: 'version'
2026-05-03 20:54:52,625 - WARNING - Failed to load gcc-meson-busybox: 'version'
2026-05-03 20:54:52,630 - WARNING - Failed to load cross-x86_64-gnu-gcc: 'version'
2026-05-03 20:54:52,635 - WARNING - Failed to load filesystem: 'version'
2026-05-03 20:54:52,636 - WARNING - Failed to load profile: 'version'
2026-05-03 20:54:52,642 - INFO - Loaded 416 packages
2026-05-03 20:54:52,642 - INFO - libxml2 has no RM.org ID, attempting to look it up...
2026-05-03 20:54:53,218 - INFO - Found project ID 1783 for libxml2
2026-05-03 20:54:53,218 - INFO - Found project ID 1783 for libxml2
2026-05-03 20:54:53,219 - INFO - Current: 2.15.1, Latest: 2.15.3
2026-05-03 20:54:53,219 - INFO - Updating libxml2 to 2.15.3
2026-05-03 20:54:53,219 - INFO - Backed up libxml2 to /home/lrvick/Sources/stagex/scripts/backups/core/libxml2
2026-05-03 20:54:53,541 - ERROR - No working download URL found for version 2.15.3
2026-05-03 20:54:53,541 - ERROR - Failed to download source for libxml2
2026-05-03 20:54:53,541 - INFO - Processing gettext...
2026-05-03 20:54:53,548 - WARNING - Failed to load stage2: 'version'
2026-05-03 20:54:53,548 - WARNING - Failed to load stage0: 'version'
2026-05-03 20:54:53,548 - WARNING - Failed to load stage3: 'version'
2026-05-03 20:54:53,582 - WARNING - Failed to load clang-meson-busybox: 'version'
2026-05-03 20:54:53,582 - WARNING - Failed to load clang-gnu-busybox: 'version'
2026-05-03 20:54:53,582 - WARNING - Failed to load gcc-gnu-busybox: 'version'
2026-05-03 20:54:53,582 - WARNING - Failed to load solidity: 'version'
2026-05-03 20:54:53,583 - WARNING - Failed to load clang-cmake-busybox: 'version'
2026-05-03 20:54:53,583 - WARNING - Failed to load gcc-gnu-gnu: 'version'
2026-05-03 20:54:53,583 - WARNING - Failed to load luarocks: 'version'
2026-05-03 20:54:53,583 - WARNING - Failed to load rust: 'version'
2026-05-03 20:54:53,583 - WARNING - Failed to load gcc: 'version'
2026-05-03 20:54:53,583 - WARNING - Failed to load php: 'version'
2026-05-03 20:54:53,583 - WARNING - Failed to load python: 'version'
2026-05-03 20:54:53,583 - WARNING - Failed to load clang: 'version'
2026-05-03 20:54:53,583 - WARNING - Failed to load nodejs: 'version'
2026-05-03 20:54:53,583 - WARNING - Failed to load cython: 'version'
2026-05-03 20:54:53,583 - WARNING - Failed to load gcc-cmake-busybox: 'version'
2026-05-03 20:54:53,584 - WARNING - Failed to load php-composer: 'version'
2026-05-03 20:54:53,584 - WARNING - Failed to load go: 'version'
2026-05-03 20:54:53,584 - WARNING - Failed to load lua: 'version'
2026-05-03 20:54:53,584 - WARNING - Failed to load cgo: 'version'
2026-05-03 20:54:53,584 - WARNING - Failed to load gcc-meson-busybox: 'version'
2026-05-03 20:54:53,589 - WARNING - Failed to load cross-x86_64-gnu-gcc: 'version'
2026-05-03 20:54:53,593 - WARNING - Failed to load filesystem: 'version'
2026-05-03 20:54:53,594 - WARNING - Failed to load profile: 'version'
2026-05-03 20:54:53,600 - INFO - Loaded 416 packages
2026-05-03 20:54:53,600 - INFO - gettext has no RM.org ID, attempting to look it up...
2026-05-03 20:54:54,217 - INFO - Found project ID 373907 for gettext
2026-05-03 20:54:54,217 - INFO - Found project ID 373907 for gettext
2026-05-03 20:54:54,217 - INFO - Current: 0.23.2, Latest: 2.1.0
2026-05-03 20:54:54,217 - INFO - Updating gettext to 2.1.0
2026-05-03 20:54:54,227 - INFO - Backed up gettext to /home/lrvick/Sources/stagex/scripts/backups/core/gettext
2026-05-03 20:54:55,401 - ERROR - No working download URL found for version 2.1.0
2026-05-03 20:54:55,401 - ERROR - Failed to download source for gettext
2026-05-03 20:54:55,401 - INFO - Processing diffutils...
2026-05-03 20:54:55,407 - WARNING - Failed to load stage2: 'version'
2026-05-03 20:54:55,407 - WARNING - Failed to load stage0: 'version'
2026-05-03 20:54:55,408 - WARNING - Failed to load stage3: 'version'
2026-05-03 20:54:55,442 - WARNING - Failed to load clang-meson-busybox: 'version'
2026-05-03 20:54:55,442 - WARNING - Failed to load clang-gnu-busybox: 'version'
2026-05-03 20:54:55,442 - WARNING - Failed to load gcc-gnu-busybox: 'version'
2026-05-03 20:54:55,442 - WARNING - Failed to load solidity: 'version'
2026-05-03 20:54:55,442 - WARNING - Failed to load clang-cmake-busybox: 'version'
2026-05-03 20:54:55,442 - WARNING - Failed to load gcc-gnu-gnu: 'version'
2026-05-03 20:54:55,442 - WARNING - Failed to load luarocks: 'version'
2026-05-03 20:54:55,442 - WARNING - Failed to load rust: 'version'
2026-05-03 20:54:55,442 - WARNING - Failed to load gcc: 'version'
2026-05-03 20:54:55,443 - WARNING - Failed to load php: 'version'
2026-05-03 20:54:55,443 - WARNING - Failed to load python: 'version'
2026-05-03 20:54:55,443 - WARNING - Failed to load clang: 'version'
2026-05-03 20:54:55,443 - WARNING - Failed to load nodejs: 'version'
2026-05-03 20:54:55,443 - WARNING - Failed to load cython: 'version'
2026-05-03 20:54:55,443 - WARNING - Failed to load gcc-cmake-busybox: 'version'
2026-05-03 20:54:55,443 - WARNING - Failed to load php-composer: 'version'
2026-05-03 20:54:55,443 - WARNING - Failed to load go: 'version'
2026-05-03 20:54:55,443 - WARNING - Failed to load lua: 'version'
2026-05-03 20:54:55,443 - WARNING - Failed to load cgo: 'version'
2026-05-03 20:54:55,443 - WARNING - Failed to load gcc-meson-busybox: 'version'
2026-05-03 20:54:55,448 - WARNING - Failed to load cross-x86_64-gnu-gcc: 'version'
2026-05-03 20:54:55,453 - WARNING - Failed to load filesystem: 'version'
2026-05-03 20:54:55,454 - WARNING - Failed to load profile: 'version'
2026-05-03 20:54:55,460 - INFO - Loaded 416 packages
2026-05-03 20:54:55,460 - INFO - diffutils has no RM.org ID, attempting to look it up...
2026-05-03 20:54:56,016 - INFO - Found project ID 436 for diffutils
2026-05-03 20:54:56,016 - INFO - Found project ID 436 for diffutils
2026-05-03 20:54:56,016 - INFO - Current: 3.12, Latest: 3.12
2026-05-03 20:54:56,016 - INFO - diffutils is up to date
2026-05-03 20:54:56,016 - INFO - Processing libxslt...
2026-05-03 20:54:56,023 - WARNING - Failed to load stage2: 'version'
2026-05-03 20:54:56,023 - WARNING - Failed to load stage0: 'version'
2026-05-03 20:54:56,024 - WARNING - Failed to load stage3: 'version'
2026-05-03 20:54:56,057 - WARNING - Failed to load clang-meson-busybox: 'version'
2026-05-03 20:54:56,057 - WARNING - Failed to load clang-gnu-busybox: 'version'
2026-05-03 20:54:56,058 - WARNING - Failed to load gcc-gnu-busybox: 'version'
2026-05-03 20:54:56,058 - WARNING - Failed to load solidity: 'version'
2026-05-03 20:54:56,058 - WARNING - Failed to load clang-cmake-busybox: 'version'
2026-05-03 20:54:56,058 - WARNING - Failed to load gcc-gnu-gnu: 'version'
2026-05-03 20:54:56,058 - WARNING - Failed to load luarocks: 'version'
2026-05-03 20:54:56,058 - WARNING - Failed to load rust: 'version'
2026-05-03 20:54:56,058 - WARNING - Failed to load gcc: 'version'
2026-05-03 20:54:56,058 - WARNING - Failed to load php: 'version'
2026-05-03 20:54:56,058 - WARNING - Failed to load python: 'version'
2026-05-03 20:54:56,058 - WARNING - Failed to load clang: 'version'
2026-05-03 20:54:56,058 - WARNING - Failed to load nodejs: 'version'
2026-05-03 20:54:56,059 - WARNING - Failed to load cython: 'version'
2026-05-03 20:54:56,059 - WARNING - Failed to load gcc-cmake-busybox: 'version'
2026-05-03 20:54:56,059 - WARNING - Failed to load php-composer: 'version'
2026-05-03 20:54:56,059 - WARNING - Failed to load go: 'version'
2026-05-03 20:54:56,059 - WARNING - Failed to load lua: 'version'
2026-05-03 20:54:56,059 - WARNING - Failed to load cgo: 'version'
2026-05-03 20:54:56,059 - WARNING - Failed to load gcc-meson-busybox: 'version'
2026-05-03 20:54:56,064 - WARNING - Failed to load cross-x86_64-gnu-gcc: 'version'
2026-05-03 20:54:56,069 - WARNING - Failed to load filesystem: 'version'
2026-05-03 20:54:56,070 - WARNING - Failed to load profile: 'version'
2026-05-03 20:54:56,075 - INFO - Loaded 416 packages
2026-05-03 20:54:56,075 - INFO - libxslt has no RM.org ID, attempting to look it up...
2026-05-03 20:54:56,637 - INFO - Found project ID 13301 for libxslt
2026-05-03 20:54:56,637 - INFO - Found project ID 13301 for libxslt
2026-05-03 20:54:56,637 - INFO - Current: 1.1.43, Latest: 1.1.45
2026-05-03 20:54:56,637 - INFO - Updating libxslt to 1.1.45
2026-05-03 20:54:56,638 - INFO - Backed up libxslt to /home/lrvick/Sources/stagex/scripts/backups/core/libxslt
2026-05-03 20:54:56,781 - ERROR - No working download URL found for version 1.1.45
2026-05-03 20:54:56,781 - ERROR - Failed to download source for libxslt
2026-05-03 20:54:56,781 - INFO - Processing docbook...
2026-05-03 20:54:56,781 - INFO - Processing po4a...
2026-05-03 20:54:56,788 - WARNING - Failed to load stage2: 'version'
2026-05-03 20:54:56,788 - WARNING - Failed to load stage0: 'version'
2026-05-03 20:54:56,788 - WARNING - Failed to load stage3: 'version'
2026-05-03 20:54:56,822 - WARNING - Failed to load clang-meson-busybox: 'version'
2026-05-03 20:54:56,822 - WARNING - Failed to load clang-gnu-busybox: 'version'
2026-05-03 20:54:56,822 - WARNING - Failed to load gcc-gnu-busybox: 'version'
2026-05-03 20:54:56,822 - WARNING - Failed to load solidity: 'version'
2026-05-03 20:54:56,822 - WARNING - Failed to load clang-cmake-busybox: 'version'
2026-05-03 20:54:56,822 - WARNING - Failed to load gcc-gnu-gnu: 'version'
2026-05-03 20:54:56,823 - WARNING - Failed to load luarocks: 'version'
2026-05-03 20:54:56,823 - WARNING - Failed to load rust: 'version'
2026-05-03 20:54:56,823 - WARNING - Failed to load gcc: 'version'
2026-05-03 20:54:56,823 - WARNING - Failed to load php: 'version'
2026-05-03 20:54:56,823 - WARNING - Failed to load python: 'version'
2026-05-03 20:54:56,823 - WARNING - Failed to load clang: 'version'
2026-05-03 20:54:56,823 - WARNING - Failed to load nodejs: 'version'
2026-05-03 20:54:56,823 - WARNING - Failed to load cython: 'version'
2026-05-03 20:54:56,823 - WARNING - Failed to load gcc-cmake-busybox: 'version'
2026-05-03 20:54:56,823 - WARNING - Failed to load php-composer: 'version'
2026-05-03 20:54:56,823 - WARNING - Failed to load go: 'version'
2026-05-03 20:54:56,824 - WARNING - Failed to load lua: 'version'
2026-05-03 20:54:56,824 - WARNING - Failed to load cgo: 'version'
2026-05-03 20:54:56,824 - WARNING - Failed to load gcc-meson-busybox: 'version'
2026-05-03 20:54:56,829 - WARNING - Failed to load cross-x86_64-gnu-gcc: 'version'
2026-05-03 20:54:56,833 - WARNING - Failed to load filesystem: 'version'
2026-05-03 20:54:56,834 - WARNING - Failed to load profile: 'version'
2026-05-03 20:54:56,840 - INFO - Loaded 416 packages
2026-05-03 20:54:56,840 - INFO - po4a has no RM.org ID, attempting to look it up...
2026-05-03 20:54:57,423 - INFO - Found project ID 3675 for po4a
2026-05-03 20:54:57,423 - INFO - Found project ID 3675 for po4a
2026-05-03 20:54:57,423 - INFO - Current: 0.74, Latest: 0.74
2026-05-03 20:54:57,423 - INFO - po4a is up to date
2026-05-03 20:54:57,423 - INFO - Processing xz...
2026-05-03 20:54:57,430 - WARNING - Failed to load stage2: 'version'
2026-05-03 20:54:57,430 - WARNING - Failed to load stage0: 'version'
2026-05-03 20:54:57,431 - WARNING - Failed to load stage3: 'version'
2026-05-03 20:54:57,465 - WARNING - Failed to load clang-meson-busybox: 'version'
2026-05-03 20:54:57,465 - WARNING - Failed to load clang-gnu-busybox: 'version'
2026-05-03 20:54:57,465 - WARNING - Failed to load gcc-gnu-busybox: 'version'
2026-05-03 20:54:57,465 - WARNING - Failed to load solidity: 'version'
2026-05-03 20:54:57,465 - WARNING - Failed to load clang-cmake-busybox: 'version'
2026-05-03 20:54:57,465 - WARNING - Failed to load gcc-gnu-gnu: 'version'
2026-05-03 20:54:57,465 - WARNING - Failed to load luarocks: 'version'
2026-05-03 20:54:57,465 - WARNING - Failed to load rust: 'version'
2026-05-03 20:54:57,466 - WARNING - Failed to load gcc: 'version'
2026-05-03 20:54:57,466 - WARNING - Failed to load php: 'version'
2026-05-03 20:54:57,466 - WARNING - Failed to load python: 'version'
2026-05-03 20:54:57,466 - WARNING - Failed to load clang: 'version'
2026-05-03 20:54:57,466 - WARNING - Failed to load nodejs: 'version'
2026-05-03 20:54:57,466 - WARNING - Failed to load cython: 'version'
2026-05-03 20:54:57,466 - WARNING - Failed to load gcc-cmake-busybox: 'version'
2026-05-03 20:54:57,466 - WARNING - Failed to load php-composer: 'version'
2026-05-03 20:54:57,466 - WARNING - Failed to load go: 'version'
2026-05-03 20:54:57,466 - WARNING - Failed to load lua: 'version'
2026-05-03 20:54:57,466 - WARNING - Failed to load cgo: 'version'
2026-05-03 20:54:57,467 - WARNING - Failed to load gcc-meson-busybox: 'version'
2026-05-03 20:54:57,472 - WARNING - Failed to load cross-x86_64-gnu-gcc: 'version'
2026-05-03 20:54:57,476 - WARNING - Failed to load filesystem: 'version'
2026-05-03 20:54:57,477 - WARNING - Failed to load profile: 'version'
2026-05-03 20:54:57,483 - INFO - Loaded 416 packages
2026-05-03 20:54:57,483 - INFO - xz has no RM.org ID, attempting to look it up...
2026-05-03 20:54:58,098 - INFO - Found project ID 19473 for xz
2026-05-03 20:54:58,098 - INFO - Found project ID 19473 for xz
2026-05-03 20:54:58,098 - INFO - Current: 5.6.2, Latest: 2.0.0-dev.1
2026-05-03 20:54:58,098 - INFO - Updating xz to 2.0.0-dev.1
2026-05-03 20:54:58,099 - INFO - Backed up xz to /home/lrvick/Sources/stagex/scripts/backups/core/xz
2026-05-03 20:54:58,547 - ERROR - No working download URL found for version 2.0.0-dev.1
2026-05-03 20:54:58,547 - ERROR - Failed to download source for xz
2026-05-03 20:54:58,547 - INFO - Processing boost...
2026-05-03 20:54:58,554 - WARNING - Failed to load stage2: 'version'
2026-05-03 20:54:58,554 - WARNING - Failed to load stage0: 'version'
2026-05-03 20:54:58,555 - WARNING - Failed to load stage3: 'version'
2026-05-03 20:54:58,588 - WARNING - Failed to load clang-meson-busybox: 'version'
2026-05-03 20:54:58,588 - WARNING - Failed to load clang-gnu-busybox: 'version'
2026-05-03 20:54:58,588 - WARNING - Failed to load gcc-gnu-busybox: 'version'
2026-05-03 20:54:58,588 - WARNING - Failed to load solidity: 'version'
2026-05-03 20:54:58,589 - WARNING - Failed to load clang-cmake-busybox: 'version'
2026-05-03 20:54:58,589 - WARNING - Failed to load gcc-gnu-gnu: 'version'
2026-05-03 20:54:58,589 - WARNING - Failed to load luarocks: 'version'
2026-05-03 20:54:58,589 - WARNING - Failed to load rust: 'version'
2026-05-03 20:54:58,589 - WARNING - Failed to load gcc: 'version'
2026-05-03 20:54:58,589 - WARNING - Failed to load php: 'version'
2026-05-03 20:54:58,589 - WARNING - Failed to load python: 'version'
2026-05-03 20:54:58,589 - WARNING - Failed to load clang: 'version'
2026-05-03 20:54:58,589 - WARNING - Failed to load nodejs: 'version'
2026-05-03 20:54:58,589 - WARNING - Failed to load cython: 'version'
2026-05-03 20:54:58,589 - WARNING - Failed to load gcc-cmake-busybox: 'version'
2026-05-03 20:54:58,590 - WARNING - Failed to load php-composer: 'version'
2026-05-03 20:54:58,590 - WARNING - Failed to load go: 'version'
2026-05-03 20:54:58,590 - WARNING - Failed to load lua: 'version'
2026-05-03 20:54:58,590 - WARNING - Failed to load cgo: 'version'
2026-05-03 20:54:58,590 - WARNING - Failed to load gcc-meson-busybox: 'version'
2026-05-03 20:54:58,595 - WARNING - Failed to load cross-x86_64-gnu-gcc: 'version'
2026-05-03 20:54:58,599 - WARNING - Failed to load filesystem: 'version'
2026-05-03 20:54:58,600 - WARNING - Failed to load profile: 'version'
2026-05-03 20:54:58,606 - INFO - Loaded 416 packages
2026-05-03 20:54:58,606 - INFO - boost has no RM.org ID, attempting to look it up...
2026-05-03 20:54:59,179 - INFO - Found project ID 6845 for boost
2026-05-03 20:54:59,179 - INFO - Found project ID 6845 for boost
2026-05-03 20:54:59,179 - INFO - Current: 1.88.0, Latest: 1.91.0-1
2026-05-03 20:54:59,179 - INFO - Updating boost to 1.91.0-1
2026-05-03 20:54:59,179 - INFO - Backed up boost to /home/lrvick/Sources/stagex/scripts/backups/core/boost
2026-05-03 20:54:59,563 - ERROR - No working download URL found for version 1.91.0-1
2026-05-03 20:54:59,564 - ERROR - Failed to download source for boost
2026-05-03 20:54:59,564 - INFO - Processing fmt...
2026-05-03 20:54:59,570 - WARNING - Failed to load stage2: 'version'
2026-05-03 20:54:59,573 - WARNING - Failed to load stage0: 'version'
2026-05-03 20:54:59,574 - WARNING - Failed to load stage3: 'version'
2026-05-03 20:54:59,607 - WARNING - Failed to load clang-meson-busybox: 'version'
2026-05-03 20:54:59,607 - WARNING - Failed to load clang-gnu-busybox: 'version'
2026-05-03 20:54:59,607 - WARNING - Failed to load gcc-gnu-busybox: 'version'
2026-05-03 20:54:59,608 - WARNING - Failed to load solidity: 'version'
2026-05-03 20:54:59,608 - WARNING - Failed to load clang-cmake-busybox: 'version'
2026-05-03 20:54:59,608 - WARNING - Failed to load gcc-gnu-gnu: 'version'
2026-05-03 20:54:59,608 - WARNING - Failed to load luarocks: 'version'
2026-05-03 20:54:59,608 - WARNING - Failed to load rust: 'version'
2026-05-03 20:54:59,608 - WARNING - Failed to load gcc: 'version'
2026-05-03 20:54:59,608 - WARNING - Failed to load php: 'version'
2026-05-03 20:54:59,608 - WARNING - Failed to load python: 'version'
2026-05-03 20:54:59,608 - WARNING - Failed to load clang: 'version'
2026-05-03 20:54:59,608 - WARNING - Failed to load nodejs: 'version'
2026-05-03 20:54:59,608 - WARNING - Failed to load cython: 'version'
2026-05-03 20:54:59,609 - WARNING - Failed to load gcc-cmake-busybox: 'version'
2026-05-03 20:54:59,609 - WARNING - Failed to load php-composer: 'version'
2026-05-03 20:54:59,609 - WARNING - Failed to load go: 'version'
2026-05-03 20:54:59,609 - WARNING - Failed to load lua: 'version'
2026-05-03 20:54:59,609 - WARNING - Failed to load cgo: 'version'
2026-05-03 20:54:59,609 - WARNING - Failed to load gcc-meson-busybox: 'version'
2026-05-03 20:54:59,614 - WARNING - Failed to load cross-x86_64-gnu-gcc: 'version'
2026-05-03 20:54:59,618 - WARNING - Failed to load filesystem: 'version'
2026-05-03 20:54:59,620 - WARNING - Failed to load profile: 'version'
2026-05-03 20:54:59,625 - INFO - Loaded 416 packages
2026-05-03 20:54:59,625 - INFO - fmt has no RM.org ID, attempting to look it up...
2026-05-03 20:55:00,199 - INFO - Found project ID 63826 for fmt
2026-05-03 20:55:00,199 - INFO - Found project ID 63826 for fmt
2026-05-03 20:55:00,200 - INFO - Current: 12.1.0, Latest: 0.11.0
2026-05-03 20:55:00,200 - INFO - Updating fmt to 0.11.0
2026-05-03 20:55:00,200 - INFO - Backed up fmt to /home/lrvick/Sources/stagex/scripts/backups/core/fmt
2026-05-03 20:55:00,655 - ERROR - No working download URL found for version 0.11.0
2026-05-03 20:55:00,655 - ERROR - Failed to download source for fmt
2026-05-03 20:55:00,655 - INFO - Processing nlohmann...
2026-05-03 20:55:00,655 - INFO - Processing range...
2026-05-03 20:55:00,655 - INFO - Processing solidity...
2026-05-03 20:55:00,662 - WARNING - Failed to load stage2: 'version'
2026-05-03 20:55:00,662 - WARNING - Failed to load stage0: 'version'
2026-05-03 20:55:00,662 - WARNING - Failed to load stage3: 'version'
2026-05-03 20:55:00,696 - WARNING - Failed to load clang-meson-busybox: 'version'
2026-05-03 20:55:00,696 - WARNING - Failed to load clang-gnu-busybox: 'version'
2026-05-03 20:55:00,696 - WARNING - Failed to load gcc-gnu-busybox: 'version'
2026-05-03 20:55:00,696 - WARNING - Failed to load solidity: 'version'
2026-05-03 20:55:00,696 - WARNING - Failed to load clang-cmake-busybox: 'version'
2026-05-03 20:55:00,696 - WARNING - Failed to load gcc-gnu-gnu: 'version'
2026-05-03 20:55:00,697 - WARNING - Failed to load luarocks: 'version'
2026-05-03 20:55:00,697 - WARNING - Failed to load rust: 'version'
2026-05-03 20:55:00,697 - WARNING - Failed to load gcc: 'version'
2026-05-03 20:55:00,697 - WARNING - Failed to load php: 'version'
2026-05-03 20:55:00,697 - WARNING - Failed to load python: 'version'
2026-05-03 20:55:00,697 - WARNING - Failed to load clang: 'version'
2026-05-03 20:55:00,697 - WARNING - Failed to load nodejs: 'version'
2026-05-03 20:55:00,697 - WARNING - Failed to load cython: 'version'
2026-05-03 20:55:00,697 - WARNING - Failed to load gcc-cmake-busybox: 'version'
2026-05-03 20:55:00,697 - WARNING - Failed to load php-composer: 'version'
2026-05-03 20:55:00,697 - WARNING - Failed to load go: 'version'
2026-05-03 20:55:00,698 - WARNING - Failed to load lua: 'version'
2026-05-03 20:55:00,698 - WARNING - Failed to load cgo: 'version'
2026-05-03 20:55:00,698 - WARNING - Failed to load gcc-meson-busybox: 'version'
2026-05-03 20:55:00,703 - WARNING - Failed to load cross-x86_64-gnu-gcc: 'version'
2026-05-03 20:55:00,707 - WARNING - Failed to load filesystem: 'version'
2026-05-03 20:55:00,708 - WARNING - Failed to load profile: 'version'
2026-05-03 20:55:00,714 - INFO - Loaded 416 packages
2026-05-03 20:55:00,714 - INFO - solidity has no RM.org ID, attempting to look it up...
2026-05-03 20:55:01,342 - INFO - Found project ID 15988 for solidity
2026-05-03 20:55:01,342 - INFO - Found project ID 15988 for solidity
2026-05-03 20:55:01,342 - INFO - Current: 0.8.30, Latest: 0.8.35
2026-05-03 20:55:01,342 - INFO - Updating solidity to 0.8.35
2026-05-03 20:55:01,343 - INFO - Backed up solidity to /home/lrvick/Sources/stagex/scripts/backups/core/solidity
2026-05-03 20:55:01,929 - ERROR - No working download URL found for version 0.8.35
2026-05-03 20:55:01,929 - ERROR - Failed to download source for solidity
2026-05-03 20:55:01,929 - INFO - Processing bison...
2026-05-03 20:55:01,935 - WARNING - Failed to load stage2: 'version'
2026-05-03 20:55:01,936 - WARNING - Failed to load stage0: 'version'
2026-05-03 20:55:01,936 - WARNING - Failed to load stage3: 'version'
2026-05-03 20:55:01,970 - WARNING - Failed to load clang-meson-busybox: 'version'
2026-05-03 20:55:01,970 - WARNING - Failed to load clang-gnu-busybox: 'version'
2026-05-03 20:55:01,970 - WARNING - Failed to load gcc-gnu-busybox: 'version'
2026-05-03 20:55:01,970 - WARNING - Failed to load solidity: 'version'
2026-05-03 20:55:01,970 - WARNING - Failed to load clang-cmake-busybox: 'version'
2026-05-03 20:55:01,970 - WARNING - Failed to load gcc-gnu-gnu: 'version'
2026-05-03 20:55:01,970 - WARNING - Failed to load luarocks: 'version'
2026-05-03 20:55:01,970 - WARNING - Failed to load rust: 'version'
2026-05-03 20:55:01,970 - WARNING - Failed to load gcc: 'version'
2026-05-03 20:55:01,971 - WARNING - Failed to load php: 'version'
2026-05-03 20:55:01,971 - WARNING - Failed to load python: 'version'
2026-05-03 20:55:01,971 - WARNING - Failed to load clang: 'version'
2026-05-03 20:55:01,971 - WARNING - Failed to load nodejs: 'version'
2026-05-03 20:55:01,971 - WARNING - Failed to load cython: 'version'
2026-05-03 20:55:01,971 - WARNING - Failed to load gcc-cmake-busybox: 'version'
2026-05-03 20:55:01,971 - WARNING - Failed to load php-composer: 'version'
2026-05-03 20:55:01,971 - WARNING - Failed to load go: 'version'
2026-05-03 20:55:01,971 - WARNING - Failed to load lua: 'version'
2026-05-03 20:55:01,971 - WARNING - Failed to load cgo: 'version'
2026-05-03 20:55:01,971 - WARNING - Failed to load gcc-meson-busybox: 'version'
2026-05-03 20:55:01,977 - WARNING - Failed to load cross-x86_64-gnu-gcc: 'version'
2026-05-03 20:55:01,981 - WARNING - Failed to load filesystem: 'version'
2026-05-03 20:55:01,982 - WARNING - Failed to load profile: 'version'
2026-05-03 20:55:01,988 - INFO - Loaded 416 packages
2026-05-03 20:55:01,988 - INFO - bison has no RM.org ID, attempting to look it up...
2026-05-03 20:55:02,611 - INFO - Found project ID 193 for bison
2026-05-03 20:55:02,611 - INFO - Found project ID 193 for bison
2026-05-03 20:55:02,611 - INFO - Current: 3.8.2, Latest: 3.8.2
2026-05-03 20:55:02,611 - INFO - bison is up to date
2026-05-03 20:55:02,612 - INFO - Processing flex...
2026-05-03 20:55:02,618 - WARNING - Failed to load stage2: 'version'
2026-05-03 20:55:02,619 - WARNING - Failed to load stage0: 'version'
2026-05-03 20:55:02,619 - WARNING - Failed to load stage3: 'version'
2026-05-03 20:55:02,653 - WARNING - Failed to load clang-meson-busybox: 'version'
2026-05-03 20:55:02,653 - WARNING - Failed to load clang-gnu-busybox: 'version'
2026-05-03 20:55:02,653 - WARNING - Failed to load gcc-gnu-busybox: 'version'
2026-05-03 20:55:02,653 - WARNING - Failed to load solidity: 'version'
2026-05-03 20:55:02,653 - WARNING - Failed to load clang-cmake-busybox: 'version'
2026-05-03 20:55:02,653 - WARNING - Failed to load gcc-gnu-gnu: 'version'
2026-05-03 20:55:02,653 - WARNING - Failed to load luarocks: 'version'
2026-05-03 20:55:02,654 - WARNING - Failed to load rust: 'version'
2026-05-03 20:55:02,654 - WARNING - Failed to load gcc: 'version'
2026-05-03 20:55:02,654 - WARNING - Failed to load php: 'version'
2026-05-03 20:55:02,654 - WARNING - Failed to load python: 'version'
2026-05-03 20:55:02,654 - WARNING - Failed to load clang: 'version'
2026-05-03 20:55:02,654 - WARNING - Failed to load nodejs: 'version'
2026-05-03 20:55:02,654 - WARNING - Failed to load cython: 'version'
2026-05-03 20:55:02,654 - WARNING - Failed to load gcc-cmake-busybox: 'version'
2026-05-03 20:55:02,654 - WARNING - Failed to load php-composer: 'version'
2026-05-03 20:55:02,654 - WARNING - Failed to load go: 'version'
2026-05-03 20:55:02,654 - WARNING - Failed to load lua: 'version'
2026-05-03 20:55:02,655 - WARNING - Failed to load cgo: 'version'
2026-05-03 20:55:02,655 - WARNING - Failed to load gcc-meson-busybox: 'version'
2026-05-03 20:55:02,660 - WARNING - Failed to load cross-x86_64-gnu-gcc: 'version'
2026-05-03 20:55:02,664 - WARNING - Failed to load filesystem: 'version'
2026-05-03 20:55:02,665 - WARNING - Failed to load profile: 'version'
2026-05-03 20:55:02,671 - INFO - Loaded 416 packages
2026-05-03 20:55:02,671 - INFO - flex has no RM.org ID, attempting to look it up...
2026-05-03 20:55:03,236 - INFO - Found project ID 819 for flex
2026-05-03 20:55:03,236 - INFO - Found project ID 819 for flex
2026-05-03 20:55:03,236 - INFO - Current: 2.6.4, Latest: 2.6.4
2026-05-03 20:55:03,236 - INFO - flex is up to date
2026-05-03 20:55:03,236 - INFO - Processing texinfo...
2026-05-03 20:55:03,243 - WARNING - Failed to load stage2: 'version'
2026-05-03 20:55:03,243 - WARNING - Failed to load stage0: 'version'
2026-05-03 20:55:03,244 - WARNING - Failed to load stage3: 'version'
2026-05-03 20:55:03,277 - WARNING - Failed to load clang-meson-busybox: 'version'
2026-05-03 20:55:03,277 - WARNING - Failed to load clang-gnu-busybox: 'version'
2026-05-03 20:55:03,278 - WARNING - Failed to load gcc-gnu-busybox: 'version'
2026-05-03 20:55:03,278 - WARNING - Failed to load solidity: 'version'
2026-05-03 20:55:03,278 - WARNING - Failed to load clang-cmake-busybox: 'version'
2026-05-03 20:55:03,278 - WARNING - Failed to load gcc-gnu-gnu: 'version'
2026-05-03 20:55:03,278 - WARNING - Failed to load luarocks: 'version'
2026-05-03 20:55:03,278 - WARNING - Failed to load rust: 'version'
2026-05-03 20:55:03,278 - WARNING - Failed to load gcc: 'version'
2026-05-03 20:55:03,278 - WARNING - Failed to load php: 'version'
2026-05-03 20:55:03,278 - WARNING - Failed to load python: 'version'
2026-05-03 20:55:03,278 - WARNING - Failed to load clang: 'version'
2026-05-03 20:55:03,278 - WARNING - Failed to load nodejs: 'version'
2026-05-03 20:55:03,279 - WARNING - Failed to load cython: 'version'
2026-05-03 20:55:03,279 - WARNING - Failed to load gcc-cmake-busybox: 'version'
2026-05-03 20:55:03,279 - WARNING - Failed to load php-composer: 'version'
2026-05-03 20:55:03,279 - WARNING - Failed to load go: 'version'
2026-05-03 20:55:03,279 - WARNING - Failed to load lua: 'version'
2026-05-03 20:55:03,279 - WARNING - Failed to load cgo: 'version'
2026-05-03 20:55:03,279 - WARNING - Failed to load gcc-meson-busybox: 'version'
2026-05-03 20:55:03,284 - WARNING - Failed to load cross-x86_64-gnu-gcc: 'version'
2026-05-03 20:55:03,289 - WARNING - Failed to load filesystem: 'version'
2026-05-03 20:55:03,290 - WARNING - Failed to load profile: 'version'
2026-05-03 20:55:03,295 - INFO - Loaded 416 packages
2026-05-03 20:55:03,296 - INFO - texinfo has no RM.org ID, attempting to look it up...
2026-05-03 20:55:03,860 - INFO - Found project ID 4958 for texinfo
2026-05-03 20:55:03,860 - INFO - Found project ID 4958 for texinfo
2026-05-03 20:55:03,860 - INFO - Current: 7.3, Latest: 7.3
2026-05-03 20:55:03,860 - INFO - texinfo is up to date
2026-05-03 20:55:03,860 - INFO - Processing gawk...
2026-05-03 20:55:03,867 - WARNING - Failed to load stage2: 'version'
2026-05-03 20:55:03,867 - WARNING - Failed to load stage0: 'version'
2026-05-03 20:55:03,868 - WARNING - Failed to load stage3: 'version'
2026-05-03 20:55:03,902 - WARNING - Failed to load clang-meson-busybox: 'version'
2026-05-03 20:55:03,902 - WARNING - Failed to load clang-gnu-busybox: 'version'
2026-05-03 20:55:03,902 - WARNING - Failed to load gcc-gnu-busybox: 'version'
2026-05-03 20:55:03,902 - WARNING - Failed to load solidity: 'version'
2026-05-03 20:55:03,902 - WARNING - Failed to load clang-cmake-busybox: 'version'
2026-05-03 20:55:03,902 - WARNING - Failed to load gcc-gnu-gnu: 'version'
2026-05-03 20:55:03,902 - WARNING - Failed to load luarocks: 'version'
2026-05-03 20:55:03,902 - WARNING - Failed to load rust: 'version'
2026-05-03 20:55:03,902 - WARNING - Failed to load gcc: 'version'
2026-05-03 20:55:03,902 - WARNING - Failed to load php: 'version'
2026-05-03 20:55:03,903 - WARNING - Failed to load python: 'version'
2026-05-03 20:55:03,903 - WARNING - Failed to load clang: 'version'
2026-05-03 20:55:03,903 - WARNING - Failed to load nodejs: 'version'
2026-05-03 20:55:03,903 - WARNING - Failed to load cython: 'version'
2026-05-03 20:55:03,903 - WARNING - Failed to load gcc-cmake-busybox: 'version'
2026-05-03 20:55:03,903 - WARNING - Failed to load php-composer: 'version'
2026-05-03 20:55:03,903 - WARNING - Failed to load go: 'version'
2026-05-03 20:55:03,903 - WARNING - Failed to load lua: 'version'
2026-05-03 20:55:03,903 - WARNING - Failed to load cgo: 'version'
2026-05-03 20:55:03,903 - WARNING - Failed to load gcc-meson-busybox: 'version'
2026-05-03 20:55:03,908 - WARNING - Failed to load cross-x86_64-gnu-gcc: 'version'
2026-05-03 20:55:03,913 - WARNING - Failed to load filesystem: 'version'
2026-05-03 20:55:03,914 - WARNING - Failed to load profile: 'version'
2026-05-03 20:55:03,920 - INFO - Loaded 416 packages
2026-05-03 20:55:03,920 - INFO - gawk has no RM.org ID, attempting to look it up...
2026-05-03 20:55:04,539 - INFO - Found project ID 868 for gawk
2026-05-03 20:55:04,540 - INFO - Found project ID 868 for gawk
2026-05-03 20:55:04,540 - INFO - Current: 5.4.0, Latest: 5.4.0
2026-05-03 20:55:04,540 - INFO - gawk is up to date
2026-05-03 20:55:04,540 - INFO - Processing gmp...
2026-05-03 20:55:04,547 - WARNING - Failed to load stage2: 'version'
2026-05-03 20:55:04,547 - WARNING - Failed to load stage0: 'version'
2026-05-03 20:55:04,547 - WARNING - Failed to load stage3: 'version'
2026-05-03 20:55:04,581 - WARNING - Failed to load clang-meson-busybox: 'version'
2026-05-03 20:55:04,581 - WARNING - Failed to load clang-gnu-busybox: 'version'
2026-05-03 20:55:04,581 - WARNING - Failed to load gcc-gnu-busybox: 'version'
2026-05-03 20:55:04,581 - WARNING - Failed to load solidity: 'version'
2026-05-03 20:55:04,581 - WARNING - Failed to load clang-cmake-busybox: 'version'
2026-05-03 20:55:04,582 - WARNING - Failed to load gcc-gnu-gnu: 'version'
2026-05-03 20:55:04,582 - WARNING - Failed to load luarocks: 'version'
2026-05-03 20:55:04,582 - WARNING - Failed to load rust: 'version'
2026-05-03 20:55:04,582 - WARNING - Failed to load gcc: 'version'
2026-05-03 20:55:04,582 - WARNING - Failed to load php: 'version'
2026-05-03 20:55:04,582 - WARNING - Failed to load python: 'version'
2026-05-03 20:55:04,582 - WARNING - Failed to load clang: 'version'
2026-05-03 20:55:04,582 - WARNING - Failed to load nodejs: 'version'
2026-05-03 20:55:04,582 - WARNING - Failed to load cython: 'version'
2026-05-03 20:55:04,582 - WARNING - Failed to load gcc-cmake-busybox: 'version'
2026-05-03 20:55:04,582 - WARNING - Failed to load php-composer: 'version'
2026-05-03 20:55:04,583 - WARNING - Failed to load go: 'version'
2026-05-03 20:55:04,583 - WARNING - Failed to load lua: 'version'
2026-05-03 20:55:04,583 - WARNING - Failed to load cgo: 'version'
2026-05-03 20:55:04,583 - WARNING - Failed to load gcc-meson-busybox: 'version'
2026-05-03 20:55:04,588 - WARNING - Failed to load cross-x86_64-gnu-gcc: 'version'
2026-05-03 20:55:04,595 - WARNING - Failed to load filesystem: 'version'
2026-05-03 20:55:04,596 - WARNING - Failed to load profile: 'version'
2026-05-03 20:55:04,602 - INFO - Loaded 416 packages
2026-05-03 20:55:04,602 - INFO - gmp has no RM.org ID, attempting to look it up...
2026-05-03 20:55:05,216 - INFO - Found project ID 18582 for gmp
2026-05-03 20:55:05,216 - INFO - Found project ID 18582 for gmp
2026-05-03 20:55:05,216 - INFO - Current: 6.3.0, Latest: 0.7-5.1
2026-05-03 20:55:05,216 - INFO - Updating gmp to 0.7-5.1
2026-05-03 20:55:05,217 - INFO - Backed up gmp to /home/lrvick/Sources/stagex/scripts/backups/core/gmp
2026-05-03 20:55:20,653 - ERROR - No working download URL found for version 0.7-5.1
2026-05-03 20:55:20,653 - ERROR - Failed to download source for gmp
2026-05-03 20:55:20,653 - INFO - Processing isl...
2026-05-03 20:55:20,660 - WARNING - Failed to load stage2: 'version'
2026-05-03 20:55:20,661 - WARNING - Failed to load stage0: 'version'
2026-05-03 20:55:20,661 - WARNING - Failed to load stage3: 'version'
2026-05-03 20:55:20,695 - WARNING - Failed to load clang-meson-busybox: 'version'
2026-05-03 20:55:20,695 - WARNING - Failed to load clang-gnu-busybox: 'version'
2026-05-03 20:55:20,695 - WARNING - Failed to load gcc-gnu-busybox: 'version'
2026-05-03 20:55:20,695 - WARNING - Failed to load solidity: 'version'
2026-05-03 20:55:20,695 - WARNING - Failed to load clang-cmake-busybox: 'version'
2026-05-03 20:55:20,695 - WARNING - Failed to load gcc-gnu-gnu: 'version'
2026-05-03 20:55:20,695 - WARNING - Failed to load luarocks: 'version'
2026-05-03 20:55:20,695 - WARNING - Failed to load rust: 'version'
2026-05-03 20:55:20,696 - WARNING - Failed to load gcc: 'version'
2026-05-03 20:55:20,696 - WARNING - Failed to load php: 'version'
2026-05-03 20:55:20,696 - WARNING - Failed to load python: 'version'
2026-05-03 20:55:20,696 - WARNING - Failed to load clang: 'version'
2026-05-03 20:55:20,696 - WARNING - Failed to load nodejs: 'version'
2026-05-03 20:55:20,696 - WARNING - Failed to load cython: 'version'
2026-05-03 20:55:20,696 - WARNING - Failed to load gcc-cmake-busybox: 'version'
2026-05-03 20:55:20,696 - WARNING - Failed to load php-composer: 'version'
2026-05-03 20:55:20,696 - WARNING - Failed to load go: 'version'
2026-05-03 20:55:20,696 - WARNING - Failed to load lua: 'version'
2026-05-03 20:55:20,696 - WARNING - Failed to load cgo: 'version'
2026-05-03 20:55:20,697 - WARNING - Failed to load gcc-meson-busybox: 'version'
2026-05-03 20:55:20,702 - WARNING - Failed to load cross-x86_64-gnu-gcc: 'version'
2026-05-03 20:55:20,706 - WARNING - Failed to load filesystem: 'version'
2026-05-03 20:55:20,707 - WARNING - Failed to load profile: 'version'
2026-05-03 20:55:20,713 - INFO - Loaded 416 packages
2026-05-03 20:55:20,713 - INFO - isl has no RM.org ID, attempting to look it up...
2026-05-03 20:55:21,358 - INFO - Found project ID 13286 for isl
2026-05-03 20:55:21,358 - INFO - Found project ID 13286 for isl
2026-05-03 20:55:21,358 - INFO - Current: 0.27, Latest: 0.27
2026-05-03 20:55:21,358 - INFO - isl is up to date
2026-05-03 20:55:21,358 - INFO - Processing mpfr...
2026-05-03 20:55:21,365 - WARNING - Failed to load stage2: 'version'
2026-05-03 20:55:21,365 - WARNING - Failed to load stage0: 'version'
2026-05-03 20:55:21,366 - WARNING - Failed to load stage3: 'version'
2026-05-03 20:55:21,400 - WARNING - Failed to load clang-meson-busybox: 'version'
2026-05-03 20:55:21,400 - WARNING - Failed to load clang-gnu-busybox: 'version'
2026-05-03 20:55:21,400 - WARNING - Failed to load gcc-gnu-busybox: 'version'
2026-05-03 20:55:21,400 - WARNING - Failed to load solidity: 'version'
2026-05-03 20:55:21,400 - WARNING - Failed to load clang-cmake-busybox: 'version'
2026-05-03 20:55:21,400 - WARNING - Failed to load gcc-gnu-gnu: 'version'
2026-05-03 20:55:21,400 - WARNING - Failed to load luarocks: 'version'
2026-05-03 20:55:21,400 - WARNING - Failed to load rust: 'version'
2026-05-03 20:55:21,400 - WARNING - Failed to load gcc: 'version'
2026-05-03 20:55:21,400 - WARNING - Failed to load php: 'version'
2026-05-03 20:55:21,401 - WARNING - Failed to load python: 'version'
2026-05-03 20:55:21,401 - WARNING - Failed to load clang: 'version'
2026-05-03 20:55:21,401 - WARNING - Failed to load nodejs: 'version'
2026-05-03 20:55:21,401 - WARNING - Failed to load cython: 'version'
2026-05-03 20:55:21,401 - WARNING - Failed to load gcc-cmake-busybox: 'version'
2026-05-03 20:55:21,401 - WARNING - Failed to load php-composer: 'version'
2026-05-03 20:55:21,401 - WARNING - Failed to load go: 'version'
2026-05-03 20:55:21,401 - WARNING - Failed to load lua: 'version'
2026-05-03 20:55:21,401 - WARNING - Failed to load cgo: 'version'
2026-05-03 20:55:21,401 - WARNING - Failed to load gcc-meson-busybox: 'version'
2026-05-03 20:55:21,406 - WARNING - Failed to load cross-x86_64-gnu-gcc: 'version'
2026-05-03 20:55:21,411 - WARNING - Failed to load filesystem: 'version'
2026-05-03 20:55:21,412 - WARNING - Failed to load profile: 'version'
2026-05-03 20:55:21,418 - INFO - Loaded 416 packages
2026-05-03 20:55:21,418 - INFO - mpfr has no RM.org ID, attempting to look it up...
2026-05-03 20:55:22,010 - INFO - Found project ID 2019 for mpfr
2026-05-03 20:55:22,010 - INFO - Found project ID 2019 for mpfr
2026-05-03 20:55:22,011 - INFO - Current: 4.1.0, Latest: 4.2.2
2026-05-03 20:55:22,011 - INFO - Updating mpfr to 4.2.2
2026-05-03 20:55:22,011 - INFO - Backed up mpfr to /home/lrvick/Sources/stagex/scripts/backups/core/mpfr
2026-05-03 20:55:23,272 - ERROR - No working download URL found for version 4.2.2
2026-05-03 20:55:23,272 - ERROR - Failed to download source for mpfr
2026-05-03 20:55:23,272 - INFO - Processing mpc...
2026-05-03 20:55:23,279 - WARNING - Failed to load stage2: 'version'
2026-05-03 20:55:23,279 - WARNING - Failed to load stage0: 'version'
2026-05-03 20:55:23,280 - WARNING - Failed to load stage3: 'version'
2026-05-03 20:55:23,313 - WARNING - Failed to load clang-meson-busybox: 'version'
2026-05-03 20:55:23,313 - WARNING - Failed to load clang-gnu-busybox: 'version'
2026-05-03 20:55:23,313 - WARNING - Failed to load gcc-gnu-busybox: 'version'
2026-05-03 20:55:23,314 - WARNING - Failed to load solidity: 'version'
2026-05-03 20:55:23,314 - WARNING - Failed to load clang-cmake-busybox: 'version'
2026-05-03 20:55:23,314 - WARNING - Failed to load gcc-gnu-gnu: 'version'
2026-05-03 20:55:23,314 - WARNING - Failed to load luarocks: 'version'
2026-05-03 20:55:23,314 - WARNING - Failed to load rust: 'version'
2026-05-03 20:55:23,314 - WARNING - Failed to load gcc: 'version'
2026-05-03 20:55:23,314 - WARNING - Failed to load php: 'version'
2026-05-03 20:55:23,314 - WARNING - Failed to load python: 'version'
2026-05-03 20:55:23,314 - WARNING - Failed to load clang: 'version'
2026-05-03 20:55:23,314 - WARNING - Failed to load nodejs: 'version'
2026-05-03 20:55:23,314 - WARNING - Failed to load cython: 'version'
2026-05-03 20:55:23,315 - WARNING - Failed to load gcc-cmake-busybox: 'version'
2026-05-03 20:55:23,315 - WARNING - Failed to load php-composer: 'version'
2026-05-03 20:55:23,315 - WARNING - Failed to load go: 'version'
2026-05-03 20:55:23,315 - WARNING - Failed to load lua: 'version'
2026-05-03 20:55:23,315 - WARNING - Failed to load cgo: 'version'
2026-05-03 20:55:23,315 - WARNING - Failed to load gcc-meson-busybox: 'version'
2026-05-03 20:55:23,320 - WARNING - Failed to load cross-x86_64-gnu-gcc: 'version'
2026-05-03 20:55:23,324 - WARNING - Failed to load filesystem: 'version'
2026-05-03 20:55:23,326 - WARNING - Failed to load profile: 'version'
2026-05-03 20:55:23,331 - INFO - Loaded 416 packages
2026-05-03 20:55:23,331 - INFO - mpc has no RM.org ID, attempting to look it up...
2026-05-03 20:55:23,916 - INFO - Found project ID 1667 for mpc
2026-05-03 20:55:23,916 - INFO - Found project ID 1667 for mpc
2026-05-03 20:55:23,916 - INFO - Current: 1.2.1, Latest: 1.4.1
2026-05-03 20:55:23,916 - INFO - Updating mpc to 1.4.1
2026-05-03 20:55:23,916 - INFO - Backed up mpc to /home/lrvick/Sources/stagex/scripts/backups/core/mpc
2026-05-03 20:55:24,990 - ERROR - No working download URL found for version 1.4.1
2026-05-03 20:55:24,991 - ERROR - Failed to download source for mpc
2026-05-03 20:55:24,991 - INFO - Processing gcc...
2026-05-03 20:55:24,997 - WARNING - Failed to load stage2: 'version'
2026-05-03 20:55:24,997 - WARNING - Failed to load stage0: 'version'
2026-05-03 20:55:24,998 - WARNING - Failed to load stage3: 'version'
2026-05-03 20:55:25,032 - WARNING - Failed to load clang-meson-busybox: 'version'
2026-05-03 20:55:25,032 - WARNING - Failed to load clang-gnu-busybox: 'version'
2026-05-03 20:55:25,032 - WARNING - Failed to load gcc-gnu-busybox: 'version'
2026-05-03 20:55:25,032 - WARNING - Failed to load solidity: 'version'
2026-05-03 20:55:25,032 - WARNING - Failed to load clang-cmake-busybox: 'version'
2026-05-03 20:55:25,032 - WARNING - Failed to load gcc-gnu-gnu: 'version'
2026-05-03 20:55:25,032 - WARNING - Failed to load luarocks: 'version'
2026-05-03 20:55:25,032 - WARNING - Failed to load rust: 'version'
2026-05-03 20:55:25,032 - WARNING - Failed to load gcc: 'version'
2026-05-03 20:55:25,032 - WARNING - Failed to load php: 'version'
2026-05-03 20:55:25,033 - WARNING - Failed to load python: 'version'
2026-05-03 20:55:25,033 - WARNING - Failed to load clang: 'version'
2026-05-03 20:55:25,033 - WARNING - Failed to load nodejs: 'version'
2026-05-03 20:55:25,033 - WARNING - Failed to load cython: 'version'
2026-05-03 20:55:25,033 - WARNING - Failed to load gcc-cmake-busybox: 'version'
2026-05-03 20:55:25,033 - WARNING - Failed to load php-composer: 'version'
2026-05-03 20:55:25,033 - WARNING - Failed to load go: 'version'
2026-05-03 20:55:25,033 - WARNING - Failed to load lua: 'version'
2026-05-03 20:55:25,033 - WARNING - Failed to load cgo: 'version'
2026-05-03 20:55:25,033 - WARNING - Failed to load gcc-meson-busybox: 'version'
2026-05-03 20:55:25,038 - WARNING - Failed to load cross-x86_64-gnu-gcc: 'version'
2026-05-03 20:55:25,043 - WARNING - Failed to load filesystem: 'version'
2026-05-03 20:55:25,044 - WARNING - Failed to load profile: 'version'
2026-05-03 20:55:25,050 - INFO - Loaded 416 packages
2026-05-03 20:55:25,050 - INFO - gcc has no RM.org ID, attempting to look it up...
2026-05-03 20:55:25,612 - INFO - Found project ID 6502 for gcc
2026-05-03 20:55:25,612 - INFO - Found project ID 6502 for gcc
2026-05-03 20:55:25,612 - INFO - Current: 16.1.0, Latest: 16.1.0
2026-05-03 20:55:25,612 - INFO - gcc is up to date
2026-05-03 20:55:25,612 - INFO - Processing solidity...
2026-05-03 20:55:25,619 - WARNING - Failed to load stage2: 'version'
2026-05-03 20:55:25,619 - WARNING - Failed to load stage0: 'version'
2026-05-03 20:55:25,620 - WARNING - Failed to load stage3: 'version'
2026-05-03 20:55:25,653 - WARNING - Failed to load clang-meson-busybox: 'version'
2026-05-03 20:55:25,653 - WARNING - Failed to load clang-gnu-busybox: 'version'
2026-05-03 20:55:25,654 - WARNING - Failed to load gcc-gnu-busybox: 'version'
2026-05-03 20:55:25,654 - WARNING - Failed to load solidity: 'version'
2026-05-03 20:55:25,654 - WARNING - Failed to load clang-cmake-busybox: 'version'
2026-05-03 20:55:25,654 - WARNING - Failed to load gcc-gnu-gnu: 'version'
2026-05-03 20:55:25,654 - WARNING - Failed to load luarocks: 'version'
2026-05-03 20:55:25,654 - WARNING - Failed to load rust: 'version'
2026-05-03 20:55:25,654 - WARNING - Failed to load gcc: 'version'
2026-05-03 20:55:25,654 - WARNING - Failed to load php: 'version'
2026-05-03 20:55:25,654 - WARNING - Failed to load python: 'version'
2026-05-03 20:55:25,654 - WARNING - Failed to load clang: 'version'
2026-05-03 20:55:25,654 - WARNING - Failed to load nodejs: 'version'
2026-05-03 20:55:25,655 - WARNING - Failed to load cython: 'version'
2026-05-03 20:55:25,655 - WARNING - Failed to load gcc-cmake-busybox: 'version'
2026-05-03 20:55:25,655 - WARNING - Failed to load php-composer: 'version'
2026-05-03 20:55:25,655 - WARNING - Failed to load go: 'version'
2026-05-03 20:55:25,655 - WARNING - Failed to load lua: 'version'
2026-05-03 20:55:25,655 - WARNING - Failed to load cgo: 'version'
2026-05-03 20:55:25,655 - WARNING - Failed to load gcc-meson-busybox: 'version'
2026-05-03 20:55:25,660 - WARNING - Failed to load cross-x86_64-gnu-gcc: 'version'
2026-05-03 20:55:25,664 - WARNING - Failed to load filesystem: 'version'
2026-05-03 20:55:25,666 - WARNING - Failed to load profile: 'version'
2026-05-03 20:55:25,671 - INFO - Loaded 416 packages
2026-05-03 20:55:25,671 - INFO - solidity has no RM.org ID, attempting to look it up...
2026-05-03 20:55:26,236 - INFO - Found project ID 15988 for solidity
2026-05-03 20:55:26,236 - INFO - Found project ID 15988 for solidity
2026-05-03 20:55:26,236 - INFO - Current: 0.8.30, Latest: 0.8.35
2026-05-03 20:55:26,236 - INFO - Updating solidity to 0.8.35
2026-05-03 20:55:26,246 - INFO - Backed up solidity to /home/lrvick/Sources/stagex/scripts/backups/core/solidity
2026-05-03 20:55:26,617 - ERROR - No working download URL found for version 0.8.35
2026-05-03 20:55:26,617 - ERROR - Failed to download source for solidity
2026-05-03 20:55:26,617 - INFO - Processing gc...
2026-05-03 20:55:26,623 - WARNING - Failed to load stage2: 'version'
2026-05-03 20:55:26,624 - WARNING - Failed to load stage0: 'version'
2026-05-03 20:55:26,624 - WARNING - Failed to load stage3: 'version'
2026-05-03 20:55:26,658 - WARNING - Failed to load clang-meson-busybox: 'version'
2026-05-03 20:55:26,658 - WARNING - Failed to load clang-gnu-busybox: 'version'
2026-05-03 20:55:26,658 - WARNING - Failed to load gcc-gnu-busybox: 'version'
2026-05-03 20:55:26,658 - WARNING - Failed to load solidity: 'version'
2026-05-03 20:55:26,658 - WARNING - Failed to load clang-cmake-busybox: 'version'
2026-05-03 20:55:26,658 - WARNING - Failed to load gcc-gnu-gnu: 'version'
2026-05-03 20:55:26,659 - WARNING - Failed to load luarocks: 'version'
2026-05-03 20:55:26,659 - WARNING - Failed to load rust: 'version'
2026-05-03 20:55:26,659 - WARNING - Failed to load gcc: 'version'
2026-05-03 20:55:26,659 - WARNING - Failed to load php: 'version'
2026-05-03 20:55:26,659 - WARNING - Failed to load python: 'version'
2026-05-03 20:55:26,659 - WARNING - Failed to load clang: 'version'
2026-05-03 20:55:26,659 - WARNING - Failed to load nodejs: 'version'
2026-05-03 20:55:26,659 - WARNING - Failed to load cython: 'version'
2026-05-03 20:55:26,659 - WARNING - Failed to load gcc-cmake-busybox: 'version'
2026-05-03 20:55:26,659 - WARNING - Failed to load php-composer: 'version'
2026-05-03 20:55:26,659 - WARNING - Failed to load go: 'version'
2026-05-03 20:55:26,660 - WARNING - Failed to load lua: 'version'
2026-05-03 20:55:26,660 - WARNING - Failed to load cgo: 'version'
2026-05-03 20:55:26,660 - WARNING - Failed to load gcc-meson-busybox: 'version'
2026-05-03 20:55:26,665 - WARNING - Failed to load cross-x86_64-gnu-gcc: 'version'
2026-05-03 20:55:26,669 - WARNING - Failed to load filesystem: 'version'
2026-05-03 20:55:26,670 - WARNING - Failed to load profile: 'version'
2026-05-03 20:55:26,676 - INFO - Loaded 416 packages
2026-05-03 20:55:26,676 - INFO - gc has no RM.org ID, attempting to look it up...
2026-05-03 20:55:27,291 - INFO - Found project ID 336648 for gc
2026-05-03 20:55:27,292 - INFO - Found project ID 336648 for gc
2026-05-03 20:55:27,292 - INFO - Current: 8.2.12, Latest: 8.2.12
2026-05-03 20:55:27,292 - INFO - gc is up to date
2026-05-03 20:55:27,292 - INFO - Processing coreutils...
2026-05-03 20:55:27,299 - WARNING - Failed to load stage2: 'version'
2026-05-03 20:55:27,299 - WARNING - Failed to load stage0: 'version'
2026-05-03 20:55:27,299 - WARNING - Failed to load stage3: 'version'
2026-05-03 20:55:27,333 - WARNING - Failed to load clang-meson-busybox: 'version'
2026-05-03 20:55:27,333 - WARNING - Failed to load clang-gnu-busybox: 'version'
2026-05-03 20:55:27,333 - WARNING - Failed to load gcc-gnu-busybox: 'version'
2026-05-03 20:55:27,333 - WARNING - Failed to load solidity: 'version'
2026-05-03 20:55:27,334 - WARNING - Failed to load clang-cmake-busybox: 'version'
2026-05-03 20:55:27,334 - WARNING - Failed to load gcc-gnu-gnu: 'version'
2026-05-03 20:55:27,334 - WARNING - Failed to load luarocks: 'version'
2026-05-03 20:55:27,334 - WARNING - Failed to load rust: 'version'
2026-05-03 20:55:27,334 - WARNING - Failed to load gcc: 'version'
2026-05-03 20:55:27,334 - WARNING - Failed to load php: 'version'
2026-05-03 20:55:27,334 - WARNING - Failed to load python: 'version'
2026-05-03 20:55:27,334 - WARNING - Failed to load clang: 'version'
2026-05-03 20:55:27,334 - WARNING - Failed to load nodejs: 'version'
2026-05-03 20:55:27,334 - WARNING - Failed to load cython: 'version'
2026-05-03 20:55:27,334 - WARNING - Failed to load gcc-cmake-busybox: 'version'
2026-05-03 20:55:27,335 - WARNING - Failed to load php-composer: 'version'
2026-05-03 20:55:27,335 - WARNING - Failed to load go: 'version'
2026-05-03 20:55:27,335 - WARNING - Failed to load lua: 'version'
2026-05-03 20:55:27,335 - WARNING - Failed to load cgo: 'version'
2026-05-03 20:55:27,335 - WARNING - Failed to load gcc-meson-busybox: 'version'
2026-05-03 20:55:27,340 - WARNING - Failed to load cross-x86_64-gnu-gcc: 'version'
2026-05-03 20:55:27,344 - WARNING - Failed to load filesystem: 'version'
2026-05-03 20:55:27,345 - WARNING - Failed to load profile: 'version'
2026-05-03 20:55:27,351 - INFO - Loaded 416 packages
2026-05-03 20:55:27,351 - INFO - coreutils has no RM.org ID, attempting to look it up...
2026-05-03 20:55:27,907 - INFO - Found project ID 372575 for coreutils
2026-05-03 20:55:27,907 - INFO - Found project ID 372575 for coreutils
2026-05-03 20:55:27,907 - INFO - Current: 9.7, Latest: 0.8.0
2026-05-03 20:55:27,907 - INFO - Updating coreutils to 0.8.0
2026-05-03 20:55:27,907 - INFO - Backed up coreutils to /home/lrvick/Sources/stagex/scripts/backups/core/coreutils
2026-05-03 20:55:28,265 - ERROR - No working download URL found for version 0.8.0
2026-05-03 20:55:28,265 - ERROR - Failed to download source for coreutils
2026-05-03 20:55:28,265 - INFO - Processing argp...
2026-05-03 20:55:28,265 - INFO - Processing clang...
2026-05-03 20:55:28,265 - INFO - Processing argon2...
2026-05-03 20:55:28,272 - WARNING - Failed to load stage2: 'version'
2026-05-03 20:55:28,272 - WARNING - Failed to load stage0: 'version'
2026-05-03 20:55:28,273 - WARNING - Failed to load stage3: 'version'
2026-05-03 20:55:28,306 - WARNING - Failed to load clang-meson-busybox: 'version'
2026-05-03 20:55:28,306 - WARNING - Failed to load clang-gnu-busybox: 'version'
2026-05-03 20:55:28,306 - WARNING - Failed to load gcc-gnu-busybox: 'version'
2026-05-03 20:55:28,307 - WARNING - Failed to load solidity: 'version'
2026-05-03 20:55:28,307 - WARNING - Failed to load clang-cmake-busybox: 'version'
2026-05-03 20:55:28,307 - WARNING - Failed to load gcc-gnu-gnu: 'version'
2026-05-03 20:55:28,307 - WARNING - Failed to load luarocks: 'version'
2026-05-03 20:55:28,307 - WARNING - Failed to load rust: 'version'
2026-05-03 20:55:28,307 - WARNING - Failed to load gcc: 'version'
2026-05-03 20:55:28,307 - WARNING - Failed to load php: 'version'
2026-05-03 20:55:28,307 - WARNING - Failed to load python: 'version'
2026-05-03 20:55:28,307 - WARNING - Failed to load clang: 'version'
2026-05-03 20:55:28,307 - WARNING - Failed to load nodejs: 'version'
2026-05-03 20:55:28,308 - WARNING - Failed to load cython: 'version'
2026-05-03 20:55:28,308 - WARNING - Failed to load gcc-cmake-busybox: 'version'
2026-05-03 20:55:28,308 - WARNING - Failed to load php-composer: 'version'
2026-05-03 20:55:28,308 - WARNING - Failed to load go: 'version'
2026-05-03 20:55:28,308 - WARNING - Failed to load lua: 'version'
2026-05-03 20:55:28,308 - WARNING - Failed to load cgo: 'version'
2026-05-03 20:55:28,308 - WARNING - Failed to load gcc-meson-busybox: 'version'
2026-05-03 20:55:28,313 - WARNING - Failed to load cross-x86_64-gnu-gcc: 'version'
2026-05-03 20:55:28,317 - WARNING - Failed to load filesystem: 'version'
2026-05-03 20:55:28,318 - WARNING - Failed to load profile: 'version'
2026-05-03 20:55:28,324 - INFO - Loaded 416 packages
2026-05-03 20:55:28,324 - INFO - argon2 has no RM.org ID, attempting to look it up...
2026-05-03 20:55:28,910 - INFO - Found project ID 373238 for argon2
2026-05-03 20:55:28,910 - INFO - Found project ID 373238 for argon2
2026-05-03 20:55:28,910 - INFO - Current: 20190702, Latest: 0.5.3
2026-05-03 20:55:28,910 - INFO - Updating argon2 to 0.5.3
2026-05-03 20:55:28,911 - INFO - Backed up argon2 to /home/lrvick/Sources/stagex/scripts/backups/user/argon2
2026-05-03 20:55:29,373 - ERROR - No working download URL found for version 0.5.3
2026-05-03 20:55:29,373 - ERROR - Failed to download source for argon2
2026-05-03 20:55:29,374 - INFO - Processing libiconv...
2026-05-03 20:55:29,384 - WARNING - Failed to load stage2: 'version'
2026-05-03 20:55:29,384 - WARNING - Failed to load stage0: 'version'
2026-05-03 20:55:29,385 - WARNING - Failed to load stage3: 'version'
2026-05-03 20:55:29,419 - WARNING - Failed to load clang-meson-busybox: 'version'
2026-05-03 20:55:29,419 - WARNING - Failed to load clang-gnu-busybox: 'version'
2026-05-03 20:55:29,419 - WARNING - Failed to load gcc-gnu-busybox: 'version'
2026-05-03 20:55:29,419 - WARNING - Failed to load solidity: 'version'
2026-05-03 20:55:29,419 - WARNING - Failed to load clang-cmake-busybox: 'version'
2026-05-03 20:55:29,419 - WARNING - Failed to load gcc-gnu-gnu: 'version'
2026-05-03 20:55:29,419 - WARNING - Failed to load luarocks: 'version'
2026-05-03 20:55:29,419 - WARNING - Failed to load rust: 'version'
2026-05-03 20:55:29,419 - WARNING - Failed to load gcc: 'version'
2026-05-03 20:55:29,419 - WARNING - Failed to load php: 'version'
2026-05-03 20:55:29,420 - WARNING - Failed to load python: 'version'
2026-05-03 20:55:29,420 - WARNING - Failed to load clang: 'version'
2026-05-03 20:55:29,420 - WARNING - Failed to load nodejs: 'version'
2026-05-03 20:55:29,420 - WARNING - Failed to load cython: 'version'
2026-05-03 20:55:29,420 - WARNING - Failed to load gcc-cmake-busybox: 'version'
2026-05-03 20:55:29,420 - WARNING - Failed to load php-composer: 'version'
2026-05-03 20:55:29,420 - WARNING - Failed to load go: 'version'
2026-05-03 20:55:29,420 - WARNING - Failed to load lua: 'version'
2026-05-03 20:55:29,420 - WARNING - Failed to load cgo: 'version'
2026-05-03 20:55:29,420 - WARNING - Failed to load gcc-meson-busybox: 'version'
2026-05-03 20:55:29,425 - WARNING - Failed to load cross-x86_64-gnu-gcc: 'version'
2026-05-03 20:55:29,430 - WARNING - Failed to load filesystem: 'version'
2026-05-03 20:55:29,431 - WARNING - Failed to load profile: 'version'
2026-05-03 20:55:29,437 - INFO - Loaded 416 packages
2026-05-03 20:55:29,437 - INFO - libiconv has no RM.org ID, attempting to look it up...
2026-05-03 20:55:30,027 - INFO - Found project ID 10656 for libiconv
2026-05-03 20:55:30,027 - INFO - Found project ID 10656 for libiconv
2026-05-03 20:55:30,027 - INFO - Current: 1.19, Latest: 1.19
2026-05-03 20:55:30,027 - INFO - libiconv is up to date
2026-05-03 20:55:30,027 - INFO - Processing libzip...
2026-05-03 20:55:30,034 - WARNING - Failed to load stage2: 'version'
2026-05-03 20:55:30,034 - WARNING - Failed to load stage0: 'version'
2026-05-03 20:55:30,035 - WARNING - Failed to load stage3: 'version'
2026-05-03 20:55:30,068 - WARNING - Failed to load clang-meson-busybox: 'version'
2026-05-03 20:55:30,068 - WARNING - Failed to load clang-gnu-busybox: 'version'
2026-05-03 20:55:30,068 - WARNING - Failed to load gcc-gnu-busybox: 'version'
2026-05-03 20:55:30,069 - WARNING - Failed to load solidity: 'version'
2026-05-03 20:55:30,069 - WARNING - Failed to load clang-cmake-busybox: 'version'
2026-05-03 20:55:30,069 - WARNING - Failed to load gcc-gnu-gnu: 'version'
2026-05-03 20:55:30,069 - WARNING - Failed to load luarocks: 'version'
2026-05-03 20:55:30,069 - WARNING - Failed to load rust: 'version'
2026-05-03 20:55:30,069 - WARNING - Failed to load gcc: 'version'
2026-05-03 20:55:30,069 - WARNING - Failed to load php: 'version'
2026-05-03 20:55:30,069 - WARNING - Failed to load python: 'version'
2026-05-03 20:55:30,069 - WARNING - Failed to load clang: 'version'
2026-05-03 20:55:30,069 - WARNING - Failed to load nodejs: 'version'
2026-05-03 20:55:30,069 - WARNING - Failed to load cython: 'version'
2026-05-03 20:55:30,070 - WARNING - Failed to load gcc-cmake-busybox: 'version'
2026-05-03 20:55:30,070 - WARNING - Failed to load php-composer: 'version'
2026-05-03 20:55:30,070 - WARNING - Failed to load go: 'version'
2026-05-03 20:55:30,070 - WARNING - Failed to load lua: 'version'
2026-05-03 20:55:30,070 - WARNING - Failed to load cgo: 'version'
2026-05-03 20:55:30,070 - WARNING - Failed to load gcc-meson-busybox: 'version'
2026-05-03 20:55:30,075 - WARNING - Failed to load cross-x86_64-gnu-gcc: 'version'
2026-05-03 20:55:30,079 - WARNING - Failed to load filesystem: 'version'
2026-05-03 20:55:30,081 - WARNING - Failed to load profile: 'version'
2026-05-03 20:55:30,086 - INFO - Loaded 416 packages
2026-05-03 20:55:30,086 - INFO - libzip has no RM.org ID, attempting to look it up...
2026-05-03 20:55:30,705 - INFO - Found project ID 10649 for libzip
2026-05-03 20:55:30,705 - INFO - Found project ID 10649 for libzip
2026-05-03 20:55:30,705 - INFO - Current: 1.11.4, Latest: 1.11.4
2026-05-03 20:55:30,705 - INFO - libzip is up to date
2026-05-03 20:55:30,706 - INFO - Processing libsodium...
2026-05-03 20:55:30,712 - WARNING - Failed to load stage2: 'version'
2026-05-03 20:55:30,713 - WARNING - Failed to load stage0: 'version'
2026-05-03 20:55:30,713 - WARNING - Failed to load stage3: 'version'
2026-05-03 20:55:30,747 - WARNING - Failed to load clang-meson-busybox: 'version'
2026-05-03 20:55:30,747 - WARNING - Failed to load clang-gnu-busybox: 'version'
2026-05-03 20:55:30,747 - WARNING - Failed to load gcc-gnu-busybox: 'version'
2026-05-03 20:55:30,747 - WARNING - Failed to load solidity: 'version'
2026-05-03 20:55:30,747 - WARNING - Failed to load clang-cmake-busybox: 'version'
2026-05-03 20:55:30,747 - WARNING - Failed to load gcc-gnu-gnu: 'version'
2026-05-03 20:55:30,747 - WARNING - Failed to load luarocks: 'version'
2026-05-03 20:55:30,747 - WARNING - Failed to load rust: 'version'
2026-05-03 20:55:30,747 - WARNING - Failed to load gcc: 'version'
2026-05-03 20:55:30,747 - WARNING - Failed to load php: 'version'
2026-05-03 20:55:30,748 - WARNING - Failed to load python: 'version'
2026-05-03 20:55:30,748 - WARNING - Failed to load clang: 'version'
2026-05-03 20:55:30,748 - WARNING - Failed to load nodejs: 'version'
2026-05-03 20:55:30,748 - WARNING - Failed to load cython: 'version'
2026-05-03 20:55:30,748 - WARNING - Failed to load gcc-cmake-busybox: 'version'
2026-05-03 20:55:30,748 - WARNING - Failed to load php-composer: 'version'
2026-05-03 20:55:30,748 - WARNING - Failed to load go: 'version'
2026-05-03 20:55:30,748 - WARNING - Failed to load lua: 'version'
2026-05-03 20:55:30,748 - WARNING - Failed to load cgo: 'version'
2026-05-03 20:55:30,748 - WARNING - Failed to load gcc-meson-busybox: 'version'
2026-05-03 20:55:30,753 - WARNING - Failed to load cross-x86_64-gnu-gcc: 'version'
2026-05-03 20:55:30,758 - WARNING - Failed to load filesystem: 'version'
2026-05-03 20:55:30,759 - WARNING - Failed to load profile: 'version'
2026-05-03 20:55:30,765 - INFO - Loaded 416 packages
2026-05-03 20:55:30,765 - INFO - libsodium has no RM.org ID, attempting to look it up...
2026-05-03 20:55:31,329 - INFO - Found project ID 1728 for libsodium
2026-05-03 20:55:31,329 - INFO - Found project ID 1728 for libsodium
2026-05-03 20:55:31,329 - INFO - Current: 1.0.20, Latest: 1.0.22-RELEASE
2026-05-03 20:55:31,329 - INFO - Updating libsodium to 1.0.22-RELEASE
2026-05-03 20:55:31,338 - INFO - Backed up libsodium to /home/lrvick/Sources/stagex/scripts/backups/user/libsodium
2026-05-03 20:55:31,539 - ERROR - No working download URL found for version 1.0.22-RELEASE
2026-05-03 20:55:31,539 - ERROR - Failed to download source for libsodium
2026-05-03 20:55:31,540 - INFO - Processing php...
2026-05-03 20:55:31,546 - WARNING - Failed to load stage2: 'version'
2026-05-03 20:55:31,547 - WARNING - Failed to load stage0: 'version'
2026-05-03 20:55:31,547 - WARNING - Failed to load stage3: 'version'
2026-05-03 20:55:31,581 - WARNING - Failed to load clang-meson-busybox: 'version'
2026-05-03 20:55:31,581 - WARNING - Failed to load clang-gnu-busybox: 'version'
2026-05-03 20:55:31,581 - WARNING - Failed to load gcc-gnu-busybox: 'version'
2026-05-03 20:55:31,581 - WARNING - Failed to load solidity: 'version'
2026-05-03 20:55:31,581 - WARNING - Failed to load clang-cmake-busybox: 'version'
2026-05-03 20:55:31,581 - WARNING - Failed to load gcc-gnu-gnu: 'version'
2026-05-03 20:55:31,581 - WARNING - Failed to load luarocks: 'version'
2026-05-03 20:55:31,581 - WARNING - Failed to load rust: 'version'
2026-05-03 20:55:31,581 - WARNING - Failed to load gcc: 'version'
2026-05-03 20:55:31,582 - WARNING - Failed to load php: 'version'
2026-05-03 20:55:31,582 - WARNING - Failed to load python: 'version'
2026-05-03 20:55:31,582 - WARNING - Failed to load clang: 'version'
2026-05-03 20:55:31,582 - WARNING - Failed to load nodejs: 'version'
2026-05-03 20:55:31,582 - WARNING - Failed to load cython: 'version'
2026-05-03 20:55:31,582 - WARNING - Failed to load gcc-cmake-busybox: 'version'
2026-05-03 20:55:31,582 - WARNING - Failed to load php-composer: 'version'
2026-05-03 20:55:31,582 - WARNING - Failed to load go: 'version'
2026-05-03 20:55:31,582 - WARNING - Failed to load lua: 'version'
2026-05-03 20:55:31,582 - WARNING - Failed to load cgo: 'version'
2026-05-03 20:55:31,582 - WARNING - Failed to load gcc-meson-busybox: 'version'
2026-05-03 20:55:31,587 - WARNING - Failed to load cross-x86_64-gnu-gcc: 'version'
2026-05-03 20:55:31,592 - WARNING - Failed to load filesystem: 'version'
2026-05-03 20:55:31,593 - WARNING - Failed to load profile: 'version'
2026-05-03 20:55:31,599 - INFO - Loaded 416 packages
2026-05-03 20:55:31,599 - INFO - php has no RM.org ID, attempting to look it up...
2026-05-03 20:55:32,181 - INFO - Found project ID 3627 for php
2026-05-03 20:55:32,181 - INFO - Found project ID 3627 for php
2026-05-03 20:55:32,181 - INFO - Current: 8.5.5, Latest: 8.5.5
2026-05-03 20:55:32,182 - INFO - php is up to date
2026-05-03 20:55:32,182 - INFO - Processing composer...
2026-05-03 20:55:32,188 - WARNING - Failed to load stage2: 'version'
2026-05-03 20:55:32,189 - WARNING - Failed to load stage0: 'version'
2026-05-03 20:55:32,189 - WARNING - Failed to load stage3: 'version'
2026-05-03 20:55:32,223 - WARNING - Failed to load clang-meson-busybox: 'version'
2026-05-03 20:55:32,223 - WARNING - Failed to load clang-gnu-busybox: 'version'
2026-05-03 20:55:32,223 - WARNING - Failed to load gcc-gnu-busybox: 'version'
2026-05-03 20:55:32,223 - WARNING - Failed to load solidity: 'version'
2026-05-03 20:55:32,223 - WARNING - Failed to load clang-cmake-busybox: 'version'
2026-05-03 20:55:32,223 - WARNING - Failed to load gcc-gnu-gnu: 'version'
2026-05-03 20:55:32,223 - WARNING - Failed to load luarocks: 'version'
2026-05-03 20:55:32,223 - WARNING - Failed to load rust: 'version'
2026-05-03 20:55:32,223 - WARNING - Failed to load gcc: 'version'
2026-05-03 20:55:32,223 - WARNING - Failed to load php: 'version'
2026-05-03 20:55:32,224 - WARNING - Failed to load python: 'version'
2026-05-03 20:55:32,224 - WARNING - Failed to load clang: 'version'
2026-05-03 20:55:32,224 - WARNING - Failed to load nodejs: 'version'
2026-05-03 20:55:32,224 - WARNING - Failed to load cython: 'version'
2026-05-03 20:55:32,224 - WARNING - Failed to load gcc-cmake-busybox: 'version'
2026-05-03 20:55:32,224 - WARNING - Failed to load php-composer: 'version'
2026-05-03 20:55:32,224 - WARNING - Failed to load go: 'version'
2026-05-03 20:55:32,224 - WARNING - Failed to load lua: 'version'
2026-05-03 20:55:32,224 - WARNING - Failed to load cgo: 'version'
2026-05-03 20:55:32,224 - WARNING - Failed to load gcc-meson-busybox: 'version'
2026-05-03 20:55:32,229 - WARNING - Failed to load cross-x86_64-gnu-gcc: 'version'
2026-05-03 20:55:32,234 - WARNING - Failed to load filesystem: 'version'
2026-05-03 20:55:32,235 - WARNING - Failed to load profile: 'version'
2026-05-03 20:55:32,241 - INFO - Loaded 416 packages
2026-05-03 20:55:32,241 - INFO - composer has no RM.org ID, attempting to look it up...
2026-05-03 20:55:32,806 - INFO - Found project ID 9710 for composer
2026-05-03 20:55:32,806 - INFO - Found project ID 9710 for composer
2026-05-03 20:55:32,806 - INFO - Current: 2.10.0-RC1, Latest: 2.10.0-RC1
2026-05-03 20:55:32,806 - INFO - composer is up to date
2026-05-03 20:55:32,806 - INFO - Processing llvm21...
2026-05-03 20:55:32,813 - WARNING - Failed to load stage2: 'version'
2026-05-03 20:55:32,813 - WARNING - Failed to load stage0: 'version'
2026-05-03 20:55:32,814 - WARNING - Failed to load stage3: 'version'
2026-05-03 20:55:32,848 - WARNING - Failed to load clang-meson-busybox: 'version'
2026-05-03 20:55:32,848 - WARNING - Failed to load clang-gnu-busybox: 'version'
2026-05-03 20:55:32,848 - WARNING - Failed to load gcc-gnu-busybox: 'version'
2026-05-03 20:55:32,848 - WARNING - Failed to load solidity: 'version'
2026-05-03 20:55:32,848 - WARNING - Failed to load clang-cmake-busybox: 'version'
2026-05-03 20:55:32,848 - WARNING - Failed to load gcc-gnu-gnu: 'version'
2026-05-03 20:55:32,848 - WARNING - Failed to load luarocks: 'version'
2026-05-03 20:55:32,848 - WARNING - Failed to load rust: 'version'
2026-05-03 20:55:32,848 - WARNING - Failed to load gcc: 'version'
2026-05-03 20:55:32,849 - WARNING - Failed to load php: 'version'
2026-05-03 20:55:32,849 - WARNING - Failed to load python: 'version'
2026-05-03 20:55:32,849 - WARNING - Failed to load clang: 'version'
2026-05-03 20:55:32,849 - WARNING - Failed to load nodejs: 'version'
2026-05-03 20:55:32,849 - WARNING - Failed to load cython: 'version'
2026-05-03 20:55:32,849 - WARNING - Failed to load gcc-cmake-busybox: 'version'
2026-05-03 20:55:32,849 - WARNING - Failed to load php-composer: 'version'
2026-05-03 20:55:32,849 - WARNING - Failed to load go: 'version'
2026-05-03 20:55:32,849 - WARNING - Failed to load lua: 'version'
2026-05-03 20:55:32,849 - WARNING - Failed to load cgo: 'version'
2026-05-03 20:55:32,849 - WARNING - Failed to load gcc-meson-busybox: 'version'
2026-05-03 20:55:32,854 - WARNING - Failed to load cross-x86_64-gnu-gcc: 'version'
2026-05-03 20:55:32,859 - WARNING - Failed to load filesystem: 'version'
2026-05-03 20:55:32,860 - WARNING - Failed to load profile: 'version'
2026-05-03 20:55:32,866 - INFO - Loaded 416 packages
2026-05-03 20:55:32,866 - INFO - llvm21 has no RM.org ID, attempting to look it up...
2026-05-03 20:55:33,466 - WARNING - Could not determine latest version for llvm21
2026-05-03 20:55:33,466 - INFO - Processing rust...
2026-05-03 20:55:33,473 - WARNING - Failed to load stage2: 'version'
2026-05-03 20:55:33,473 - WARNING - Failed to load stage0: 'version'
2026-05-03 20:55:33,474 - WARNING - Failed to load stage3: 'version'
2026-05-03 20:55:33,507 - WARNING - Failed to load clang-meson-busybox: 'version'
2026-05-03 20:55:33,507 - WARNING - Failed to load clang-gnu-busybox: 'version'
2026-05-03 20:55:33,508 - WARNING - Failed to load gcc-gnu-busybox: 'version'
2026-05-03 20:55:33,508 - WARNING - Failed to load solidity: 'version'
2026-05-03 20:55:33,508 - WARNING - Failed to load clang-cmake-busybox: 'version'
2026-05-03 20:55:33,508 - WARNING - Failed to load gcc-gnu-gnu: 'version'
2026-05-03 20:55:33,508 - WARNING - Failed to load luarocks: 'version'
2026-05-03 20:55:33,508 - WARNING - Failed to load rust: 'version'
2026-05-03 20:55:33,508 - WARNING - Failed to load gcc: 'version'
2026-05-03 20:55:33,508 - WARNING - Failed to load php: 'version'
2026-05-03 20:55:33,508 - WARNING - Failed to load python: 'version'
2026-05-03 20:55:33,508 - WARNING - Failed to load clang: 'version'
2026-05-03 20:55:33,508 - WARNING - Failed to load nodejs: 'version'
2026-05-03 20:55:33,509 - WARNING - Failed to load cython: 'version'
2026-05-03 20:55:33,509 - WARNING - Failed to load gcc-cmake-busybox: 'version'
2026-05-03 20:55:33,509 - WARNING - Failed to load php-composer: 'version'
2026-05-03 20:55:33,509 - WARNING - Failed to load go: 'version'
2026-05-03 20:55:33,509 - WARNING - Failed to load lua: 'version'
2026-05-03 20:55:33,509 - WARNING - Failed to load cgo: 'version'
2026-05-03 20:55:33,509 - WARNING - Failed to load gcc-meson-busybox: 'version'
2026-05-03 20:55:33,514 - WARNING - Failed to load cross-x86_64-gnu-gcc: 'version'
2026-05-03 20:55:33,518 - WARNING - Failed to load filesystem: 'version'
2026-05-03 20:55:33,520 - WARNING - Failed to load profile: 'version'
2026-05-03 20:55:33,525 - INFO - Loaded 416 packages
2026-05-03 20:55:33,525 - INFO - Skipping rust - handled by staging
2026-05-03 20:55:33,526 - INFO - Processing grep...
2026-05-03 20:55:33,532 - WARNING - Failed to load stage2: 'version'
2026-05-03 20:55:33,532 - WARNING - Failed to load stage0: 'version'
2026-05-03 20:55:33,533 - WARNING - Failed to load stage3: 'version'
2026-05-03 20:55:33,566 - WARNING - Failed to load clang-meson-busybox: 'version'
2026-05-03 20:55:33,566 - WARNING - Failed to load clang-gnu-busybox: 'version'
2026-05-03 20:55:33,567 - WARNING - Failed to load gcc-gnu-busybox: 'version'
2026-05-03 20:55:33,567 - WARNING - Failed to load solidity: 'version'
2026-05-03 20:55:33,567 - WARNING - Failed to load clang-cmake-busybox: 'version'
2026-05-03 20:55:33,567 - WARNING - Failed to load gcc-gnu-gnu: 'version'
2026-05-03 20:55:33,567 - WARNING - Failed to load luarocks: 'version'
2026-05-03 20:55:33,567 - WARNING - Failed to load rust: 'version'
2026-05-03 20:55:33,567 - WARNING - Failed to load gcc: 'version'
2026-05-03 20:55:33,567 - WARNING - Failed to load php: 'version'
2026-05-03 20:55:33,567 - WARNING - Failed to load python: 'version'
2026-05-03 20:55:33,567 - WARNING - Failed to load clang: 'version'
2026-05-03 20:55:33,567 - WARNING - Failed to load nodejs: 'version'
2026-05-03 20:55:33,568 - WARNING - Failed to load cython: 'version'
2026-05-03 20:55:33,568 - WARNING - Failed to load gcc-cmake-busybox: 'version'
2026-05-03 20:55:33,568 - WARNING - Failed to load php-composer: 'version'
2026-05-03 20:55:33,568 - WARNING - Failed to load go: 'version'
2026-05-03 20:55:33,568 - WARNING - Failed to load lua: 'version'
2026-05-03 20:55:33,568 - WARNING - Failed to load cgo: 'version'
2026-05-03 20:55:33,568 - WARNING - Failed to load gcc-meson-busybox: 'version'
2026-05-03 20:55:33,573 - WARNING - Failed to load cross-x86_64-gnu-gcc: 'version'
2026-05-03 20:55:33,578 - WARNING - Failed to load filesystem: 'version'
2026-05-03 20:55:33,579 - WARNING - Failed to load profile: 'version'
2026-05-03 20:55:33,585 - INFO - Loaded 416 packages
2026-05-03 20:55:33,585 - INFO - grep has no RM.org ID, attempting to look it up...
2026-05-03 20:55:34,152 - INFO - Found project ID 15427 for grep
2026-05-03 20:55:34,152 - INFO - Found project ID 15427 for grep
2026-05-03 20:55:34,152 - INFO - Current: 3.11, Latest: 0.4.1
2026-05-03 20:55:34,152 - INFO - Updating grep to 0.4.1
2026-05-03 20:55:34,153 - INFO - Backed up grep to /home/lrvick/Sources/stagex/scripts/backups/core/grep
2026-05-03 20:55:34,291 - ERROR - No working download URL found for version 0.4.1
2026-05-03 20:55:34,291 - ERROR - Failed to download source for grep
2026-05-03 20:55:34,291 - INFO - Processing yaml...
2026-05-03 20:55:34,298 - WARNING - Failed to load stage2: 'version'
2026-05-03 20:55:34,298 - WARNING - Failed to load stage0: 'version'
2026-05-03 20:55:34,299 - WARNING - Failed to load stage3: 'version'
2026-05-03 20:55:34,332 - WARNING - Failed to load clang-meson-busybox: 'version'
2026-05-03 20:55:34,333 - WARNING - Failed to load clang-gnu-busybox: 'version'
2026-05-03 20:55:34,333 - WARNING - Failed to load gcc-gnu-busybox: 'version'
2026-05-03 20:55:34,333 - WARNING - Failed to load solidity: 'version'
2026-05-03 20:55:34,333 - WARNING - Failed to load clang-cmake-busybox: 'version'
2026-05-03 20:55:34,333 - WARNING - Failed to load gcc-gnu-gnu: 'version'
2026-05-03 20:55:34,333 - WARNING - Failed to load luarocks: 'version'
2026-05-03 20:55:34,333 - WARNING - Failed to load rust: 'version'
2026-05-03 20:55:34,333 - WARNING - Failed to load gcc: 'version'
2026-05-03 20:55:34,333 - WARNING - Failed to load php: 'version'
2026-05-03 20:55:34,333 - WARNING - Failed to load python: 'version'
2026-05-03 20:55:34,334 - WARNING - Failed to load clang: 'version'
2026-05-03 20:55:34,334 - WARNING - Failed to load nodejs: 'version'
2026-05-03 20:55:34,334 - WARNING - Failed to load cython: 'version'
2026-05-03 20:55:34,334 - WARNING - Failed to load gcc-cmake-busybox: 'version'
2026-05-03 20:55:34,334 - WARNING - Failed to load php-composer: 'version'
2026-05-03 20:55:34,334 - WARNING - Failed to load go: 'version'
2026-05-03 20:55:34,334 - WARNING - Failed to load lua: 'version'
2026-05-03 20:55:34,334 - WARNING - Failed to load cgo: 'version'
2026-05-03 20:55:34,334 - WARNING - Failed to load gcc-meson-busybox: 'version'
2026-05-03 20:55:34,339 - WARNING - Failed to load cross-x86_64-gnu-gcc: 'version'
2026-05-03 20:55:34,344 - WARNING - Failed to load filesystem: 'version'
2026-05-03 20:55:34,345 - WARNING - Failed to load profile: 'version'
2026-05-03 20:55:34,351 - INFO - Loaded 416 packages
2026-05-03 20:55:34,351 - INFO - yaml has no RM.org ID, attempting to look it up...
2026-05-03 20:55:34,989 - INFO - Found project ID 11674 for yaml
2026-05-03 20:55:34,989 - INFO - Found project ID 11674 for yaml
2026-05-03 20:55:34,989 - INFO - Current: 0.2.5, Latest: 1.1.2
2026-05-03 20:55:34,989 - INFO - Updating yaml to 1.1.2
2026-05-03 20:55:34,989 - INFO - Backed up yaml to /home/lrvick/Sources/stagex/scripts/backups/core/yaml
2026-05-03 20:55:35,255 - ERROR - No working download URL found for version 1.1.2
2026-05-03 20:55:35,255 - ERROR - Failed to download source for yaml
2026-05-03 20:55:35,255 - INFO - Processing tar...
2026-05-03 20:55:35,262 - WARNING - Failed to load stage2: 'version'
2026-05-03 20:55:35,262 - WARNING - Failed to load stage0: 'version'
2026-05-03 20:55:35,263 - WARNING - Failed to load stage3: 'version'
2026-05-03 20:55:35,296 - WARNING - Failed to load clang-meson-busybox: 'version'
2026-05-03 20:55:35,296 - WARNING - Failed to load clang-gnu-busybox: 'version'
2026-05-03 20:55:35,296 - WARNING - Failed to load gcc-gnu-busybox: 'version'
2026-05-03 20:55:35,296 - WARNING - Failed to load solidity: 'version'
2026-05-03 20:55:35,296 - WARNING - Failed to load clang-cmake-busybox: 'version'
2026-05-03 20:55:35,296 - WARNING - Failed to load gcc-gnu-gnu: 'version'
2026-05-03 20:55:35,296 - WARNING - Failed to load luarocks: 'version'
2026-05-03 20:55:35,297 - WARNING - Failed to load rust: 'version'
2026-05-03 20:55:35,297 - WARNING - Failed to load gcc: 'version'
2026-05-03 20:55:35,297 - WARNING - Failed to load php: 'version'
2026-05-03 20:55:35,297 - WARNING - Failed to load python: 'version'
2026-05-03 20:55:35,297 - WARNING - Failed to load clang: 'version'
2026-05-03 20:55:35,297 - WARNING - Failed to load nodejs: 'version'
2026-05-03 20:55:35,297 - WARNING - Failed to load cython: 'version'
2026-05-03 20:55:35,297 - WARNING - Failed to load gcc-cmake-busybox: 'version'
2026-05-03 20:55:35,297 - WARNING - Failed to load php-composer: 'version'
2026-05-03 20:55:35,297 - WARNING - Failed to load go: 'version'
2026-05-03 20:55:35,297 - WARNING - Failed to load lua: 'version'
2026-05-03 20:55:35,297 - WARNING - Failed to load cgo: 'version'
2026-05-03 20:55:35,298 - WARNING - Failed to load gcc-meson-busybox: 'version'
2026-05-03 20:55:35,303 - WARNING - Failed to load cross-x86_64-gnu-gcc: 'version'
2026-05-03 20:55:35,307 - WARNING - Failed to load filesystem: 'version'
2026-05-03 20:55:35,308 - WARNING - Failed to load profile: 'version'
2026-05-03 20:55:35,314 - INFO - Loaded 416 packages
2026-05-03 20:55:35,314 - INFO - tar has no RM.org ID, attempting to look it up...
2026-05-03 20:55:35,947 - INFO - Found project ID 16809 for tar
2026-05-03 20:55:35,947 - INFO - Found project ID 16809 for tar
2026-05-03 20:55:35,947 - INFO - Current: 1.35, Latest: 0.4.45
2026-05-03 20:55:35,947 - INFO - Updating tar to 0.4.45
2026-05-03 20:55:35,948 - INFO - Backed up tar to /home/lrvick/Sources/stagex/scripts/backups/core/tar
2026-05-03 20:55:36,598 - ERROR - No working download URL found for version 0.4.45
2026-05-03 20:55:36,598 - ERROR - Failed to download source for tar
2026-05-03 20:55:36,598 - INFO - Processing ed...
2026-05-03 20:55:36,604 - WARNING - Failed to load stage2: 'version'
2026-05-03 20:55:36,608 - WARNING - Failed to load stage0: 'version'
2026-05-03 20:55:36,608 - WARNING - Failed to load stage3: 'version'
2026-05-03 20:55:36,642 - WARNING - Failed to load clang-meson-busybox: 'version'
2026-05-03 20:55:36,642 - WARNING - Failed to load clang-gnu-busybox: 'version'
2026-05-03 20:55:36,642 - WARNING - Failed to load gcc-gnu-busybox: 'version'
2026-05-03 20:55:36,642 - WARNING - Failed to load solidity: 'version'
2026-05-03 20:55:36,642 - WARNING - Failed to load clang-cmake-busybox: 'version'
2026-05-03 20:55:36,643 - WARNING - Failed to load gcc-gnu-gnu: 'version'
2026-05-03 20:55:36,643 - WARNING - Failed to load luarocks: 'version'
2026-05-03 20:55:36,643 - WARNING - Failed to load rust: 'version'
2026-05-03 20:55:36,643 - WARNING - Failed to load gcc: 'version'
2026-05-03 20:55:36,643 - WARNING - Failed to load php: 'version'
2026-05-03 20:55:36,643 - WARNING - Failed to load python: 'version'
2026-05-03 20:55:36,643 - WARNING - Failed to load clang: 'version'
2026-05-03 20:55:36,643 - WARNING - Failed to load nodejs: 'version'
2026-05-03 20:55:36,643 - WARNING - Failed to load cython: 'version'
2026-05-03 20:55:36,643 - WARNING - Failed to load gcc-cmake-busybox: 'version'
2026-05-03 20:55:36,643 - WARNING - Failed to load php-composer: 'version'
2026-05-03 20:55:36,644 - WARNING - Failed to load go: 'version'
2026-05-03 20:55:36,644 - WARNING - Failed to load lua: 'version'
2026-05-03 20:55:36,644 - WARNING - Failed to load cgo: 'version'
2026-05-03 20:55:36,644 - WARNING - Failed to load gcc-meson-busybox: 'version'
2026-05-03 20:55:36,649 - WARNING - Failed to load cross-x86_64-gnu-gcc: 'version'
2026-05-03 20:55:36,653 - WARNING - Failed to load filesystem: 'version'
2026-05-03 20:55:36,654 - WARNING - Failed to load profile: 'version'
2026-05-03 20:55:36,660 - INFO - Loaded 416 packages
2026-05-03 20:55:36,660 - INFO - ed has no RM.org ID, attempting to look it up...
2026-05-03 20:55:37,290 - INFO - Found project ID 659 for ed
2026-05-03 20:55:37,290 - INFO - Found project ID 659 for ed
2026-05-03 20:55:37,290 - INFO - Current: 1.20, Latest: 1.22.5
2026-05-03 20:55:37,290 - INFO - Updating ed to 1.22.5
2026-05-03 20:55:37,290 - INFO - Backed up ed to /home/lrvick/Sources/stagex/scripts/backups/core/ed
2026-05-03 20:55:38,180 - ERROR - No working download URL found for version 1.22.5
2026-05-03 20:55:38,180 - ERROR - Failed to download source for ed
2026-05-03 20:55:38,180 - INFO - Processing libfaketime...
2026-05-03 20:55:38,187 - WARNING - Failed to load stage2: 'version'
2026-05-03 20:55:38,187 - WARNING - Failed to load stage0: 'version'
2026-05-03 20:55:38,187 - WARNING - Failed to load stage3: 'version'
2026-05-03 20:55:38,221 - WARNING - Failed to load clang-meson-busybox: 'version'
2026-05-03 20:55:38,221 - WARNING - Failed to load clang-gnu-busybox: 'version'
2026-05-03 20:55:38,221 - WARNING - Failed to load gcc-gnu-busybox: 'version'
2026-05-03 20:55:38,221 - WARNING - Failed to load solidity: 'version'
2026-05-03 20:55:38,222 - WARNING - Failed to load clang-cmake-busybox: 'version'
2026-05-03 20:55:38,222 - WARNING - Failed to load gcc-gnu-gnu: 'version'
2026-05-03 20:55:38,222 - WARNING - Failed to load luarocks: 'version'
2026-05-03 20:55:38,222 - WARNING - Failed to load rust: 'version'
2026-05-03 20:55:38,222 - WARNING - Failed to load gcc: 'version'
2026-05-03 20:55:38,222 - WARNING - Failed to load php: 'version'
2026-05-03 20:55:38,222 - WARNING - Failed to load python: 'version'
2026-05-03 20:55:38,222 - WARNING - Failed to load clang: 'version'
2026-05-03 20:55:38,222 - WARNING - Failed to load nodejs: 'version'
2026-05-03 20:55:38,222 - WARNING - Failed to load cython: 'version'
2026-05-03 20:55:38,222 - WARNING - Failed to load gcc-cmake-busybox: 'version'
2026-05-03 20:55:38,223 - WARNING - Failed to load php-composer: 'version'
2026-05-03 20:55:38,223 - WARNING - Failed to load go: 'version'
2026-05-03 20:55:38,223 - WARNING - Failed to load lua: 'version'
2026-05-03 20:55:38,223 - WARNING - Failed to load cgo: 'version'
2026-05-03 20:55:38,223 - WARNING - Failed to load gcc-meson-busybox: 'version'
2026-05-03 20:55:38,228 - WARNING - Failed to load cross-x86_64-gnu-gcc: 'version'
2026-05-03 20:55:38,232 - WARNING - Failed to load filesystem: 'version'
2026-05-03 20:55:38,234 - WARNING - Failed to load profile: 'version'
2026-05-03 20:55:38,239 - INFO - Loaded 416 packages
2026-05-03 20:55:38,239 - INFO - libfaketime has no RM.org ID, attempting to look it up...
2026-05-03 20:55:38,824 - INFO - Found project ID 21348 for libfaketime
2026-05-03 20:55:38,824 - INFO - Found project ID 21348 for libfaketime
2026-05-03 20:55:38,825 - INFO - Current: 0.9.12, Latest: 0.9.12
2026-05-03 20:55:38,825 - INFO - libfaketime is up to date
2026-05-03 20:55:38,825 - INFO - Processing cross...
2026-05-03 20:55:38,825 - INFO - Processing readline...
2026-05-03 20:55:38,832 - WARNING - Failed to load stage2: 'version'
2026-05-03 20:55:38,832 - WARNING - Failed to load stage0: 'version'
2026-05-03 20:55:38,832 - WARNING - Failed to load stage3: 'version'
2026-05-03 20:55:38,866 - WARNING - Failed to load clang-meson-busybox: 'version'
2026-05-03 20:55:38,866 - WARNING - Failed to load clang-gnu-busybox: 'version'
2026-05-03 20:55:38,866 - WARNING - Failed to load gcc-gnu-busybox: 'version'
2026-05-03 20:55:38,866 - WARNING - Failed to load solidity: 'version'
2026-05-03 20:55:38,866 - WARNING - Failed to load clang-cmake-busybox: 'version'
2026-05-03 20:55:38,866 - WARNING - Failed to load gcc-gnu-gnu: 'version'
2026-05-03 20:55:38,866 - WARNING - Failed to load luarocks: 'version'
2026-05-03 20:55:38,867 - WARNING - Failed to load rust: 'version'
2026-05-03 20:55:38,867 - WARNING - Failed to load gcc: 'version'
2026-05-03 20:55:38,867 - WARNING - Failed to load php: 'version'
2026-05-03 20:55:38,867 - WARNING - Failed to load python: 'version'
2026-05-03 20:55:38,867 - WARNING - Failed to load clang: 'version'
2026-05-03 20:55:38,867 - WARNING - Failed to load nodejs: 'version'
2026-05-03 20:55:38,867 - WARNING - Failed to load cython: 'version'
2026-05-03 20:55:38,867 - WARNING - Failed to load gcc-cmake-busybox: 'version'
2026-05-03 20:55:38,867 - WARNING - Failed to load php-composer: 'version'
2026-05-03 20:55:38,867 - WARNING - Failed to load go: 'version'
2026-05-03 20:55:38,867 - WARNING - Failed to load lua: 'version'
2026-05-03 20:55:38,868 - WARNING - Failed to load cgo: 'version'
2026-05-03 20:55:38,868 - WARNING - Failed to load gcc-meson-busybox: 'version'
2026-05-03 20:55:38,873 - WARNING - Failed to load cross-x86_64-gnu-gcc: 'version'
2026-05-03 20:55:38,877 - WARNING - Failed to load filesystem: 'version'
2026-05-03 20:55:38,878 - WARNING - Failed to load profile: 'version'
2026-05-03 20:55:38,884 - INFO - Loaded 416 packages
2026-05-03 20:55:38,884 - INFO - readline has no RM.org ID, attempting to look it up...
2026-05-03 20:55:39,471 - INFO - Found project ID 913 for readline
2026-05-03 20:55:39,471 - INFO - Found project ID 913 for readline
2026-05-03 20:55:39,471 - INFO - Current: 8.2, Latest: 1.0.3.0
2026-05-03 20:55:39,471 - INFO - Updating readline to 1.0.3.0
2026-05-03 20:55:39,471 - INFO - Backed up readline to /home/lrvick/Sources/stagex/scripts/backups/core/readline
2026-05-03 20:55:40,052 - ERROR - No working download URL found for version 1.0.3.0
2026-05-03 20:55:40,052 - ERROR - Failed to download source for readline
2026-05-03 20:55:40,053 - INFO - Processing libedit...
2026-05-03 20:55:40,059 - WARNING - Failed to load stage2: 'version'
2026-05-03 20:55:40,059 - WARNING - Failed to load stage0: 'version'
2026-05-03 20:55:40,060 - WARNING - Failed to load stage3: 'version'
2026-05-03 20:55:40,094 - WARNING - Failed to load clang-meson-busybox: 'version'
2026-05-03 20:55:40,094 - WARNING - Failed to load clang-gnu-busybox: 'version'
2026-05-03 20:55:40,094 - WARNING - Failed to load gcc-gnu-busybox: 'version'
2026-05-03 20:55:40,094 - WARNING - Failed to load solidity: 'version'
2026-05-03 20:55:40,094 - WARNING - Failed to load clang-cmake-busybox: 'version'
2026-05-03 20:55:40,094 - WARNING - Failed to load gcc-gnu-gnu: 'version'
2026-05-03 20:55:40,094 - WARNING - Failed to load luarocks: 'version'
2026-05-03 20:55:40,094 - WARNING - Failed to load rust: 'version'
2026-05-03 20:55:40,094 - WARNING - Failed to load gcc: 'version'
2026-05-03 20:55:40,094 - WARNING - Failed to load php: 'version'
2026-05-03 20:55:40,095 - WARNING - Failed to load python: 'version'
2026-05-03 20:55:40,095 - WARNING - Failed to load clang: 'version'
2026-05-03 20:55:40,095 - WARNING - Failed to load nodejs: 'version'
2026-05-03 20:55:40,095 - WARNING - Failed to load cython: 'version'
2026-05-03 20:55:40,095 - WARNING - Failed to load gcc-cmake-busybox: 'version'
2026-05-03 20:55:40,095 - WARNING - Failed to load php-composer: 'version'
2026-05-03 20:55:40,095 - WARNING - Failed to load go: 'version'
2026-05-03 20:55:40,095 - WARNING - Failed to load lua: 'version'
2026-05-03 20:55:40,095 - WARNING - Failed to load cgo: 'version'
2026-05-03 20:55:40,095 - WARNING - Failed to load gcc-meson-busybox: 'version'
2026-05-03 20:55:40,100 - WARNING - Failed to load cross-x86_64-gnu-gcc: 'version'
2026-05-03 20:55:40,105 - WARNING - Failed to load filesystem: 'version'
2026-05-03 20:55:40,106 - WARNING - Failed to load profile: 'version'
2026-05-03 20:55:40,112 - INFO - Loaded 416 packages
2026-05-03 20:55:40,112 - INFO - libedit has no RM.org ID, attempting to look it up...
2026-05-03 20:55:40,682 - INFO - Found project ID 1599 for libedit
2026-05-03 20:55:40,682 - INFO - Found project ID 1599 for libedit
2026-05-03 20:55:40,682 - INFO - Current: 20251016-3.1, Latest: 20251016-3.1
2026-05-03 20:55:40,682 - INFO - libedit is up to date
2026-05-03 20:55:40,683 - INFO - Processing pcre2...
2026-05-03 20:55:40,689 - WARNING - Failed to load stage2: 'version'
2026-05-03 20:55:40,690 - WARNING - Failed to load stage0: 'version'
2026-05-03 20:55:40,690 - WARNING - Failed to load stage3: 'version'
2026-05-03 20:55:40,724 - WARNING - Failed to load clang-meson-busybox: 'version'
2026-05-03 20:55:40,724 - WARNING - Failed to load clang-gnu-busybox: 'version'
2026-05-03 20:55:40,724 - WARNING - Failed to load gcc-gnu-busybox: 'version'
2026-05-03 20:55:40,724 - WARNING - Failed to load solidity: 'version'
2026-05-03 20:55:40,724 - WARNING - Failed to load clang-cmake-busybox: 'version'
2026-05-03 20:55:40,724 - WARNING - Failed to load gcc-gnu-gnu: 'version'
2026-05-03 20:55:40,724 - WARNING - Failed to load luarocks: 'version'
2026-05-03 20:55:40,724 - WARNING - Failed to load rust: 'version'
2026-05-03 20:55:40,725 - WARNING - Failed to load gcc: 'version'
2026-05-03 20:55:40,725 - WARNING - Failed to load php: 'version'
2026-05-03 20:55:40,725 - WARNING - Failed to load python: 'version'
2026-05-03 20:55:40,725 - WARNING - Failed to load clang: 'version'
2026-05-03 20:55:40,725 - WARNING - Failed to load nodejs: 'version'
2026-05-03 20:55:40,725 - WARNING - Failed to load cython: 'version'
2026-05-03 20:55:40,725 - WARNING - Failed to load gcc-cmake-busybox: 'version'
2026-05-03 20:55:40,725 - WARNING - Failed to load php-composer: 'version'
2026-05-03 20:55:40,725 - WARNING - Failed to load go: 'version'
2026-05-03 20:55:40,725 - WARNING - Failed to load lua: 'version'
2026-05-03 20:55:40,725 - WARNING - Failed to load cgo: 'version'
2026-05-03 20:55:40,726 - WARNING - Failed to load gcc-meson-busybox: 'version'
2026-05-03 20:55:40,730 - WARNING - Failed to load cross-x86_64-gnu-gcc: 'version'
2026-05-03 20:55:40,735 - WARNING - Failed to load filesystem: 'version'
2026-05-03 20:55:40,736 - WARNING - Failed to load profile: 'version'
2026-05-03 20:55:40,742 - INFO - Loaded 416 packages
2026-05-03 20:55:40,742 - INFO - pcre2 has no RM.org ID, attempting to look it up...
2026-05-03 20:55:41,341 - INFO - Found project ID 17827 for pcre2
2026-05-03 20:55:41,342 - INFO - Found project ID 17827 for pcre2
2026-05-03 20:55:41,342 - INFO - Current: 10.44, Latest: 0.2.11
2026-05-03 20:55:41,342 - INFO - Updating pcre2 to 0.2.11
2026-05-03 20:55:41,342 - INFO - Backed up pcre2 to /home/lrvick/Sources/stagex/scripts/backups/core/pcre2
2026-05-03 20:55:41,790 - ERROR - No working download URL found for version 0.2.11
2026-05-03 20:55:41,790 - ERROR - Failed to download source for pcre2
2026-05-03 20:55:41,791 - INFO - Processing mpfr...
2026-05-03 20:55:41,797 - WARNING - Failed to load stage2: 'version'
2026-05-03 20:55:41,797 - WARNING - Failed to load stage0: 'version'
2026-05-03 20:55:41,798 - WARNING - Failed to load stage3: 'version'
2026-05-03 20:55:41,831 - WARNING - Failed to load clang-meson-busybox: 'version'
2026-05-03 20:55:41,831 - WARNING - Failed to load clang-gnu-busybox: 'version'
2026-05-03 20:55:41,831 - WARNING - Failed to load gcc-gnu-busybox: 'version'
2026-05-03 20:55:41,831 - WARNING - Failed to load solidity: 'version'
2026-05-03 20:55:41,832 - WARNING - Failed to load clang-cmake-busybox: 'version'
2026-05-03 20:55:41,832 - WARNING - Failed to load gcc-gnu-gnu: 'version'
2026-05-03 20:55:41,832 - WARNING - Failed to load luarocks: 'version'
2026-05-03 20:55:41,832 - WARNING - Failed to load rust: 'version'
2026-05-03 20:55:41,832 - WARNING - Failed to load gcc: 'version'
2026-05-03 20:55:41,832 - WARNING - Failed to load php: 'version'
2026-05-03 20:55:41,832 - WARNING - Failed to load python: 'version'
2026-05-03 20:55:41,832 - WARNING - Failed to load clang: 'version'
2026-05-03 20:55:41,832 - WARNING - Failed to load nodejs: 'version'
2026-05-03 20:55:41,832 - WARNING - Failed to load cython: 'version'
2026-05-03 20:55:41,832 - WARNING - Failed to load gcc-cmake-busybox: 'version'
2026-05-03 20:55:41,833 - WARNING - Failed to load php-composer: 'version'
2026-05-03 20:55:41,833 - WARNING - Failed to load go: 'version'
2026-05-03 20:55:41,833 - WARNING - Failed to load lua: 'version'
2026-05-03 20:55:41,833 - WARNING - Failed to load cgo: 'version'
2026-05-03 20:55:41,833 - WARNING - Failed to load gcc-meson-busybox: 'version'
2026-05-03 20:55:41,838 - WARNING - Failed to load cross-x86_64-gnu-gcc: 'version'
2026-05-03 20:55:41,842 - WARNING - Failed to load filesystem: 'version'
2026-05-03 20:55:41,843 - WARNING - Failed to load profile: 'version'
2026-05-03 20:55:41,849 - INFO - Loaded 416 packages
2026-05-03 20:55:41,849 - INFO - mpfr has no RM.org ID, attempting to look it up...
2026-05-03 20:55:42,505 - INFO - Found project ID 2019 for mpfr
2026-05-03 20:55:42,505 - INFO - Found project ID 2019 for mpfr
2026-05-03 20:55:42,505 - INFO - Current: 4.1.0, Latest: 4.2.2
2026-05-03 20:55:42,505 - INFO - Updating mpfr to 4.2.2
2026-05-03 20:55:42,505 - INFO - Backed up mpfr to /home/lrvick/Sources/stagex/scripts/backups/core/mpfr
2026-05-03 20:55:43,731 - ERROR - No working download URL found for version 4.2.2
2026-05-03 20:55:43,731 - ERROR - Failed to download source for mpfr
2026-05-03 20:55:43,731 - INFO - Processing lua...
2026-05-03 20:55:43,738 - WARNING - Failed to load stage2: 'version'
2026-05-03 20:55:43,738 - WARNING - Failed to load stage0: 'version'
2026-05-03 20:55:43,739 - WARNING - Failed to load stage3: 'version'
2026-05-03 20:55:43,772 - WARNING - Failed to load clang-meson-busybox: 'version'
2026-05-03 20:55:43,772 - WARNING - Failed to load clang-gnu-busybox: 'version'
2026-05-03 20:55:43,773 - WARNING - Failed to load gcc-gnu-busybox: 'version'
2026-05-03 20:55:43,773 - WARNING - Failed to load solidity: 'version'
2026-05-03 20:55:43,773 - WARNING - Failed to load clang-cmake-busybox: 'version'
2026-05-03 20:55:43,773 - WARNING - Failed to load gcc-gnu-gnu: 'version'
2026-05-03 20:55:43,773 - WARNING - Failed to load luarocks: 'version'
2026-05-03 20:55:43,773 - WARNING - Failed to load rust: 'version'
2026-05-03 20:55:43,773 - WARNING - Failed to load gcc: 'version'
2026-05-03 20:55:43,773 - WARNING - Failed to load php: 'version'
2026-05-03 20:55:43,773 - WARNING - Failed to load python: 'version'
2026-05-03 20:55:43,773 - WARNING - Failed to load clang: 'version'
2026-05-03 20:55:43,773 - WARNING - Failed to load nodejs: 'version'
2026-05-03 20:55:43,774 - WARNING - Failed to load cython: 'version'
2026-05-03 20:55:43,774 - WARNING - Failed to load gcc-cmake-busybox: 'version'
2026-05-03 20:55:43,774 - WARNING - Failed to load php-composer: 'version'
2026-05-03 20:55:43,774 - WARNING - Failed to load go: 'version'
2026-05-03 20:55:43,774 - WARNING - Failed to load lua: 'version'
2026-05-03 20:55:43,774 - WARNING - Failed to load cgo: 'version'
2026-05-03 20:55:43,774 - WARNING - Failed to load gcc-meson-busybox: 'version'
2026-05-03 20:55:43,779 - WARNING - Failed to load cross-x86_64-gnu-gcc: 'version'
2026-05-03 20:55:43,784 - WARNING - Failed to load filesystem: 'version'
2026-05-03 20:55:43,785 - WARNING - Failed to load profile: 'version'
2026-05-03 20:55:43,791 - INFO - Loaded 416 packages
2026-05-03 20:55:43,791 - INFO - lua has no RM.org ID, attempting to look it up...
2026-05-03 20:55:44,352 - INFO - Found project ID 1847 for lua
2026-05-03 20:55:44,352 - INFO - Found project ID 1847 for lua
2026-05-03 20:55:44,352 - INFO - Current: 5.5.0, Latest: 5.5.0
2026-05-03 20:55:44,352 - INFO - lua is up to date
2026-05-03 20:55:44,352 - INFO - Processing luarocks...
2026-05-03 20:55:44,359 - WARNING - Failed to load stage2: 'version'
2026-05-03 20:55:44,359 - WARNING - Failed to load stage0: 'version'
2026-05-03 20:55:44,360 - WARNING - Failed to load stage3: 'version'
2026-05-03 20:55:44,393 - WARNING - Failed to load clang-meson-busybox: 'version'
2026-05-03 20:55:44,394 - WARNING - Failed to load clang-gnu-busybox: 'version'
2026-05-03 20:55:44,394 - WARNING - Failed to load gcc-gnu-busybox: 'version'
2026-05-03 20:55:44,394 - WARNING - Failed to load solidity: 'version'
2026-05-03 20:55:44,394 - WARNING - Failed to load clang-cmake-busybox: 'version'
2026-05-03 20:55:44,394 - WARNING - Failed to load gcc-gnu-gnu: 'version'
2026-05-03 20:55:44,394 - WARNING - Failed to load luarocks: 'version'
2026-05-03 20:55:44,394 - WARNING - Failed to load rust: 'version'
2026-05-03 20:55:44,394 - WARNING - Failed to load gcc: 'version'
2026-05-03 20:55:44,394 - WARNING - Failed to load php: 'version'
2026-05-03 20:55:44,394 - WARNING - Failed to load python: 'version'
2026-05-03 20:55:44,394 - WARNING - Failed to load clang: 'version'
2026-05-03 20:55:44,395 - WARNING - Failed to load nodejs: 'version'
2026-05-03 20:55:44,395 - WARNING - Failed to load cython: 'version'
2026-05-03 20:55:44,395 - WARNING - Failed to load gcc-cmake-busybox: 'version'
2026-05-03 20:55:44,395 - WARNING - Failed to load php-composer: 'version'
2026-05-03 20:55:44,395 - WARNING - Failed to load go: 'version'
2026-05-03 20:55:44,395 - WARNING - Failed to load lua: 'version'
2026-05-03 20:55:44,395 - WARNING - Failed to load cgo: 'version'
2026-05-03 20:55:44,395 - WARNING - Failed to load gcc-meson-busybox: 'version'
2026-05-03 20:55:44,400 - WARNING - Failed to load cross-x86_64-gnu-gcc: 'version'
2026-05-03 20:55:44,405 - WARNING - Failed to load filesystem: 'version'
2026-05-03 20:55:44,406 - WARNING - Failed to load profile: 'version'
2026-05-03 20:55:44,412 - INFO - Loaded 416 packages
2026-05-03 20:55:44,412 - INFO - luarocks has no RM.org ID, attempting to look it up...
2026-05-03 20:55:44,988 - INFO - Found project ID 1856 for luarocks
2026-05-03 20:55:44,988 - INFO - Found project ID 1856 for luarocks
2026-05-03 20:55:44,988 - INFO - Current: 3.13.0, Latest: 3.13.0
2026-05-03 20:55:44,988 - INFO - luarocks is up to date
2026-05-03 20:55:44,989 - INFO - Processing lua...
2026-05-03 20:55:44,996 - WARNING - Failed to load stage2: 'version'
2026-05-03 20:55:44,996 - WARNING - Failed to load stage0: 'version'
2026-05-03 20:55:44,996 - WARNING - Failed to load stage3: 'version'
2026-05-03 20:55:45,030 - WARNING - Failed to load clang-meson-busybox: 'version'
2026-05-03 20:55:45,030 - WARNING - Failed to load clang-gnu-busybox: 'version'
2026-05-03 20:55:45,031 - WARNING - Failed to load gcc-gnu-busybox: 'version'
2026-05-03 20:55:45,031 - WARNING - Failed to load solidity: 'version'
2026-05-03 20:55:45,031 - WARNING - Failed to load clang-cmake-busybox: 'version'
2026-05-03 20:55:45,031 - WARNING - Failed to load gcc-gnu-gnu: 'version'
2026-05-03 20:55:45,031 - WARNING - Failed to load luarocks: 'version'
2026-05-03 20:55:45,031 - WARNING - Failed to load rust: 'version'
2026-05-03 20:55:45,031 - WARNING - Failed to load gcc: 'version'
2026-05-03 20:55:45,031 - WARNING - Failed to load php: 'version'
2026-05-03 20:55:45,031 - WARNING - Failed to load python: 'version'
2026-05-03 20:55:45,031 - WARNING - Failed to load clang: 'version'
2026-05-03 20:55:45,031 - WARNING - Failed to load nodejs: 'version'
2026-05-03 20:55:45,032 - WARNING - Failed to load cython: 'version'
2026-05-03 20:55:45,032 - WARNING - Failed to load gcc-cmake-busybox: 'version'
2026-05-03 20:55:45,032 - WARNING - Failed to load php-composer: 'version'
2026-05-03 20:55:45,032 - WARNING - Failed to load go: 'version'
2026-05-03 20:55:45,032 - WARNING - Failed to load lua: 'version'
2026-05-03 20:55:45,032 - WARNING - Failed to load cgo: 'version'
2026-05-03 20:55:45,032 - WARNING - Failed to load gcc-meson-busybox: 'version'
2026-05-03 20:55:45,037 - WARNING - Failed to load cross-x86_64-gnu-gcc: 'version'
2026-05-03 20:55:45,042 - WARNING - Failed to load filesystem: 'version'
2026-05-03 20:55:45,043 - WARNING - Failed to load profile: 'version'
2026-05-03 20:55:45,049 - INFO - Loaded 416 packages
2026-05-03 20:55:45,049 - INFO - lua has no RM.org ID, attempting to look it up...
2026-05-03 20:55:45,677 - INFO - Found project ID 1847 for lua
2026-05-03 20:55:45,677 - INFO - Found project ID 1847 for lua
2026-05-03 20:55:45,677 - INFO - Current: 5.5.0, Latest: 5.5.0
2026-05-03 20:55:45,677 - INFO - lua is up to date
2026-05-03 20:55:45,677 - INFO - Processing luarocks...
2026-05-03 20:55:45,684 - WARNING - Failed to load stage2: 'version'
2026-05-03 20:55:45,684 - WARNING - Failed to load stage0: 'version'
2026-05-03 20:55:45,685 - WARNING - Failed to load stage3: 'version'
2026-05-03 20:55:45,718 - WARNING - Failed to load clang-meson-busybox: 'version'
2026-05-03 20:55:45,718 - WARNING - Failed to load clang-gnu-busybox: 'version'
2026-05-03 20:55:45,718 - WARNING - Failed to load gcc-gnu-busybox: 'version'
2026-05-03 20:55:45,719 - WARNING - Failed to load solidity: 'version'
2026-05-03 20:55:45,719 - WARNING - Failed to load clang-cmake-busybox: 'version'
2026-05-03 20:55:45,719 - WARNING - Failed to load gcc-gnu-gnu: 'version'
2026-05-03 20:55:45,719 - WARNING - Failed to load luarocks: 'version'
2026-05-03 20:55:45,719 - WARNING - Failed to load rust: 'version'
2026-05-03 20:55:45,719 - WARNING - Failed to load gcc: 'version'
2026-05-03 20:55:45,719 - WARNING - Failed to load php: 'version'
2026-05-03 20:55:45,719 - WARNING - Failed to load python: 'version'
2026-05-03 20:55:45,719 - WARNING - Failed to load clang: 'version'
2026-05-03 20:55:45,719 - WARNING - Failed to load nodejs: 'version'
2026-05-03 20:55:45,720 - WARNING - Failed to load cython: 'version'
2026-05-03 20:55:45,720 - WARNING - Failed to load gcc-cmake-busybox: 'version'
2026-05-03 20:55:45,720 - WARNING - Failed to load php-composer: 'version'
2026-05-03 20:55:45,720 - WARNING - Failed to load go: 'version'
2026-05-03 20:55:45,720 - WARNING - Failed to load lua: 'version'
2026-05-03 20:55:45,720 - WARNING - Failed to load cgo: 'version'
2026-05-03 20:55:45,720 - WARNING - Failed to load gcc-meson-busybox: 'version'
2026-05-03 20:55:45,725 - WARNING - Failed to load cross-x86_64-gnu-gcc: 'version'
2026-05-03 20:55:45,729 - WARNING - Failed to load filesystem: 'version'
2026-05-03 20:55:45,731 - WARNING - Failed to load profile: 'version'
2026-05-03 20:55:45,736 - INFO - Loaded 416 packages
2026-05-03 20:55:45,736 - INFO - luarocks has no RM.org ID, attempting to look it up...
2026-05-03 20:55:46,297 - INFO - Found project ID 1856 for luarocks
2026-05-03 20:55:46,297 - INFO - Found project ID 1856 for luarocks
2026-05-03 20:55:46,297 - INFO - Current: 3.13.0, Latest: 3.13.0
2026-05-03 20:55:46,297 - INFO - luarocks is up to date
2026-05-03 20:55:46,297 - INFO - Processing bash...
2026-05-03 20:55:46,304 - WARNING - Failed to load stage2: 'version'
2026-05-03 20:55:46,304 - WARNING - Failed to load stage0: 'version'
2026-05-03 20:55:46,305 - WARNING - Failed to load stage3: 'version'
2026-05-03 20:55:46,338 - WARNING - Failed to load clang-meson-busybox: 'version'
2026-05-03 20:55:46,338 - WARNING - Failed to load clang-gnu-busybox: 'version'
2026-05-03 20:55:46,339 - WARNING - Failed to load gcc-gnu-busybox: 'version'
2026-05-03 20:55:46,339 - WARNING - Failed to load solidity: 'version'
2026-05-03 20:55:46,339 - WARNING - Failed to load clang-cmake-busybox: 'version'
2026-05-03 20:55:46,339 - WARNING - Failed to load gcc-gnu-gnu: 'version'
2026-05-03 20:55:46,339 - WARNING - Failed to load luarocks: 'version'
2026-05-03 20:55:46,339 - WARNING - Failed to load rust: 'version'
2026-05-03 20:55:46,339 - WARNING - Failed to load gcc: 'version'
2026-05-03 20:55:46,339 - WARNING - Failed to load php: 'version'
2026-05-03 20:55:46,339 - WARNING - Failed to load python: 'version'
2026-05-03 20:55:46,339 - WARNING - Failed to load clang: 'version'
2026-05-03 20:55:46,339 - WARNING - Failed to load nodejs: 'version'
2026-05-03 20:55:46,340 - WARNING - Failed to load cython: 'version'
2026-05-03 20:55:46,340 - WARNING - Failed to load gcc-cmake-busybox: 'version'
2026-05-03 20:55:46,340 - WARNING - Failed to load php-composer: 'version'
2026-05-03 20:55:46,340 - WARNING - Failed to load go: 'version'
2026-05-03 20:55:46,340 - WARNING - Failed to load lua: 'version'
2026-05-03 20:55:46,340 - WARNING - Failed to load cgo: 'version'
2026-05-03 20:55:46,340 - WARNING - Failed to load gcc-meson-busybox: 'version'
2026-05-03 20:55:46,345 - WARNING - Failed to load cross-x86_64-gnu-gcc: 'version'
2026-05-03 20:55:46,350 - WARNING - Failed to load filesystem: 'version'
2026-05-03 20:55:46,351 - WARNING - Failed to load profile: 'version'
2026-05-03 20:55:46,356 - INFO - Loaded 416 packages
2026-05-03 20:55:46,356 - INFO - bash has no RM.org ID, attempting to look it up...
2026-05-03 20:55:46,928 - INFO - Found project ID 166 for bash
2026-05-03 20:55:46,928 - INFO - Found project ID 166 for bash
2026-05-03 20:55:46,928 - INFO - Current: 5.3, Latest: 5.3
2026-05-03 20:55:46,928 - INFO - bash is up to date
2026-05-03 20:55:46,928 - INFO - Processing lmdb...
2026-05-03 20:55:46,935 - WARNING - Failed to load stage2: 'version'
2026-05-03 20:55:46,937 - WARNING - Failed to load stage0: 'version'
2026-05-03 20:55:46,938 - WARNING - Failed to load stage3: 'version'
2026-05-03 20:55:46,972 - WARNING - Failed to load clang-meson-busybox: 'version'
2026-05-03 20:55:46,972 - WARNING - Failed to load clang-gnu-busybox: 'version'
2026-05-03 20:55:46,972 - WARNING - Failed to load gcc-gnu-busybox: 'version'
2026-05-03 20:55:46,972 - WARNING - Failed to load solidity: 'version'
2026-05-03 20:55:46,972 - WARNING - Failed to load clang-cmake-busybox: 'version'
2026-05-03 20:55:46,972 - WARNING - Failed to load gcc-gnu-gnu: 'version'
2026-05-03 20:55:46,972 - WARNING - Failed to load luarocks: 'version'
2026-05-03 20:55:46,972 - WARNING - Failed to load rust: 'version'
2026-05-03 20:55:46,973 - WARNING - Failed to load gcc: 'version'
2026-05-03 20:55:46,973 - WARNING - Failed to load php: 'version'
2026-05-03 20:55:46,973 - WARNING - Failed to load python: 'version'
2026-05-03 20:55:46,973 - WARNING - Failed to load clang: 'version'
2026-05-03 20:55:46,973 - WARNING - Failed to load nodejs: 'version'
2026-05-03 20:55:46,973 - WARNING - Failed to load cython: 'version'
2026-05-03 20:55:46,973 - WARNING - Failed to load gcc-cmake-busybox: 'version'
2026-05-03 20:55:46,973 - WARNING - Failed to load php-composer: 'version'
2026-05-03 20:55:46,973 - WARNING - Failed to load go: 'version'
2026-05-03 20:55:46,973 - WARNING - Failed to load lua: 'version'
2026-05-03 20:55:46,973 - WARNING - Failed to load cgo: 'version'
2026-05-03 20:55:46,974 - WARNING - Failed to load gcc-meson-busybox: 'version'
2026-05-03 20:55:46,979 - WARNING - Failed to load cross-x86_64-gnu-gcc: 'version'
2026-05-03 20:55:46,983 - WARNING - Failed to load filesystem: 'version'
2026-05-03 20:55:46,984 - WARNING - Failed to load profile: 'version'
2026-05-03 20:55:46,990 - INFO - Loaded 416 packages
2026-05-03 20:55:46,990 - INFO - lmdb has no RM.org ID, attempting to look it up...
2026-05-03 20:55:47,617 - INFO - Found project ID 20266 for lmdb
2026-05-03 20:55:47,617 - INFO - Found project ID 20266 for lmdb
2026-05-03 20:55:47,618 - INFO - Current: 0.8.0, Latest: 0.8.0
2026-05-03 20:55:47,618 - INFO - lmdb is up to date
2026-05-03 20:55:47,618 - INFO - Processing libev...
2026-05-03 20:55:47,625 - WARNING - Failed to load stage2: 'version'
2026-05-03 20:55:47,625 - WARNING - Failed to load stage0: 'version'
2026-05-03 20:55:47,625 - WARNING - Failed to load stage3: 'version'
2026-05-03 20:55:47,659 - WARNING - Failed to load clang-meson-busybox: 'version'
2026-05-03 20:55:47,659 - WARNING - Failed to load clang-gnu-busybox: 'version'
2026-05-03 20:55:47,659 - WARNING - Failed to load gcc-gnu-busybox: 'version'
2026-05-03 20:55:47,659 - WARNING - Failed to load solidity: 'version'
2026-05-03 20:55:47,659 - WARNING - Failed to load clang-cmake-busybox: 'version'
2026-05-03 20:55:47,660 - WARNING - Failed to load gcc-gnu-gnu: 'version'
2026-05-03 20:55:47,660 - WARNING - Failed to load luarocks: 'version'
2026-05-03 20:55:47,660 - WARNING - Failed to load rust: 'version'
2026-05-03 20:55:47,660 - WARNING - Failed to load gcc: 'version'
2026-05-03 20:55:47,660 - WARNING - Failed to load php: 'version'
2026-05-03 20:55:47,660 - WARNING - Failed to load python: 'version'
2026-05-03 20:55:47,660 - WARNING - Failed to load clang: 'version'
2026-05-03 20:55:47,660 - WARNING - Failed to load nodejs: 'version'
2026-05-03 20:55:47,660 - WARNING - Failed to load cython: 'version'
2026-05-03 20:55:47,660 - WARNING - Failed to load gcc-cmake-busybox: 'version'
2026-05-03 20:55:47,660 - WARNING - Failed to load php-composer: 'version'
2026-05-03 20:55:47,661 - WARNING - Failed to load go: 'version'
2026-05-03 20:55:47,661 - WARNING - Failed to load lua: 'version'
2026-05-03 20:55:47,661 - WARNING - Failed to load cgo: 'version'
2026-05-03 20:55:47,661 - WARNING - Failed to load gcc-meson-busybox: 'version'
2026-05-03 20:55:47,666 - WARNING - Failed to load cross-x86_64-gnu-gcc: 'version'
2026-05-03 20:55:47,670 - WARNING - Failed to load filesystem: 'version'
2026-05-03 20:55:47,671 - WARNING - Failed to load profile: 'version'
2026-05-03 20:55:47,677 - INFO - Loaded 416 packages
2026-05-03 20:55:47,677 - INFO - libev has no RM.org ID, attempting to look it up...
2026-05-03 20:55:48,241 - INFO - Found project ID 1605 for libev
2026-05-03 20:55:48,241 - INFO - Found project ID 1605 for libev
2026-05-03 20:55:48,241 - INFO - Current: 4.33, Latest: 4.33
2026-05-03 20:55:48,241 - INFO - libev is up to date
2026-05-03 20:55:48,242 - INFO - Processing git...
2026-05-03 20:55:48,248 - WARNING - Failed to load stage2: 'version'
2026-05-03 20:55:48,248 - WARNING - Failed to load stage0: 'version'
2026-05-03 20:55:48,249 - WARNING - Failed to load stage3: 'version'
2026-05-03 20:55:48,283 - WARNING - Failed to load clang-meson-busybox: 'version'
2026-05-03 20:55:48,283 - WARNING - Failed to load clang-gnu-busybox: 'version'
2026-05-03 20:55:48,283 - WARNING - Failed to load gcc-gnu-busybox: 'version'
2026-05-03 20:55:48,283 - WARNING - Failed to load solidity: 'version'
2026-05-03 20:55:48,283 - WARNING - Failed to load clang-cmake-busybox: 'version'
2026-05-03 20:55:48,283 - WARNING - Failed to load gcc-gnu-gnu: 'version'
2026-05-03 20:55:48,283 - WARNING - Failed to load luarocks: 'version'
2026-05-03 20:55:48,283 - WARNING - Failed to load rust: 'version'
2026-05-03 20:55:48,284 - WARNING - Failed to load gcc: 'version'
2026-05-03 20:55:48,284 - WARNING - Failed to load php: 'version'
2026-05-03 20:55:48,284 - WARNING - Failed to load python: 'version'
2026-05-03 20:55:48,284 - WARNING - Failed to load clang: 'version'
2026-05-03 20:55:48,284 - WARNING - Failed to load nodejs: 'version'
2026-05-03 20:55:48,284 - WARNING - Failed to load cython: 'version'
2026-05-03 20:55:48,284 - WARNING - Failed to load gcc-cmake-busybox: 'version'
2026-05-03 20:55:48,284 - WARNING - Failed to load php-composer: 'version'
2026-05-03 20:55:48,284 - WARNING - Failed to load go: 'version'
2026-05-03 20:55:48,284 - WARNING - Failed to load lua: 'version'
2026-05-03 20:55:48,284 - WARNING - Failed to load cgo: 'version'
2026-05-03 20:55:48,285 - WARNING - Failed to load gcc-meson-busybox: 'version'
2026-05-03 20:55:48,290 - WARNING - Failed to load cross-x86_64-gnu-gcc: 'version'
2026-05-03 20:55:48,294 - WARNING - Failed to load filesystem: 'version'
2026-05-03 20:55:48,295 - WARNING - Failed to load profile: 'version'
2026-05-03 20:55:48,301 - INFO - Loaded 416 packages
2026-05-03 20:55:48,301 - INFO - git has no RM.org ID, attempting to look it up...
2026-05-03 20:55:48,891 - INFO - Found project ID 5350 for git
2026-05-03 20:55:48,891 - INFO - Found project ID 5350 for git
2026-05-03 20:55:48,891 - INFO - Current: 2.54.0, Latest: 2.54.0
2026-05-03 20:55:48,891 - INFO - git is up to date
2026-05-03 20:55:48,891 - INFO - Processing libunwind...
2026-05-03 20:55:48,891 - INFO - Processing rust...
2026-05-03 20:55:48,898 - WARNING - Failed to load stage2: 'version'
2026-05-03 20:55:48,898 - WARNING - Failed to load stage0: 'version'
2026-05-03 20:55:48,899 - WARNING - Failed to load stage3: 'version'
2026-05-03 20:55:48,933 - WARNING - Failed to load clang-meson-busybox: 'version'
2026-05-03 20:55:48,933 - WARNING - Failed to load clang-gnu-busybox: 'version'
2026-05-03 20:55:48,933 - WARNING - Failed to load gcc-gnu-busybox: 'version'
2026-05-03 20:55:48,933 - WARNING - Failed to load solidity: 'version'
2026-05-03 20:55:48,933 - WARNING - Failed to load clang-cmake-busybox: 'version'
2026-05-03 20:55:48,933 - WARNING - Failed to load gcc-gnu-gnu: 'version'
2026-05-03 20:55:48,933 - WARNING - Failed to load luarocks: 'version'
2026-05-03 20:55:48,934 - WARNING - Failed to load rust: 'version'
2026-05-03 20:55:48,934 - WARNING - Failed to load gcc: 'version'
2026-05-03 20:55:48,934 - WARNING - Failed to load php: 'version'
2026-05-03 20:55:48,934 - WARNING - Failed to load python: 'version'
2026-05-03 20:55:48,934 - WARNING - Failed to load clang: 'version'
2026-05-03 20:55:48,934 - WARNING - Failed to load nodejs: 'version'
2026-05-03 20:55:48,934 - WARNING - Failed to load cython: 'version'
2026-05-03 20:55:48,934 - WARNING - Failed to load gcc-cmake-busybox: 'version'
2026-05-03 20:55:48,934 - WARNING - Failed to load php-composer: 'version'
2026-05-03 20:55:48,934 - WARNING - Failed to load go: 'version'
2026-05-03 20:55:48,934 - WARNING - Failed to load lua: 'version'
2026-05-03 20:55:48,935 - WARNING - Failed to load cgo: 'version'
2026-05-03 20:55:48,935 - WARNING - Failed to load gcc-meson-busybox: 'version'
2026-05-03 20:55:48,940 - WARNING - Failed to load cross-x86_64-gnu-gcc: 'version'
2026-05-03 20:55:48,944 - WARNING - Failed to load filesystem: 'version'
2026-05-03 20:55:48,945 - WARNING - Failed to load profile: 'version'
2026-05-03 20:55:48,951 - INFO - Loaded 416 packages
2026-05-03 20:55:48,951 - INFO - Skipping rust - handled by staging
2026-05-03 20:55:48,951 - INFO - Processing c...
2026-05-03 20:55:48,951 - INFO - Processing libnghttp2...
2026-05-03 20:55:48,958 - WARNING - Failed to load stage2: 'version'
2026-05-03 20:55:48,958 - WARNING - Failed to load stage0: 'version'
2026-05-03 20:55:48,958 - WARNING - Failed to load stage3: 'version'
2026-05-03 20:55:48,992 - WARNING - Failed to load clang-meson-busybox: 'version'
2026-05-03 20:55:48,992 - WARNING - Failed to load clang-gnu-busybox: 'version'
2026-05-03 20:55:48,992 - WARNING - Failed to load gcc-gnu-busybox: 'version'
2026-05-03 20:55:48,993 - WARNING - Failed to load solidity: 'version'
2026-05-03 20:55:48,993 - WARNING - Failed to load clang-cmake-busybox: 'version'
2026-05-03 20:55:48,993 - WARNING - Failed to load gcc-gnu-gnu: 'version'
2026-05-03 20:55:48,993 - WARNING - Failed to load luarocks: 'version'
2026-05-03 20:55:48,993 - WARNING - Failed to load rust: 'version'
2026-05-03 20:55:48,993 - WARNING - Failed to load gcc: 'version'
2026-05-03 20:55:48,993 - WARNING - Failed to load php: 'version'
2026-05-03 20:55:48,993 - WARNING - Failed to load python: 'version'
2026-05-03 20:55:48,993 - WARNING - Failed to load clang: 'version'
2026-05-03 20:55:48,993 - WARNING - Failed to load nodejs: 'version'
2026-05-03 20:55:48,993 - WARNING - Failed to load cython: 'version'
2026-05-03 20:55:48,994 - WARNING - Failed to load gcc-cmake-busybox: 'version'
2026-05-03 20:55:48,994 - WARNING - Failed to load php-composer: 'version'
2026-05-03 20:55:48,994 - WARNING - Failed to load go: 'version'
2026-05-03 20:55:48,994 - WARNING - Failed to load lua: 'version'
2026-05-03 20:55:48,994 - WARNING - Failed to load cgo: 'version'
2026-05-03 20:55:48,994 - WARNING - Failed to load gcc-meson-busybox: 'version'
2026-05-03 20:55:48,999 - WARNING - Failed to load cross-x86_64-gnu-gcc: 'version'
2026-05-03 20:55:49,003 - WARNING - Failed to load filesystem: 'version'
2026-05-03 20:55:49,005 - WARNING - Failed to load profile: 'version'
2026-05-03 20:55:49,010 - INFO - Loaded 416 packages
2026-05-03 20:55:49,010 - INFO - libnghttp2 has no RM.org ID, attempting to look it up...
2026-05-03 20:55:49,575 - WARNING - Could not determine latest version for libnghttp2
2026-05-03 20:55:49,576 - INFO - Processing libcxx...
2026-05-03 20:55:49,576 - INFO - Processing libcxxabi...
2026-05-03 20:55:49,576 - INFO - Processing clang...
2026-05-03 20:55:49,576 - INFO - Processing gcc...
2026-05-03 20:55:49,582 - WARNING - Failed to load stage2: 'version'
2026-05-03 20:55:49,583 - WARNING - Failed to load stage0: 'version'
2026-05-03 20:55:49,583 - WARNING - Failed to load stage3: 'version'
2026-05-03 20:55:49,617 - WARNING - Failed to load clang-meson-busybox: 'version'
2026-05-03 20:55:49,617 - WARNING - Failed to load clang-gnu-busybox: 'version'
2026-05-03 20:55:49,617 - WARNING - Failed to load gcc-gnu-busybox: 'version'
2026-05-03 20:55:49,618 - WARNING - Failed to load solidity: 'version'
2026-05-03 20:55:49,618 - WARNING - Failed to load clang-cmake-busybox: 'version'
2026-05-03 20:55:49,618 - WARNING - Failed to load gcc-gnu-gnu: 'version'
2026-05-03 20:55:49,618 - WARNING - Failed to load luarocks: 'version'
2026-05-03 20:55:49,618 - WARNING - Failed to load rust: 'version'
2026-05-03 20:55:49,618 - WARNING - Failed to load gcc: 'version'
2026-05-03 20:55:49,618 - WARNING - Failed to load php: 'version'
2026-05-03 20:55:49,618 - WARNING - Failed to load python: 'version'
2026-05-03 20:55:49,618 - WARNING - Failed to load clang: 'version'
2026-05-03 20:55:49,618 - WARNING - Failed to load nodejs: 'version'
2026-05-03 20:55:49,618 - WARNING - Failed to load cython: 'version'
2026-05-03 20:55:49,619 - WARNING - Failed to load gcc-cmake-busybox: 'version'
2026-05-03 20:55:49,619 - WARNING - Failed to load php-composer: 'version'
2026-05-03 20:55:49,619 - WARNING - Failed to load go: 'version'
2026-05-03 20:55:49,619 - WARNING - Failed to load lua: 'version'
2026-05-03 20:55:49,619 - WARNING - Failed to load cgo: 'version'
2026-05-03 20:55:49,619 - WARNING - Failed to load gcc-meson-busybox: 'version'
2026-05-03 20:55:49,624 - WARNING - Failed to load cross-x86_64-gnu-gcc: 'version'
2026-05-03 20:55:49,628 - WARNING - Failed to load filesystem: 'version'
2026-05-03 20:55:49,630 - WARNING - Failed to load profile: 'version'
2026-05-03 20:55:49,635 - INFO - Loaded 416 packages
2026-05-03 20:55:49,635 - INFO - gcc has no RM.org ID, attempting to look it up...
2026-05-03 20:55:50,211 - INFO - Found project ID 6502 for gcc
2026-05-03 20:55:50,211 - INFO - Found project ID 6502 for gcc
2026-05-03 20:55:50,211 - INFO - Current: 16.1.0, Latest: 16.1.0
2026-05-03 20:55:50,211 - INFO - gcc is up to date
2026-05-03 20:55:50,212 - INFO - Processing pie...
2026-05-03 20:55:50,218 - WARNING - Failed to load stage2: 'version'
2026-05-03 20:55:50,218 - WARNING - Failed to load stage0: 'version'
2026-05-03 20:55:50,219 - WARNING - Failed to load stage3: 'version'
2026-05-03 20:55:50,253 - WARNING - Failed to load clang-meson-busybox: 'version'
2026-05-03 20:55:50,253 - WARNING - Failed to load clang-gnu-busybox: 'version'
2026-05-03 20:55:50,253 - WARNING - Failed to load gcc-gnu-busybox: 'version'
2026-05-03 20:55:50,253 - WARNING - Failed to load solidity: 'version'
2026-05-03 20:55:50,253 - WARNING - Failed to load clang-cmake-busybox: 'version'
2026-05-03 20:55:50,253 - WARNING - Failed to load gcc-gnu-gnu: 'version'
2026-05-03 20:55:50,253 - WARNING - Failed to load luarocks: 'version'
2026-05-03 20:55:50,253 - WARNING - Failed to load rust: 'version'
2026-05-03 20:55:50,253 - WARNING - Failed to load gcc: 'version'
2026-05-03 20:55:50,253 - WARNING - Failed to load php: 'version'
2026-05-03 20:55:50,254 - WARNING - Failed to load python: 'version'
2026-05-03 20:55:50,254 - WARNING - Failed to load clang: 'version'
2026-05-03 20:55:50,254 - WARNING - Failed to load nodejs: 'version'
2026-05-03 20:55:50,254 - WARNING - Failed to load cython: 'version'
2026-05-03 20:55:50,254 - WARNING - Failed to load gcc-cmake-busybox: 'version'
2026-05-03 20:55:50,254 - WARNING - Failed to load php-composer: 'version'
2026-05-03 20:55:50,254 - WARNING - Failed to load go: 'version'
2026-05-03 20:55:50,254 - WARNING - Failed to load lua: 'version'
2026-05-03 20:55:50,254 - WARNING - Failed to load cgo: 'version'
2026-05-03 20:55:50,254 - WARNING - Failed to load gcc-meson-busybox: 'version'
2026-05-03 20:55:50,259 - WARNING - Failed to load cross-x86_64-gnu-gcc: 'version'
2026-05-03 20:55:50,264 - WARNING - Failed to load filesystem: 'version'
2026-05-03 20:55:50,265 - WARNING - Failed to load profile: 'version'
2026-05-03 20:55:50,271 - INFO - Loaded 416 packages
2026-05-03 20:55:50,271 - INFO - pie has no RM.org ID, attempting to look it up...
2026-05-03 20:55:50,833 - INFO - Found project ID 235004 for pie
2026-05-03 20:55:50,833 - INFO - Found project ID 235004 for pie
2026-05-03 20:55:50,833 - INFO - Current: 1.3.8, Latest: 1.0
2026-05-03 20:55:50,834 - INFO - Updating pie to 1.0
2026-05-03 20:55:50,834 - INFO - Backed up pie to /home/lrvick/Sources/stagex/scripts/backups/core/pie
2026-05-03 20:55:51,342 - ERROR - No working download URL found for version 1.0
2026-05-03 20:55:51,342 - ERROR - Failed to download source for pie
2026-05-03 20:55:51,342 - INFO - Processing php...
2026-05-03 20:55:51,349 - WARNING - Failed to load stage2: 'version'
2026-05-03 20:55:51,349 - WARNING - Failed to load stage0: 'version'
2026-05-03 20:55:51,350 - WARNING - Failed to load stage3: 'version'
2026-05-03 20:55:51,383 - WARNING - Failed to load clang-meson-busybox: 'version'
2026-05-03 20:55:51,383 - WARNING - Failed to load clang-gnu-busybox: 'version'
2026-05-03 20:55:51,384 - WARNING - Failed to load gcc-gnu-busybox: 'version'
2026-05-03 20:55:51,384 - WARNING - Failed to load solidity: 'version'
2026-05-03 20:55:51,384 - WARNING - Failed to load clang-cmake-busybox: 'version'
2026-05-03 20:55:51,384 - WARNING - Failed to load gcc-gnu-gnu: 'version'
2026-05-03 20:55:51,384 - WARNING - Failed to load luarocks: 'version'
2026-05-03 20:55:51,384 - WARNING - Failed to load rust: 'version'
2026-05-03 20:55:51,384 - WARNING - Failed to load gcc: 'version'
2026-05-03 20:55:51,384 - WARNING - Failed to load php: 'version'
2026-05-03 20:55:51,384 - WARNING - Failed to load python: 'version'
2026-05-03 20:55:51,384 - WARNING - Failed to load clang: 'version'
2026-05-03 20:55:51,384 - WARNING - Failed to load nodejs: 'version'
2026-05-03 20:55:51,385 - WARNING - Failed to load cython: 'version'
2026-05-03 20:55:51,385 - WARNING - Failed to load gcc-cmake-busybox: 'version'
2026-05-03 20:55:51,385 - WARNING - Failed to load php-composer: 'version'
2026-05-03 20:55:51,385 - WARNING - Failed to load go: 'version'
2026-05-03 20:55:51,385 - WARNING - Failed to load lua: 'version'
2026-05-03 20:55:51,385 - WARNING - Failed to load cgo: 'version'
2026-05-03 20:55:51,385 - WARNING - Failed to load gcc-meson-busybox: 'version'
2026-05-03 20:55:51,390 - WARNING - Failed to load cross-x86_64-gnu-gcc: 'version'
2026-05-03 20:55:51,394 - WARNING - Failed to load filesystem: 'version'
2026-05-03 20:55:51,396 - WARNING - Failed to load profile: 'version'
2026-05-03 20:55:51,402 - INFO - Loaded 416 packages
2026-05-03 20:55:51,402 - INFO - php has no RM.org ID, attempting to look it up...
2026-05-03 20:55:51,985 - INFO - Found project ID 3627 for php
2026-05-03 20:55:51,985 - INFO - Found project ID 3627 for php
2026-05-03 20:55:51,985 - INFO - Current: 8.5.5, Latest: 8.5.5
2026-05-03 20:55:51,985 - INFO - php is up to date
2026-05-03 20:55:51,985 - INFO - Processing php...
2026-05-03 20:55:51,992 - WARNING - Failed to load stage2: 'version'
2026-05-03 20:55:51,995 - WARNING - Failed to load stage0: 'version'
2026-05-03 20:55:51,995 - WARNING - Failed to load stage3: 'version'
2026-05-03 20:55:52,029 - WARNING - Failed to load clang-meson-busybox: 'version'
2026-05-03 20:55:52,029 - WARNING - Failed to load clang-gnu-busybox: 'version'
2026-05-03 20:55:52,029 - WARNING - Failed to load gcc-gnu-busybox: 'version'
2026-05-03 20:55:52,029 - WARNING - Failed to load solidity: 'version'
2026-05-03 20:55:52,029 - WARNING - Failed to load clang-cmake-busybox: 'version'
2026-05-03 20:55:52,029 - WARNING - Failed to load gcc-gnu-gnu: 'version'
2026-05-03 20:55:52,029 - WARNING - Failed to load luarocks: 'version'
2026-05-03 20:55:52,029 - WARNING - Failed to load rust: 'version'
2026-05-03 20:55:52,029 - WARNING - Failed to load gcc: 'version'
2026-05-03 20:55:52,030 - WARNING - Failed to load php: 'version'
2026-05-03 20:55:52,030 - WARNING - Failed to load python: 'version'
2026-05-03 20:55:52,030 - WARNING - Failed to load clang: 'version'
2026-05-03 20:55:52,030 - WARNING - Failed to load nodejs: 'version'
2026-05-03 20:55:52,030 - WARNING - Failed to load cython: 'version'
2026-05-03 20:55:52,030 - WARNING - Failed to load gcc-cmake-busybox: 'version'
2026-05-03 20:55:52,030 - WARNING - Failed to load php-composer: 'version'
2026-05-03 20:55:52,030 - WARNING - Failed to load go: 'version'
2026-05-03 20:55:52,030 - WARNING - Failed to load lua: 'version'
2026-05-03 20:55:52,030 - WARNING - Failed to load cgo: 'version'
2026-05-03 20:55:52,030 - WARNING - Failed to load gcc-meson-busybox: 'version'
2026-05-03 20:55:52,035 - WARNING - Failed to load cross-x86_64-gnu-gcc: 'version'
2026-05-03 20:55:52,040 - WARNING - Failed to load filesystem: 'version'
2026-05-03 20:55:52,041 - WARNING - Failed to load profile: 'version'
2026-05-03 20:55:52,047 - INFO - Loaded 416 packages
2026-05-03 20:55:52,047 - INFO - php has no RM.org ID, attempting to look it up...
2026-05-03 20:55:52,635 - INFO - Found project ID 3627 for php
2026-05-03 20:55:52,635 - INFO - Found project ID 3627 for php
2026-05-03 20:55:52,635 - INFO - Current: 8.5.5, Latest: 8.5.5
2026-05-03 20:55:52,635 - INFO - php is up to date
2026-05-03 20:55:52,635 - INFO - Processing python...
2026-05-03 20:55:52,642 - WARNING - Failed to load stage2: 'version'
2026-05-03 20:55:52,642 - WARNING - Failed to load stage0: 'version'
2026-05-03 20:55:52,643 - WARNING - Failed to load stage3: 'version'
2026-05-03 20:55:52,677 - WARNING - Failed to load clang-meson-busybox: 'version'
2026-05-03 20:55:52,677 - WARNING - Failed to load clang-gnu-busybox: 'version'
2026-05-03 20:55:52,677 - WARNING - Failed to load gcc-gnu-busybox: 'version'
2026-05-03 20:55:52,677 - WARNING - Failed to load solidity: 'version'
2026-05-03 20:55:52,677 - WARNING - Failed to load clang-cmake-busybox: 'version'
2026-05-03 20:55:52,677 - WARNING - Failed to load gcc-gnu-gnu: 'version'
2026-05-03 20:55:52,677 - WARNING - Failed to load luarocks: 'version'
2026-05-03 20:55:52,677 - WARNING - Failed to load rust: 'version'
2026-05-03 20:55:52,677 - WARNING - Failed to load gcc: 'version'
2026-05-03 20:55:52,678 - WARNING - Failed to load php: 'version'
2026-05-03 20:55:52,678 - WARNING - Failed to load python: 'version'
2026-05-03 20:55:52,678 - WARNING - Failed to load clang: 'version'
2026-05-03 20:55:52,678 - WARNING - Failed to load nodejs: 'version'
2026-05-03 20:55:52,678 - WARNING - Failed to load cython: 'version'
2026-05-03 20:55:52,678 - WARNING - Failed to load gcc-cmake-busybox: 'version'
2026-05-03 20:55:52,678 - WARNING - Failed to load php-composer: 'version'
2026-05-03 20:55:52,678 - WARNING - Failed to load go: 'version'
2026-05-03 20:55:52,678 - WARNING - Failed to load lua: 'version'
2026-05-03 20:55:52,678 - WARNING - Failed to load cgo: 'version'
2026-05-03 20:55:52,678 - WARNING - Failed to load gcc-meson-busybox: 'version'
2026-05-03 20:55:52,683 - WARNING - Failed to load cross-x86_64-gnu-gcc: 'version'
2026-05-03 20:55:52,688 - WARNING - Failed to load filesystem: 'version'
2026-05-03 20:55:52,689 - WARNING - Failed to load profile: 'version'
2026-05-03 20:55:52,695 - INFO - Loaded 416 packages
2026-05-03 20:55:52,695 - INFO - python has no RM.org ID, attempting to look it up...
2026-05-03 20:55:53,269 - INFO - Found project ID 13254 for python
2026-05-03 20:55:53,269 - INFO - Found project ID 13254 for python
2026-05-03 20:55:53,269 - INFO - Current: 3.14.4, Latest: 3.14.4
2026-05-03 20:55:53,270 - INFO - python is up to date
2026-05-03 20:55:53,270 - INFO - Processing doctest...
2026-05-03 20:55:53,276 - WARNING - Failed to load stage2: 'version'
2026-05-03 20:55:53,277 - WARNING - Failed to load stage0: 'version'
2026-05-03 20:55:53,277 - WARNING - Failed to load stage3: 'version'
2026-05-03 20:55:53,311 - WARNING - Failed to load clang-meson-busybox: 'version'
2026-05-03 20:55:53,311 - WARNING - Failed to load clang-gnu-busybox: 'version'
2026-05-03 20:55:53,311 - WARNING - Failed to load gcc-gnu-busybox: 'version'
2026-05-03 20:55:53,311 - WARNING - Failed to load solidity: 'version'
2026-05-03 20:55:53,311 - WARNING - Failed to load clang-cmake-busybox: 'version'
2026-05-03 20:55:53,311 - WARNING - Failed to load gcc-gnu-gnu: 'version'
2026-05-03 20:55:53,311 - WARNING - Failed to load luarocks: 'version'
2026-05-03 20:55:53,312 - WARNING - Failed to load rust: 'version'
2026-05-03 20:55:53,312 - WARNING - Failed to load gcc: 'version'
2026-05-03 20:55:53,312 - WARNING - Failed to load php: 'version'
2026-05-03 20:55:53,312 - WARNING - Failed to load python: 'version'
2026-05-03 20:55:53,312 - WARNING - Failed to load clang: 'version'
2026-05-03 20:55:53,312 - WARNING - Failed to load nodejs: 'version'
2026-05-03 20:55:53,312 - WARNING - Failed to load cython: 'version'
2026-05-03 20:55:53,312 - WARNING - Failed to load gcc-cmake-busybox: 'version'
2026-05-03 20:55:53,312 - WARNING - Failed to load php-composer: 'version'
2026-05-03 20:55:53,312 - WARNING - Failed to load go: 'version'
2026-05-03 20:55:53,312 - WARNING - Failed to load lua: 'version'
2026-05-03 20:55:53,313 - WARNING - Failed to load cgo: 'version'
2026-05-03 20:55:53,313 - WARNING - Failed to load gcc-meson-busybox: 'version'
2026-05-03 20:55:53,318 - WARNING - Failed to load cross-x86_64-gnu-gcc: 'version'
2026-05-03 20:55:53,322 - WARNING - Failed to load filesystem: 'version'
2026-05-03 20:55:53,323 - WARNING - Failed to load profile: 'version'
2026-05-03 20:55:53,329 - INFO - Loaded 416 packages
2026-05-03 20:55:53,329 - INFO - doctest has no RM.org ID, attempting to look it up...
2026-05-03 20:55:53,893 - INFO - Found project ID 288147 for doctest
2026-05-03 20:55:53,893 - INFO - Found project ID 288147 for doctest
2026-05-03 20:55:53,893 - INFO - Current: 2.5.2, Latest: 2.5.2
2026-05-03 20:55:53,893 - INFO - doctest is up to date
2026-05-03 20:55:53,893 - INFO - Processing mlir...
2026-05-03 20:55:53,893 - INFO - Processing lld...
2026-05-03 20:55:53,893 - INFO - Processing gzip...
2026-05-03 20:55:53,900 - WARNING - Failed to load stage2: 'version'
2026-05-03 20:55:53,900 - WARNING - Failed to load stage0: 'version'
2026-05-03 20:55:53,901 - WARNING - Failed to load stage3: 'version'
2026-05-03 20:55:53,934 - WARNING - Failed to load clang-meson-busybox: 'version'
2026-05-03 20:55:53,934 - WARNING - Failed to load clang-gnu-busybox: 'version'
2026-05-03 20:55:53,935 - WARNING - Failed to load gcc-gnu-busybox: 'version'
2026-05-03 20:55:53,935 - WARNING - Failed to load solidity: 'version'
2026-05-03 20:55:53,935 - WARNING - Failed to load clang-cmake-busybox: 'version'
2026-05-03 20:55:53,935 - WARNING - Failed to load gcc-gnu-gnu: 'version'
2026-05-03 20:55:53,935 - WARNING - Failed to load luarocks: 'version'
2026-05-03 20:55:53,935 - WARNING - Failed to load rust: 'version'
2026-05-03 20:55:53,935 - WARNING - Failed to load gcc: 'version'
2026-05-03 20:55:53,935 - WARNING - Failed to load php: 'version'
2026-05-03 20:55:53,935 - WARNING - Failed to load python: 'version'
2026-05-03 20:55:53,935 - WARNING - Failed to load clang: 'version'
2026-05-03 20:55:53,935 - WARNING - Failed to load nodejs: 'version'
2026-05-03 20:55:53,936 - WARNING - Failed to load cython: 'version'
2026-05-03 20:55:53,936 - WARNING - Failed to load gcc-cmake-busybox: 'version'
2026-05-03 20:55:53,936 - WARNING - Failed to load php-composer: 'version'
2026-05-03 20:55:53,936 - WARNING - Failed to load go: 'version'
2026-05-03 20:55:53,936 - WARNING - Failed to load lua: 'version'
2026-05-03 20:55:53,936 - WARNING - Failed to load cgo: 'version'
2026-05-03 20:55:53,936 - WARNING - Failed to load gcc-meson-busybox: 'version'
2026-05-03 20:55:53,941 - WARNING - Failed to load cross-x86_64-gnu-gcc: 'version'
2026-05-03 20:55:53,945 - WARNING - Failed to load filesystem: 'version'
2026-05-03 20:55:53,947 - WARNING - Failed to load profile: 'version'
2026-05-03 20:55:53,952 - INFO - Loaded 416 packages
2026-05-03 20:55:53,952 - INFO - gzip has no RM.org ID, attempting to look it up...
2026-05-03 20:55:54,571 - INFO - Found project ID 1290 for gzip
2026-05-03 20:55:54,571 - INFO - Found project ID 1290 for gzip
2026-05-03 20:55:54,571 - INFO - Current: 1.14, Latest: 1.14
2026-05-03 20:55:54,571 - INFO - gzip is up to date
2026-05-03 20:55:54,571 - INFO - Processing brotli...
2026-05-03 20:55:54,578 - WARNING - Failed to load stage2: 'version'
2026-05-03 20:55:54,578 - WARNING - Failed to load stage0: 'version'
2026-05-03 20:55:54,579 - WARNING - Failed to load stage3: 'version'
2026-05-03 20:55:54,612 - WARNING - Failed to load clang-meson-busybox: 'version'
2026-05-03 20:55:54,612 - WARNING - Failed to load clang-gnu-busybox: 'version'
2026-05-03 20:55:54,612 - WARNING - Failed to load gcc-gnu-busybox: 'version'
2026-05-03 20:55:54,613 - WARNING - Failed to load solidity: 'version'
2026-05-03 20:55:54,613 - WARNING - Failed to load clang-cmake-busybox: 'version'
2026-05-03 20:55:54,613 - WARNING - Failed to load gcc-gnu-gnu: 'version'
2026-05-03 20:55:54,613 - WARNING - Failed to load luarocks: 'version'
2026-05-03 20:55:54,613 - WARNING - Failed to load rust: 'version'
2026-05-03 20:55:54,613 - WARNING - Failed to load gcc: 'version'
2026-05-03 20:55:54,613 - WARNING - Failed to load php: 'version'
2026-05-03 20:55:54,613 - WARNING - Failed to load python: 'version'
2026-05-03 20:55:54,613 - WARNING - Failed to load clang: 'version'
2026-05-03 20:55:54,613 - WARNING - Failed to load nodejs: 'version'
2026-05-03 20:55:54,614 - WARNING - Failed to load cython: 'version'
2026-05-03 20:55:54,614 - WARNING - Failed to load gcc-cmake-busybox: 'version'
2026-05-03 20:55:54,614 - WARNING - Failed to load php-composer: 'version'
2026-05-03 20:55:54,614 - WARNING - Failed to load go: 'version'
2026-05-03 20:55:54,614 - WARNING - Failed to load lua: 'version'
2026-05-03 20:55:54,614 - WARNING - Failed to load cgo: 'version'
2026-05-03 20:55:54,614 - WARNING - Failed to load gcc-meson-busybox: 'version'
2026-05-03 20:55:54,619 - WARNING - Failed to load cross-x86_64-gnu-gcc: 'version'
2026-05-03 20:55:54,624 - WARNING - Failed to load filesystem: 'version'
2026-05-03 20:55:54,625 - WARNING - Failed to load profile: 'version'
2026-05-03 20:55:54,630 - INFO - Loaded 416 packages
2026-05-03 20:55:54,630 - INFO - brotli has no RM.org ID, attempting to look it up...
2026-05-03 20:55:55,214 - INFO - Found project ID 56524 for brotli
2026-05-03 20:55:55,214 - INFO - Found project ID 56524 for brotli
2026-05-03 20:55:55,214 - INFO - Current: 1.1.0, Latest: 8.0.2
2026-05-03 20:55:55,215 - INFO - Updating brotli to 8.0.2
2026-05-03 20:55:55,215 - INFO - Backed up brotli to /home/lrvick/Sources/stagex/scripts/backups/core/brotli
2026-05-03 20:55:55,732 - ERROR - No working download URL found for version 8.0.2
2026-05-03 20:55:55,732 - ERROR - Failed to download source for brotli
2026-05-03 20:55:55,732 - INFO - Processing nodejs...
2026-05-03 20:55:55,739 - WARNING - Failed to load stage2: 'version'
2026-05-03 20:55:55,739 - WARNING - Failed to load stage0: 'version'
2026-05-03 20:55:55,740 - WARNING - Failed to load stage3: 'version'
2026-05-03 20:55:55,773 - WARNING - Failed to load clang-meson-busybox: 'version'
2026-05-03 20:55:55,774 - WARNING - Failed to load clang-gnu-busybox: 'version'
2026-05-03 20:55:55,774 - WARNING - Failed to load gcc-gnu-busybox: 'version'
2026-05-03 20:55:55,774 - WARNING - Failed to load solidity: 'version'
2026-05-03 20:55:55,774 - WARNING - Failed to load clang-cmake-busybox: 'version'
2026-05-03 20:55:55,774 - WARNING - Failed to load gcc-gnu-gnu: 'version'
2026-05-03 20:55:55,774 - WARNING - Failed to load luarocks: 'version'
2026-05-03 20:55:55,774 - WARNING - Failed to load rust: 'version'
2026-05-03 20:55:55,774 - WARNING - Failed to load gcc: 'version'
2026-05-03 20:55:55,774 - WARNING - Failed to load php: 'version'
2026-05-03 20:55:55,774 - WARNING - Failed to load python: 'version'
2026-05-03 20:55:55,775 - WARNING - Failed to load clang: 'version'
2026-05-03 20:55:55,775 - WARNING - Failed to load nodejs: 'version'
2026-05-03 20:55:55,775 - WARNING - Failed to load cython: 'version'
2026-05-03 20:55:55,775 - WARNING - Failed to load gcc-cmake-busybox: 'version'
2026-05-03 20:55:55,775 - WARNING - Failed to load php-composer: 'version'
2026-05-03 20:55:55,775 - WARNING - Failed to load go: 'version'
2026-05-03 20:55:55,775 - WARNING - Failed to load lua: 'version'
2026-05-03 20:55:55,775 - WARNING - Failed to load cgo: 'version'
2026-05-03 20:55:55,775 - WARNING - Failed to load gcc-meson-busybox: 'version'
2026-05-03 20:55:55,780 - WARNING - Failed to load cross-x86_64-gnu-gcc: 'version'
2026-05-03 20:55:55,785 - WARNING - Failed to load filesystem: 'version'
2026-05-03 20:55:55,786 - WARNING - Failed to load profile: 'version'
2026-05-03 20:55:55,792 - INFO - Loaded 416 packages
2026-05-03 20:55:55,792 - INFO - nodejs has no RM.org ID, attempting to look it up...
2026-05-03 20:55:56,374 - INFO - Found project ID 8251 for nodejs
2026-05-03 20:55:56,374 - INFO - Found project ID 8251 for nodejs
2026-05-03 20:55:56,374 - INFO - Current: 25.9.0, Latest: 25.9.0
2026-05-03 20:55:56,374 - INFO - nodejs is up to date
2026-05-03 20:55:56,375 - INFO - Processing npm...
2026-05-03 20:55:56,381 - WARNING - Failed to load stage2: 'version'
2026-05-03 20:55:56,382 - WARNING - Failed to load stage0: 'version'
2026-05-03 20:55:56,382 - WARNING - Failed to load stage3: 'version'
2026-05-03 20:55:56,416 - WARNING - Failed to load clang-meson-busybox: 'version'
2026-05-03 20:55:56,416 - WARNING - Failed to load clang-gnu-busybox: 'version'
2026-05-03 20:55:56,416 - WARNING - Failed to load gcc-gnu-busybox: 'version'
2026-05-03 20:55:56,416 - WARNING - Failed to load solidity: 'version'
2026-05-03 20:55:56,416 - WARNING - Failed to load clang-cmake-busybox: 'version'
2026-05-03 20:55:56,416 - WARNING - Failed to load gcc-gnu-gnu: 'version'
2026-05-03 20:55:56,416 - WARNING - Failed to load luarocks: 'version'
2026-05-03 20:55:56,417 - WARNING - Failed to load rust: 'version'
2026-05-03 20:55:56,417 - WARNING - Failed to load gcc: 'version'
2026-05-03 20:55:56,417 - WARNING - Failed to load php: 'version'
2026-05-03 20:55:56,417 - WARNING - Failed to load python: 'version'
2026-05-03 20:55:56,417 - WARNING - Failed to load clang: 'version'
2026-05-03 20:55:56,417 - WARNING - Failed to load nodejs: 'version'
2026-05-03 20:55:56,417 - WARNING - Failed to load cython: 'version'
2026-05-03 20:55:56,417 - WARNING - Failed to load gcc-cmake-busybox: 'version'
2026-05-03 20:55:56,417 - WARNING - Failed to load php-composer: 'version'
2026-05-03 20:55:56,417 - WARNING - Failed to load go: 'version'
2026-05-03 20:55:56,417 - WARNING - Failed to load lua: 'version'
2026-05-03 20:55:56,418 - WARNING - Failed to load cgo: 'version'
2026-05-03 20:55:56,418 - WARNING - Failed to load gcc-meson-busybox: 'version'
2026-05-03 20:55:56,423 - WARNING - Failed to load cross-x86_64-gnu-gcc: 'version'
2026-05-03 20:55:56,427 - WARNING - Failed to load filesystem: 'version'
2026-05-03 20:55:56,428 - WARNING - Failed to load profile: 'version'
2026-05-03 20:55:56,434 - INFO - Loaded 416 packages
2026-05-03 20:55:56,434 - INFO - npm has no RM.org ID, attempting to look it up...
2026-05-03 20:55:57,101 - INFO - Found project ID 190206 for npm
2026-05-03 20:55:57,101 - INFO - Found project ID 190206 for npm
2026-05-03 20:55:57,101 - INFO - Current: 11.6.0, Latest: 11.13.0
2026-05-03 20:55:57,101 - INFO - Updating npm to 11.13.0
2026-05-03 20:55:57,110 - INFO - Backed up npm to /home/lrvick/Sources/stagex/scripts/backups/core/npm
2026-05-03 20:55:57,384 - ERROR - No working download URL found for version 11.13.0
2026-05-03 20:55:57,384 - ERROR - Failed to download source for npm
2026-05-03 20:55:57,384 - INFO - Processing nodejs...
2026-05-03 20:55:57,391 - WARNING - Failed to load stage2: 'version'
2026-05-03 20:55:57,391 - WARNING - Failed to load stage0: 'version'
2026-05-03 20:55:57,392 - WARNING - Failed to load stage3: 'version'
2026-05-03 20:55:57,425 - WARNING - Failed to load clang-meson-busybox: 'version'
2026-05-03 20:55:57,426 - WARNING - Failed to load clang-gnu-busybox: 'version'
2026-05-03 20:55:57,426 - WARNING - Failed to load gcc-gnu-busybox: 'version'
2026-05-03 20:55:57,426 - WARNING - Failed to load solidity: 'version'
2026-05-03 20:55:57,426 - WARNING - Failed to load clang-cmake-busybox: 'version'
2026-05-03 20:55:57,426 - WARNING - Failed to load gcc-gnu-gnu: 'version'
2026-05-03 20:55:57,426 - WARNING - Failed to load luarocks: 'version'
2026-05-03 20:55:57,426 - WARNING - Failed to load rust: 'version'
2026-05-03 20:55:57,426 - WARNING - Failed to load gcc: 'version'
2026-05-03 20:55:57,426 - WARNING - Failed to load php: 'version'
2026-05-03 20:55:57,426 - WARNING - Failed to load python: 'version'
2026-05-03 20:55:57,426 - WARNING - Failed to load clang: 'version'
2026-05-03 20:55:57,427 - WARNING - Failed to load nodejs: 'version'
2026-05-03 20:55:57,427 - WARNING - Failed to load cython: 'version'
2026-05-03 20:55:57,427 - WARNING - Failed to load gcc-cmake-busybox: 'version'
2026-05-03 20:55:57,427 - WARNING - Failed to load php-composer: 'version'
2026-05-03 20:55:57,427 - WARNING - Failed to load go: 'version'
2026-05-03 20:55:57,427 - WARNING - Failed to load lua: 'version'
2026-05-03 20:55:57,427 - WARNING - Failed to load cgo: 'version'
2026-05-03 20:55:57,427 - WARNING - Failed to load gcc-meson-busybox: 'version'
2026-05-03 20:55:57,432 - WARNING - Failed to load cross-x86_64-gnu-gcc: 'version'
2026-05-03 20:55:57,437 - WARNING - Failed to load filesystem: 'version'
2026-05-03 20:55:57,438 - WARNING - Failed to load profile: 'version'
2026-05-03 20:55:57,443 - INFO - Loaded 416 packages
2026-05-03 20:55:57,444 - INFO - nodejs has no RM.org ID, attempting to look it up...
2026-05-03 20:55:58,045 - INFO - Found project ID 8251 for nodejs
2026-05-03 20:55:58,045 - INFO - Found project ID 8251 for nodejs
2026-05-03 20:55:58,045 - INFO - Current: 25.9.0, Latest: 25.9.0
2026-05-03 20:55:58,045 - INFO - nodejs is up to date
2026-05-03 20:55:58,045 - INFO - Processing libatomic...
2026-05-03 20:55:58,045 - INFO - Processing hiredis...
2026-05-03 20:55:58,052 - WARNING - Failed to load stage2: 'version'
2026-05-03 20:55:58,052 - WARNING - Failed to load stage0: 'version'
2026-05-03 20:55:58,053 - WARNING - Failed to load stage3: 'version'
2026-05-03 20:55:58,086 - WARNING - Failed to load clang-meson-busybox: 'version'
2026-05-03 20:55:58,086 - WARNING - Failed to load clang-gnu-busybox: 'version'
2026-05-03 20:55:58,087 - WARNING - Failed to load gcc-gnu-busybox: 'version'
2026-05-03 20:55:58,087 - WARNING - Failed to load solidity: 'version'
2026-05-03 20:55:58,087 - WARNING - Failed to load clang-cmake-busybox: 'version'
2026-05-03 20:55:58,087 - WARNING - Failed to load gcc-gnu-gnu: 'version'
2026-05-03 20:55:58,087 - WARNING - Failed to load luarocks: 'version'
2026-05-03 20:55:58,087 - WARNING - Failed to load rust: 'version'
2026-05-03 20:55:58,087 - WARNING - Failed to load gcc: 'version'
2026-05-03 20:55:58,087 - WARNING - Failed to load php: 'version'
2026-05-03 20:55:58,087 - WARNING - Failed to load python: 'version'
2026-05-03 20:55:58,087 - WARNING - Failed to load clang: 'version'
2026-05-03 20:55:58,088 - WARNING - Failed to load nodejs: 'version'
2026-05-03 20:55:58,088 - WARNING - Failed to load cython: 'version'
2026-05-03 20:55:58,088 - WARNING - Failed to load gcc-cmake-busybox: 'version'
2026-05-03 20:55:58,088 - WARNING - Failed to load php-composer: 'version'
2026-05-03 20:55:58,088 - WARNING - Failed to load go: 'version'
2026-05-03 20:55:58,088 - WARNING - Failed to load lua: 'version'
2026-05-03 20:55:58,088 - WARNING - Failed to load cgo: 'version'
2026-05-03 20:55:58,088 - WARNING - Failed to load gcc-meson-busybox: 'version'
2026-05-03 20:55:58,093 - WARNING - Failed to load cross-x86_64-gnu-gcc: 'version'
2026-05-03 20:55:58,097 - WARNING - Failed to load filesystem: 'version'
2026-05-03 20:55:58,099 - WARNING - Failed to load profile: 'version'
2026-05-03 20:55:58,104 - INFO - Loaded 416 packages
2026-05-03 20:55:58,104 - INFO - hiredis has no RM.org ID, attempting to look it up...
2026-05-03 20:55:58,662 - INFO - Found project ID 1318 for hiredis
2026-05-03 20:55:58,662 - INFO - Found project ID 1318 for hiredis
2026-05-03 20:55:58,662 - INFO - Current: 1.3.0, Latest: 1.3.0
2026-05-03 20:55:58,662 - INFO - hiredis is up to date
2026-05-03 20:55:58,662 - INFO - Processing cython...
2026-05-03 20:55:58,669 - WARNING - Failed to load stage2: 'version'
2026-05-03 20:55:58,669 - WARNING - Failed to load stage0: 'version'
2026-05-03 20:55:58,670 - WARNING - Failed to load stage3: 'version'
2026-05-03 20:55:58,703 - WARNING - Failed to load clang-meson-busybox: 'version'
2026-05-03 20:55:58,703 - WARNING - Failed to load clang-gnu-busybox: 'version'
2026-05-03 20:55:58,704 - WARNING - Failed to load gcc-gnu-busybox: 'version'
2026-05-03 20:55:58,704 - WARNING - Failed to load solidity: 'version'
2026-05-03 20:55:58,704 - WARNING - Failed to load clang-cmake-busybox: 'version'
2026-05-03 20:55:58,704 - WARNING - Failed to load gcc-gnu-gnu: 'version'
2026-05-03 20:55:58,704 - WARNING - Failed to load luarocks: 'version'
2026-05-03 20:55:58,704 - WARNING - Failed to load rust: 'version'
2026-05-03 20:55:58,704 - WARNING - Failed to load gcc: 'version'
2026-05-03 20:55:58,704 - WARNING - Failed to load php: 'version'
2026-05-03 20:55:58,704 - WARNING - Failed to load python: 'version'
2026-05-03 20:55:58,704 - WARNING - Failed to load clang: 'version'
2026-05-03 20:55:58,704 - WARNING - Failed to load nodejs: 'version'
2026-05-03 20:55:58,705 - WARNING - Failed to load cython: 'version'
2026-05-03 20:55:58,705 - WARNING - Failed to load gcc-cmake-busybox: 'version'
2026-05-03 20:55:58,705 - WARNING - Failed to load php-composer: 'version'
2026-05-03 20:55:58,705 - WARNING - Failed to load go: 'version'
2026-05-03 20:55:58,705 - WARNING - Failed to load lua: 'version'
2026-05-03 20:55:58,705 - WARNING - Failed to load cgo: 'version'
2026-05-03 20:55:58,705 - WARNING - Failed to load gcc-meson-busybox: 'version'
2026-05-03 20:55:58,710 - WARNING - Failed to load cross-x86_64-gnu-gcc: 'version'
2026-05-03 20:55:58,714 - WARNING - Failed to load filesystem: 'version'
2026-05-03 20:55:58,716 - WARNING - Failed to load profile: 'version'
2026-05-03 20:55:58,721 - INFO - Loaded 416 packages
2026-05-03 20:55:58,721 - INFO - cython has no RM.org ID, attempting to look it up...
2026-05-03 20:55:59,306 - INFO - Found project ID 36699 for cython
2026-05-03 20:55:59,306 - INFO - Found project ID 36699 for cython
2026-05-03 20:55:59,306 - INFO - Current: 3.2.4, Latest: 3.2.4
2026-05-03 20:55:59,306 - INFO - cython is up to date
2026-05-03 20:55:59,306 - INFO - Processing cython...
2026-05-03 20:55:59,313 - WARNING - Failed to load stage2: 'version'
2026-05-03 20:55:59,313 - WARNING - Failed to load stage0: 'version'
2026-05-03 20:55:59,314 - WARNING - Failed to load stage3: 'version'
2026-05-03 20:55:59,347 - WARNING - Failed to load clang-meson-busybox: 'version'
2026-05-03 20:55:59,347 - WARNING - Failed to load clang-gnu-busybox: 'version'
2026-05-03 20:55:59,347 - WARNING - Failed to load gcc-gnu-busybox: 'version'
2026-05-03 20:55:59,347 - WARNING - Failed to load solidity: 'version'
2026-05-03 20:55:59,347 - WARNING - Failed to load clang-cmake-busybox: 'version'
2026-05-03 20:55:59,347 - WARNING - Failed to load gcc-gnu-gnu: 'version'
2026-05-03 20:55:59,348 - WARNING - Failed to load luarocks: 'version'
2026-05-03 20:55:59,348 - WARNING - Failed to load rust: 'version'
2026-05-03 20:55:59,348 - WARNING - Failed to load gcc: 'version'
2026-05-03 20:55:59,348 - WARNING - Failed to load php: 'version'
2026-05-03 20:55:59,348 - WARNING - Failed to load python: 'version'
2026-05-03 20:55:59,348 - WARNING - Failed to load clang: 'version'
2026-05-03 20:55:59,348 - WARNING - Failed to load nodejs: 'version'
2026-05-03 20:55:59,348 - WARNING - Failed to load cython: 'version'
2026-05-03 20:55:59,348 - WARNING - Failed to load gcc-cmake-busybox: 'version'
2026-05-03 20:55:59,348 - WARNING - Failed to load php-composer: 'version'
2026-05-03 20:55:59,348 - WARNING - Failed to load go: 'version'
2026-05-03 20:55:59,349 - WARNING - Failed to load lua: 'version'
2026-05-03 20:55:59,349 - WARNING - Failed to load cgo: 'version'
2026-05-03 20:55:59,349 - WARNING - Failed to load gcc-meson-busybox: 'version'
2026-05-03 20:55:59,354 - WARNING - Failed to load cross-x86_64-gnu-gcc: 'version'
2026-05-03 20:55:59,358 - WARNING - Failed to load filesystem: 'version'
2026-05-03 20:55:59,359 - WARNING - Failed to load profile: 'version'
2026-05-03 20:55:59,365 - INFO - Loaded 416 packages
2026-05-03 20:55:59,365 - INFO - cython has no RM.org ID, attempting to look it up...
2026-05-03 20:55:59,997 - INFO - Found project ID 36699 for cython
2026-05-03 20:55:59,997 - INFO - Found project ID 36699 for cython
2026-05-03 20:55:59,997 - INFO - Current: 3.2.4, Latest: 3.2.4
2026-05-03 20:55:59,997 - INFO - cython is up to date
2026-05-03 20:55:59,997 - INFO - Processing sed...
2026-05-03 20:56:00,004 - WARNING - Failed to load stage2: 'version'
2026-05-03 20:56:00,004 - WARNING - Failed to load stage0: 'version'
2026-05-03 20:56:00,005 - WARNING - Failed to load stage3: 'version'
2026-05-03 20:56:00,038 - WARNING - Failed to load clang-meson-busybox: 'version'
2026-05-03 20:56:00,038 - WARNING - Failed to load clang-gnu-busybox: 'version'
2026-05-03 20:56:00,038 - WARNING - Failed to load gcc-gnu-busybox: 'version'
2026-05-03 20:56:00,038 - WARNING - Failed to load solidity: 'version'
2026-05-03 20:56:00,038 - WARNING - Failed to load clang-cmake-busybox: 'version'
2026-05-03 20:56:00,038 - WARNING - Failed to load gcc-gnu-gnu: 'version'
2026-05-03 20:56:00,039 - WARNING - Failed to load luarocks: 'version'
2026-05-03 20:56:00,039 - WARNING - Failed to load rust: 'version'
2026-05-03 20:56:00,039 - WARNING - Failed to load gcc: 'version'
2026-05-03 20:56:00,039 - WARNING - Failed to load php: 'version'
2026-05-03 20:56:00,039 - WARNING - Failed to load python: 'version'
2026-05-03 20:56:00,039 - WARNING - Failed to load clang: 'version'
2026-05-03 20:56:00,039 - WARNING - Failed to load nodejs: 'version'
2026-05-03 20:56:00,039 - WARNING - Failed to load cython: 'version'
2026-05-03 20:56:00,039 - WARNING - Failed to load gcc-cmake-busybox: 'version'
2026-05-03 20:56:00,039 - WARNING - Failed to load php-composer: 'version'
2026-05-03 20:56:00,039 - WARNING - Failed to load go: 'version'
2026-05-03 20:56:00,040 - WARNING - Failed to load lua: 'version'
2026-05-03 20:56:00,040 - WARNING - Failed to load cgo: 'version'
2026-05-03 20:56:00,040 - WARNING - Failed to load gcc-meson-busybox: 'version'
2026-05-03 20:56:00,045 - WARNING - Failed to load cross-x86_64-gnu-gcc: 'version'
2026-05-03 20:56:00,049 - WARNING - Failed to load filesystem: 'version'
2026-05-03 20:56:00,050 - WARNING - Failed to load profile: 'version'
2026-05-03 20:56:00,056 - INFO - Loaded 416 packages
2026-05-03 20:56:00,056 - INFO - sed has no RM.org ID, attempting to look it up...
2026-05-03 20:56:00,614 - INFO - Found project ID 4789 for sed
2026-05-03 20:56:00,614 - INFO - Found project ID 4789 for sed
2026-05-03 20:56:00,614 - INFO - Current: 4.10, Latest: 4.10
2026-05-03 20:56:00,614 - INFO - sed is up to date
2026-05-03 20:56:00,615 - INFO - Processing toybox...
2026-05-03 20:56:00,621 - WARNING - Failed to load stage2: 'version'
2026-05-03 20:56:00,622 - WARNING - Failed to load stage0: 'version'
2026-05-03 20:56:00,622 - WARNING - Failed to load stage3: 'version'
2026-05-03 20:56:00,656 - WARNING - Failed to load clang-meson-busybox: 'version'
2026-05-03 20:56:00,656 - WARNING - Failed to load clang-gnu-busybox: 'version'
2026-05-03 20:56:00,656 - WARNING - Failed to load gcc-gnu-busybox: 'version'
2026-05-03 20:56:00,656 - WARNING - Failed to load solidity: 'version'
2026-05-03 20:56:00,656 - WARNING - Failed to load clang-cmake-busybox: 'version'
2026-05-03 20:56:00,656 - WARNING - Failed to load gcc-gnu-gnu: 'version'
2026-05-03 20:56:00,656 - WARNING - Failed to load luarocks: 'version'
2026-05-03 20:56:00,656 - WARNING - Failed to load rust: 'version'
2026-05-03 20:56:00,656 - WARNING - Failed to load gcc: 'version'
2026-05-03 20:56:00,656 - WARNING - Failed to load php: 'version'
2026-05-03 20:56:00,657 - WARNING - Failed to load python: 'version'
2026-05-03 20:56:00,657 - WARNING - Failed to load clang: 'version'
2026-05-03 20:56:00,657 - WARNING - Failed to load nodejs: 'version'
2026-05-03 20:56:00,657 - WARNING - Failed to load cython: 'version'
2026-05-03 20:56:00,657 - WARNING - Failed to load gcc-cmake-busybox: 'version'
2026-05-03 20:56:00,657 - WARNING - Failed to load php-composer: 'version'
2026-05-03 20:56:00,657 - WARNING - Failed to load go: 'version'
2026-05-03 20:56:00,657 - WARNING - Failed to load lua: 'version'
2026-05-03 20:56:00,657 - WARNING - Failed to load cgo: 'version'
2026-05-03 20:56:00,657 - WARNING - Failed to load gcc-meson-busybox: 'version'
2026-05-03 20:56:00,662 - WARNING - Failed to load cross-x86_64-gnu-gcc: 'version'
2026-05-03 20:56:00,667 - WARNING - Failed to load filesystem: 'version'
2026-05-03 20:56:00,668 - WARNING - Failed to load profile: 'version'
2026-05-03 20:56:00,674 - INFO - Loaded 416 packages
2026-05-03 20:56:00,674 - INFO - toybox has no RM.org ID, attempting to look it up...
2026-05-03 20:56:01,302 - INFO - Found project ID 13818 for toybox
2026-05-03 20:56:01,302 - INFO - Found project ID 13818 for toybox
2026-05-03 20:56:01,302 - INFO - Current: 0.8.13, Latest: 0.8.13
2026-05-03 20:56:01,302 - INFO - toybox is up to date
2026-05-03 20:56:01,302 - INFO - Processing findutils...
2026-05-03 20:56:01,309 - WARNING - Failed to load stage2: 'version'
2026-05-03 20:56:01,309 - WARNING - Failed to load stage0: 'version'
2026-05-03 20:56:01,310 - WARNING - Failed to load stage3: 'version'
2026-05-03 20:56:01,343 - WARNING - Failed to load clang-meson-busybox: 'version'
2026-05-03 20:56:01,343 - WARNING - Failed to load clang-gnu-busybox: 'version'
2026-05-03 20:56:01,343 - WARNING - Failed to load gcc-gnu-busybox: 'version'
2026-05-03 20:56:01,343 - WARNING - Failed to load solidity: 'version'
2026-05-03 20:56:01,344 - WARNING - Failed to load clang-cmake-busybox: 'version'
2026-05-03 20:56:01,344 - WARNING - Failed to load gcc-gnu-gnu: 'version'
2026-05-03 20:56:01,344 - WARNING - Failed to load luarocks: 'version'
2026-05-03 20:56:01,344 - WARNING - Failed to load rust: 'version'
2026-05-03 20:56:01,344 - WARNING - Failed to load gcc: 'version'
2026-05-03 20:56:01,344 - WARNING - Failed to load php: 'version'
2026-05-03 20:56:01,344 - WARNING - Failed to load python: 'version'
2026-05-03 20:56:01,344 - WARNING - Failed to load clang: 'version'
2026-05-03 20:56:01,344 - WARNING - Failed to load nodejs: 'version'
2026-05-03 20:56:01,344 - WARNING - Failed to load cython: 'version'
2026-05-03 20:56:01,344 - WARNING - Failed to load gcc-cmake-busybox: 'version'
2026-05-03 20:56:01,345 - WARNING - Failed to load php-composer: 'version'
2026-05-03 20:56:01,345 - WARNING - Failed to load go: 'version'
2026-05-03 20:56:01,345 - WARNING - Failed to load lua: 'version'
2026-05-03 20:56:01,345 - WARNING - Failed to load cgo: 'version'
2026-05-03 20:56:01,345 - WARNING - Failed to load gcc-meson-busybox: 'version'
2026-05-03 20:56:01,350 - WARNING - Failed to load cross-x86_64-gnu-gcc: 'version'
2026-05-03 20:56:01,354 - WARNING - Failed to load filesystem: 'version'
2026-05-03 20:56:01,355 - WARNING - Failed to load profile: 'version'
2026-05-03 20:56:01,361 - INFO - Loaded 416 packages
2026-05-03 20:56:01,361 - INFO - findutils has no RM.org ID, attempting to look it up...
2026-05-03 20:56:02,001 - INFO - Found project ID 812 for findutils
2026-05-03 20:56:02,001 - INFO - Found project ID 812 for findutils
2026-05-03 20:56:02,001 - INFO - Current: 4.9.0, Latest: 4.10.0
2026-05-03 20:56:02,001 - INFO - Updating findutils to 4.10.0
2026-05-03 20:56:02,002 - INFO - Backed up findutils to /home/lrvick/Sources/stagex/scripts/backups/core/findutils
2026-05-03 20:56:02,946 - ERROR - No working download URL found for version 4.10.0
2026-05-03 20:56:02,946 - ERROR - Failed to download source for findutils
2026-05-03 20:56:02,946 - INFO - Processing go...
2026-05-03 20:56:02,952 - WARNING - Failed to load stage2: 'version'
2026-05-03 20:56:02,952 - WARNING - Failed to load stage0: 'version'
2026-05-03 20:56:02,953 - WARNING - Failed to load stage3: 'version'
2026-05-03 20:56:02,986 - WARNING - Failed to load clang-meson-busybox: 'version'
2026-05-03 20:56:02,986 - WARNING - Failed to load clang-gnu-busybox: 'version'
2026-05-03 20:56:02,987 - WARNING - Failed to load gcc-gnu-busybox: 'version'
2026-05-03 20:56:02,987 - WARNING - Failed to load solidity: 'version'
2026-05-03 20:56:02,987 - WARNING - Failed to load clang-cmake-busybox: 'version'
2026-05-03 20:56:02,987 - WARNING - Failed to load gcc-gnu-gnu: 'version'
2026-05-03 20:56:02,987 - WARNING - Failed to load luarocks: 'version'
2026-05-03 20:56:02,987 - WARNING - Failed to load rust: 'version'
2026-05-03 20:56:02,987 - WARNING - Failed to load gcc: 'version'
2026-05-03 20:56:02,987 - WARNING - Failed to load php: 'version'
2026-05-03 20:56:02,987 - WARNING - Failed to load python: 'version'
2026-05-03 20:56:02,987 - WARNING - Failed to load clang: 'version'
2026-05-03 20:56:02,987 - WARNING - Failed to load nodejs: 'version'
2026-05-03 20:56:02,988 - WARNING - Failed to load cython: 'version'
2026-05-03 20:56:02,988 - WARNING - Failed to load gcc-cmake-busybox: 'version'
2026-05-03 20:56:02,988 - WARNING - Failed to load php-composer: 'version'
2026-05-03 20:56:02,988 - WARNING - Failed to load go: 'version'
2026-05-03 20:56:02,988 - WARNING - Failed to load lua: 'version'
2026-05-03 20:56:02,988 - WARNING - Failed to load cgo: 'version'
2026-05-03 20:56:02,988 - WARNING - Failed to load gcc-meson-busybox: 'version'
2026-05-03 20:56:02,993 - WARNING - Failed to load cross-x86_64-gnu-gcc: 'version'
2026-05-03 20:56:02,997 - WARNING - Failed to load filesystem: 'version'
2026-05-03 20:56:02,999 - WARNING - Failed to load profile: 'version'
2026-05-03 20:56:03,004 - INFO - Loaded 416 packages
2026-05-03 20:56:03,004 - INFO - go has no RM.org ID, attempting to look it up...
2026-05-03 20:56:03,603 - INFO - Found project ID 10396 for go
2026-05-03 20:56:03,603 - INFO - Found project ID 10396 for go
2026-05-03 20:56:03,603 - INFO - Current: 1.26.0, Latest: 1.5.1-1
2026-05-03 20:56:03,604 - INFO - Updating go to 1.5.1-1
2026-05-03 20:56:03,604 - INFO - Backed up go to /home/lrvick/Sources/stagex/scripts/backups/core/go
2026-05-03 20:56:03,946 - ERROR - No working download URL found for version 1.5.1-1
2026-05-03 20:56:03,946 - ERROR - Failed to download source for go
2026-05-03 20:56:03,946 - INFO - Processing go...
2026-05-03 20:56:03,952 - WARNING - Failed to load stage2: 'version'
2026-05-03 20:56:03,952 - WARNING - Failed to load stage0: 'version'
2026-05-03 20:56:03,953 - WARNING - Failed to load stage3: 'version'
2026-05-03 20:56:03,986 - WARNING - Failed to load clang-meson-busybox: 'version'
2026-05-03 20:56:03,986 - WARNING - Failed to load clang-gnu-busybox: 'version'
2026-05-03 20:56:03,986 - WARNING - Failed to load gcc-gnu-busybox: 'version'
2026-05-03 20:56:03,987 - WARNING - Failed to load solidity: 'version'
2026-05-03 20:56:03,987 - WARNING - Failed to load clang-cmake-busybox: 'version'
2026-05-03 20:56:03,987 - WARNING - Failed to load gcc-gnu-gnu: 'version'
2026-05-03 20:56:03,987 - WARNING - Failed to load luarocks: 'version'
2026-05-03 20:56:03,987 - WARNING - Failed to load rust: 'version'
2026-05-03 20:56:03,987 - WARNING - Failed to load gcc: 'version'
2026-05-03 20:56:03,987 - WARNING - Failed to load php: 'version'
2026-05-03 20:56:03,987 - WARNING - Failed to load python: 'version'
2026-05-03 20:56:03,987 - WARNING - Failed to load clang: 'version'
2026-05-03 20:56:03,987 - WARNING - Failed to load nodejs: 'version'
2026-05-03 20:56:03,987 - WARNING - Failed to load cython: 'version'
2026-05-03 20:56:03,988 - WARNING - Failed to load gcc-cmake-busybox: 'version'
2026-05-03 20:56:03,988 - WARNING - Failed to load php-composer: 'version'
2026-05-03 20:56:03,988 - WARNING - Failed to load go: 'version'
2026-05-03 20:56:03,988 - WARNING - Failed to load lua: 'version'
2026-05-03 20:56:03,988 - WARNING - Failed to load cgo: 'version'
2026-05-03 20:56:03,988 - WARNING - Failed to load gcc-meson-busybox: 'version'
2026-05-03 20:56:03,993 - WARNING - Failed to load cross-x86_64-gnu-gcc: 'version'
2026-05-03 20:56:03,997 - WARNING - Failed to load filesystem: 'version'
2026-05-03 20:56:03,998 - WARNING - Failed to load profile: 'version'
2026-05-03 20:56:04,004 - INFO - Loaded 416 packages
2026-05-03 20:56:04,004 - INFO - go has no RM.org ID, attempting to look it up...
2026-05-03 20:56:04,620 - INFO - Found project ID 10396 for go
2026-05-03 20:56:04,620 - INFO - Found project ID 10396 for go
2026-05-03 20:56:04,620 - INFO - Current: 1.26.0, Latest: 1.5.1-1
2026-05-03 20:56:04,621 - INFO - Updating go to 1.5.1-1
2026-05-03 20:56:04,621 - INFO - Backed up go to /home/lrvick/Sources/stagex/scripts/backups/core/go
2026-05-03 20:56:04,830 - ERROR - No working download URL found for version 1.5.1-1
2026-05-03 20:56:04,830 - ERROR - Failed to download source for go
2026-05-03 20:56:04,831 - INFO - Processing bc...
2026-05-03 20:56:04,837 - WARNING - Failed to load stage2: 'version'
2026-05-03 20:56:04,837 - WARNING - Failed to load stage0: 'version'
2026-05-03 20:56:04,838 - WARNING - Failed to load stage3: 'version'
2026-05-03 20:56:04,871 - WARNING - Failed to load clang-meson-busybox: 'version'
2026-05-03 20:56:04,871 - WARNING - Failed to load clang-gnu-busybox: 'version'
2026-05-03 20:56:04,871 - WARNING - Failed to load gcc-gnu-busybox: 'version'
2026-05-03 20:56:04,871 - WARNING - Failed to load solidity: 'version'
2026-05-03 20:56:04,871 - WARNING - Failed to load clang-cmake-busybox: 'version'
2026-05-03 20:56:04,872 - WARNING - Failed to load gcc-gnu-gnu: 'version'
2026-05-03 20:56:04,872 - WARNING - Failed to load luarocks: 'version'
2026-05-03 20:56:04,872 - WARNING - Failed to load rust: 'version'
2026-05-03 20:56:04,872 - WARNING - Failed to load gcc: 'version'
2026-05-03 20:56:04,872 - WARNING - Failed to load php: 'version'
2026-05-03 20:56:04,872 - WARNING - Failed to load python: 'version'
2026-05-03 20:56:04,872 - WARNING - Failed to load clang: 'version'
2026-05-03 20:56:04,872 - WARNING - Failed to load nodejs: 'version'
2026-05-03 20:56:04,872 - WARNING - Failed to load cython: 'version'
2026-05-03 20:56:04,872 - WARNING - Failed to load gcc-cmake-busybox: 'version'
2026-05-03 20:56:04,872 - WARNING - Failed to load php-composer: 'version'
2026-05-03 20:56:04,873 - WARNING - Failed to load go: 'version'
2026-05-03 20:56:04,873 - WARNING - Failed to load lua: 'version'
2026-05-03 20:56:04,873 - WARNING - Failed to load cgo: 'version'
2026-05-03 20:56:04,873 - WARNING - Failed to load gcc-meson-busybox: 'version'
2026-05-03 20:56:04,878 - WARNING - Failed to load cross-x86_64-gnu-gcc: 'version'
2026-05-03 20:56:04,882 - WARNING - Failed to load filesystem: 'version'
2026-05-03 20:56:04,883 - WARNING - Failed to load profile: 'version'
2026-05-03 20:56:04,889 - INFO - Loaded 416 packages
2026-05-03 20:56:04,889 - INFO - bc has no RM.org ID, attempting to look it up...
2026-05-03 20:56:05,447 - INFO - Found project ID 170 for bc
2026-05-03 20:56:05,447 - INFO - Found project ID 170 for bc
2026-05-03 20:56:05,448 - INFO - Current: 1.08.2, Latest: 1.08.2
2026-05-03 20:56:05,448 - INFO - bc is up to date
2026-05-03 20:56:05,448 - INFO - Processing acl...
2026-05-03 20:56:05,454 - WARNING - Failed to load stage2: 'version'
2026-05-03 20:56:05,455 - WARNING - Failed to load stage0: 'version'
2026-05-03 20:56:05,455 - WARNING - Failed to load stage3: 'version'
2026-05-03 20:56:05,489 - WARNING - Failed to load clang-meson-busybox: 'version'
2026-05-03 20:56:05,489 - WARNING - Failed to load clang-gnu-busybox: 'version'
2026-05-03 20:56:05,489 - WARNING - Failed to load gcc-gnu-busybox: 'version'
2026-05-03 20:56:05,489 - WARNING - Failed to load solidity: 'version'
2026-05-03 20:56:05,489 - WARNING - Failed to load clang-cmake-busybox: 'version'
2026-05-03 20:56:05,489 - WARNING - Failed to load gcc-gnu-gnu: 'version'
2026-05-03 20:56:05,489 - WARNING - Failed to load luarocks: 'version'
2026-05-03 20:56:05,489 - WARNING - Failed to load rust: 'version'
2026-05-03 20:56:05,489 - WARNING - Failed to load gcc: 'version'
2026-05-03 20:56:05,490 - WARNING - Failed to load php: 'version'
2026-05-03 20:56:05,490 - WARNING - Failed to load python: 'version'
2026-05-03 20:56:05,490 - WARNING - Failed to load clang: 'version'
2026-05-03 20:56:05,490 - WARNING - Failed to load nodejs: 'version'
2026-05-03 20:56:05,490 - WARNING - Failed to load cython: 'version'
2026-05-03 20:56:05,490 - WARNING - Failed to load gcc-cmake-busybox: 'version'
2026-05-03 20:56:05,490 - WARNING - Failed to load php-composer: 'version'
2026-05-03 20:56:05,490 - WARNING - Failed to load go: 'version'
2026-05-03 20:56:05,490 - WARNING - Failed to load lua: 'version'
2026-05-03 20:56:05,490 - WARNING - Failed to load cgo: 'version'
2026-05-03 20:56:05,490 - WARNING - Failed to load gcc-meson-busybox: 'version'
2026-05-03 20:56:05,495 - WARNING - Failed to load cross-x86_64-gnu-gcc: 'version'
2026-05-03 20:56:05,500 - WARNING - Failed to load filesystem: 'version'
2026-05-03 20:56:05,501 - WARNING - Failed to load profile: 'version'
2026-05-03 20:56:05,507 - INFO - Loaded 416 packages
2026-05-03 20:56:05,507 - INFO - acl has no RM.org ID, attempting to look it up...
2026-05-03 20:56:06,089 - INFO - Found project ID 16 for acl
2026-05-03 20:56:06,089 - INFO - Found project ID 16 for acl
2026-05-03 20:56:06,089 - INFO - Current: 2.3.2, Latest: 2.3.2
2026-05-03 20:56:06,089 - INFO - acl is up to date
2026-05-03 20:56:06,090 - INFO - Processing libpng...
2026-05-03 20:56:06,096 - WARNING - Failed to load stage2: 'version'
2026-05-03 20:56:06,097 - WARNING - Failed to load stage0: 'version'
2026-05-03 20:56:06,097 - WARNING - Failed to load stage3: 'version'
2026-05-03 20:56:06,130 - WARNING - Failed to load clang-meson-busybox: 'version'
2026-05-03 20:56:06,131 - WARNING - Failed to load clang-gnu-busybox: 'version'
2026-05-03 20:56:06,131 - WARNING - Failed to load gcc-gnu-busybox: 'version'
2026-05-03 20:56:06,131 - WARNING - Failed to load solidity: 'version'
2026-05-03 20:56:06,131 - WARNING - Failed to load clang-cmake-busybox: 'version'
2026-05-03 20:56:06,131 - WARNING - Failed to load gcc-gnu-gnu: 'version'
2026-05-03 20:56:06,131 - WARNING - Failed to load luarocks: 'version'
2026-05-03 20:56:06,131 - WARNING - Failed to load rust: 'version'
2026-05-03 20:56:06,131 - WARNING - Failed to load gcc: 'version'
2026-05-03 20:56:06,131 - WARNING - Failed to load php: 'version'
2026-05-03 20:56:06,131 - WARNING - Failed to load python: 'version'
2026-05-03 20:56:06,132 - WARNING - Failed to load clang: 'version'
2026-05-03 20:56:06,132 - WARNING - Failed to load nodejs: 'version'
2026-05-03 20:56:06,132 - WARNING - Failed to load cython: 'version'
2026-05-03 20:56:06,132 - WARNING - Failed to load gcc-cmake-busybox: 'version'
2026-05-03 20:56:06,132 - WARNING - Failed to load php-composer: 'version'
2026-05-03 20:56:06,132 - WARNING - Failed to load go: 'version'
2026-05-03 20:56:06,132 - WARNING - Failed to load lua: 'version'
2026-05-03 20:56:06,132 - WARNING - Failed to load cgo: 'version'
2026-05-03 20:56:06,132 - WARNING - Failed to load gcc-meson-busybox: 'version'
2026-05-03 20:56:06,137 - WARNING - Failed to load cross-x86_64-gnu-gcc: 'version'
2026-05-03 20:56:06,142 - WARNING - Failed to load filesystem: 'version'
2026-05-03 20:56:06,143 - WARNING - Failed to load profile: 'version'
2026-05-03 20:56:06,148 - INFO - Loaded 416 packages
2026-05-03 20:56:06,149 - INFO - libpng has no RM.org ID, attempting to look it up...
2026-05-03 20:56:06,791 - INFO - Found project ID 1706 for libpng
2026-05-03 20:56:06,791 - INFO - Found project ID 1706 for libpng
2026-05-03 20:56:06,791 - INFO - Added release_monitoring_id=1706 to libpng
2026-05-03 20:56:06,791 - INFO - Current: 1.0.69, Latest: 1.0.69
2026-05-03 20:56:06,791 - INFO - libpng is up to date
2026-05-03 20:56:06,792 - INFO - Processing xxhash...
2026-05-03 20:56:06,798 - WARNING - Failed to load stage2: 'version'
2026-05-03 20:56:06,798 - WARNING - Failed to load stage0: 'version'
2026-05-03 20:56:06,799 - WARNING - Failed to load stage3: 'version'
2026-05-03 20:56:06,832 - WARNING - Failed to load clang-meson-busybox: 'version'
2026-05-03 20:56:06,832 - WARNING - Failed to load clang-gnu-busybox: 'version'
2026-05-03 20:56:06,833 - WARNING - Failed to load gcc-gnu-busybox: 'version'
2026-05-03 20:56:06,833 - WARNING - Failed to load solidity: 'version'
2026-05-03 20:56:06,833 - WARNING - Failed to load clang-cmake-busybox: 'version'
2026-05-03 20:56:06,833 - WARNING - Failed to load gcc-gnu-gnu: 'version'
2026-05-03 20:56:06,833 - WARNING - Failed to load luarocks: 'version'
2026-05-03 20:56:06,833 - WARNING - Failed to load rust: 'version'
2026-05-03 20:56:06,833 - WARNING - Failed to load gcc: 'version'
2026-05-03 20:56:06,833 - WARNING - Failed to load php: 'version'
2026-05-03 20:56:06,833 - WARNING - Failed to load python: 'version'
2026-05-03 20:56:06,833 - WARNING - Failed to load clang: 'version'
2026-05-03 20:56:06,833 - WARNING - Failed to load nodejs: 'version'
2026-05-03 20:56:06,834 - WARNING - Failed to load cython: 'version'
2026-05-03 20:56:06,834 - WARNING - Failed to load gcc-cmake-busybox: 'version'
2026-05-03 20:56:06,834 - WARNING - Failed to load php-composer: 'version'
2026-05-03 20:56:06,834 - WARNING - Failed to load go: 'version'
2026-05-03 20:56:06,834 - WARNING - Failed to load lua: 'version'
2026-05-03 20:56:06,834 - WARNING - Failed to load cgo: 'version'
2026-05-03 20:56:06,834 - WARNING - Failed to load gcc-meson-busybox: 'version'
2026-05-03 20:56:06,839 - WARNING - Failed to load cross-x86_64-gnu-gcc: 'version'
2026-05-03 20:56:06,843 - WARNING - Failed to load filesystem: 'version'
2026-05-03 20:56:06,845 - WARNING - Failed to load profile: 'version'
2026-05-03 20:56:06,850 - INFO - Loaded 416 packages
2026-05-03 20:56:06,850 - INFO - xxhash has no RM.org ID, attempting to look it up...
2026-05-03 20:56:07,410 - INFO - Found project ID 19490 for xxhash
2026-05-03 20:56:07,410 - INFO - Found project ID 19490 for xxhash
2026-05-03 20:56:07,410 - INFO - Current: 0.8.2, Latest: 2.3.0
2026-05-03 20:56:07,410 - INFO - Updating xxhash to 2.3.0
2026-05-03 20:56:07,410 - INFO - Backed up xxhash to /home/lrvick/Sources/stagex/scripts/backups/core/xxhash
2026-05-03 20:56:07,807 - ERROR - No working download URL found for version 2.3.0
2026-05-03 20:56:07,807 - ERROR - Failed to download source for xxhash
2026-05-03 20:56:07,807 - INFO - Processing re2c...
2026-05-03 20:56:07,814 - WARNING - Failed to load stage2: 'version'
2026-05-03 20:56:07,814 - WARNING - Failed to load stage0: 'version'
2026-05-03 20:56:07,815 - WARNING - Failed to load stage3: 'version'
2026-05-03 20:56:07,848 - WARNING - Failed to load clang-meson-busybox: 'version'
2026-05-03 20:56:07,849 - WARNING - Failed to load clang-gnu-busybox: 'version'
2026-05-03 20:56:07,849 - WARNING - Failed to load gcc-gnu-busybox: 'version'
2026-05-03 20:56:07,849 - WARNING - Failed to load solidity: 'version'
2026-05-03 20:56:07,849 - WARNING - Failed to load clang-cmake-busybox: 'version'
2026-05-03 20:56:07,849 - WARNING - Failed to load gcc-gnu-gnu: 'version'
2026-05-03 20:56:07,849 - WARNING - Failed to load luarocks: 'version'
2026-05-03 20:56:07,849 - WARNING - Failed to load rust: 'version'
2026-05-03 20:56:07,849 - WARNING - Failed to load gcc: 'version'
2026-05-03 20:56:07,849 - WARNING - Failed to load php: 'version'
2026-05-03 20:56:07,849 - WARNING - Failed to load python: 'version'
2026-05-03 20:56:07,849 - WARNING - Failed to load clang: 'version'
2026-05-03 20:56:07,850 - WARNING - Failed to load nodejs: 'version'
2026-05-03 20:56:07,850 - WARNING - Failed to load cython: 'version'
2026-05-03 20:56:07,850 - WARNING - Failed to load gcc-cmake-busybox: 'version'
2026-05-03 20:56:07,850 - WARNING - Failed to load php-composer: 'version'
2026-05-03 20:56:07,850 - WARNING - Failed to load go: 'version'
2026-05-03 20:56:07,850 - WARNING - Failed to load lua: 'version'
2026-05-03 20:56:07,850 - WARNING - Failed to load cgo: 'version'
2026-05-03 20:56:07,850 - WARNING - Failed to load gcc-meson-busybox: 'version'
2026-05-03 20:56:07,855 - WARNING - Failed to load cross-x86_64-gnu-gcc: 'version'
2026-05-03 20:56:07,860 - WARNING - Failed to load filesystem: 'version'
2026-05-03 20:56:07,861 - WARNING - Failed to load profile: 'version'
2026-05-03 20:56:07,866 - INFO - Loaded 416 packages
2026-05-03 20:56:07,866 - INFO - re2c has no RM.org ID, attempting to look it up...
2026-05-03 20:56:08,445 - INFO - Found project ID 7664 for re2c
2026-05-03 20:56:08,445 - INFO - Found project ID 7664 for re2c
2026-05-03 20:56:08,445 - INFO - Current: 4.5.1, Latest: 4.5.1
2026-05-03 20:56:08,445 - INFO - re2c is up to date
2026-05-03 20:56:08,445 - INFO - Processing gdbm...
2026-05-03 20:56:08,452 - WARNING - Failed to load stage2: 'version'
2026-05-03 20:56:08,455 - WARNING - Failed to load stage0: 'version'
2026-05-03 20:56:08,455 - WARNING - Failed to load stage3: 'version'
2026-05-03 20:56:08,489 - WARNING - Failed to load clang-meson-busybox: 'version'
2026-05-03 20:56:08,489 - WARNING - Failed to load clang-gnu-busybox: 'version'
2026-05-03 20:56:08,489 - WARNING - Failed to load gcc-gnu-busybox: 'version'
2026-05-03 20:56:08,489 - WARNING - Failed to load solidity: 'version'
2026-05-03 20:56:08,490 - WARNING - Failed to load clang-cmake-busybox: 'version'
2026-05-03 20:56:08,490 - WARNING - Failed to load gcc-gnu-gnu: 'version'
2026-05-03 20:56:08,490 - WARNING - Failed to load luarocks: 'version'
2026-05-03 20:56:08,490 - WARNING - Failed to load rust: 'version'
2026-05-03 20:56:08,490 - WARNING - Failed to load gcc: 'version'
2026-05-03 20:56:08,490 - WARNING - Failed to load php: 'version'
2026-05-03 20:56:08,490 - WARNING - Failed to load python: 'version'
2026-05-03 20:56:08,490 - WARNING - Failed to load clang: 'version'
2026-05-03 20:56:08,490 - WARNING - Failed to load nodejs: 'version'
2026-05-03 20:56:08,490 - WARNING - Failed to load cython: 'version'
2026-05-03 20:56:08,490 - WARNING - Failed to load gcc-cmake-busybox: 'version'
2026-05-03 20:56:08,491 - WARNING - Failed to load php-composer: 'version'
2026-05-03 20:56:08,491 - WARNING - Failed to load go: 'version'
2026-05-03 20:56:08,491 - WARNING - Failed to load lua: 'version'
2026-05-03 20:56:08,491 - WARNING - Failed to load cgo: 'version'
2026-05-03 20:56:08,491 - WARNING - Failed to load gcc-meson-busybox: 'version'
2026-05-03 20:56:08,496 - WARNING - Failed to load cross-x86_64-gnu-gcc: 'version'
2026-05-03 20:56:08,500 - WARNING - Failed to load filesystem: 'version'
2026-05-03 20:56:08,501 - WARNING - Failed to load profile: 'version'
2026-05-03 20:56:08,507 - INFO - Loaded 416 packages
2026-05-03 20:56:08,507 - INFO - gdbm has no RM.org ID, attempting to look it up...
2026-05-03 20:56:09,071 - INFO - Found project ID 882 for gdbm
2026-05-03 20:56:09,071 - INFO - Found project ID 882 for gdbm
2026-05-03 20:56:09,071 - INFO - Current: 1.26, Latest: 1.26
2026-05-03 20:56:09,071 - INFO - gdbm is up to date
2026-05-03 20:56:09,071 - INFO - Processing ruby...
2026-05-03 20:56:09,078 - WARNING - Failed to load stage2: 'version'
2026-05-03 20:56:09,078 - WARNING - Failed to load stage0: 'version'
2026-05-03 20:56:09,079 - WARNING - Failed to load stage3: 'version'
2026-05-03 20:56:09,112 - WARNING - Failed to load clang-meson-busybox: 'version'
2026-05-03 20:56:09,112 - WARNING - Failed to load clang-gnu-busybox: 'version'
2026-05-03 20:56:09,112 - WARNING - Failed to load gcc-gnu-busybox: 'version'
2026-05-03 20:56:09,112 - WARNING - Failed to load solidity: 'version'
2026-05-03 20:56:09,112 - WARNING - Failed to load clang-cmake-busybox: 'version'
2026-05-03 20:56:09,112 - WARNING - Failed to load gcc-gnu-gnu: 'version'
2026-05-03 20:56:09,113 - WARNING - Failed to load luarocks: 'version'
2026-05-03 20:56:09,113 - WARNING - Failed to load rust: 'version'
2026-05-03 20:56:09,113 - WARNING - Failed to load gcc: 'version'
2026-05-03 20:56:09,113 - WARNING - Failed to load php: 'version'
2026-05-03 20:56:09,113 - WARNING - Failed to load python: 'version'
2026-05-03 20:56:09,113 - WARNING - Failed to load clang: 'version'
2026-05-03 20:56:09,113 - WARNING - Failed to load nodejs: 'version'
2026-05-03 20:56:09,113 - WARNING - Failed to load cython: 'version'
2026-05-03 20:56:09,113 - WARNING - Failed to load gcc-cmake-busybox: 'version'
2026-05-03 20:56:09,113 - WARNING - Failed to load php-composer: 'version'
2026-05-03 20:56:09,113 - WARNING - Failed to load go: 'version'
2026-05-03 20:56:09,114 - WARNING - Failed to load lua: 'version'
2026-05-03 20:56:09,114 - WARNING - Failed to load cgo: 'version'
2026-05-03 20:56:09,114 - WARNING - Failed to load gcc-meson-busybox: 'version'
2026-05-03 20:56:09,119 - WARNING - Failed to load cross-x86_64-gnu-gcc: 'version'
2026-05-03 20:56:09,123 - WARNING - Failed to load filesystem: 'version'
2026-05-03 20:56:09,124 - WARNING - Failed to load profile: 'version'
2026-05-03 20:56:09,130 - INFO - Loaded 416 packages
2026-05-03 20:56:09,130 - INFO - ruby has no RM.org ID, attempting to look it up...
2026-05-03 20:56:09,712 - INFO - Found project ID 4223 for ruby
2026-05-03 20:56:09,713 - INFO - Found project ID 4223 for ruby
2026-05-03 20:56:09,713 - INFO - Current: 4.0.3, Latest: 4.0.3
2026-05-03 20:56:09,713 - INFO - ruby is up to date
2026-05-03 20:56:09,713 - INFO - Processing uv...
2026-05-03 20:56:09,720 - WARNING - Failed to load stage2: 'version'
2026-05-03 20:56:09,720 - WARNING - Failed to load stage0: 'version'
2026-05-03 20:56:09,720 - WARNING - Failed to load stage3: 'version'
2026-05-03 20:56:09,754 - WARNING - Failed to load clang-meson-busybox: 'version'
2026-05-03 20:56:09,754 - WARNING - Failed to load clang-gnu-busybox: 'version'
2026-05-03 20:56:09,754 - WARNING - Failed to load gcc-gnu-busybox: 'version'
2026-05-03 20:56:09,754 - WARNING - Failed to load solidity: 'version'
2026-05-03 20:56:09,754 - WARNING - Failed to load clang-cmake-busybox: 'version'
2026-05-03 20:56:09,754 - WARNING - Failed to load gcc-gnu-gnu: 'version'
2026-05-03 20:56:09,755 - WARNING - Failed to load luarocks: 'version'
2026-05-03 20:56:09,755 - WARNING - Failed to load rust: 'version'
2026-05-03 20:56:09,755 - WARNING - Failed to load gcc: 'version'
2026-05-03 20:56:09,755 - WARNING - Failed to load php: 'version'
2026-05-03 20:56:09,755 - WARNING - Failed to load python: 'version'
2026-05-03 20:56:09,755 - WARNING - Failed to load clang: 'version'
2026-05-03 20:56:09,755 - WARNING - Failed to load nodejs: 'version'
2026-05-03 20:56:09,755 - WARNING - Failed to load cython: 'version'
2026-05-03 20:56:09,755 - WARNING - Failed to load gcc-cmake-busybox: 'version'
2026-05-03 20:56:09,755 - WARNING - Failed to load php-composer: 'version'
2026-05-03 20:56:09,755 - WARNING - Failed to load go: 'version'
2026-05-03 20:56:09,756 - WARNING - Failed to load lua: 'version'
2026-05-03 20:56:09,756 - WARNING - Failed to load cgo: 'version'
2026-05-03 20:56:09,756 - WARNING - Failed to load gcc-meson-busybox: 'version'
2026-05-03 20:56:09,761 - WARNING - Failed to load cross-x86_64-gnu-gcc: 'version'
2026-05-03 20:56:09,765 - WARNING - Failed to load filesystem: 'version'
2026-05-03 20:56:09,766 - WARNING - Failed to load profile: 'version'
2026-05-03 20:56:09,772 - INFO - Loaded 416 packages
2026-05-03 20:56:09,772 - INFO - uv has no RM.org ID, attempting to look it up...
2026-05-03 20:56:10,437 - INFO - Found project ID 372636 for uv
2026-05-03 20:56:10,437 - INFO - Found project ID 372636 for uv
2026-05-03 20:56:10,437 - INFO - Current: 0.9.25, Latest: 0.11.8
2026-05-03 20:56:10,437 - INFO - Updating uv to 0.11.8
2026-05-03 20:56:10,437 - INFO - Backed up uv to /home/lrvick/Sources/stagex/scripts/backups/core/uv
2026-05-03 20:56:10,885 - ERROR - No working download URL found for version 0.11.8
2026-05-03 20:56:10,885 - ERROR - Failed to download source for uv
2026-05-03 20:56:10,885 - INFO - Processing ccache...
2026-05-03 20:56:10,891 - WARNING - Failed to load stage2: 'version'
2026-05-03 20:56:10,892 - WARNING - Failed to load stage0: 'version'
2026-05-03 20:56:10,892 - WARNING - Failed to load stage3: 'version'
2026-05-03 20:56:10,926 - WARNING - Failed to load clang-meson-busybox: 'version'
2026-05-03 20:56:10,926 - WARNING - Failed to load clang-gnu-busybox: 'version'
2026-05-03 20:56:10,926 - WARNING - Failed to load gcc-gnu-busybox: 'version'
2026-05-03 20:56:10,926 - WARNING - Failed to load solidity: 'version'
2026-05-03 20:56:10,926 - WARNING - Failed to load clang-cmake-busybox: 'version'
2026-05-03 20:56:10,926 - WARNING - Failed to load gcc-gnu-gnu: 'version'
2026-05-03 20:56:10,926 - WARNING - Failed to load luarocks: 'version'
2026-05-03 20:56:10,926 - WARNING - Failed to load rust: 'version'
2026-05-03 20:56:10,927 - WARNING - Failed to load gcc: 'version'
2026-05-03 20:56:10,927 - WARNING - Failed to load php: 'version'
2026-05-03 20:56:10,927 - WARNING - Failed to load python: 'version'
2026-05-03 20:56:10,927 - WARNING - Failed to load clang: 'version'
2026-05-03 20:56:10,927 - WARNING - Failed to load nodejs: 'version'
2026-05-03 20:56:10,927 - WARNING - Failed to load cython: 'version'
2026-05-03 20:56:10,927 - WARNING - Failed to load gcc-cmake-busybox: 'version'
2026-05-03 20:56:10,927 - WARNING - Failed to load php-composer: 'version'
2026-05-03 20:56:10,927 - WARNING - Failed to load go: 'version'
2026-05-03 20:56:10,927 - WARNING - Failed to load lua: 'version'
2026-05-03 20:56:10,927 - WARNING - Failed to load cgo: 'version'
2026-05-03 20:56:10,928 - WARNING - Failed to load gcc-meson-busybox: 'version'
2026-05-03 20:56:10,932 - WARNING - Failed to load cross-x86_64-gnu-gcc: 'version'
2026-05-03 20:56:10,937 - WARNING - Failed to load filesystem: 'version'
2026-05-03 20:56:10,938 - WARNING - Failed to load profile: 'version'
2026-05-03 20:56:10,944 - INFO - Loaded 416 packages
2026-05-03 20:56:10,944 - INFO - ccache has no RM.org ID, attempting to look it up...
2026-05-03 20:56:11,529 - INFO - Found project ID 257 for ccache
2026-05-03 20:56:11,529 - INFO - Found project ID 257 for ccache
2026-05-03 20:56:11,529 - INFO - Current: 4.13.5, Latest: 4.13.5
2026-05-03 20:56:11,529 - INFO - ccache is up to date
2026-05-03 20:56:11,530 - INFO - Processing cgo...
2026-05-03 20:56:11,530 - INFO - Processing chrpath...
2026-05-03 20:56:11,537 - WARNING - Failed to load stage2: 'version'
2026-05-03 20:56:11,537 - WARNING - Failed to load stage0: 'version'
2026-05-03 20:56:11,538 - WARNING - Failed to load stage3: 'version'
2026-05-03 20:56:11,573 - WARNING - Failed to load clang-meson-busybox: 'version'
2026-05-03 20:56:11,573 - WARNING - Failed to load clang-gnu-busybox: 'version'
2026-05-03 20:56:11,573 - WARNING - Failed to load gcc-gnu-busybox: 'version'
2026-05-03 20:56:11,573 - WARNING - Failed to load solidity: 'version'
2026-05-03 20:56:11,573 - WARNING - Failed to load clang-cmake-busybox: 'version'
2026-05-03 20:56:11,573 - WARNING - Failed to load gcc-gnu-gnu: 'version'
2026-05-03 20:56:11,573 - WARNING - Failed to load luarocks: 'version'
2026-05-03 20:56:11,573 - WARNING - Failed to load rust: 'version'
2026-05-03 20:56:11,573 - WARNING - Failed to load gcc: 'version'
2026-05-03 20:56:11,573 - WARNING - Failed to load php: 'version'
2026-05-03 20:56:11,574 - WARNING - Failed to load python: 'version'
2026-05-03 20:56:11,574 - WARNING - Failed to load clang: 'version'
2026-05-03 20:56:11,574 - WARNING - Failed to load nodejs: 'version'
2026-05-03 20:56:11,574 - WARNING - Failed to load cython: 'version'
2026-05-03 20:56:11,574 - WARNING - Failed to load gcc-cmake-busybox: 'version'
2026-05-03 20:56:11,574 - WARNING - Failed to load php-composer: 'version'
2026-05-03 20:56:11,574 - WARNING - Failed to load go: 'version'
2026-05-03 20:56:11,574 - WARNING - Failed to load lua: 'version'
2026-05-03 20:56:11,574 - WARNING - Failed to load cgo: 'version'
2026-05-03 20:56:11,574 - WARNING - Failed to load gcc-meson-busybox: 'version'
2026-05-03 20:56:11,579 - WARNING - Failed to load cross-x86_64-gnu-gcc: 'version'
2026-05-03 20:56:11,584 - WARNING - Failed to load filesystem: 'version'
2026-05-03 20:56:11,585 - WARNING - Failed to load profile: 'version'
2026-05-03 20:56:11,591 - INFO - Loaded 416 packages
2026-05-03 20:56:11,591 - INFO - chrpath has no RM.org ID, attempting to look it up...
2026-05-03 20:56:12,155 - INFO - Found project ID 13891 for chrpath
2026-05-03 20:56:12,155 - INFO - Found project ID 13891 for chrpath
2026-05-03 20:56:12,155 - INFO - Current: 0.16, Latest: 0.18
2026-05-03 20:56:12,155 - INFO - Updating chrpath to 0.18
2026-05-03 20:56:12,156 - INFO - Backed up chrpath to /home/lrvick/Sources/stagex/scripts/backups/user/chrpath
2026-05-03 20:56:12,429 - ERROR - No working download URL found for version 0.18
2026-05-03 20:56:12,429 - ERROR - Failed to download source for chrpath
2026-05-03 20:56:12,429 - INFO - Processing py...
2026-05-03 20:56:12,429 - INFO - Processing libusb...
2026-05-03 20:56:12,435 - WARNING - Failed to load stage2: 'version'
2026-05-03 20:56:12,436 - WARNING - Failed to load stage0: 'version'
2026-05-03 20:56:12,436 - WARNING - Failed to load stage3: 'version'
2026-05-03 20:56:12,470 - WARNING - Failed to load clang-meson-busybox: 'version'
2026-05-03 20:56:12,470 - WARNING - Failed to load clang-gnu-busybox: 'version'
2026-05-03 20:56:12,470 - WARNING - Failed to load gcc-gnu-busybox: 'version'
2026-05-03 20:56:12,470 - WARNING - Failed to load solidity: 'version'
2026-05-03 20:56:12,470 - WARNING - Failed to load clang-cmake-busybox: 'version'
2026-05-03 20:56:12,470 - WARNING - Failed to load gcc-gnu-gnu: 'version'
2026-05-03 20:56:12,470 - WARNING - Failed to load luarocks: 'version'
2026-05-03 20:56:12,470 - WARNING - Failed to load rust: 'version'
2026-05-03 20:56:12,470 - WARNING - Failed to load gcc: 'version'
2026-05-03 20:56:12,470 - WARNING - Failed to load php: 'version'
2026-05-03 20:56:12,471 - WARNING - Failed to load python: 'version'
2026-05-03 20:56:12,471 - WARNING - Failed to load clang: 'version'
2026-05-03 20:56:12,471 - WARNING - Failed to load nodejs: 'version'
2026-05-03 20:56:12,471 - WARNING - Failed to load cython: 'version'
2026-05-03 20:56:12,471 - WARNING - Failed to load gcc-cmake-busybox: 'version'
2026-05-03 20:56:12,471 - WARNING - Failed to load php-composer: 'version'
2026-05-03 20:56:12,471 - WARNING - Failed to load go: 'version'
2026-05-03 20:56:12,471 - WARNING - Failed to load lua: 'version'
2026-05-03 20:56:12,471 - WARNING - Failed to load cgo: 'version'
2026-05-03 20:56:12,471 - WARNING - Failed to load gcc-meson-busybox: 'version'
2026-05-03 20:56:12,476 - WARNING - Failed to load cross-x86_64-gnu-gcc: 'version'
2026-05-03 20:56:12,481 - WARNING - Failed to load filesystem: 'version'
2026-05-03 20:56:12,482 - WARNING - Failed to load profile: 'version'
2026-05-03 20:56:12,487 - INFO - Loaded 416 packages
2026-05-03 20:56:12,488 - INFO - libusb has no RM.org ID, attempting to look it up...
2026-05-03 20:56:13,070 - INFO - Found project ID 1749 for libusb
2026-05-03 20:56:13,070 - INFO - Found project ID 1749 for libusb
2026-05-03 20:56:13,070 - INFO - Current: 1.0.27, Latest: 1.0.29
2026-05-03 20:56:13,070 - INFO - Updating libusb to 1.0.29
2026-05-03 20:56:13,070 - INFO - Backed up libusb to /home/lrvick/Sources/stagex/scripts/backups/user/libusb
2026-05-03 20:56:13,313 - ERROR - No working download URL found for version 1.0.29
2026-05-03 20:56:13,313 - ERROR - Failed to download source for libusb
2026-05-03 20:56:13,313 - INFO - Processing autoconf...
2026-05-03 20:56:13,319 - WARNING - Failed to load stage2: 'version'
2026-05-03 20:56:13,320 - WARNING - Failed to load stage0: 'version'
2026-05-03 20:56:13,320 - WARNING - Failed to load stage3: 'version'
2026-05-03 20:56:13,354 - WARNING - Failed to load clang-meson-busybox: 'version'
2026-05-03 20:56:13,354 - WARNING - Failed to load clang-gnu-busybox: 'version'
2026-05-03 20:56:13,354 - WARNING - Failed to load gcc-gnu-busybox: 'version'
2026-05-03 20:56:13,354 - WARNING - Failed to load solidity: 'version'
2026-05-03 20:56:13,354 - WARNING - Failed to load clang-cmake-busybox: 'version'
2026-05-03 20:56:13,354 - WARNING - Failed to load gcc-gnu-gnu: 'version'
2026-05-03 20:56:13,354 - WARNING - Failed to load luarocks: 'version'
2026-05-03 20:56:13,355 - WARNING - Failed to load rust: 'version'
2026-05-03 20:56:13,355 - WARNING - Failed to load gcc: 'version'
2026-05-03 20:56:13,355 - WARNING - Failed to load php: 'version'
2026-05-03 20:56:13,355 - WARNING - Failed to load python: 'version'
2026-05-03 20:56:13,355 - WARNING - Failed to load clang: 'version'
2026-05-03 20:56:13,355 - WARNING - Failed to load nodejs: 'version'
2026-05-03 20:56:13,355 - WARNING - Failed to load cython: 'version'
2026-05-03 20:56:13,355 - WARNING - Failed to load gcc-cmake-busybox: 'version'
2026-05-03 20:56:13,355 - WARNING - Failed to load php-composer: 'version'
2026-05-03 20:56:13,355 - WARNING - Failed to load go: 'version'
2026-05-03 20:56:13,355 - WARNING - Failed to load lua: 'version'
2026-05-03 20:56:13,356 - WARNING - Failed to load cgo: 'version'
2026-05-03 20:56:13,356 - WARNING - Failed to load gcc-meson-busybox: 'version'
2026-05-03 20:56:13,361 - WARNING - Failed to load cross-x86_64-gnu-gcc: 'version'
2026-05-03 20:56:13,365 - WARNING - Failed to load filesystem: 'version'
2026-05-03 20:56:13,366 - WARNING - Failed to load profile: 'version'
2026-05-03 20:56:13,372 - INFO - Loaded 416 packages
2026-05-03 20:56:13,372 - INFO - autoconf has no RM.org ID, attempting to look it up...
2026-05-03 20:56:13,976 - INFO - Found project ID 141 for autoconf
2026-05-03 20:56:13,976 - INFO - Found project ID 141 for autoconf
2026-05-03 20:56:13,977 - INFO - Current: 2.73, Latest: 2.73
2026-05-03 20:56:13,977 - INFO - autoconf is up to date
2026-05-03 20:56:13,977 - INFO - Processing pcsc...
2026-05-03 20:56:13,977 - INFO - Processing util...
2026-05-03 20:56:13,977 - INFO - Processing xorgproto...
2026-05-03 20:56:13,984 - WARNING - Failed to load stage2: 'version'
2026-05-03 20:56:13,984 - WARNING - Failed to load stage0: 'version'
2026-05-03 20:56:13,984 - WARNING - Failed to load stage3: 'version'
2026-05-03 20:56:14,018 - WARNING - Failed to load clang-meson-busybox: 'version'
2026-05-03 20:56:14,018 - WARNING - Failed to load clang-gnu-busybox: 'version'
2026-05-03 20:56:14,018 - WARNING - Failed to load gcc-gnu-busybox: 'version'
2026-05-03 20:56:14,018 - WARNING - Failed to load solidity: 'version'
2026-05-03 20:56:14,018 - WARNING - Failed to load clang-cmake-busybox: 'version'
2026-05-03 20:56:14,018 - WARNING - Failed to load gcc-gnu-gnu: 'version'
2026-05-03 20:56:14,018 - WARNING - Failed to load luarocks: 'version'
2026-05-03 20:56:14,018 - WARNING - Failed to load rust: 'version'
2026-05-03 20:56:14,018 - WARNING - Failed to load gcc: 'version'
2026-05-03 20:56:14,019 - WARNING - Failed to load php: 'version'
2026-05-03 20:56:14,019 - WARNING - Failed to load python: 'version'
2026-05-03 20:56:14,019 - WARNING - Failed to load clang: 'version'
2026-05-03 20:56:14,019 - WARNING - Failed to load nodejs: 'version'
2026-05-03 20:56:14,019 - WARNING - Failed to load cython: 'version'
2026-05-03 20:56:14,019 - WARNING - Failed to load gcc-cmake-busybox: 'version'
2026-05-03 20:56:14,019 - WARNING - Failed to load php-composer: 'version'
2026-05-03 20:56:14,019 - WARNING - Failed to load go: 'version'
2026-05-03 20:56:14,019 - WARNING - Failed to load lua: 'version'
2026-05-03 20:56:14,019 - WARNING - Failed to load cgo: 'version'
2026-05-03 20:56:14,019 - WARNING - Failed to load gcc-meson-busybox: 'version'
2026-05-03 20:56:14,024 - WARNING - Failed to load cross-x86_64-gnu-gcc: 'version'
2026-05-03 20:56:14,029 - WARNING - Failed to load filesystem: 'version'
2026-05-03 20:56:14,030 - WARNING - Failed to load profile: 'version'
2026-05-03 20:56:14,036 - INFO - Loaded 416 packages
2026-05-03 20:56:14,036 - INFO - xorgproto has no RM.org ID, attempting to look it up...
2026-05-03 20:56:14,605 - INFO - Found project ID 17190 for xorgproto
2026-05-03 20:56:14,606 - INFO - Found project ID 17190 for xorgproto
2026-05-03 20:56:14,606 - INFO - Current: 2025.1, Latest: 2025.1
2026-05-03 20:56:14,606 - INFO - xorgproto is up to date
2026-05-03 20:56:14,606 - INFO - Processing rhash...
2026-05-03 20:56:14,613 - WARNING - Failed to load stage2: 'version'
2026-05-03 20:56:14,613 - WARNING - Failed to load stage0: 'version'
2026-05-03 20:56:14,613 - WARNING - Failed to load stage3: 'version'
2026-05-03 20:56:14,647 - WARNING - Failed to load clang-meson-busybox: 'version'
2026-05-03 20:56:14,647 - WARNING - Failed to load clang-gnu-busybox: 'version'
2026-05-03 20:56:14,647 - WARNING - Failed to load gcc-gnu-busybox: 'version'
2026-05-03 20:56:14,647 - WARNING - Failed to load solidity: 'version'
2026-05-03 20:56:14,647 - WARNING - Failed to load clang-cmake-busybox: 'version'
2026-05-03 20:56:14,648 - WARNING - Failed to load gcc-gnu-gnu: 'version'
2026-05-03 20:56:14,648 - WARNING - Failed to load luarocks: 'version'
2026-05-03 20:56:14,648 - WARNING - Failed to load rust: 'version'
2026-05-03 20:56:14,648 - WARNING - Failed to load gcc: 'version'
2026-05-03 20:56:14,648 - WARNING - Failed to load php: 'version'
2026-05-03 20:56:14,648 - WARNING - Failed to load python: 'version'
2026-05-03 20:56:14,648 - WARNING - Failed to load clang: 'version'
2026-05-03 20:56:14,648 - WARNING - Failed to load nodejs: 'version'
2026-05-03 20:56:14,648 - WARNING - Failed to load cython: 'version'
2026-05-03 20:56:14,648 - WARNING - Failed to load gcc-cmake-busybox: 'version'
2026-05-03 20:56:14,648 - WARNING - Failed to load php-composer: 'version'
2026-05-03 20:56:14,649 - WARNING - Failed to load go: 'version'
2026-05-03 20:56:14,649 - WARNING - Failed to load lua: 'version'
2026-05-03 20:56:14,649 - WARNING - Failed to load cgo: 'version'
2026-05-03 20:56:14,649 - WARNING - Failed to load gcc-meson-busybox: 'version'
2026-05-03 20:56:14,654 - WARNING - Failed to load cross-x86_64-gnu-gcc: 'version'
2026-05-03 20:56:14,658 - WARNING - Failed to load filesystem: 'version'
2026-05-03 20:56:14,659 - WARNING - Failed to load profile: 'version'
2026-05-03 20:56:14,665 - INFO - Loaded 416 packages
2026-05-03 20:56:14,665 - INFO - rhash has no RM.org ID, attempting to look it up...
2026-05-03 20:56:15,287 - INFO - Found project ID 13843 for rhash
2026-05-03 20:56:15,288 - INFO - Found project ID 13843 for rhash
2026-05-03 20:56:15,288 - INFO - Current: 1.4.6, Latest: 1.4.6
2026-05-03 20:56:15,288 - INFO - rhash is up to date
2026-05-03 20:56:15,288 - INFO - Processing libcap...
2026-05-03 20:56:15,295 - WARNING - Failed to load stage2: 'version'
2026-05-03 20:56:15,295 - WARNING - Failed to load stage0: 'version'
2026-05-03 20:56:15,295 - WARNING - Failed to load stage3: 'version'
2026-05-03 20:56:15,329 - WARNING - Failed to load clang-meson-busybox: 'version'
2026-05-03 20:56:15,329 - WARNING - Failed to load clang-gnu-busybox: 'version'
2026-05-03 20:56:15,329 - WARNING - Failed to load gcc-gnu-busybox: 'version'
2026-05-03 20:56:15,329 - WARNING - Failed to load solidity: 'version'
2026-05-03 20:56:15,329 - WARNING - Failed to load clang-cmake-busybox: 'version'
2026-05-03 20:56:15,329 - WARNING - Failed to load gcc-gnu-gnu: 'version'
2026-05-03 20:56:15,329 - WARNING - Failed to load luarocks: 'version'
2026-05-03 20:56:15,329 - WARNING - Failed to load rust: 'version'
2026-05-03 20:56:15,329 - WARNING - Failed to load gcc: 'version'
2026-05-03 20:56:15,329 - WARNING - Failed to load php: 'version'
2026-05-03 20:56:15,330 - WARNING - Failed to load python: 'version'
2026-05-03 20:56:15,330 - WARNING - Failed to load clang: 'version'
2026-05-03 20:56:15,330 - WARNING - Failed to load nodejs: 'version'
2026-05-03 20:56:15,330 - WARNING - Failed to load cython: 'version'
2026-05-03 20:56:15,330 - WARNING - Failed to load gcc-cmake-busybox: 'version'
2026-05-03 20:56:15,330 - WARNING - Failed to load php-composer: 'version'
2026-05-03 20:56:15,330 - WARNING - Failed to load go: 'version'
2026-05-03 20:56:15,330 - WARNING - Failed to load lua: 'version'
2026-05-03 20:56:15,330 - WARNING - Failed to load cgo: 'version'
2026-05-03 20:56:15,330 - WARNING - Failed to load gcc-meson-busybox: 'version'
2026-05-03 20:56:15,335 - WARNING - Failed to load cross-x86_64-gnu-gcc: 'version'
2026-05-03 20:56:15,340 - WARNING - Failed to load filesystem: 'version'
2026-05-03 20:56:15,341 - WARNING - Failed to load profile: 'version'
2026-05-03 20:56:15,347 - INFO - Loaded 416 packages
2026-05-03 20:56:15,347 - INFO - libcap has no RM.org ID, attempting to look it up...
2026-05-03 20:56:15,952 - INFO - Found project ID 1569 for libcap
2026-05-03 20:56:15,952 - INFO - Found project ID 1569 for libcap
2026-05-03 20:56:15,952 - INFO - Current: 2.70, Latest: 2.78
2026-05-03 20:56:15,952 - INFO - Updating libcap to 2.78
2026-05-03 20:56:15,953 - INFO - Backed up libcap to /home/lrvick/Sources/stagex/scripts/backups/user/libcap
2026-05-03 20:56:16,297 - INFO - Downloading from https://git.kernel.org/pub/scm/libs/libcap/libcap.git/snapshot/libcap-2.78.tar.gz
2026-05-03 20:56:16,517 - ERROR - Download failed: HTTP Error 403: Forbidden
2026-05-03 20:56:16,517 - ERROR - Failed to download source for libcap
2026-05-03 20:56:16,517 - INFO - Processing file...
2026-05-03 20:56:16,524 - WARNING - Failed to load stage2: 'version'
2026-05-03 20:56:16,524 - WARNING - Failed to load stage0: 'version'
2026-05-03 20:56:16,525 - WARNING - Failed to load stage3: 'version'
2026-05-03 20:56:16,558 - WARNING - Failed to load clang-meson-busybox: 'version'
2026-05-03 20:56:16,558 - WARNING - Failed to load clang-gnu-busybox: 'version'
2026-05-03 20:56:16,558 - WARNING - Failed to load gcc-gnu-busybox: 'version'
2026-05-03 20:56:16,558 - WARNING - Failed to load solidity: 'version'
2026-05-03 20:56:16,558 - WARNING - Failed to load clang-cmake-busybox: 'version'
2026-05-03 20:56:16,558 - WARNING - Failed to load gcc-gnu-gnu: 'version'
2026-05-03 20:56:16,559 - WARNING - Failed to load luarocks: 'version'
2026-05-03 20:56:16,559 - WARNING - Failed to load rust: 'version'
2026-05-03 20:56:16,559 - WARNING - Failed to load gcc: 'version'
2026-05-03 20:56:16,559 - WARNING - Failed to load php: 'version'
2026-05-03 20:56:16,559 - WARNING - Failed to load python: 'version'
2026-05-03 20:56:16,559 - WARNING - Failed to load clang: 'version'
2026-05-03 20:56:16,559 - WARNING - Failed to load nodejs: 'version'
2026-05-03 20:56:16,559 - WARNING - Failed to load cython: 'version'
2026-05-03 20:56:16,559 - WARNING - Failed to load gcc-cmake-busybox: 'version'
2026-05-03 20:56:16,559 - WARNING - Failed to load php-composer: 'version'
2026-05-03 20:56:16,559 - WARNING - Failed to load go: 'version'
2026-05-03 20:56:16,560 - WARNING - Failed to load lua: 'version'
2026-05-03 20:56:16,560 - WARNING - Failed to load cgo: 'version'
2026-05-03 20:56:16,560 - WARNING - Failed to load gcc-meson-busybox: 'version'
2026-05-03 20:56:16,565 - WARNING - Failed to load cross-x86_64-gnu-gcc: 'version'
2026-05-03 20:56:16,569 - WARNING - Failed to load filesystem: 'version'
2026-05-03 20:56:16,570 - WARNING - Failed to load profile: 'version'
2026-05-03 20:56:16,576 - INFO - Loaded 416 packages
2026-05-03 20:56:16,576 - INFO - file has no RM.org ID, attempting to look it up...
2026-05-03 20:56:17,191 - INFO - Found project ID 807 for file
2026-05-03 20:56:17,191 - INFO - Found project ID 807 for file
2026-05-03 20:56:17,191 - INFO - Current: 5.47, Latest: 5.47
2026-05-03 20:56:17,191 - INFO - file is up to date
2026-05-03 20:56:17,192 - INFO - Processing glib...
2026-05-03 20:56:17,198 - WARNING - Failed to load stage2: 'version'
2026-05-03 20:56:17,199 - WARNING - Failed to load stage0: 'version'
2026-05-03 20:56:17,199 - WARNING - Failed to load stage3: 'version'
2026-05-03 20:56:17,233 - WARNING - Failed to load clang-meson-busybox: 'version'
2026-05-03 20:56:17,233 - WARNING - Failed to load clang-gnu-busybox: 'version'
2026-05-03 20:56:17,233 - WARNING - Failed to load gcc-gnu-busybox: 'version'
2026-05-03 20:56:17,233 - WARNING - Failed to load solidity: 'version'
2026-05-03 20:56:17,233 - WARNING - Failed to load clang-cmake-busybox: 'version'
2026-05-03 20:56:17,233 - WARNING - Failed to load gcc-gnu-gnu: 'version'
2026-05-03 20:56:17,233 - WARNING - Failed to load luarocks: 'version'
2026-05-03 20:56:17,233 - WARNING - Failed to load rust: 'version'
2026-05-03 20:56:17,233 - WARNING - Failed to load gcc: 'version'
2026-05-03 20:56:17,233 - WARNING - Failed to load php: 'version'
2026-05-03 20:56:17,234 - WARNING - Failed to load python: 'version'
2026-05-03 20:56:17,234 - WARNING - Failed to load clang: 'version'
2026-05-03 20:56:17,234 - WARNING - Failed to load nodejs: 'version'
2026-05-03 20:56:17,234 - WARNING - Failed to load cython: 'version'
2026-05-03 20:56:17,234 - WARNING - Failed to load gcc-cmake-busybox: 'version'
2026-05-03 20:56:17,234 - WARNING - Failed to load php-composer: 'version'
2026-05-03 20:56:17,234 - WARNING - Failed to load go: 'version'
2026-05-03 20:56:17,234 - WARNING - Failed to load lua: 'version'
2026-05-03 20:56:17,234 - WARNING - Failed to load cgo: 'version'
2026-05-03 20:56:17,234 - WARNING - Failed to load gcc-meson-busybox: 'version'
2026-05-03 20:56:17,239 - WARNING - Failed to load cross-x86_64-gnu-gcc: 'version'
2026-05-03 20:56:17,244 - WARNING - Failed to load filesystem: 'version'
2026-05-03 20:56:17,245 - WARNING - Failed to load profile: 'version'
2026-05-03 20:56:17,250 - INFO - Loaded 416 packages
2026-05-03 20:56:17,251 - INFO - glib has no RM.org ID, attempting to look it up...
2026-05-03 20:56:18,073 - INFO - Found project ID 16715 for glib
2026-05-03 20:56:18,074 - INFO - Found project ID 16715 for glib
2026-05-03 20:56:18,074 - INFO - Current: 2.82.1, Latest: 0.22.7
2026-05-03 20:56:18,074 - INFO - Updating glib to 0.22.7
2026-05-03 20:56:18,074 - INFO - Backed up glib to /home/lrvick/Sources/stagex/scripts/backups/user/glib
2026-05-03 20:56:18,328 - ERROR - No working download URL found for version 0.22.7
2026-05-03 20:56:18,328 - ERROR - Failed to download source for glib
2026-05-03 20:56:18,328 - INFO - Processing perl...
2026-05-03 20:56:18,335 - WARNING - Failed to load stage2: 'version'
2026-05-03 20:56:18,335 - WARNING - Failed to load stage0: 'version'
2026-05-03 20:56:18,335 - WARNING - Failed to load stage3: 'version'
2026-05-03 20:56:18,369 - WARNING - Failed to load clang-meson-busybox: 'version'
2026-05-03 20:56:18,369 - WARNING - Failed to load clang-gnu-busybox: 'version'
2026-05-03 20:56:18,369 - WARNING - Failed to load gcc-gnu-busybox: 'version'
2026-05-03 20:56:18,369 - WARNING - Failed to load solidity: 'version'
2026-05-03 20:56:18,369 - WARNING - Failed to load clang-cmake-busybox: 'version'
2026-05-03 20:56:18,369 - WARNING - Failed to load gcc-gnu-gnu: 'version'
2026-05-03 20:56:18,370 - WARNING - Failed to load luarocks: 'version'
2026-05-03 20:56:18,370 - WARNING - Failed to load rust: 'version'
2026-05-03 20:56:18,370 - WARNING - Failed to load gcc: 'version'
2026-05-03 20:56:18,370 - WARNING - Failed to load php: 'version'
2026-05-03 20:56:18,370 - WARNING - Failed to load python: 'version'
2026-05-03 20:56:18,370 - WARNING - Failed to load clang: 'version'
2026-05-03 20:56:18,370 - WARNING - Failed to load nodejs: 'version'
2026-05-03 20:56:18,370 - WARNING - Failed to load cython: 'version'
2026-05-03 20:56:18,370 - WARNING - Failed to load gcc-cmake-busybox: 'version'
2026-05-03 20:56:18,370 - WARNING - Failed to load php-composer: 'version'
2026-05-03 20:56:18,370 - WARNING - Failed to load go: 'version'
2026-05-03 20:56:18,371 - WARNING - Failed to load lua: 'version'
2026-05-03 20:56:18,371 - WARNING - Failed to load cgo: 'version'
2026-05-03 20:56:18,371 - WARNING - Failed to load gcc-meson-busybox: 'version'
2026-05-03 20:56:18,376 - WARNING - Failed to load cross-x86_64-gnu-gcc: 'version'
2026-05-03 20:56:18,380 - WARNING - Failed to load filesystem: 'version'
2026-05-03 20:56:18,381 - WARNING - Failed to load profile: 'version'
2026-05-03 20:56:18,387 - INFO - Loaded 416 packages
2026-05-03 20:56:18,387 - INFO - perl has no RM.org ID, attempting to look it up...
2026-05-03 20:56:19,006 - INFO - Found project ID 13599 for perl
2026-05-03 20:56:19,006 - INFO - Found project ID 13599 for perl
2026-05-03 20:56:19,006 - INFO - Current: 5.38.0, Latest: 5.43.10
2026-05-03 20:56:19,006 - INFO - Updating perl to 5.43.10
2026-05-03 20:56:19,016 - INFO - Backed up perl to /home/lrvick/Sources/stagex/scripts/backups/core/perl
2026-05-03 20:56:19,115 - ERROR - No working download URL found for version 5.43.10
2026-05-03 20:56:19,115 - ERROR - Failed to download source for perl
2026-05-03 20:56:19,116 - INFO - Processing xmlto...
2026-05-03 20:56:19,122 - WARNING - Failed to load stage2: 'version'
2026-05-03 20:56:19,122 - WARNING - Failed to load stage0: 'version'
2026-05-03 20:56:19,123 - WARNING - Failed to load stage3: 'version'
2026-05-03 20:56:19,156 - WARNING - Failed to load clang-meson-busybox: 'version'
2026-05-03 20:56:19,156 - WARNING - Failed to load clang-gnu-busybox: 'version'
2026-05-03 20:56:19,156 - WARNING - Failed to load gcc-gnu-busybox: 'version'
2026-05-03 20:56:19,156 - WARNING - Failed to load solidity: 'version'
2026-05-03 20:56:19,156 - WARNING - Failed to load clang-cmake-busybox: 'version'
2026-05-03 20:56:19,157 - WARNING - Failed to load gcc-gnu-gnu: 'version'
2026-05-03 20:56:19,157 - WARNING - Failed to load luarocks: 'version'
2026-05-03 20:56:19,157 - WARNING - Failed to load rust: 'version'
2026-05-03 20:56:19,157 - WARNING - Failed to load gcc: 'version'
2026-05-03 20:56:19,157 - WARNING - Failed to load php: 'version'
2026-05-03 20:56:19,157 - WARNING - Failed to load python: 'version'
2026-05-03 20:56:19,157 - WARNING - Failed to load clang: 'version'
2026-05-03 20:56:19,157 - WARNING - Failed to load nodejs: 'version'
2026-05-03 20:56:19,157 - WARNING - Failed to load cython: 'version'
2026-05-03 20:56:19,157 - WARNING - Failed to load gcc-cmake-busybox: 'version'
2026-05-03 20:56:19,157 - WARNING - Failed to load php-composer: 'version'
2026-05-03 20:56:19,157 - WARNING - Failed to load go: 'version'
2026-05-03 20:56:19,158 - WARNING - Failed to load lua: 'version'
2026-05-03 20:56:19,158 - WARNING - Failed to load cgo: 'version'
2026-05-03 20:56:19,158 - WARNING - Failed to load gcc-meson-busybox: 'version'
2026-05-03 20:56:19,163 - WARNING - Failed to load cross-x86_64-gnu-gcc: 'version'
2026-05-03 20:56:19,167 - WARNING - Failed to load filesystem: 'version'
2026-05-03 20:56:19,168 - WARNING - Failed to load profile: 'version'
2026-05-03 20:56:19,174 - INFO - Loaded 416 packages
2026-05-03 20:56:19,174 - INFO - xmlto has no RM.org ID, attempting to look it up...
2026-05-03 20:56:19,791 - INFO - Found project ID 13307 for xmlto
2026-05-03 20:56:19,791 - INFO - Found project ID 13307 for xmlto
2026-05-03 20:56:19,792 - INFO - Current: 0.0.29, Latest: 0.0.29
2026-05-03 20:56:19,792 - INFO - xmlto is up to date
2026-05-03 20:56:19,792 - INFO - Processing libxdmcp...
2026-05-03 20:56:19,799 - WARNING - Failed to load stage2: 'version'
2026-05-03 20:56:19,799 - WARNING - Failed to load stage0: 'version'
2026-05-03 20:56:19,799 - WARNING - Failed to load stage3: 'version'
2026-05-03 20:56:19,833 - WARNING - Failed to load clang-meson-busybox: 'version'
2026-05-03 20:56:19,833 - WARNING - Failed to load clang-gnu-busybox: 'version'
2026-05-03 20:56:19,833 - WARNING - Failed to load gcc-gnu-busybox: 'version'
2026-05-03 20:56:19,833 - WARNING - Failed to load solidity: 'version'
2026-05-03 20:56:19,833 - WARNING - Failed to load clang-cmake-busybox: 'version'
2026-05-03 20:56:19,833 - WARNING - Failed to load gcc-gnu-gnu: 'version'
2026-05-03 20:56:19,833 - WARNING - Failed to load luarocks: 'version'
2026-05-03 20:56:19,833 - WARNING - Failed to load rust: 'version'
2026-05-03 20:56:19,833 - WARNING - Failed to load gcc: 'version'
2026-05-03 20:56:19,834 - WARNING - Failed to load php: 'version'
2026-05-03 20:56:19,834 - WARNING - Failed to load python: 'version'
2026-05-03 20:56:19,834 - WARNING - Failed to load clang: 'version'
2026-05-03 20:56:19,834 - WARNING - Failed to load nodejs: 'version'
2026-05-03 20:56:19,834 - WARNING - Failed to load cython: 'version'
2026-05-03 20:56:19,834 - WARNING - Failed to load gcc-cmake-busybox: 'version'
2026-05-03 20:56:19,834 - WARNING - Failed to load php-composer: 'version'
2026-05-03 20:56:19,834 - WARNING - Failed to load go: 'version'
2026-05-03 20:56:19,834 - WARNING - Failed to load lua: 'version'
2026-05-03 20:56:19,834 - WARNING - Failed to load cgo: 'version'
2026-05-03 20:56:19,834 - WARNING - Failed to load gcc-meson-busybox: 'version'
2026-05-03 20:56:19,839 - WARNING - Failed to load cross-x86_64-gnu-gcc: 'version'
2026-05-03 20:56:19,844 - WARNING - Failed to load filesystem: 'version'
2026-05-03 20:56:19,845 - WARNING - Failed to load profile: 'version'
2026-05-03 20:56:19,851 - INFO - Loaded 416 packages
2026-05-03 20:56:19,851 - INFO - libxdmcp has no RM.org ID, attempting to look it up...
2026-05-03 20:56:20,486 - INFO - Found project ID 1772 for libxdmcp
2026-05-03 20:56:20,486 - INFO - Found project ID 1772 for libxdmcp
2026-05-03 20:56:20,486 - INFO - Current: 1.1.5, Latest: 1.1.5
2026-05-03 20:56:20,486 - INFO - libxdmcp is up to date
2026-05-03 20:56:20,486 - INFO - Processing xcb...
2026-05-03 20:56:20,486 - INFO - Processing libxau...
2026-05-03 20:56:20,493 - WARNING - Failed to load stage2: 'version'
2026-05-03 20:56:20,493 - WARNING - Failed to load stage0: 'version'
2026-05-03 20:56:20,494 - WARNING - Failed to load stage3: 'version'
2026-05-03 20:56:20,527 - WARNING - Failed to load clang-meson-busybox: 'version'
2026-05-03 20:56:20,527 - WARNING - Failed to load clang-gnu-busybox: 'version'
2026-05-03 20:56:20,527 - WARNING - Failed to load gcc-gnu-busybox: 'version'
2026-05-03 20:56:20,527 - WARNING - Failed to load solidity: 'version'
2026-05-03 20:56:20,527 - WARNING - Failed to load clang-cmake-busybox: 'version'
2026-05-03 20:56:20,527 - WARNING - Failed to load gcc-gnu-gnu: 'version'
2026-05-03 20:56:20,527 - WARNING - Failed to load luarocks: 'version'
2026-05-03 20:56:20,528 - WARNING - Failed to load rust: 'version'
2026-05-03 20:56:20,528 - WARNING - Failed to load gcc: 'version'
2026-05-03 20:56:20,528 - WARNING - Failed to load php: 'version'
2026-05-03 20:56:20,528 - WARNING - Failed to load python: 'version'
2026-05-03 20:56:20,528 - WARNING - Failed to load clang: 'version'
2026-05-03 20:56:20,528 - WARNING - Failed to load nodejs: 'version'
2026-05-03 20:56:20,528 - WARNING - Failed to load cython: 'version'
2026-05-03 20:56:20,528 - WARNING - Failed to load gcc-cmake-busybox: 'version'
2026-05-03 20:56:20,528 - WARNING - Failed to load php-composer: 'version'
2026-05-03 20:56:20,528 - WARNING - Failed to load go: 'version'
2026-05-03 20:56:20,528 - WARNING - Failed to load lua: 'version'
2026-05-03 20:56:20,529 - WARNING - Failed to load cgo: 'version'
2026-05-03 20:56:20,529 - WARNING - Failed to load gcc-meson-busybox: 'version'
2026-05-03 20:56:20,534 - WARNING - Failed to load cross-x86_64-gnu-gcc: 'version'
2026-05-03 20:56:20,538 - WARNING - Failed to load filesystem: 'version'
2026-05-03 20:56:20,539 - WARNING - Failed to load profile: 'version'
2026-05-03 20:56:20,545 - INFO - Loaded 416 packages
2026-05-03 20:56:20,545 - INFO - libxau has no RM.org ID, attempting to look it up...
2026-05-03 20:56:21,107 - INFO - Found project ID 1765 for libxau
2026-05-03 20:56:21,107 - INFO - Found project ID 1765 for libxau
2026-05-03 20:56:21,107 - INFO - Current: 1.0.12, Latest: 1.0.12
2026-05-03 20:56:21,107 - INFO - libxau is up to date
2026-05-03 20:56:21,107 - INFO - Processing libxcb...
2026-05-03 20:56:21,114 - WARNING - Failed to load stage2: 'version'
2026-05-03 20:56:21,114 - WARNING - Failed to load stage0: 'version'
2026-05-03 20:56:21,115 - WARNING - Failed to load stage3: 'version'
2026-05-03 20:56:21,152 - WARNING - Failed to load clang-meson-busybox: 'version'
2026-05-03 20:56:21,152 - WARNING - Failed to load clang-gnu-busybox: 'version'
2026-05-03 20:56:21,152 - WARNING - Failed to load gcc-gnu-busybox: 'version'
2026-05-03 20:56:21,152 - WARNING - Failed to load solidity: 'version'
2026-05-03 20:56:21,153 - WARNING - Failed to load clang-cmake-busybox: 'version'
2026-05-03 20:56:21,153 - WARNING - Failed to load gcc-gnu-gnu: 'version'
2026-05-03 20:56:21,153 - WARNING - Failed to load luarocks: 'version'
2026-05-03 20:56:21,153 - WARNING - Failed to load rust: 'version'
2026-05-03 20:56:21,153 - WARNING - Failed to load gcc: 'version'
2026-05-03 20:56:21,153 - WARNING - Failed to load php: 'version'
2026-05-03 20:56:21,153 - WARNING - Failed to load python: 'version'
2026-05-03 20:56:21,153 - WARNING - Failed to load clang: 'version'
2026-05-03 20:56:21,153 - WARNING - Failed to load nodejs: 'version'
2026-05-03 20:56:21,153 - WARNING - Failed to load cython: 'version'
2026-05-03 20:56:21,153 - WARNING - Failed to load gcc-cmake-busybox: 'version'
2026-05-03 20:56:21,154 - WARNING - Failed to load php-composer: 'version'
2026-05-03 20:56:21,154 - WARNING - Failed to load go: 'version'
2026-05-03 20:56:21,154 - WARNING - Failed to load lua: 'version'
2026-05-03 20:56:21,154 - WARNING - Failed to load cgo: 'version'
2026-05-03 20:56:21,154 - WARNING - Failed to load gcc-meson-busybox: 'version'
2026-05-03 20:56:21,159 - WARNING - Failed to load cross-x86_64-gnu-gcc: 'version'
2026-05-03 20:56:21,163 - WARNING - Failed to load filesystem: 'version'
2026-05-03 20:56:21,165 - WARNING - Failed to load profile: 'version'
2026-05-03 20:56:21,170 - INFO - Loaded 416 packages
2026-05-03 20:56:21,170 - INFO - libxcb has no RM.org ID, attempting to look it up...
2026-05-03 20:56:21,784 - INFO - Found project ID 1767 for libxcb
2026-05-03 20:56:21,784 - INFO - Found project ID 1767 for libxcb
2026-05-03 20:56:21,784 - INFO - Current: 1.17.0, Latest: 1.17.0
2026-05-03 20:56:21,784 - INFO - libxcb is up to date
2026-05-03 20:56:21,784 - INFO - Processing xtrans...
2026-05-03 20:56:21,791 - WARNING - Failed to load stage2: 'version'
2026-05-03 20:56:21,791 - WARNING - Failed to load stage0: 'version'
2026-05-03 20:56:21,792 - WARNING - Failed to load stage3: 'version'
2026-05-03 20:56:21,825 - WARNING - Failed to load clang-meson-busybox: 'version'
2026-05-03 20:56:21,825 - WARNING - Failed to load clang-gnu-busybox: 'version'
2026-05-03 20:56:21,825 - WARNING - Failed to load gcc-gnu-busybox: 'version'
2026-05-03 20:56:21,825 - WARNING - Failed to load solidity: 'version'
2026-05-03 20:56:21,825 - WARNING - Failed to load clang-cmake-busybox: 'version'
2026-05-03 20:56:21,825 - WARNING - Failed to load gcc-gnu-gnu: 'version'
2026-05-03 20:56:21,825 - WARNING - Failed to load luarocks: 'version'
2026-05-03 20:56:21,826 - WARNING - Failed to load rust: 'version'
2026-05-03 20:56:21,826 - WARNING - Failed to load gcc: 'version'
2026-05-03 20:56:21,826 - WARNING - Failed to load php: 'version'
2026-05-03 20:56:21,826 - WARNING - Failed to load python: 'version'
2026-05-03 20:56:21,826 - WARNING - Failed to load clang: 'version'
2026-05-03 20:56:21,826 - WARNING - Failed to load nodejs: 'version'
2026-05-03 20:56:21,826 - WARNING - Failed to load cython: 'version'
2026-05-03 20:56:21,826 - WARNING - Failed to load gcc-cmake-busybox: 'version'
2026-05-03 20:56:21,826 - WARNING - Failed to load php-composer: 'version'
2026-05-03 20:56:21,826 - WARNING - Failed to load go: 'version'
2026-05-03 20:56:21,826 - WARNING - Failed to load lua: 'version'
2026-05-03 20:56:21,826 - WARNING - Failed to load cgo: 'version'
2026-05-03 20:56:21,827 - WARNING - Failed to load gcc-meson-busybox: 'version'
2026-05-03 20:56:21,832 - WARNING - Failed to load cross-x86_64-gnu-gcc: 'version'
2026-05-03 20:56:21,836 - WARNING - Failed to load filesystem: 'version'
2026-05-03 20:56:21,837 - WARNING - Failed to load profile: 'version'
2026-05-03 20:56:21,843 - INFO - Loaded 416 packages
2026-05-03 20:56:21,843 - INFO - xtrans has no RM.org ID, attempting to look it up...
2026-05-03 20:56:22,453 - INFO - Found project ID 13440 for xtrans
2026-05-03 20:56:22,453 - INFO - Found project ID 13440 for xtrans
2026-05-03 20:56:22,453 - INFO - Current: 1.6.0, Latest: 1.6.0
2026-05-03 20:56:22,453 - INFO - xtrans is up to date
2026-05-03 20:56:22,453 - INFO - Processing libx11...
2026-05-03 20:56:22,460 - WARNING - Failed to load stage2: 'version'
2026-05-03 20:56:22,460 - WARNING - Failed to load stage0: 'version'
2026-05-03 20:56:22,460 - WARNING - Failed to load stage3: 'version'
2026-05-03 20:56:22,494 - WARNING - Failed to load clang-meson-busybox: 'version'
2026-05-03 20:56:22,494 - WARNING - Failed to load clang-gnu-busybox: 'version'
2026-05-03 20:56:22,494 - WARNING - Failed to load gcc-gnu-busybox: 'version'
2026-05-03 20:56:22,494 - WARNING - Failed to load solidity: 'version'
2026-05-03 20:56:22,494 - WARNING - Failed to load clang-cmake-busybox: 'version'
2026-05-03 20:56:22,494 - WARNING - Failed to load gcc-gnu-gnu: 'version'
2026-05-03 20:56:22,494 - WARNING - Failed to load luarocks: 'version'
2026-05-03 20:56:22,494 - WARNING - Failed to load rust: 'version'
2026-05-03 20:56:22,495 - WARNING - Failed to load gcc: 'version'
2026-05-03 20:56:22,495 - WARNING - Failed to load php: 'version'
2026-05-03 20:56:22,495 - WARNING - Failed to load python: 'version'
2026-05-03 20:56:22,495 - WARNING - Failed to load clang: 'version'
2026-05-03 20:56:22,495 - WARNING - Failed to load nodejs: 'version'
2026-05-03 20:56:22,495 - WARNING - Failed to load cython: 'version'
2026-05-03 20:56:22,495 - WARNING - Failed to load gcc-cmake-busybox: 'version'
2026-05-03 20:56:22,495 - WARNING - Failed to load php-composer: 'version'
2026-05-03 20:56:22,495 - WARNING - Failed to load go: 'version'
2026-05-03 20:56:22,495 - WARNING - Failed to load lua: 'version'
2026-05-03 20:56:22,495 - WARNING - Failed to load cgo: 'version'
2026-05-03 20:56:22,496 - WARNING - Failed to load gcc-meson-busybox: 'version'
2026-05-03 20:56:22,500 - WARNING - Failed to load cross-x86_64-gnu-gcc: 'version'
2026-05-03 20:56:22,505 - WARNING - Failed to load filesystem: 'version'
2026-05-03 20:56:22,506 - WARNING - Failed to load profile: 'version'
2026-05-03 20:56:22,512 - INFO - Loaded 416 packages
2026-05-03 20:56:22,512 - INFO - libx11 has no RM.org ID, attempting to look it up...
2026-05-03 20:56:23,072 - INFO - Found project ID 1764 for libx11
2026-05-03 20:56:23,073 - INFO - Found project ID 1764 for libx11
2026-05-03 20:56:23,073 - INFO - Current: 1.8.11, Latest: 1.8.13
2026-05-03 20:56:23,073 - INFO - Updating libx11 to 1.8.13
2026-05-03 20:56:23,073 - INFO - Backed up libx11 to /home/lrvick/Sources/stagex/scripts/backups/user/libx11
2026-05-03 20:56:23,395 - ERROR - No working download URL found for version 1.8.13
2026-05-03 20:56:23,395 - ERROR - Failed to download source for libx11
2026-05-03 20:56:23,395 - INFO - Processing libxfixes...
2026-05-03 20:56:23,402 - WARNING - Failed to load stage2: 'version'
2026-05-03 20:56:23,402 - WARNING - Failed to load stage0: 'version'
2026-05-03 20:56:23,403 - WARNING - Failed to load stage3: 'version'
2026-05-03 20:56:23,436 - WARNING - Failed to load clang-meson-busybox: 'version'
2026-05-03 20:56:23,436 - WARNING - Failed to load clang-gnu-busybox: 'version'
2026-05-03 20:56:23,437 - WARNING - Failed to load gcc-gnu-busybox: 'version'
2026-05-03 20:56:23,437 - WARNING - Failed to load solidity: 'version'
2026-05-03 20:56:23,437 - WARNING - Failed to load clang-cmake-busybox: 'version'
2026-05-03 20:56:23,437 - WARNING - Failed to load gcc-gnu-gnu: 'version'
2026-05-03 20:56:23,437 - WARNING - Failed to load luarocks: 'version'
2026-05-03 20:56:23,437 - WARNING - Failed to load rust: 'version'
2026-05-03 20:56:23,437 - WARNING - Failed to load gcc: 'version'
2026-05-03 20:56:23,437 - WARNING - Failed to load php: 'version'
2026-05-03 20:56:23,437 - WARNING - Failed to load python: 'version'
2026-05-03 20:56:23,437 - WARNING - Failed to load clang: 'version'
2026-05-03 20:56:23,437 - WARNING - Failed to load nodejs: 'version'
2026-05-03 20:56:23,438 - WARNING - Failed to load cython: 'version'
2026-05-03 20:56:23,438 - WARNING - Failed to load gcc-cmake-busybox: 'version'
2026-05-03 20:56:23,438 - WARNING - Failed to load php-composer: 'version'
2026-05-03 20:56:23,438 - WARNING - Failed to load go: 'version'
2026-05-03 20:56:23,438 - WARNING - Failed to load lua: 'version'
2026-05-03 20:56:23,438 - WARNING - Failed to load cgo: 'version'
2026-05-03 20:56:23,438 - WARNING - Failed to load gcc-meson-busybox: 'version'
2026-05-03 20:56:23,443 - WARNING - Failed to load cross-x86_64-gnu-gcc: 'version'
2026-05-03 20:56:23,448 - WARNING - Failed to load filesystem: 'version'
2026-05-03 20:56:23,449 - WARNING - Failed to load profile: 'version'
2026-05-03 20:56:23,455 - INFO - Loaded 416 packages
2026-05-03 20:56:23,455 - INFO - libxfixes has no RM.org ID, attempting to look it up...
2026-05-03 20:56:24,101 - INFO - Found project ID 1775 for libxfixes
2026-05-03 20:56:24,101 - INFO - Found project ID 1775 for libxfixes
2026-05-03 20:56:24,101 - INFO - Current: 6.0.1, Latest: 6.0.2
2026-05-03 20:56:24,101 - INFO - Updating libxfixes to 6.0.2
2026-05-03 20:56:24,111 - INFO - Backed up libxfixes to /home/lrvick/Sources/stagex/scripts/backups/user/libxfixes
2026-05-03 20:56:24,185 - ERROR - No working download URL found for version 6.0.2
2026-05-03 20:56:24,186 - ERROR - Failed to download source for libxfixes
2026-05-03 20:56:24,186 - INFO - Processing libxdamage...
2026-05-03 20:56:24,192 - WARNING - Failed to load stage2: 'version'
2026-05-03 20:56:24,192 - WARNING - Failed to load stage0: 'version'
2026-05-03 20:56:24,193 - WARNING - Failed to load stage3: 'version'
2026-05-03 20:56:24,226 - WARNING - Failed to load clang-meson-busybox: 'version'
2026-05-03 20:56:24,226 - WARNING - Failed to load clang-gnu-busybox: 'version'
2026-05-03 20:56:24,226 - WARNING - Failed to load gcc-gnu-busybox: 'version'
2026-05-03 20:56:24,226 - WARNING - Failed to load solidity: 'version'
2026-05-03 20:56:24,227 - WARNING - Failed to load clang-cmake-busybox: 'version'
2026-05-03 20:56:24,227 - WARNING - Failed to load gcc-gnu-gnu: 'version'
2026-05-03 20:56:24,227 - WARNING - Failed to load luarocks: 'version'
2026-05-03 20:56:24,227 - WARNING - Failed to load rust: 'version'
2026-05-03 20:56:24,227 - WARNING - Failed to load gcc: 'version'
2026-05-03 20:56:24,227 - WARNING - Failed to load php: 'version'
2026-05-03 20:56:24,227 - WARNING - Failed to load python: 'version'
2026-05-03 20:56:24,227 - WARNING - Failed to load clang: 'version'
2026-05-03 20:56:24,227 - WARNING - Failed to load nodejs: 'version'
2026-05-03 20:56:24,227 - WARNING - Failed to load cython: 'version'
2026-05-03 20:56:24,227 - WARNING - Failed to load gcc-cmake-busybox: 'version'
2026-05-03 20:56:24,228 - WARNING - Failed to load php-composer: 'version'
2026-05-03 20:56:24,228 - WARNING - Failed to load go: 'version'
2026-05-03 20:56:24,228 - WARNING - Failed to load lua: 'version'
2026-05-03 20:56:24,228 - WARNING - Failed to load cgo: 'version'
2026-05-03 20:56:24,228 - WARNING - Failed to load gcc-meson-busybox: 'version'
2026-05-03 20:56:24,233 - WARNING - Failed to load cross-x86_64-gnu-gcc: 'version'
2026-05-03 20:56:24,237 - WARNING - Failed to load filesystem: 'version'
2026-05-03 20:56:24,238 - WARNING - Failed to load profile: 'version'
2026-05-03 20:56:24,244 - INFO - Loaded 416 packages
2026-05-03 20:56:24,244 - INFO - libxdamage has no RM.org ID, attempting to look it up...
2026-05-03 20:56:24,788 - INFO - Found project ID 1771 for libxdamage
2026-05-03 20:56:24,789 - INFO - Found project ID 1771 for libxdamage
2026-05-03 20:56:24,789 - INFO - Current: 1.1.6, Latest: 1.1.7
2026-05-03 20:56:24,789 - INFO - Updating libxdamage to 1.1.7
2026-05-03 20:56:24,789 - INFO - Backed up libxdamage to /home/lrvick/Sources/stagex/scripts/backups/user/libxdamage
2026-05-03 20:56:24,870 - ERROR - No working download URL found for version 1.1.7
2026-05-03 20:56:24,870 - ERROR - Failed to download source for libxdamage
2026-05-03 20:56:24,870 - INFO - Processing npth...
2026-05-03 20:56:24,877 - WARNING - Failed to load stage2: 'version'
2026-05-03 20:56:24,877 - WARNING - Failed to load stage0: 'version'
2026-05-03 20:56:24,877 - WARNING - Failed to load stage3: 'version'
2026-05-03 20:56:24,911 - WARNING - Failed to load clang-meson-busybox: 'version'
2026-05-03 20:56:24,911 - WARNING - Failed to load clang-gnu-busybox: 'version'
2026-05-03 20:56:24,911 - WARNING - Failed to load gcc-gnu-busybox: 'version'
2026-05-03 20:56:24,911 - WARNING - Failed to load solidity: 'version'
2026-05-03 20:56:24,911 - WARNING - Failed to load clang-cmake-busybox: 'version'
2026-05-03 20:56:24,911 - WARNING - Failed to load gcc-gnu-gnu: 'version'
2026-05-03 20:56:24,911 - WARNING - Failed to load luarocks: 'version'
2026-05-03 20:56:24,912 - WARNING - Failed to load rust: 'version'
2026-05-03 20:56:24,912 - WARNING - Failed to load gcc: 'version'
2026-05-03 20:56:24,912 - WARNING - Failed to load php: 'version'
2026-05-03 20:56:24,912 - WARNING - Failed to load python: 'version'
2026-05-03 20:56:24,912 - WARNING - Failed to load clang: 'version'
2026-05-03 20:56:24,912 - WARNING - Failed to load nodejs: 'version'
2026-05-03 20:56:24,912 - WARNING - Failed to load cython: 'version'
2026-05-03 20:56:24,912 - WARNING - Failed to load gcc-cmake-busybox: 'version'
2026-05-03 20:56:24,912 - WARNING - Failed to load php-composer: 'version'
2026-05-03 20:56:24,912 - WARNING - Failed to load go: 'version'
2026-05-03 20:56:24,912 - WARNING - Failed to load lua: 'version'
2026-05-03 20:56:24,913 - WARNING - Failed to load cgo: 'version'
2026-05-03 20:56:24,913 - WARNING - Failed to load gcc-meson-busybox: 'version'
2026-05-03 20:56:24,918 - WARNING - Failed to load cross-x86_64-gnu-gcc: 'version'
2026-05-03 20:56:24,922 - WARNING - Failed to load filesystem: 'version'
2026-05-03 20:56:24,923 - WARNING - Failed to load profile: 'version'
2026-05-03 20:56:24,929 - INFO - Loaded 416 packages
2026-05-03 20:56:24,929 - INFO - npth has no RM.org ID, attempting to look it up...
2026-05-03 20:56:25,550 - INFO - Found project ID 2505 for npth
2026-05-03 20:56:25,551 - INFO - Found project ID 2505 for npth
2026-05-03 20:56:25,551 - INFO - Current: 1.8, Latest: 1.8
2026-05-03 20:56:25,551 - INFO - npth is up to date
2026-05-03 20:56:25,551 - INFO - Processing libgpg...
2026-05-03 20:56:25,551 - INFO - Processing libassuan...
2026-05-03 20:56:25,558 - WARNING - Failed to load stage2: 'version'
2026-05-03 20:56:25,558 - WARNING - Failed to load stage0: 'version'
2026-05-03 20:56:25,559 - WARNING - Failed to load stage3: 'version'
2026-05-03 20:56:25,592 - WARNING - Failed to load clang-meson-busybox: 'version'
2026-05-03 20:56:25,592 - WARNING - Failed to load clang-gnu-busybox: 'version'
2026-05-03 20:56:25,592 - WARNING - Failed to load gcc-gnu-busybox: 'version'
2026-05-03 20:56:25,592 - WARNING - Failed to load solidity: 'version'
2026-05-03 20:56:25,593 - WARNING - Failed to load clang-cmake-busybox: 'version'
2026-05-03 20:56:25,593 - WARNING - Failed to load gcc-gnu-gnu: 'version'
2026-05-03 20:56:25,593 - WARNING - Failed to load luarocks: 'version'
2026-05-03 20:56:25,593 - WARNING - Failed to load rust: 'version'
2026-05-03 20:56:25,593 - WARNING - Failed to load gcc: 'version'
2026-05-03 20:56:25,593 - WARNING - Failed to load php: 'version'
2026-05-03 20:56:25,593 - WARNING - Failed to load python: 'version'
2026-05-03 20:56:25,593 - WARNING - Failed to load clang: 'version'
2026-05-03 20:56:25,593 - WARNING - Failed to load nodejs: 'version'
2026-05-03 20:56:25,593 - WARNING - Failed to load cython: 'version'
2026-05-03 20:56:25,593 - WARNING - Failed to load gcc-cmake-busybox: 'version'
2026-05-03 20:56:25,594 - WARNING - Failed to load php-composer: 'version'
2026-05-03 20:56:25,594 - WARNING - Failed to load go: 'version'
2026-05-03 20:56:25,594 - WARNING - Failed to load lua: 'version'
2026-05-03 20:56:25,594 - WARNING - Failed to load cgo: 'version'
2026-05-03 20:56:25,594 - WARNING - Failed to load gcc-meson-busybox: 'version'
2026-05-03 20:56:25,599 - WARNING - Failed to load cross-x86_64-gnu-gcc: 'version'
2026-05-03 20:56:25,603 - WARNING - Failed to load filesystem: 'version'
2026-05-03 20:56:25,605 - WARNING - Failed to load profile: 'version'
2026-05-03 20:56:25,610 - INFO - Loaded 416 packages
2026-05-03 20:56:25,610 - INFO - libassuan has no RM.org ID, attempting to look it up...
2026-05-03 20:56:26,177 - INFO - Found project ID 1559 for libassuan
2026-05-03 20:56:26,177 - INFO - Found project ID 1559 for libassuan
2026-05-03 20:56:26,177 - INFO - Current: 3.0.2, Latest: 3.0.2
2026-05-03 20:56:26,177 - INFO - libassuan is up to date
2026-05-03 20:56:26,178 - INFO - Processing libplist...
2026-05-03 20:56:26,184 - WARNING - Failed to load stage2: 'version'
2026-05-03 20:56:26,185 - WARNING - Failed to load stage0: 'version'
2026-05-03 20:56:26,185 - WARNING - Failed to load stage3: 'version'
2026-05-03 20:56:26,219 - WARNING - Failed to load clang-meson-busybox: 'version'
2026-05-03 20:56:26,219 - WARNING - Failed to load clang-gnu-busybox: 'version'
2026-05-03 20:56:26,219 - WARNING - Failed to load gcc-gnu-busybox: 'version'
2026-05-03 20:56:26,219 - WARNING - Failed to load solidity: 'version'
2026-05-03 20:56:26,219 - WARNING - Failed to load clang-cmake-busybox: 'version'
2026-05-03 20:56:26,219 - WARNING - Failed to load gcc-gnu-gnu: 'version'
2026-05-03 20:56:26,219 - WARNING - Failed to load luarocks: 'version'
2026-05-03 20:56:26,219 - WARNING - Failed to load rust: 'version'
2026-05-03 20:56:26,219 - WARNING - Failed to load gcc: 'version'
2026-05-03 20:56:26,219 - WARNING - Failed to load php: 'version'
2026-05-03 20:56:26,220 - WARNING - Failed to load python: 'version'
2026-05-03 20:56:26,220 - WARNING - Failed to load clang: 'version'
2026-05-03 20:56:26,220 - WARNING - Failed to load nodejs: 'version'
2026-05-03 20:56:26,220 - WARNING - Failed to load cython: 'version'
2026-05-03 20:56:26,220 - WARNING - Failed to load gcc-cmake-busybox: 'version'
2026-05-03 20:56:26,220 - WARNING - Failed to load php-composer: 'version'
2026-05-03 20:56:26,220 - WARNING - Failed to load go: 'version'
2026-05-03 20:56:26,220 - WARNING - Failed to load lua: 'version'
2026-05-03 20:56:26,220 - WARNING - Failed to load cgo: 'version'
2026-05-03 20:56:26,220 - WARNING - Failed to load gcc-meson-busybox: 'version'
2026-05-03 20:56:26,225 - WARNING - Failed to load cross-x86_64-gnu-gcc: 'version'
2026-05-03 20:56:26,230 - WARNING - Failed to load filesystem: 'version'
2026-05-03 20:56:26,231 - WARNING - Failed to load profile: 'version'
2026-05-03 20:56:26,237 - INFO - Loaded 416 packages
2026-05-03 20:56:26,237 - INFO - libplist has no RM.org ID, attempting to look it up...
2026-05-03 20:56:26,836 - INFO - Found project ID 106978 for libplist
2026-05-03 20:56:26,836 - INFO - Found project ID 106978 for libplist
2026-05-03 20:56:26,836 - INFO - Current: 2.6.0, Latest: 0.1
2026-05-03 20:56:26,836 - INFO - Updating libplist to 0.1
2026-05-03 20:56:26,837 - INFO - Backed up libplist to /home/lrvick/Sources/stagex/scripts/backups/user/libplist
2026-05-03 20:56:27,109 - ERROR - No working download URL found for version 0.1
2026-05-03 20:56:27,109 - ERROR - Failed to download source for libplist
2026-05-03 20:56:27,109 - INFO - Processing libimobiledevice...
2026-05-03 20:56:27,116 - WARNING - Failed to load stage2: 'version'
2026-05-03 20:56:27,116 - WARNING - Failed to load stage0: 'version'
2026-05-03 20:56:27,117 - WARNING - Failed to load stage3: 'version'
2026-05-03 20:56:27,150 - WARNING - Failed to load clang-meson-busybox: 'version'
2026-05-03 20:56:27,150 - WARNING - Failed to load clang-gnu-busybox: 'version'
2026-05-03 20:56:27,150 - WARNING - Failed to load gcc-gnu-busybox: 'version'
2026-05-03 20:56:27,150 - WARNING - Failed to load solidity: 'version'
2026-05-03 20:56:27,150 - WARNING - Failed to load clang-cmake-busybox: 'version'
2026-05-03 20:56:27,151 - WARNING - Failed to load gcc-gnu-gnu: 'version'
2026-05-03 20:56:27,151 - WARNING - Failed to load luarocks: 'version'
2026-05-03 20:56:27,151 - WARNING - Failed to load rust: 'version'
2026-05-03 20:56:27,151 - WARNING - Failed to load gcc: 'version'
2026-05-03 20:56:27,151 - WARNING - Failed to load php: 'version'
2026-05-03 20:56:27,151 - WARNING - Failed to load python: 'version'
2026-05-03 20:56:27,151 - WARNING - Failed to load clang: 'version'
2026-05-03 20:56:27,151 - WARNING - Failed to load nodejs: 'version'
2026-05-03 20:56:27,151 - WARNING - Failed to load cython: 'version'
2026-05-03 20:56:27,151 - WARNING - Failed to load gcc-cmake-busybox: 'version'
2026-05-03 20:56:27,151 - WARNING - Failed to load php-composer: 'version'
2026-05-03 20:56:27,152 - WARNING - Failed to load go: 'version'
2026-05-03 20:56:27,152 - WARNING - Failed to load lua: 'version'
2026-05-03 20:56:27,152 - WARNING - Failed to load cgo: 'version'
2026-05-03 20:56:27,152 - WARNING - Failed to load gcc-meson-busybox: 'version'
2026-05-03 20:56:27,157 - WARNING - Failed to load cross-x86_64-gnu-gcc: 'version'
2026-05-03 20:56:27,161 - WARNING - Failed to load filesystem: 'version'
2026-05-03 20:56:27,162 - WARNING - Failed to load profile: 'version'
2026-05-03 20:56:27,168 - INFO - Loaded 416 packages
2026-05-03 20:56:27,168 - INFO - libimobiledevice has no RM.org ID, attempting to look it up...
2026-05-03 20:56:27,783 - INFO - Found project ID 106981 for libimobiledevice
2026-05-03 20:56:27,783 - INFO - Found project ID 106981 for libimobiledevice
2026-05-03 20:56:27,783 - INFO - Current: 1.3.0, Latest: 1.4.0
2026-05-03 20:56:27,783 - INFO - Updating libimobiledevice to 1.4.0
2026-05-03 20:56:27,783 - INFO - Backed up libimobiledevice to /home/lrvick/Sources/stagex/scripts/backups/user/libimobiledevice
2026-05-03 20:56:28,068 - ERROR - No working download URL found for version 1.4.0
2026-05-03 20:56:28,068 - ERROR - Failed to download source for libimobiledevice
2026-05-03 20:56:28,068 - INFO - Processing zip...
2026-05-03 20:56:28,075 - WARNING - Failed to load stage2: 'version'
2026-05-03 20:56:28,075 - WARNING - Failed to load stage0: 'version'
2026-05-03 20:56:28,076 - WARNING - Failed to load stage3: 'version'
2026-05-03 20:56:28,109 - WARNING - Failed to load clang-meson-busybox: 'version'
2026-05-03 20:56:28,109 - WARNING - Failed to load clang-gnu-busybox: 'version'
2026-05-03 20:56:28,110 - WARNING - Failed to load gcc-gnu-busybox: 'version'
2026-05-03 20:56:28,110 - WARNING - Failed to load solidity: 'version'
2026-05-03 20:56:28,110 - WARNING - Failed to load clang-cmake-busybox: 'version'
2026-05-03 20:56:28,110 - WARNING - Failed to load gcc-gnu-gnu: 'version'
2026-05-03 20:56:28,110 - WARNING - Failed to load luarocks: 'version'
2026-05-03 20:56:28,110 - WARNING - Failed to load rust: 'version'
2026-05-03 20:56:28,110 - WARNING - Failed to load gcc: 'version'
2026-05-03 20:56:28,110 - WARNING - Failed to load php: 'version'
2026-05-03 20:56:28,110 - WARNING - Failed to load python: 'version'
2026-05-03 20:56:28,110 - WARNING - Failed to load clang: 'version'
2026-05-03 20:56:28,110 - WARNING - Failed to load nodejs: 'version'
2026-05-03 20:56:28,111 - WARNING - Failed to load cython: 'version'
2026-05-03 20:56:28,111 - WARNING - Failed to load gcc-cmake-busybox: 'version'
2026-05-03 20:56:28,111 - WARNING - Failed to load php-composer: 'version'
2026-05-03 20:56:28,111 - WARNING - Failed to load go: 'version'
2026-05-03 20:56:28,111 - WARNING - Failed to load lua: 'version'
2026-05-03 20:56:28,111 - WARNING - Failed to load cgo: 'version'
2026-05-03 20:56:28,111 - WARNING - Failed to load gcc-meson-busybox: 'version'
2026-05-03 20:56:28,116 - WARNING - Failed to load cross-x86_64-gnu-gcc: 'version'
2026-05-03 20:56:28,120 - WARNING - Failed to load filesystem: 'version'
2026-05-03 20:56:28,122 - WARNING - Failed to load profile: 'version'
2026-05-03 20:56:28,127 - INFO - Loaded 416 packages
2026-05-03 20:56:28,127 - INFO - zip has no RM.org ID, attempting to look it up...
2026-05-03 20:56:28,782 - INFO - Found project ID 100361 for zip
2026-05-03 20:56:28,782 - INFO - Found project ID 100361 for zip
2026-05-03 20:56:28,782 - INFO - Current: 30, Latest: 8.6.0
2026-05-03 20:56:28,782 - INFO - Updating zip to 8.6.0
2026-05-03 20:56:28,782 - INFO - Backed up zip to /home/lrvick/Sources/stagex/scripts/backups/user/zip
2026-05-03 20:56:29,840 - ERROR - No working download URL found for version 8.6.0
2026-05-03 20:56:29,840 - ERROR - Failed to download source for zip
2026-05-03 20:56:29,840 - INFO - Processing tini...
2026-05-03 20:56:29,846 - WARNING - Failed to load stage2: 'version'
2026-05-03 20:56:29,847 - WARNING - Failed to load stage0: 'version'
2026-05-03 20:56:29,847 - WARNING - Failed to load stage3: 'version'
2026-05-03 20:56:29,881 - WARNING - Failed to load clang-meson-busybox: 'version'
2026-05-03 20:56:29,881 - WARNING - Failed to load clang-gnu-busybox: 'version'
2026-05-03 20:56:29,881 - WARNING - Failed to load gcc-gnu-busybox: 'version'
2026-05-03 20:56:29,881 - WARNING - Failed to load solidity: 'version'
2026-05-03 20:56:29,881 - WARNING - Failed to load clang-cmake-busybox: 'version'
2026-05-03 20:56:29,881 - WARNING - Failed to load gcc-gnu-gnu: 'version'
2026-05-03 20:56:29,881 - WARNING - Failed to load luarocks: 'version'
2026-05-03 20:56:29,881 - WARNING - Failed to load rust: 'version'
2026-05-03 20:56:29,882 - WARNING - Failed to load gcc: 'version'
2026-05-03 20:56:29,882 - WARNING - Failed to load php: 'version'
2026-05-03 20:56:29,882 - WARNING - Failed to load python: 'version'
2026-05-03 20:56:29,882 - WARNING - Failed to load clang: 'version'
2026-05-03 20:56:29,882 - WARNING - Failed to load nodejs: 'version'
2026-05-03 20:56:29,882 - WARNING - Failed to load cython: 'version'
2026-05-03 20:56:29,882 - WARNING - Failed to load gcc-cmake-busybox: 'version'
2026-05-03 20:56:29,882 - WARNING - Failed to load php-composer: 'version'
2026-05-03 20:56:29,882 - WARNING - Failed to load go: 'version'
2026-05-03 20:56:29,882 - WARNING - Failed to load lua: 'version'
2026-05-03 20:56:29,882 - WARNING - Failed to load cgo: 'version'
2026-05-03 20:56:29,883 - WARNING - Failed to load gcc-meson-busybox: 'version'
2026-05-03 20:56:29,888 - WARNING - Failed to load cross-x86_64-gnu-gcc: 'version'
2026-05-03 20:56:29,892 - WARNING - Failed to load filesystem: 'version'
2026-05-03 20:56:29,893 - WARNING - Failed to load profile: 'version'
2026-05-03 20:56:29,899 - INFO - Loaded 416 packages
2026-05-03 20:56:29,899 - INFO - tini has no RM.org ID, attempting to look it up...
2026-05-03 20:56:30,502 - INFO - Found project ID 13826 for tini
2026-05-03 20:56:30,502 - INFO - Found project ID 13826 for tini
2026-05-03 20:56:30,502 - INFO - Current: 0.19.0, Latest: 0.19.0
2026-05-03 20:56:30,502 - INFO - tini is up to date
2026-05-03 20:56:30,503 - INFO - Processing acpica...
2026-05-03 20:56:30,509 - WARNING - Failed to load stage2: 'version'
2026-05-03 20:56:30,510 - WARNING - Failed to load stage0: 'version'
2026-05-03 20:56:30,510 - WARNING - Failed to load stage3: 'version'
2026-05-03 20:56:30,544 - WARNING - Failed to load clang-meson-busybox: 'version'
2026-05-03 20:56:30,544 - WARNING - Failed to load clang-gnu-busybox: 'version'
2026-05-03 20:56:30,544 - WARNING - Failed to load gcc-gnu-busybox: 'version'
2026-05-03 20:56:30,544 - WARNING - Failed to load solidity: 'version'
2026-05-03 20:56:30,544 - WARNING - Failed to load clang-cmake-busybox: 'version'
2026-05-03 20:56:30,544 - WARNING - Failed to load gcc-gnu-gnu: 'version'
2026-05-03 20:56:30,545 - WARNING - Failed to load luarocks: 'version'
2026-05-03 20:56:30,545 - WARNING - Failed to load rust: 'version'
2026-05-03 20:56:30,545 - WARNING - Failed to load gcc: 'version'
2026-05-03 20:56:30,545 - WARNING - Failed to load php: 'version'
2026-05-03 20:56:30,545 - WARNING - Failed to load python: 'version'
2026-05-03 20:56:30,545 - WARNING - Failed to load clang: 'version'
2026-05-03 20:56:30,545 - WARNING - Failed to load nodejs: 'version'
2026-05-03 20:56:30,545 - WARNING - Failed to load cython: 'version'
2026-05-03 20:56:30,545 - WARNING - Failed to load gcc-cmake-busybox: 'version'
2026-05-03 20:56:30,545 - WARNING - Failed to load php-composer: 'version'
2026-05-03 20:56:30,545 - WARNING - Failed to load go: 'version'
2026-05-03 20:56:30,545 - WARNING - Failed to load lua: 'version'
2026-05-03 20:56:30,546 - WARNING - Failed to load cgo: 'version'
2026-05-03 20:56:30,546 - WARNING - Failed to load gcc-meson-busybox: 'version'
2026-05-03 20:56:30,551 - WARNING - Failed to load cross-x86_64-gnu-gcc: 'version'
2026-05-03 20:56:30,555 - WARNING - Failed to load filesystem: 'version'
2026-05-03 20:56:30,556 - WARNING - Failed to load profile: 'version'
2026-05-03 20:56:30,562 - INFO - Loaded 416 packages
2026-05-03 20:56:30,562 - INFO - acpica has no RM.org ID, attempting to look it up...
2026-05-03 20:56:31,156 - WARNING - Could not determine latest version for acpica
2026-05-03 20:56:31,157 - INFO - Processing gperf...
2026-05-03 20:56:31,163 - WARNING - Failed to load stage2: 'version'
2026-05-03 20:56:31,164 - WARNING - Failed to load stage0: 'version'
2026-05-03 20:56:31,164 - WARNING - Failed to load stage3: 'version'
2026-05-03 20:56:31,198 - WARNING - Failed to load clang-meson-busybox: 'version'
2026-05-03 20:56:31,198 - WARNING - Failed to load clang-gnu-busybox: 'version'
2026-05-03 20:56:31,198 - WARNING - Failed to load gcc-gnu-busybox: 'version'
2026-05-03 20:56:31,198 - WARNING - Failed to load solidity: 'version'
2026-05-03 20:56:31,198 - WARNING - Failed to load clang-cmake-busybox: 'version'
2026-05-03 20:56:31,198 - WARNING - Failed to load gcc-gnu-gnu: 'version'
2026-05-03 20:56:31,198 - WARNING - Failed to load luarocks: 'version'
2026-05-03 20:56:31,198 - WARNING - Failed to load rust: 'version'
2026-05-03 20:56:31,198 - WARNING - Failed to load gcc: 'version'
2026-05-03 20:56:31,199 - WARNING - Failed to load php: 'version'
2026-05-03 20:56:31,199 - WARNING - Failed to load python: 'version'
2026-05-03 20:56:31,199 - WARNING - Failed to load clang: 'version'
2026-05-03 20:56:31,199 - WARNING - Failed to load nodejs: 'version'
2026-05-03 20:56:31,199 - WARNING - Failed to load cython: 'version'
2026-05-03 20:56:31,199 - WARNING - Failed to load gcc-cmake-busybox: 'version'
2026-05-03 20:56:31,199 - WARNING - Failed to load php-composer: 'version'
2026-05-03 20:56:31,199 - WARNING - Failed to load go: 'version'
2026-05-03 20:56:31,199 - WARNING - Failed to load lua: 'version'
2026-05-03 20:56:31,199 - WARNING - Failed to load cgo: 'version'
2026-05-03 20:56:31,199 - WARNING - Failed to load gcc-meson-busybox: 'version'
2026-05-03 20:56:31,204 - WARNING - Failed to load cross-x86_64-gnu-gcc: 'version'
2026-05-03 20:56:31,209 - WARNING - Failed to load filesystem: 'version'
2026-05-03 20:56:31,210 - WARNING - Failed to load profile: 'version'
2026-05-03 20:56:31,216 - INFO - Loaded 416 packages
2026-05-03 20:56:31,216 - INFO - gperf has no RM.org ID, attempting to look it up...
2026-05-03 20:56:31,845 - INFO - Found project ID 1237 for gperf
2026-05-03 20:56:31,845 - INFO - Found project ID 1237 for gperf
2026-05-03 20:56:31,845 - INFO - Current: 3.3, Latest: 3.3
2026-05-03 20:56:31,845 - INFO - gperf is up to date
2026-05-03 20:56:31,845 - INFO - Processing libseccomp...
2026-05-03 20:56:31,852 - WARNING - Failed to load stage2: 'version'
2026-05-03 20:56:31,852 - WARNING - Failed to load stage0: 'version'
2026-05-03 20:56:31,853 - WARNING - Failed to load stage3: 'version'
2026-05-03 20:56:31,886 - WARNING - Failed to load clang-meson-busybox: 'version'
2026-05-03 20:56:31,887 - WARNING - Failed to load clang-gnu-busybox: 'version'
2026-05-03 20:56:31,887 - WARNING - Failed to load gcc-gnu-busybox: 'version'
2026-05-03 20:56:31,887 - WARNING - Failed to load solidity: 'version'
2026-05-03 20:56:31,887 - WARNING - Failed to load clang-cmake-busybox: 'version'
2026-05-03 20:56:31,887 - WARNING - Failed to load gcc-gnu-gnu: 'version'
2026-05-03 20:56:31,887 - WARNING - Failed to load luarocks: 'version'
2026-05-03 20:56:31,887 - WARNING - Failed to load rust: 'version'
2026-05-03 20:56:31,887 - WARNING - Failed to load gcc: 'version'
2026-05-03 20:56:31,887 - WARNING - Failed to load php: 'version'
2026-05-03 20:56:31,887 - WARNING - Failed to load python: 'version'
2026-05-03 20:56:31,887 - WARNING - Failed to load clang: 'version'
2026-05-03 20:56:31,888 - WARNING - Failed to load nodejs: 'version'
2026-05-03 20:56:31,888 - WARNING - Failed to load cython: 'version'
2026-05-03 20:56:31,888 - WARNING - Failed to load gcc-cmake-busybox: 'version'
2026-05-03 20:56:31,888 - WARNING - Failed to load php-composer: 'version'
2026-05-03 20:56:31,888 - WARNING - Failed to load go: 'version'
2026-05-03 20:56:31,888 - WARNING - Failed to load lua: 'version'
2026-05-03 20:56:31,888 - WARNING - Failed to load cgo: 'version'
2026-05-03 20:56:31,888 - WARNING - Failed to load gcc-meson-busybox: 'version'
2026-05-03 20:56:31,893 - WARNING - Failed to load cross-x86_64-gnu-gcc: 'version'
2026-05-03 20:56:31,898 - WARNING - Failed to load filesystem: 'version'
2026-05-03 20:56:31,899 - WARNING - Failed to load profile: 'version'
2026-05-03 20:56:31,904 - INFO - Loaded 416 packages
2026-05-03 20:56:31,905 - INFO - libseccomp has no RM.org ID, attempting to look it up...
2026-05-03 20:56:32,468 - INFO - Found project ID 371934 for libseccomp
2026-05-03 20:56:32,468 - INFO - Found project ID 371934 for libseccomp
2026-05-03 20:56:32,468 - INFO - Current: 2.5.5, Latest: 0.4.0
2026-05-03 20:56:32,468 - INFO - Updating libseccomp to 0.4.0
2026-05-03 20:56:32,469 - INFO - Backed up libseccomp to /home/lrvick/Sources/stagex/scripts/backups/user/libseccomp
2026-05-03 20:56:32,680 - ERROR - No working download URL found for version 0.4.0
2026-05-03 20:56:32,680 - ERROR - Failed to download source for libseccomp
2026-05-03 20:56:32,680 - INFO - Processing syslinux...
2026-05-03 20:56:32,687 - WARNING - Failed to load stage2: 'version'
2026-05-03 20:56:32,687 - WARNING - Failed to load stage0: 'version'
2026-05-03 20:56:32,688 - WARNING - Failed to load stage3: 'version'
2026-05-03 20:56:32,721 - WARNING - Failed to load clang-meson-busybox: 'version'
2026-05-03 20:56:32,721 - WARNING - Failed to load clang-gnu-busybox: 'version'
2026-05-03 20:56:32,721 - WARNING - Failed to load gcc-gnu-busybox: 'version'
2026-05-03 20:56:32,721 - WARNING - Failed to load solidity: 'version'
2026-05-03 20:56:32,721 - WARNING - Failed to load clang-cmake-busybox: 'version'
2026-05-03 20:56:32,722 - WARNING - Failed to load gcc-gnu-gnu: 'version'
2026-05-03 20:56:32,722 - WARNING - Failed to load luarocks: 'version'
2026-05-03 20:56:32,722 - WARNING - Failed to load rust: 'version'
2026-05-03 20:56:32,722 - WARNING - Failed to load gcc: 'version'
2026-05-03 20:56:32,722 - WARNING - Failed to load php: 'version'
2026-05-03 20:56:32,722 - WARNING - Failed to load python: 'version'
2026-05-03 20:56:32,722 - WARNING - Failed to load clang: 'version'
2026-05-03 20:56:32,722 - WARNING - Failed to load nodejs: 'version'
2026-05-03 20:56:32,722 - WARNING - Failed to load cython: 'version'
2026-05-03 20:56:32,722 - WARNING - Failed to load gcc-cmake-busybox: 'version'
2026-05-03 20:56:32,723 - WARNING - Failed to load php-composer: 'version'
2026-05-03 20:56:32,723 - WARNING - Failed to load go: 'version'
2026-05-03 20:56:32,723 - WARNING - Failed to load lua: 'version'
2026-05-03 20:56:32,723 - WARNING - Failed to load cgo: 'version'
2026-05-03 20:56:32,723 - WARNING - Failed to load gcc-meson-busybox: 'version'
2026-05-03 20:56:32,728 - WARNING - Failed to load cross-x86_64-gnu-gcc: 'version'
2026-05-03 20:56:32,732 - WARNING - Failed to load filesystem: 'version'
2026-05-03 20:56:32,733 - WARNING - Failed to load profile: 'version'
2026-05-03 20:56:32,739 - INFO - Loaded 416 packages
2026-05-03 20:56:32,739 - INFO - syslinux has no RM.org ID, attempting to look it up...
2026-05-03 20:56:33,356 - INFO - Found project ID 4929 for syslinux
2026-05-03 20:56:33,356 - INFO - Found project ID 4929 for syslinux
2026-05-03 20:56:33,356 - INFO - Current: 6.04-pre1, Latest: 6.03
2026-05-03 20:56:33,356 - INFO - Updating syslinux to 6.03
2026-05-03 20:56:33,357 - INFO - Backed up syslinux to /home/lrvick/Sources/stagex/scripts/backups/user/syslinux
2026-05-03 20:56:33,704 - ERROR - No working download URL found for version 6.03
2026-05-03 20:56:33,704 - ERROR - Failed to download source for syslinux
2026-05-03 20:56:33,704 - INFO - Processing e2fsprogs...
2026-05-03 20:56:33,711 - WARNING - Failed to load stage2: 'version'
2026-05-03 20:56:33,711 - WARNING - Failed to load stage0: 'version'
2026-05-03 20:56:33,712 - WARNING - Failed to load stage3: 'version'
2026-05-03 20:56:33,745 - WARNING - Failed to load clang-meson-busybox: 'version'
2026-05-03 20:56:33,745 - WARNING - Failed to load clang-gnu-busybox: 'version'
2026-05-03 20:56:33,745 - WARNING - Failed to load gcc-gnu-busybox: 'version'
2026-05-03 20:56:33,745 - WARNING - Failed to load solidity: 'version'
2026-05-03 20:56:33,745 - WARNING - Failed to load clang-cmake-busybox: 'version'
2026-05-03 20:56:33,745 - WARNING - Failed to load gcc-gnu-gnu: 'version'
2026-05-03 20:56:33,745 - WARNING - Failed to load luarocks: 'version'
2026-05-03 20:56:33,746 - WARNING - Failed to load rust: 'version'
2026-05-03 20:56:33,746 - WARNING - Failed to load gcc: 'version'
2026-05-03 20:56:33,746 - WARNING - Failed to load php: 'version'
2026-05-03 20:56:33,746 - WARNING - Failed to load python: 'version'
2026-05-03 20:56:33,746 - WARNING - Failed to load clang: 'version'
2026-05-03 20:56:33,746 - WARNING - Failed to load nodejs: 'version'
2026-05-03 20:56:33,746 - WARNING - Failed to load cython: 'version'
2026-05-03 20:56:33,746 - WARNING - Failed to load gcc-cmake-busybox: 'version'
2026-05-03 20:56:33,746 - WARNING - Failed to load php-composer: 'version'
2026-05-03 20:56:33,746 - WARNING - Failed to load go: 'version'
2026-05-03 20:56:33,746 - WARNING - Failed to load lua: 'version'
2026-05-03 20:56:33,746 - WARNING - Failed to load cgo: 'version'
2026-05-03 20:56:33,747 - WARNING - Failed to load gcc-meson-busybox: 'version'
2026-05-03 20:56:33,752 - WARNING - Failed to load cross-x86_64-gnu-gcc: 'version'
2026-05-03 20:56:33,756 - WARNING - Failed to load filesystem: 'version'
2026-05-03 20:56:33,757 - WARNING - Failed to load profile: 'version'
2026-05-03 20:56:33,763 - INFO - Loaded 416 packages
2026-05-03 20:56:33,763 - INFO - e2fsprogs has no RM.org ID, attempting to look it up...
2026-05-03 20:56:34,347 - INFO - Found project ID 646 for e2fsprogs
2026-05-03 20:56:34,348 - INFO - Found project ID 646 for e2fsprogs
2026-05-03 20:56:34,348 - INFO - Current: 1.47.4, Latest: 1.47.4
2026-05-03 20:56:34,348 - INFO - e2fsprogs is up to date
2026-05-03 20:56:34,348 - INFO - Processing glibc...
2026-05-03 20:56:34,355 - WARNING - Failed to load stage2: 'version'
2026-05-03 20:56:34,355 - WARNING - Failed to load stage0: 'version'
2026-05-03 20:56:34,356 - WARNING - Failed to load stage3: 'version'
2026-05-03 20:56:34,389 - WARNING - Failed to load clang-meson-busybox: 'version'
2026-05-03 20:56:34,389 - WARNING - Failed to load clang-gnu-busybox: 'version'
2026-05-03 20:56:34,389 - WARNING - Failed to load gcc-gnu-busybox: 'version'
2026-05-03 20:56:34,389 - WARNING - Failed to load solidity: 'version'
2026-05-03 20:56:34,389 - WARNING - Failed to load clang-cmake-busybox: 'version'
2026-05-03 20:56:34,389 - WARNING - Failed to load gcc-gnu-gnu: 'version'
2026-05-03 20:56:34,389 - WARNING - Failed to load luarocks: 'version'
2026-05-03 20:56:34,390 - WARNING - Failed to load rust: 'version'
2026-05-03 20:56:34,390 - WARNING - Failed to load gcc: 'version'
2026-05-03 20:56:34,390 - WARNING - Failed to load php: 'version'
2026-05-03 20:56:34,390 - WARNING - Failed to load python: 'version'
2026-05-03 20:56:34,390 - WARNING - Failed to load clang: 'version'
2026-05-03 20:56:34,390 - WARNING - Failed to load nodejs: 'version'
2026-05-03 20:56:34,390 - WARNING - Failed to load cython: 'version'
2026-05-03 20:56:34,390 - WARNING - Failed to load gcc-cmake-busybox: 'version'
2026-05-03 20:56:34,390 - WARNING - Failed to load php-composer: 'version'
2026-05-03 20:56:34,390 - WARNING - Failed to load go: 'version'
2026-05-03 20:56:34,390 - WARNING - Failed to load lua: 'version'
2026-05-03 20:56:34,391 - WARNING - Failed to load cgo: 'version'
2026-05-03 20:56:34,391 - WARNING - Failed to load gcc-meson-busybox: 'version'
2026-05-03 20:56:34,396 - WARNING - Failed to load cross-x86_64-gnu-gcc: 'version'
2026-05-03 20:56:34,400 - WARNING - Failed to load filesystem: 'version'
2026-05-03 20:56:34,401 - WARNING - Failed to load profile: 'version'
2026-05-03 20:56:34,407 - INFO - Loaded 416 packages
2026-05-03 20:56:34,407 - INFO - glibc has no RM.org ID, attempting to look it up...
2026-05-03 20:56:34,996 - INFO - Found project ID 5401 for glibc
2026-05-03 20:56:34,997 - INFO - Found project ID 5401 for glibc
2026-05-03 20:56:34,997 - INFO - Current: 2.43, Latest: 2.43
2026-05-03 20:56:34,997 - INFO - glibc is up to date
2026-05-03 20:56:34,997 - INFO - Processing groff...
2026-05-03 20:56:35,004 - WARNING - Failed to load stage2: 'version'
2026-05-03 20:56:35,006 - WARNING - Failed to load stage0: 'version'
2026-05-03 20:56:35,007 - WARNING - Failed to load stage3: 'version'
2026-05-03 20:56:35,040 - WARNING - Failed to load clang-meson-busybox: 'version'
2026-05-03 20:56:35,040 - WARNING - Failed to load clang-gnu-busybox: 'version'
2026-05-03 20:56:35,041 - WARNING - Failed to load gcc-gnu-busybox: 'version'
2026-05-03 20:56:35,041 - WARNING - Failed to load solidity: 'version'
2026-05-03 20:56:35,041 - WARNING - Failed to load clang-cmake-busybox: 'version'
2026-05-03 20:56:35,041 - WARNING - Failed to load gcc-gnu-gnu: 'version'
2026-05-03 20:56:35,041 - WARNING - Failed to load luarocks: 'version'
2026-05-03 20:56:35,041 - WARNING - Failed to load rust: 'version'
2026-05-03 20:56:35,041 - WARNING - Failed to load gcc: 'version'
2026-05-03 20:56:35,041 - WARNING - Failed to load php: 'version'
2026-05-03 20:56:35,041 - WARNING - Failed to load python: 'version'
2026-05-03 20:56:35,041 - WARNING - Failed to load clang: 'version'
2026-05-03 20:56:35,041 - WARNING - Failed to load nodejs: 'version'
2026-05-03 20:56:35,042 - WARNING - Failed to load cython: 'version'
2026-05-03 20:56:35,042 - WARNING - Failed to load gcc-cmake-busybox: 'version'
2026-05-03 20:56:35,042 - WARNING - Failed to load php-composer: 'version'
2026-05-03 20:56:35,042 - WARNING - Failed to load go: 'version'
2026-05-03 20:56:35,042 - WARNING - Failed to load lua: 'version'
2026-05-03 20:56:35,042 - WARNING - Failed to load cgo: 'version'
2026-05-03 20:56:35,042 - WARNING - Failed to load gcc-meson-busybox: 'version'
2026-05-03 20:56:35,047 - WARNING - Failed to load cross-x86_64-gnu-gcc: 'version'
2026-05-03 20:56:35,051 - WARNING - Failed to load filesystem: 'version'
2026-05-03 20:56:35,053 - WARNING - Failed to load profile: 'version'
2026-05-03 20:56:35,058 - INFO - Loaded 416 packages
2026-05-03 20:56:35,058 - INFO - groff has no RM.org ID, attempting to look it up...
2026-05-03 20:56:35,657 - INFO - Found project ID 1253 for groff
2026-05-03 20:56:35,657 - INFO - Found project ID 1253 for groff
2026-05-03 20:56:35,657 - INFO - Current: 1.24.1, Latest: 1.24.1
2026-05-03 20:56:35,657 - INFO - groff is up to date
2026-05-03 20:56:35,657 - INFO - Processing postgresql...
2026-05-03 20:56:35,664 - WARNING - Failed to load stage2: 'version'
2026-05-03 20:56:35,664 - WARNING - Failed to load stage0: 'version'
2026-05-03 20:56:35,665 - WARNING - Failed to load stage3: 'version'
2026-05-03 20:56:35,698 - WARNING - Failed to load clang-meson-busybox: 'version'
2026-05-03 20:56:35,698 - WARNING - Failed to load clang-gnu-busybox: 'version'
2026-05-03 20:56:35,698 - WARNING - Failed to load gcc-gnu-busybox: 'version'
2026-05-03 20:56:35,698 - WARNING - Failed to load solidity: 'version'
2026-05-03 20:56:35,698 - WARNING - Failed to load clang-cmake-busybox: 'version'
2026-05-03 20:56:35,698 - WARNING - Failed to load gcc-gnu-gnu: 'version'
2026-05-03 20:56:35,699 - WARNING - Failed to load luarocks: 'version'
2026-05-03 20:56:35,699 - WARNING - Failed to load rust: 'version'
2026-05-03 20:56:35,699 - WARNING - Failed to load gcc: 'version'
2026-05-03 20:56:35,699 - WARNING - Failed to load php: 'version'
2026-05-03 20:56:35,699 - WARNING - Failed to load python: 'version'
2026-05-03 20:56:35,699 - WARNING - Failed to load clang: 'version'
2026-05-03 20:56:35,699 - WARNING - Failed to load nodejs: 'version'
2026-05-03 20:56:35,699 - WARNING - Failed to load cython: 'version'
2026-05-03 20:56:35,699 - WARNING - Failed to load gcc-cmake-busybox: 'version'
2026-05-03 20:56:35,699 - WARNING - Failed to load php-composer: 'version'
2026-05-03 20:56:35,699 - WARNING - Failed to load go: 'version'
2026-05-03 20:56:35,699 - WARNING - Failed to load lua: 'version'
2026-05-03 20:56:35,700 - WARNING - Failed to load cgo: 'version'
2026-05-03 20:56:35,700 - WARNING - Failed to load gcc-meson-busybox: 'version'
2026-05-03 20:56:35,705 - WARNING - Failed to load cross-x86_64-gnu-gcc: 'version'
2026-05-03 20:56:35,709 - WARNING - Failed to load filesystem: 'version'
2026-05-03 20:56:35,710 - WARNING - Failed to load profile: 'version'
2026-05-03 20:56:35,716 - INFO - Loaded 416 packages
2026-05-03 20:56:35,716 - INFO - postgresql has no RM.org ID, attempting to look it up...
2026-05-03 20:56:36,348 - INFO - Found project ID 381406 for postgresql
2026-05-03 20:56:36,348 - INFO - Found project ID 381406 for postgresql
2026-05-03 20:56:36,348 - INFO - Current: 18.3, Latest: 18.3
2026-05-03 20:56:36,348 - INFO - postgresql is up to date
2026-05-03 20:56:36,349 - INFO - Processing unixodbc...
2026-05-03 20:56:36,355 - WARNING - Failed to load stage2: 'version'
2026-05-03 20:56:36,355 - WARNING - Failed to load stage0: 'version'
2026-05-03 20:56:36,356 - WARNING - Failed to load stage3: 'version'
2026-05-03 20:56:36,389 - WARNING - Failed to load clang-meson-busybox: 'version'
2026-05-03 20:56:36,389 - WARNING - Failed to load clang-gnu-busybox: 'version'
2026-05-03 20:56:36,390 - WARNING - Failed to load gcc-gnu-busybox: 'version'
2026-05-03 20:56:36,390 - WARNING - Failed to load solidity: 'version'
2026-05-03 20:56:36,390 - WARNING - Failed to load clang-cmake-busybox: 'version'
2026-05-03 20:56:36,390 - WARNING - Failed to load gcc-gnu-gnu: 'version'
2026-05-03 20:56:36,390 - WARNING - Failed to load luarocks: 'version'
2026-05-03 20:56:36,390 - WARNING - Failed to load rust: 'version'
2026-05-03 20:56:36,390 - WARNING - Failed to load gcc: 'version'
2026-05-03 20:56:36,390 - WARNING - Failed to load php: 'version'
2026-05-03 20:56:36,390 - WARNING - Failed to load python: 'version'
2026-05-03 20:56:36,390 - WARNING - Failed to load clang: 'version'
2026-05-03 20:56:36,390 - WARNING - Failed to load nodejs: 'version'
2026-05-03 20:56:36,391 - WARNING - Failed to load cython: 'version'
2026-05-03 20:56:36,391 - WARNING - Failed to load gcc-cmake-busybox: 'version'
2026-05-03 20:56:36,391 - WARNING - Failed to load php-composer: 'version'
2026-05-03 20:56:36,391 - WARNING - Failed to load go: 'version'
2026-05-03 20:56:36,391 - WARNING - Failed to load lua: 'version'
2026-05-03 20:56:36,391 - WARNING - Failed to load cgo: 'version'
2026-05-03 20:56:36,391 - WARNING - Failed to load gcc-meson-busybox: 'version'
2026-05-03 20:56:36,396 - WARNING - Failed to load cross-x86_64-gnu-gcc: 'version'
2026-05-03 20:56:36,400 - WARNING - Failed to load filesystem: 'version'
2026-05-03 20:56:36,402 - WARNING - Failed to load profile: 'version'
2026-05-03 20:56:36,407 - INFO - Loaded 416 packages
2026-05-03 20:56:36,407 - INFO - unixodbc has no RM.org ID, attempting to look it up...
2026-05-03 20:56:37,025 - INFO - Found project ID 7344 for unixodbc
2026-05-03 20:56:37,025 - INFO - Found project ID 7344 for unixodbc
2026-05-03 20:56:37,025 - INFO - Current: 2.3.14, Latest: 2.3.14
2026-05-03 20:56:37,025 - INFO - unixodbc is up to date
2026-05-03 20:56:37,025 - INFO - Processing libevent...
2026-05-03 20:56:37,032 - WARNING - Failed to load stage2: 'version'
2026-05-03 20:56:37,032 - WARNING - Failed to load stage0: 'version'
2026-05-03 20:56:37,033 - WARNING - Failed to load stage3: 'version'
2026-05-03 20:56:37,066 - WARNING - Failed to load clang-meson-busybox: 'version'
2026-05-03 20:56:37,066 - WARNING - Failed to load clang-gnu-busybox: 'version'
2026-05-03 20:56:37,066 - WARNING - Failed to load gcc-gnu-busybox: 'version'
2026-05-03 20:56:37,066 - WARNING - Failed to load solidity: 'version'
2026-05-03 20:56:37,067 - WARNING - Failed to load clang-cmake-busybox: 'version'
2026-05-03 20:56:37,067 - WARNING - Failed to load gcc-gnu-gnu: 'version'
2026-05-03 20:56:37,067 - WARNING - Failed to load luarocks: 'version'
2026-05-03 20:56:37,067 - WARNING - Failed to load rust: 'version'
2026-05-03 20:56:37,067 - WARNING - Failed to load gcc: 'version'
2026-05-03 20:56:37,067 - WARNING - Failed to load php: 'version'
2026-05-03 20:56:37,067 - WARNING - Failed to load python: 'version'
2026-05-03 20:56:37,067 - WARNING - Failed to load clang: 'version'
2026-05-03 20:56:37,067 - WARNING - Failed to load nodejs: 'version'
2026-05-03 20:56:37,067 - WARNING - Failed to load cython: 'version'
2026-05-03 20:56:37,068 - WARNING - Failed to load gcc-cmake-busybox: 'version'
2026-05-03 20:56:37,068 - WARNING - Failed to load php-composer: 'version'
2026-05-03 20:56:37,068 - WARNING - Failed to load go: 'version'
2026-05-03 20:56:37,068 - WARNING - Failed to load lua: 'version'
2026-05-03 20:56:37,068 - WARNING - Failed to load cgo: 'version'
2026-05-03 20:56:37,068 - WARNING - Failed to load gcc-meson-busybox: 'version'
2026-05-03 20:56:37,073 - WARNING - Failed to load cross-x86_64-gnu-gcc: 'version'
2026-05-03 20:56:37,077 - WARNING - Failed to load filesystem: 'version'
2026-05-03 20:56:37,078 - WARNING - Failed to load profile: 'version'
2026-05-03 20:56:37,084 - INFO - Loaded 416 packages
2026-05-03 20:56:37,084 - INFO - libevent has no RM.org ID, attempting to look it up...
2026-05-03 20:56:37,703 - INFO - Found project ID 1606 for libevent
2026-05-03 20:56:37,703 - INFO - Found project ID 1606 for libevent
2026-05-03 20:56:37,703 - INFO - Current: 2.1.12, Latest: 2.1.12
2026-05-03 20:56:37,703 - INFO - libevent is up to date
2026-05-03 20:56:37,703 - INFO - Processing openldap...
2026-05-03 20:56:37,710 - WARNING - Failed to load stage2: 'version'
2026-05-03 20:56:37,710 - WARNING - Failed to load stage0: 'version'
2026-05-03 20:56:37,711 - WARNING - Failed to load stage3: 'version'
2026-05-03 20:56:37,744 - WARNING - Failed to load clang-meson-busybox: 'version'
2026-05-03 20:56:37,744 - WARNING - Failed to load clang-gnu-busybox: 'version'
2026-05-03 20:56:37,744 - WARNING - Failed to load gcc-gnu-busybox: 'version'
2026-05-03 20:56:37,745 - WARNING - Failed to load solidity: 'version'
2026-05-03 20:56:37,745 - WARNING - Failed to load clang-cmake-busybox: 'version'
2026-05-03 20:56:37,745 - WARNING - Failed to load gcc-gnu-gnu: 'version'
2026-05-03 20:56:37,745 - WARNING - Failed to load luarocks: 'version'
2026-05-03 20:56:37,745 - WARNING - Failed to load rust: 'version'
2026-05-03 20:56:37,745 - WARNING - Failed to load gcc: 'version'
2026-05-03 20:56:37,745 - WARNING - Failed to load php: 'version'
2026-05-03 20:56:37,745 - WARNING - Failed to load python: 'version'
2026-05-03 20:56:37,745 - WARNING - Failed to load clang: 'version'
2026-05-03 20:56:37,745 - WARNING - Failed to load nodejs: 'version'
2026-05-03 20:56:37,745 - WARNING - Failed to load cython: 'version'
2026-05-03 20:56:37,746 - WARNING - Failed to load gcc-cmake-busybox: 'version'
2026-05-03 20:56:37,746 - WARNING - Failed to load php-composer: 'version'
2026-05-03 20:56:37,746 - WARNING - Failed to load go: 'version'
2026-05-03 20:56:37,746 - WARNING - Failed to load lua: 'version'
2026-05-03 20:56:37,746 - WARNING - Failed to load cgo: 'version'
2026-05-03 20:56:37,746 - WARNING - Failed to load gcc-meson-busybox: 'version'
2026-05-03 20:56:37,751 - WARNING - Failed to load cross-x86_64-gnu-gcc: 'version'
2026-05-03 20:56:37,755 - WARNING - Failed to load filesystem: 'version'
2026-05-03 20:56:37,757 - WARNING - Failed to load profile: 'version'
2026-05-03 20:56:37,762 - INFO - Loaded 416 packages
2026-05-03 20:56:37,762 - INFO - openldap has no RM.org ID, attempting to look it up...
2026-05-03 20:56:38,413 - INFO - Found project ID 2551 for openldap
2026-05-03 20:56:38,413 - INFO - Found project ID 2551 for openldap
2026-05-03 20:56:38,413 - INFO - Current: 2.6.8, Latest: 2.6.13
2026-05-03 20:56:38,413 - INFO - Updating openldap to 2.6.13
2026-05-03 20:56:38,414 - INFO - Backed up openldap to /home/lrvick/Sources/stagex/scripts/backups/user/openldap
2026-05-03 20:56:38,718 - ERROR - No working download URL found for version 2.6.13
2026-05-03 20:56:38,718 - ERROR - Failed to download source for openldap
2026-05-03 20:56:38,718 - INFO - Processing libverto...
2026-05-03 20:56:38,725 - WARNING - Failed to load stage2: 'version'
2026-05-03 20:56:38,725 - WARNING - Failed to load stage0: 'version'
2026-05-03 20:56:38,726 - WARNING - Failed to load stage3: 'version'
2026-05-03 20:56:38,759 - WARNING - Failed to load clang-meson-busybox: 'version'
2026-05-03 20:56:38,759 - WARNING - Failed to load clang-gnu-busybox: 'version'
2026-05-03 20:56:38,759 - WARNING - Failed to load gcc-gnu-busybox: 'version'
2026-05-03 20:56:38,759 - WARNING - Failed to load solidity: 'version'
2026-05-03 20:56:38,759 - WARNING - Failed to load clang-cmake-busybox: 'version'
2026-05-03 20:56:38,759 - WARNING - Failed to load gcc-gnu-gnu: 'version'
2026-05-03 20:56:38,759 - WARNING - Failed to load luarocks: 'version'
2026-05-03 20:56:38,759 - WARNING - Failed to load rust: 'version'
2026-05-03 20:56:38,760 - WARNING - Failed to load gcc: 'version'
2026-05-03 20:56:38,760 - WARNING - Failed to load php: 'version'
2026-05-03 20:56:38,760 - WARNING - Failed to load python: 'version'
2026-05-03 20:56:38,760 - WARNING - Failed to load clang: 'version'
2026-05-03 20:56:38,760 - WARNING - Failed to load nodejs: 'version'
2026-05-03 20:56:38,760 - WARNING - Failed to load cython: 'version'
2026-05-03 20:56:38,760 - WARNING - Failed to load gcc-cmake-busybox: 'version'
2026-05-03 20:56:38,760 - WARNING - Failed to load php-composer: 'version'
2026-05-03 20:56:38,760 - WARNING - Failed to load go: 'version'
2026-05-03 20:56:38,760 - WARNING - Failed to load lua: 'version'
2026-05-03 20:56:38,760 - WARNING - Failed to load cgo: 'version'
2026-05-03 20:56:38,761 - WARNING - Failed to load gcc-meson-busybox: 'version'
2026-05-03 20:56:38,765 - WARNING - Failed to load cross-x86_64-gnu-gcc: 'version'
2026-05-03 20:56:38,770 - WARNING - Failed to load filesystem: 'version'
2026-05-03 20:56:38,771 - WARNING - Failed to load profile: 'version'
2026-05-03 20:56:38,777 - INFO - Loaded 416 packages
2026-05-03 20:56:38,777 - INFO - libverto has no RM.org ID, attempting to look it up...
2026-05-03 20:56:39,358 - INFO - Found project ID 15737 for libverto
2026-05-03 20:56:39,358 - INFO - Found project ID 15737 for libverto
2026-05-03 20:56:39,358 - INFO - Current: 0.3.2, Latest: 0.3.2
2026-05-03 20:56:39,358 - INFO - libverto is up to date
2026-05-03 20:56:39,359 - INFO - Processing krb5...
2026-05-03 20:56:39,365 - WARNING - Failed to load stage2: 'version'
2026-05-03 20:56:39,366 - WARNING - Failed to load stage0: 'version'
2026-05-03 20:56:39,366 - WARNING - Failed to load stage3: 'version'
2026-05-03 20:56:39,399 - WARNING - Failed to load clang-meson-busybox: 'version'
2026-05-03 20:56:39,400 - WARNING - Failed to load clang-gnu-busybox: 'version'
2026-05-03 20:56:39,400 - WARNING - Failed to load gcc-gnu-busybox: 'version'
2026-05-03 20:56:39,400 - WARNING - Failed to load solidity: 'version'
2026-05-03 20:56:39,400 - WARNING - Failed to load clang-cmake-busybox: 'version'
2026-05-03 20:56:39,400 - WARNING - Failed to load gcc-gnu-gnu: 'version'
2026-05-03 20:56:39,400 - WARNING - Failed to load luarocks: 'version'
2026-05-03 20:56:39,400 - WARNING - Failed to load rust: 'version'
2026-05-03 20:56:39,400 - WARNING - Failed to load gcc: 'version'
2026-05-03 20:56:39,400 - WARNING - Failed to load php: 'version'
2026-05-03 20:56:39,400 - WARNING - Failed to load python: 'version'
2026-05-03 20:56:39,400 - WARNING - Failed to load clang: 'version'
2026-05-03 20:56:39,401 - WARNING - Failed to load nodejs: 'version'
2026-05-03 20:56:39,401 - WARNING - Failed to load cython: 'version'
2026-05-03 20:56:39,401 - WARNING - Failed to load gcc-cmake-busybox: 'version'
2026-05-03 20:56:39,401 - WARNING - Failed to load php-composer: 'version'
2026-05-03 20:56:39,401 - WARNING - Failed to load go: 'version'
2026-05-03 20:56:39,401 - WARNING - Failed to load lua: 'version'
2026-05-03 20:56:39,401 - WARNING - Failed to load cgo: 'version'
2026-05-03 20:56:39,401 - WARNING - Failed to load gcc-meson-busybox: 'version'
2026-05-03 20:56:39,406 - WARNING - Failed to load cross-x86_64-gnu-gcc: 'version'
2026-05-03 20:56:39,410 - WARNING - Failed to load filesystem: 'version'
2026-05-03 20:56:39,412 - WARNING - Failed to load profile: 'version'
2026-05-03 20:56:39,417 - INFO - Loaded 416 packages
2026-05-03 20:56:39,417 - INFO - krb5 has no RM.org ID, attempting to look it up...
2026-05-03 20:56:40,055 - INFO - Found project ID 13287 for krb5
2026-05-03 20:56:40,055 - INFO - Found project ID 13287 for krb5
2026-05-03 20:56:40,055 - INFO - Current: 1.21.2, Latest: 1.22.2-final
2026-05-03 20:56:40,055 - INFO - Updating krb5 to 1.22.2-final
2026-05-03 20:56:40,065 - INFO - Backed up krb5 to /home/lrvick/Sources/stagex/scripts/backups/user/krb5
2026-05-03 20:56:40,953 - ERROR - No working download URL found for version 1.22.2-final
2026-05-03 20:56:40,953 - ERROR - Failed to download source for krb5
2026-05-03 20:56:40,953 - INFO - Processing redis...
2026-05-03 20:56:40,960 - WARNING - Failed to load stage2: 'version'
2026-05-03 20:56:40,960 - WARNING - Failed to load stage0: 'version'
2026-05-03 20:56:40,960 - WARNING - Failed to load stage3: 'version'
2026-05-03 20:56:40,994 - WARNING - Failed to load clang-meson-busybox: 'version'
2026-05-03 20:56:40,994 - WARNING - Failed to load clang-gnu-busybox: 'version'
2026-05-03 20:56:40,994 - WARNING - Failed to load gcc-gnu-busybox: 'version'
2026-05-03 20:56:40,994 - WARNING - Failed to load solidity: 'version'
2026-05-03 20:56:40,994 - WARNING - Failed to load clang-cmake-busybox: 'version'
2026-05-03 20:56:40,994 - WARNING - Failed to load gcc-gnu-gnu: 'version'
2026-05-03 20:56:40,994 - WARNING - Failed to load luarocks: 'version'
2026-05-03 20:56:40,994 - WARNING - Failed to load rust: 'version'
2026-05-03 20:56:40,994 - WARNING - Failed to load gcc: 'version'
2026-05-03 20:56:40,995 - WARNING - Failed to load php: 'version'
2026-05-03 20:56:40,995 - WARNING - Failed to load python: 'version'
2026-05-03 20:56:40,995 - WARNING - Failed to load clang: 'version'
2026-05-03 20:56:40,995 - WARNING - Failed to load nodejs: 'version'
2026-05-03 20:56:40,995 - WARNING - Failed to load cython: 'version'
2026-05-03 20:56:40,995 - WARNING - Failed to load gcc-cmake-busybox: 'version'
2026-05-03 20:56:40,995 - WARNING - Failed to load php-composer: 'version'
2026-05-03 20:56:40,995 - WARNING - Failed to load go: 'version'
2026-05-03 20:56:40,995 - WARNING - Failed to load lua: 'version'
2026-05-03 20:56:40,995 - WARNING - Failed to load cgo: 'version'
2026-05-03 20:56:40,995 - WARNING - Failed to load gcc-meson-busybox: 'version'
2026-05-03 20:56:41,000 - WARNING - Failed to load cross-x86_64-gnu-gcc: 'version'
2026-05-03 20:56:41,005 - WARNING - Failed to load filesystem: 'version'
2026-05-03 20:56:41,006 - WARNING - Failed to load profile: 'version'
2026-05-03 20:56:41,012 - INFO - Loaded 416 packages
2026-05-03 20:56:41,012 - INFO - redis has no RM.org ID, attempting to look it up...
2026-05-03 20:56:41,722 - INFO - Found project ID 373306 for redis
2026-05-03 20:56:41,722 - INFO - Found project ID 373306 for redis
2026-05-03 20:56:41,722 - INFO - Current: 8.0.3, Latest: 1.2.1
2026-05-03 20:56:41,722 - INFO - Updating redis to 1.2.1
2026-05-03 20:56:41,722 - INFO - Backed up redis to /home/lrvick/Sources/stagex/scripts/backups/user/redis
2026-05-03 20:56:41,836 - INFO - Downloading from https://download.redis.io/releases/redis-1.2.1.tar.gz
2026-05-03 20:56:41,870 - ERROR - Download failed: HTTP Error 403: Forbidden
2026-05-03 20:56:41,870 - ERROR - Failed to download source for redis
2026-05-03 20:56:41,870 - INFO - Processing libtasn1...
2026-05-03 20:56:41,876 - WARNING - Failed to load stage2: 'version'
2026-05-03 20:56:41,877 - WARNING - Failed to load stage0: 'version'
2026-05-03 20:56:41,877 - WARNING - Failed to load stage3: 'version'
2026-05-03 20:56:41,911 - WARNING - Failed to load clang-meson-busybox: 'version'
2026-05-03 20:56:41,911 - WARNING - Failed to load clang-gnu-busybox: 'version'
2026-05-03 20:56:41,911 - WARNING - Failed to load gcc-gnu-busybox: 'version'
2026-05-03 20:56:41,911 - WARNING - Failed to load solidity: 'version'
2026-05-03 20:56:41,911 - WARNING - Failed to load clang-cmake-busybox: 'version'
2026-05-03 20:56:41,911 - WARNING - Failed to load gcc-gnu-gnu: 'version'
2026-05-03 20:56:41,911 - WARNING - Failed to load luarocks: 'version'
2026-05-03 20:56:41,911 - WARNING - Failed to load rust: 'version'
2026-05-03 20:56:41,911 - WARNING - Failed to load gcc: 'version'
2026-05-03 20:56:41,911 - WARNING - Failed to load php: 'version'
2026-05-03 20:56:41,912 - WARNING - Failed to load python: 'version'
2026-05-03 20:56:41,912 - WARNING - Failed to load clang: 'version'
2026-05-03 20:56:41,912 - WARNING - Failed to load nodejs: 'version'
2026-05-03 20:56:41,912 - WARNING - Failed to load cython: 'version'
2026-05-03 20:56:41,912 - WARNING - Failed to load gcc-cmake-busybox: 'version'
2026-05-03 20:56:41,912 - WARNING - Failed to load php-composer: 'version'
2026-05-03 20:56:41,912 - WARNING - Failed to load go: 'version'
2026-05-03 20:56:41,912 - WARNING - Failed to load lua: 'version'
2026-05-03 20:56:41,912 - WARNING - Failed to load cgo: 'version'
2026-05-03 20:56:41,912 - WARNING - Failed to load gcc-meson-busybox: 'version'
2026-05-03 20:56:41,917 - WARNING - Failed to load cross-x86_64-gnu-gcc: 'version'
2026-05-03 20:56:41,922 - WARNING - Failed to load filesystem: 'version'
2026-05-03 20:56:41,923 - WARNING - Failed to load profile: 'version'
2026-05-03 20:56:41,928 - INFO - Loaded 416 packages
2026-05-03 20:56:41,928 - INFO - libtasn1 has no RM.org ID, attempting to look it up...
2026-05-03 20:56:42,562 - INFO - Found project ID 1734 for libtasn1
2026-05-03 20:56:42,562 - INFO - Found project ID 1734 for libtasn1
2026-05-03 20:56:42,562 - INFO - Current: 4.21.0, Latest: 4.21.0
2026-05-03 20:56:42,562 - INFO - libtasn1 is up to date
2026-05-03 20:56:42,562 - INFO - Processing libtpms...
2026-05-03 20:56:42,569 - WARNING - Failed to load stage2: 'version'
2026-05-03 20:56:42,569 - WARNING - Failed to load stage0: 'version'
2026-05-03 20:56:42,569 - WARNING - Failed to load stage3: 'version'
2026-05-03 20:56:42,602 - WARNING - Failed to load clang-meson-busybox: 'version'
2026-05-03 20:56:42,602 - WARNING - Failed to load clang-gnu-busybox: 'version'
2026-05-03 20:56:42,603 - WARNING - Failed to load gcc-gnu-busybox: 'version'
2026-05-03 20:56:42,603 - WARNING - Failed to load solidity: 'version'
2026-05-03 20:56:42,603 - WARNING - Failed to load clang-cmake-busybox: 'version'
2026-05-03 20:56:42,603 - WARNING - Failed to load gcc-gnu-gnu: 'version'
2026-05-03 20:56:42,603 - WARNING - Failed to load luarocks: 'version'
2026-05-03 20:56:42,603 - WARNING - Failed to load rust: 'version'
2026-05-03 20:56:42,603 - WARNING - Failed to load gcc: 'version'
2026-05-03 20:56:42,603 - WARNING - Failed to load php: 'version'
2026-05-03 20:56:42,603 - WARNING - Failed to load python: 'version'
2026-05-03 20:56:42,603 - WARNING - Failed to load clang: 'version'
2026-05-03 20:56:42,603 - WARNING - Failed to load nodejs: 'version'
2026-05-03 20:56:42,604 - WARNING - Failed to load cython: 'version'
2026-05-03 20:56:42,604 - WARNING - Failed to load gcc-cmake-busybox: 'version'
2026-05-03 20:56:42,604 - WARNING - Failed to load php-composer: 'version'
2026-05-03 20:56:42,604 - WARNING - Failed to load go: 'version'
2026-05-03 20:56:42,604 - WARNING - Failed to load lua: 'version'
2026-05-03 20:56:42,604 - WARNING - Failed to load cgo: 'version'
2026-05-03 20:56:42,604 - WARNING - Failed to load gcc-meson-busybox: 'version'
2026-05-03 20:56:42,609 - WARNING - Failed to load cross-x86_64-gnu-gcc: 'version'
2026-05-03 20:56:42,613 - WARNING - Failed to load filesystem: 'version'
2026-05-03 20:56:42,614 - WARNING - Failed to load profile: 'version'
2026-05-03 20:56:42,620 - INFO - Loaded 416 packages
2026-05-03 20:56:42,620 - INFO - libtpms has no RM.org ID, attempting to look it up...
2026-05-03 20:56:43,222 - INFO - Found project ID 116460 for libtpms
2026-05-03 20:56:43,222 - INFO - Found project ID 116460 for libtpms
2026-05-03 20:56:43,222 - INFO - Current: 0.10.2, Latest: 0.10.2
2026-05-03 20:56:43,222 - INFO - libtpms is up to date
2026-05-03 20:56:43,223 - INFO - Processing json...
2026-05-03 20:56:43,223 - INFO - Processing socat...
2026-05-03 20:56:43,229 - WARNING - Failed to load stage2: 'version'
2026-05-03 20:56:43,230 - WARNING - Failed to load stage0: 'version'
2026-05-03 20:56:43,230 - WARNING - Failed to load stage3: 'version'
2026-05-03 20:56:43,263 - WARNING - Failed to load clang-meson-busybox: 'version'
2026-05-03 20:56:43,263 - WARNING - Failed to load clang-gnu-busybox: 'version'
2026-05-03 20:56:43,264 - WARNING - Failed to load gcc-gnu-busybox: 'version'
2026-05-03 20:56:43,264 - WARNING - Failed to load solidity: 'version'
2026-05-03 20:56:43,264 - WARNING - Failed to load clang-cmake-busybox: 'version'
2026-05-03 20:56:43,264 - WARNING - Failed to load gcc-gnu-gnu: 'version'
2026-05-03 20:56:43,264 - WARNING - Failed to load luarocks: 'version'
2026-05-03 20:56:43,264 - WARNING - Failed to load rust: 'version'
2026-05-03 20:56:43,264 - WARNING - Failed to load gcc: 'version'
2026-05-03 20:56:43,264 - WARNING - Failed to load php: 'version'
2026-05-03 20:56:43,264 - WARNING - Failed to load python: 'version'
2026-05-03 20:56:43,264 - WARNING - Failed to load clang: 'version'
2026-05-03 20:56:43,264 - WARNING - Failed to load nodejs: 'version'
2026-05-03 20:56:43,265 - WARNING - Failed to load cython: 'version'
2026-05-03 20:56:43,265 - WARNING - Failed to load gcc-cmake-busybox: 'version'
2026-05-03 20:56:43,265 - WARNING - Failed to load php-composer: 'version'
2026-05-03 20:56:43,265 - WARNING - Failed to load go: 'version'
2026-05-03 20:56:43,265 - WARNING - Failed to load lua: 'version'
2026-05-03 20:56:43,265 - WARNING - Failed to load cgo: 'version'
2026-05-03 20:56:43,265 - WARNING - Failed to load gcc-meson-busybox: 'version'
2026-05-03 20:56:43,270 - WARNING - Failed to load cross-x86_64-gnu-gcc: 'version'
2026-05-03 20:56:43,274 - WARNING - Failed to load filesystem: 'version'
2026-05-03 20:56:43,275 - WARNING - Failed to load profile: 'version'
2026-05-03 20:56:43,281 - INFO - Loaded 416 packages
2026-05-03 20:56:43,281 - INFO - socat has no RM.org ID, attempting to look it up...
2026-05-03 20:56:43,848 - INFO - Found project ID 4848 for socat
2026-05-03 20:56:43,848 - INFO - Found project ID 4848 for socat
2026-05-03 20:56:43,848 - INFO - Current: 1.8.1.1, Latest: 1.8.1.1
2026-05-03 20:56:43,848 - INFO - socat is up to date
2026-05-03 20:56:43,849 - INFO - Processing swtpm...
2026-05-03 20:56:43,856 - WARNING - Failed to load stage2: 'version'
2026-05-03 20:56:43,856 - WARNING - Failed to load stage0: 'version'
2026-05-03 20:56:43,856 - WARNING - Failed to load stage3: 'version'
2026-05-03 20:56:43,890 - WARNING - Failed to load clang-meson-busybox: 'version'
2026-05-03 20:56:43,890 - WARNING - Failed to load clang-gnu-busybox: 'version'
2026-05-03 20:56:43,890 - WARNING - Failed to load gcc-gnu-busybox: 'version'
2026-05-03 20:56:43,890 - WARNING - Failed to load solidity: 'version'
2026-05-03 20:56:43,890 - WARNING - Failed to load clang-cmake-busybox: 'version'
2026-05-03 20:56:43,890 - WARNING - Failed to load gcc-gnu-gnu: 'version'
2026-05-03 20:56:43,890 - WARNING - Failed to load luarocks: 'version'
2026-05-03 20:56:43,890 - WARNING - Failed to load rust: 'version'
2026-05-03 20:56:43,890 - WARNING - Failed to load gcc: 'version'
2026-05-03 20:56:43,890 - WARNING - Failed to load php: 'version'
2026-05-03 20:56:43,891 - WARNING - Failed to load python: 'version'
2026-05-03 20:56:43,891 - WARNING - Failed to load clang: 'version'
2026-05-03 20:56:43,891 - WARNING - Failed to load nodejs: 'version'
2026-05-03 20:56:43,891 - WARNING - Failed to load cython: 'version'
2026-05-03 20:56:43,891 - WARNING - Failed to load gcc-cmake-busybox: 'version'
2026-05-03 20:56:43,891 - WARNING - Failed to load php-composer: 'version'
2026-05-03 20:56:43,891 - WARNING - Failed to load go: 'version'
2026-05-03 20:56:43,891 - WARNING - Failed to load lua: 'version'
2026-05-03 20:56:43,891 - WARNING - Failed to load cgo: 'version'
2026-05-03 20:56:43,891 - WARNING - Failed to load gcc-meson-busybox: 'version'
2026-05-03 20:56:43,896 - WARNING - Failed to load cross-x86_64-gnu-gcc: 'version'
2026-05-03 20:56:43,901 - WARNING - Failed to load filesystem: 'version'
2026-05-03 20:56:43,902 - WARNING - Failed to load profile: 'version'
2026-05-03 20:56:43,908 - INFO - Loaded 416 packages
2026-05-03 20:56:43,908 - INFO - swtpm has no RM.org ID, attempting to look it up...
2026-05-03 20:56:44,512 - INFO - Found project ID 116461 for swtpm
2026-05-03 20:56:44,512 - INFO - Found project ID 116461 for swtpm
2026-05-03 20:56:44,512 - INFO - Current: 0.10.1, Latest: 0.10.1
2026-05-03 20:56:44,512 - INFO - swtpm is up to date
2026-05-03 20:56:44,512 - INFO - Processing mdbook...
2026-05-03 20:56:44,519 - WARNING - Failed to load stage2: 'version'
2026-05-03 20:56:44,519 - WARNING - Failed to load stage0: 'version'
2026-05-03 20:56:44,520 - WARNING - Failed to load stage3: 'version'
2026-05-03 20:56:44,553 - WARNING - Failed to load clang-meson-busybox: 'version'
2026-05-03 20:56:44,553 - WARNING - Failed to load clang-gnu-busybox: 'version'
2026-05-03 20:56:44,553 - WARNING - Failed to load gcc-gnu-busybox: 'version'
2026-05-03 20:56:44,553 - WARNING - Failed to load solidity: 'version'
2026-05-03 20:56:44,553 - WARNING - Failed to load clang-cmake-busybox: 'version'
2026-05-03 20:56:44,553 - WARNING - Failed to load gcc-gnu-gnu: 'version'
2026-05-03 20:56:44,554 - WARNING - Failed to load luarocks: 'version'
2026-05-03 20:56:44,554 - WARNING - Failed to load rust: 'version'
2026-05-03 20:56:44,554 - WARNING - Failed to load gcc: 'version'
2026-05-03 20:56:44,554 - WARNING - Failed to load php: 'version'
2026-05-03 20:56:44,554 - WARNING - Failed to load python: 'version'
2026-05-03 20:56:44,554 - WARNING - Failed to load clang: 'version'
2026-05-03 20:56:44,554 - WARNING - Failed to load nodejs: 'version'
2026-05-03 20:56:44,554 - WARNING - Failed to load cython: 'version'
2026-05-03 20:56:44,554 - WARNING - Failed to load gcc-cmake-busybox: 'version'
2026-05-03 20:56:44,554 - WARNING - Failed to load php-composer: 'version'
2026-05-03 20:56:44,554 - WARNING - Failed to load go: 'version'
2026-05-03 20:56:44,554 - WARNING - Failed to load lua: 'version'
2026-05-03 20:56:44,555 - WARNING - Failed to load cgo: 'version'
2026-05-03 20:56:44,555 - WARNING - Failed to load gcc-meson-busybox: 'version'
2026-05-03 20:56:44,560 - WARNING - Failed to load cross-x86_64-gnu-gcc: 'version'
2026-05-03 20:56:44,564 - WARNING - Failed to load filesystem: 'version'
2026-05-03 20:56:44,565 - WARNING - Failed to load profile: 'version'
2026-05-03 20:56:44,571 - INFO - Loaded 416 packages
2026-05-03 20:56:44,571 - INFO - mdbook has no RM.org ID, attempting to look it up...
2026-05-03 20:56:45,199 - INFO - Found project ID 241825 for mdbook
2026-05-03 20:56:45,199 - INFO - Found project ID 241825 for mdbook
2026-05-03 20:56:45,199 - INFO - Current: 0.5.2, Latest: 0.5.2
2026-05-03 20:56:45,199 - INFO - mdbook is up to date
2026-05-03 20:56:45,199 - INFO - Processing libice...
2026-05-03 20:56:45,215 - WARNING - Failed to load stage2: 'version'
2026-05-03 20:56:45,215 - WARNING - Failed to load stage0: 'version'
2026-05-03 20:56:45,215 - WARNING - Failed to load stage3: 'version'
2026-05-03 20:56:45,249 - WARNING - Failed to load clang-meson-busybox: 'version'
2026-05-03 20:56:45,249 - WARNING - Failed to load clang-gnu-busybox: 'version'
2026-05-03 20:56:45,249 - WARNING - Failed to load gcc-gnu-busybox: 'version'
2026-05-03 20:56:45,249 - WARNING - Failed to load solidity: 'version'
2026-05-03 20:56:45,249 - WARNING - Failed to load clang-cmake-busybox: 'version'
2026-05-03 20:56:45,249 - WARNING - Failed to load gcc-gnu-gnu: 'version'
2026-05-03 20:56:45,249 - WARNING - Failed to load luarocks: 'version'
2026-05-03 20:56:45,249 - WARNING - Failed to load rust: 'version'
2026-05-03 20:56:45,249 - WARNING - Failed to load gcc: 'version'
2026-05-03 20:56:45,250 - WARNING - Failed to load php: 'version'
2026-05-03 20:56:45,250 - WARNING - Failed to load python: 'version'
2026-05-03 20:56:45,250 - WARNING - Failed to load clang: 'version'
2026-05-03 20:56:45,250 - WARNING - Failed to load nodejs: 'version'
2026-05-03 20:56:45,250 - WARNING - Failed to load cython: 'version'
2026-05-03 20:56:45,250 - WARNING - Failed to load gcc-cmake-busybox: 'version'
2026-05-03 20:56:45,250 - WARNING - Failed to load php-composer: 'version'
2026-05-03 20:56:45,250 - WARNING - Failed to load go: 'version'
2026-05-03 20:56:45,250 - WARNING - Failed to load lua: 'version'
2026-05-03 20:56:45,250 - WARNING - Failed to load cgo: 'version'
2026-05-03 20:56:45,250 - WARNING - Failed to load gcc-meson-busybox: 'version'
2026-05-03 20:56:45,255 - WARNING - Failed to load cross-x86_64-gnu-gcc: 'version'
2026-05-03 20:56:45,260 - WARNING - Failed to load filesystem: 'version'
2026-05-03 20:56:45,261 - WARNING - Failed to load profile: 'version'
2026-05-03 20:56:45,267 - INFO - Loaded 416 packages
2026-05-03 20:56:45,267 - INFO - libice has no RM.org ID, attempting to look it up...
2026-05-03 20:56:45,870 - INFO - Found project ID 1638 for libice
2026-05-03 20:56:45,870 - INFO - Found project ID 1638 for libice
2026-05-03 20:56:45,870 - INFO - Current: 1.1.2, Latest: 1.1.2
2026-05-03 20:56:45,870 - INFO - libice is up to date
2026-05-03 20:56:45,871 - INFO - Processing libsm...
2026-05-03 20:56:45,877 - WARNING - Failed to load stage2: 'version'
2026-05-03 20:56:45,877 - WARNING - Failed to load stage0: 'version'
2026-05-03 20:56:45,878 - WARNING - Failed to load stage3: 'version'
2026-05-03 20:56:45,911 - WARNING - Failed to load clang-meson-busybox: 'version'
2026-05-03 20:56:45,911 - WARNING - Failed to load clang-gnu-busybox: 'version'
2026-05-03 20:56:45,911 - WARNING - Failed to load gcc-gnu-busybox: 'version'
2026-05-03 20:56:45,911 - WARNING - Failed to load solidity: 'version'
2026-05-03 20:56:45,912 - WARNING - Failed to load clang-cmake-busybox: 'version'
2026-05-03 20:56:45,912 - WARNING - Failed to load gcc-gnu-gnu: 'version'
2026-05-03 20:56:45,912 - WARNING - Failed to load luarocks: 'version'
2026-05-03 20:56:45,912 - WARNING - Failed to load rust: 'version'
2026-05-03 20:56:45,912 - WARNING - Failed to load gcc: 'version'
2026-05-03 20:56:45,912 - WARNING - Failed to load php: 'version'
2026-05-03 20:56:45,912 - WARNING - Failed to load python: 'version'
2026-05-03 20:56:45,912 - WARNING - Failed to load clang: 'version'
2026-05-03 20:56:45,912 - WARNING - Failed to load nodejs: 'version'
2026-05-03 20:56:45,912 - WARNING - Failed to load cython: 'version'
2026-05-03 20:56:45,912 - WARNING - Failed to load gcc-cmake-busybox: 'version'
2026-05-03 20:56:45,913 - WARNING - Failed to load php-composer: 'version'
2026-05-03 20:56:45,913 - WARNING - Failed to load go: 'version'
2026-05-03 20:56:45,913 - WARNING - Failed to load lua: 'version'
2026-05-03 20:56:45,913 - WARNING - Failed to load cgo: 'version'
2026-05-03 20:56:45,913 - WARNING - Failed to load gcc-meson-busybox: 'version'
2026-05-03 20:56:45,918 - WARNING - Failed to load cross-x86_64-gnu-gcc: 'version'
2026-05-03 20:56:45,922 - WARNING - Failed to load filesystem: 'version'
2026-05-03 20:56:45,923 - WARNING - Failed to load profile: 'version'
2026-05-03 20:56:45,929 - INFO - Loaded 416 packages
2026-05-03 20:56:45,929 - INFO - libsm has no RM.org ID, attempting to look it up...
2026-05-03 20:56:46,512 - INFO - Found project ID 90185 for libsm
2026-05-03 20:56:46,512 - INFO - Found project ID 90185 for libsm
2026-05-03 20:56:46,512 - INFO - Current: 1.2.5, Latest: 0.1.0
2026-05-03 20:56:46,512 - INFO - Updating libsm to 0.1.0
2026-05-03 20:56:46,513 - INFO - Backed up libsm to /home/lrvick/Sources/stagex/scripts/backups/user/libsm
2026-05-03 20:56:46,590 - ERROR - No working download URL found for version 0.1.0
2026-05-03 20:56:46,590 - ERROR - Failed to download source for libsm
2026-05-03 20:56:46,590 - INFO - Processing libxt...
2026-05-03 20:56:46,597 - WARNING - Failed to load stage2: 'version'
2026-05-03 20:56:46,597 - WARNING - Failed to load stage0: 'version'
2026-05-03 20:56:46,598 - WARNING - Failed to load stage3: 'version'
2026-05-03 20:56:46,631 - WARNING - Failed to load clang-meson-busybox: 'version'
2026-05-03 20:56:46,631 - WARNING - Failed to load clang-gnu-busybox: 'version'
2026-05-03 20:56:46,631 - WARNING - Failed to load gcc-gnu-busybox: 'version'
2026-05-03 20:56:46,631 - WARNING - Failed to load solidity: 'version'
2026-05-03 20:56:46,631 - WARNING - Failed to load clang-cmake-busybox: 'version'
2026-05-03 20:56:46,631 - WARNING - Failed to load gcc-gnu-gnu: 'version'
2026-05-03 20:56:46,632 - WARNING - Failed to load luarocks: 'version'
2026-05-03 20:56:46,632 - WARNING - Failed to load rust: 'version'
2026-05-03 20:56:46,632 - WARNING - Failed to load gcc: 'version'
2026-05-03 20:56:46,632 - WARNING - Failed to load php: 'version'
2026-05-03 20:56:46,632 - WARNING - Failed to load python: 'version'
2026-05-03 20:56:46,632 - WARNING - Failed to load clang: 'version'
2026-05-03 20:56:46,632 - WARNING - Failed to load nodejs: 'version'
2026-05-03 20:56:46,632 - WARNING - Failed to load cython: 'version'
2026-05-03 20:56:46,632 - WARNING - Failed to load gcc-cmake-busybox: 'version'
2026-05-03 20:56:46,632 - WARNING - Failed to load php-composer: 'version'
2026-05-03 20:56:46,632 - WARNING - Failed to load go: 'version'
2026-05-03 20:56:46,633 - WARNING - Failed to load lua: 'version'
2026-05-03 20:56:46,633 - WARNING - Failed to load cgo: 'version'
2026-05-03 20:56:46,633 - WARNING - Failed to load gcc-meson-busybox: 'version'
2026-05-03 20:56:46,638 - WARNING - Failed to load cross-x86_64-gnu-gcc: 'version'
2026-05-03 20:56:46,642 - WARNING - Failed to load filesystem: 'version'
2026-05-03 20:56:46,643 - WARNING - Failed to load profile: 'version'
2026-05-03 20:56:46,649 - INFO - Loaded 416 packages
2026-05-03 20:56:46,649 - INFO - libxt has no RM.org ID, attempting to look it up...
2026-05-03 20:56:47,238 - INFO - Found project ID 1793 for libxt
2026-05-03 20:56:47,238 - INFO - Found project ID 1793 for libxt
2026-05-03 20:56:47,238 - INFO - Current: 1.3.1, Latest: 1.3.1
2026-05-03 20:56:47,238 - INFO - libxt is up to date
2026-05-03 20:56:47,238 - INFO - Processing vim...
2026-05-03 20:56:47,245 - WARNING - Failed to load stage2: 'version'
2026-05-03 20:56:47,245 - WARNING - Failed to load stage0: 'version'
2026-05-03 20:56:47,246 - WARNING - Failed to load stage3: 'version'
2026-05-03 20:56:47,279 - WARNING - Failed to load clang-meson-busybox: 'version'
2026-05-03 20:56:47,279 - WARNING - Failed to load clang-gnu-busybox: 'version'
2026-05-03 20:56:47,280 - WARNING - Failed to load gcc-gnu-busybox: 'version'
2026-05-03 20:56:47,280 - WARNING - Failed to load solidity: 'version'
2026-05-03 20:56:47,280 - WARNING - Failed to load clang-cmake-busybox: 'version'
2026-05-03 20:56:47,280 - WARNING - Failed to load gcc-gnu-gnu: 'version'
2026-05-03 20:56:47,280 - WARNING - Failed to load luarocks: 'version'
2026-05-03 20:56:47,280 - WARNING - Failed to load rust: 'version'
2026-05-03 20:56:47,280 - WARNING - Failed to load gcc: 'version'
2026-05-03 20:56:47,280 - WARNING - Failed to load php: 'version'
2026-05-03 20:56:47,280 - WARNING - Failed to load python: 'version'
2026-05-03 20:56:47,280 - WARNING - Failed to load clang: 'version'
2026-05-03 20:56:47,280 - WARNING - Failed to load nodejs: 'version'
2026-05-03 20:56:47,281 - WARNING - Failed to load cython: 'version'
2026-05-03 20:56:47,281 - WARNING - Failed to load gcc-cmake-busybox: 'version'
2026-05-03 20:56:47,281 - WARNING - Failed to load php-composer: 'version'
2026-05-03 20:56:47,281 - WARNING - Failed to load go: 'version'
2026-05-03 20:56:47,281 - WARNING - Failed to load lua: 'version'
2026-05-03 20:56:47,281 - WARNING - Failed to load cgo: 'version'
2026-05-03 20:56:47,281 - WARNING - Failed to load gcc-meson-busybox: 'version'
2026-05-03 20:56:47,286 - WARNING - Failed to load cross-x86_64-gnu-gcc: 'version'
2026-05-03 20:56:47,290 - WARNING - Failed to load filesystem: 'version'
2026-05-03 20:56:47,292 - WARNING - Failed to load profile: 'version'
2026-05-03 20:56:47,297 - INFO - Loaded 416 packages
2026-05-03 20:56:47,297 - INFO - vim has no RM.org ID, attempting to look it up...
2026-05-03 20:56:49,063 - INFO - Found project ID 5092 for vim
2026-05-03 20:56:49,063 - INFO - Found project ID 5092 for vim
2026-05-03 20:56:49,064 - INFO - Current: 9.2.0433, Latest: 9.2.0437
2026-05-03 20:56:49,064 - INFO - Updating vim to 9.2.0437
2026-05-03 20:56:49,064 - INFO - Backed up vim to /home/lrvick/Sources/stagex/scripts/backups/user/vim
2026-05-03 20:56:49,665 - INFO - Downloading from https://codeload.github.com/vim/vim/tar.gz/refs/tags/v9.2.0437
2026-05-03 20:56:52,630 - INFO - Downloaded source-9.2.0437.tar.gz (SHA256: 8fcb3380d112e001149e47c7b7e2e6d42a4bdc435be7888de82c593daa1982f6)
2026-05-03 20:56:52,630 - INFO - Updated vim to 9.2.0437
2026-05-03 20:56:55,367 - INFO - Build failed for vim
2026-05-03 20:56:55,368 - ERROR - Build failed for vim:
python3 src/targets.py > out/targets.mk
rm -rf out/core-pkgconf && \
mkdir -p out/core-pkgconf && \
mkdir -p fetch/core/pkgconf && \
python3 src/fetch.py pkgconf && \
 rm -rf packages/core/pkgconf/fetch && \
 mkdir -p packages/core/pkgconf/fetch && \
 ( [ -z "$(ls -A fetch/core/pkgconf)" ] || \
   cp -lR fetch/core/pkgconf/* packages/core/pkgconf/fetch ) && \
/bin/docker  \
  build \
  --ulimit nofile=2048:16384 \
  --tag stagex/core-pkgconf:2.5.1 \
  --provenance=false \
  --build-arg SOURCE_DATE_EPOCH=1 \
  --build-arg BUILDKIT_MULTI_PLATFORM=1 \
  --build-arg "BUILDKIT_DOCKERFILE_CHECK=skip=FromPlatformFlagConstDisallowed;error=true" \
  --output \
    name=core-pkgconf,type=oci,rewrite-timestamp=true,force-compression=true,annotation.containerd.io/distribution.source.docker.io=stagex/core-pkgconf,annotation.org.opencontainers.image.version=2.5.1,annotation.org.opencontainers.image.created=1970-01-01T00:00:01Z,tar=true,dest=- \
  --build-context fetch=fetch/core/pkgconf \
  --build-context stagex/core-busybox=oci-layout://./out/core-busybox \
  --build-context stagex/core-llvm=oci-layout://./out/core-llvm \
  --build-context stagex/core-zlib=oci-layout://./out/core-zlib \
  --build-context stagex/core-libzstd=oci-layout://./out/core-libzstd \
  --build-context stagex/core-make=oci-layout://./out/core-make \
  --build-context stagex/core-musl=oci-layout://./out/core-musl \
  --build-context stagex/core-filesystem=oci-layout://./out/core-filesystem \
  --build-arg VERSION=2.5.1 \
  --build-arg VERSION_UNDER=2_5_1 \
  --build-arg VERSION_DASH=2-5-1 \
  --build-arg VERSION_MAJOR=2 \
  --build-arg VERSION_MAJOR_MINOR=2.5 \
  --build-arg VERSION_STRIP_SUFFIX=2.5.1 \
   \
   \
   \
  --platform=linux/amd64  \
  --progress=auto  \
  -f packages/core/pkgconf/Containerfile \
  packages/core/pkgconf \
| tar -C out/core-pkgconf -mx
[Thread 139893959956280] Starting: packages/core/pkgconf/package.toml

Parsing: packages/core/pkgconf/package.toml

Validating: pkgconf
Failed verifying stored file, removing

Downloading: pkgconf-2.5.1.tar.xz
Mirror: https://distfiles.ariadne.space/pkgconf/pkgconf-2.5.1.tar.xz

...2%, 0.0078125 MB, 844 KB/s, 0.009468555450439453 seconds passed[K
...4%, 0.015625 MB, 719 KB/s, 0.022227764129638672 seconds passed[K
...7%, 0.0234375 MB, 1078 KB/s, 0.02225351333618164 seconds passed[K
...9%, 0.03125 MB, 1432 KB/s, 0.022333621978759766 seconds passed[K
...12%, 0.0390625 MB, 908 KB/s, 0.044042348861694336 seconds passed[K
...14%, 0.046875 MB, 1087 KB/s, 0.044152021408081055 seconds passed[K
...17%, 0.0546875 MB, 1268 KB/s, 0.044162750244140625 seconds passed[K
...19%, 0.0625 MB, 1445 KB/s, 0.04427671432495117 seconds passed[K
...22%, 0.0703125 MB, 1625 KB/s, 0.04428505897521973 seconds passed[K
...24%, 0.078125 MB, 1801 KB/s, 0.04440164566040039 seconds passed[K
...27%, 0.0859375 MB, 1981 KB/s, 0.04440951347351074 seconds passed[K
...29%, 0.09375 MB, 1460 KB/s, 0.06571507453918457 seconds passed[K
...32%, 0.1015625 MB, 1582 KB/s, 0.06573319435119629 seconds passed[K
...34%, 0.109375 MB, 1699 KB/s, 0.06591582298278809 seconds passed[K
...37%, 0.1171875 MB, 1820 KB/s, 0.0659332275390625 seconds passed[K
...39%, 0.125 MB, 1938 KB/s, 0.06603193283081055 seconds passed[K
...42%, 0.1328125 MB, 2059 KB/s, 0.0660407543182373 seconds passed[K
...44%, 0.140625 MB, 2175 KB/s, 0.06620287895202637 seconds passed[K
...47%, 0.1484375 MB, 2295 KB/s, 0.06621146202087402 seconds passed[K
...49%, 0.15625 MB, 2413 KB/s, 0.06629085540771484 seconds passed[K
...52%, 0.1640625 MB, 2533 KB/s, 0.0662999153137207 seconds passed[K
...54%, 0.171875 MB, 2648 KB/s, 0.06646251678466797 seconds passed[K
...57%, 0.1796875 MB, 2768 KB/s, 0.06647014617919922 seconds passed[K
...59%, 0.1875 MB, 2194 KB/s, 0.087493896484375 seconds passed[K
...62%, 0.1953125 MB, 2285 KB/s, 0.08751106262207031 seconds passed[K
...64%, 0.203125 MB, 2375 KB/s, 0.08754849433898926 seconds passed[K
...67%, 0.2109375 MB, 2466 KB/s, 0.08755874633789062 seconds passed[K
...69%, 0.21875 MB, 2555 KB/s, 0.08765435218811035 seconds passed[K
...72%, 0.2265625 MB, 2646 KB/s, 0.08767080307006836 seconds passed[K
...74%, 0.234375 MB, 2733 KB/s, 0.08780980110168457 seconds passed[K
...77%, 0.2421875 MB, 2823 KB/s, 0.08781886100769043 seconds passed[K
...79%, 0.25 MB, 2911 KB/s, 0.0879209041595459 seconds passed[K
...82%, 0.2578125 MB, 3002 KB/s, 0.08792948722839355 seconds passed[K
...84%, 0.265625 MB, 3087 KB/s, 0.0880892276763916 seconds passed[K
...87%, 0.2734375 MB, 3178 KB/s, 0.08809781074523926 seconds passed[K
...89%, 0.28125 MB, 3265 KB/s, 0.08820319175720215 seconds passed[K
...92%, 0.2890625 MB, 3355 KB/s, 0.0882112979888916 seconds passed[K
...94%, 0.296875 MB, 3441 KB/s, 0.08833909034729004 seconds passed[K
...97%, 0.3046875 MB, 3531 KB/s, 0.08834695816040039 seconds passed[K
...99%, 0.3125 MB, 3613 KB/s, 0.08855390548706055 seconds passed[K
...102%, 0.3203125 MB, 3701 KB/s, 0.08860564231872559 seconds passed[K
Finished downloading: pkgconf-2.5.1.tar.xz
Failed verifying downloaded file, from mirror: {url}
[Thread 139893959956280] Finished: packages/core/pkgconf/package.toml in 0.19s


Failed: [('pkgconf-2.5.1.tar.xz', 'ab89d59810d9cad5dfcd508f25efab8ea0b1c8e7bad91c2b6351f13e6a5940d8', 'https://distfiles.ariadne.space/pkgconf/pkgconf-2.5.1.tar.xz', 'verify_download')]
make: *** [out/targets.mk:8568: out/core-pkgconf/index.json] Error 1

2026-05-03 20:56:55,368 - INFO - Processing vimdiff...
2026-05-03 20:56:55,369 - INFO - Processing xxd...
2026-05-03 20:56:55,369 - INFO - Processing jq...
2026-05-03 20:56:55,375 - WARNING - Failed to load stage2: 'version'
2026-05-03 20:56:55,375 - WARNING - Failed to load stage0: 'version'
2026-05-03 20:56:55,376 - WARNING - Failed to load stage3: 'version'
2026-05-03 20:56:55,411 - WARNING - Failed to load clang-meson-busybox: 'version'
2026-05-03 20:56:55,411 - WARNING - Failed to load clang-gnu-busybox: 'version'
2026-05-03 20:56:55,411 - WARNING - Failed to load gcc-gnu-busybox: 'version'
2026-05-03 20:56:55,411 - WARNING - Failed to load solidity: 'version'
2026-05-03 20:56:55,411 - WARNING - Failed to load clang-cmake-busybox: 'version'
2026-05-03 20:56:55,411 - WARNING - Failed to load gcc-gnu-gnu: 'version'
2026-05-03 20:56:55,411 - WARNING - Failed to load luarocks: 'version'
2026-05-03 20:56:55,411 - WARNING - Failed to load rust: 'version'
2026-05-03 20:56:55,411 - WARNING - Failed to load gcc: 'version'
2026-05-03 20:56:55,412 - WARNING - Failed to load php: 'version'
2026-05-03 20:56:55,412 - WARNING - Failed to load python: 'version'
2026-05-03 20:56:55,412 - WARNING - Failed to load clang: 'version'
2026-05-03 20:56:55,412 - WARNING - Failed to load nodejs: 'version'
2026-05-03 20:56:55,412 - WARNING - Failed to load cython: 'version'
2026-05-03 20:56:55,412 - WARNING - Failed to load gcc-cmake-busybox: 'version'
2026-05-03 20:56:55,412 - WARNING - Failed to load php-composer: 'version'
2026-05-03 20:56:55,412 - WARNING - Failed to load go: 'version'
2026-05-03 20:56:55,412 - WARNING - Failed to load lua: 'version'
2026-05-03 20:56:55,412 - WARNING - Failed to load cgo: 'version'
2026-05-03 20:56:55,412 - WARNING - Failed to load gcc-meson-busybox: 'version'
2026-05-03 20:56:55,417 - WARNING - Failed to load cross-x86_64-gnu-gcc: 'version'
2026-05-03 20:56:55,422 - WARNING - Failed to load filesystem: 'version'
2026-05-03 20:56:55,423 - WARNING - Failed to load profile: 'version'
2026-05-03 20:56:55,429 - INFO - Loaded 416 packages
2026-05-03 20:56:55,429 - INFO - jq has no RM.org ID, attempting to look it up...
2026-05-03 20:56:56,082 - INFO - Found project ID 13252 for jq
2026-05-03 20:56:56,083 - INFO - Found project ID 13252 for jq
2026-05-03 20:56:56,083 - INFO - Current: 1.8.1, Latest: 1.8.2rc1
2026-05-03 20:56:56,083 - INFO - Updating jq to 1.8.2rc1
2026-05-03 20:56:56,083 - INFO - Backed up jq to /home/lrvick/Sources/stagex/scripts/backups/user/jq
2026-05-03 20:56:56,297 - ERROR - No working download URL found for version 1.8.2rc1
2026-05-03 20:56:56,297 - ERROR - Failed to download source for jq
2026-05-03 20:56:56,298 - INFO - Processing ksops...
2026-05-03 20:56:56,298 - INFO - Processing grpcurl...
2026-05-03 20:56:56,304 - WARNING - Failed to load stage2: 'version'
2026-05-03 20:56:56,305 - WARNING - Failed to load stage0: 'version'
2026-05-03 20:56:56,305 - WARNING - Failed to load stage3: 'version'
2026-05-03 20:56:56,339 - WARNING - Failed to load clang-meson-busybox: 'version'
2026-05-03 20:56:56,339 - WARNING - Failed to load clang-gnu-busybox: 'version'
2026-05-03 20:56:56,339 - WARNING - Failed to load gcc-gnu-busybox: 'version'
2026-05-03 20:56:56,340 - WARNING - Failed to load solidity: 'version'
2026-05-03 20:56:56,340 - WARNING - Failed to load clang-cmake-busybox: 'version'
2026-05-03 20:56:56,340 - WARNING - Failed to load gcc-gnu-gnu: 'version'
2026-05-03 20:56:56,340 - WARNING - Failed to load luarocks: 'version'
2026-05-03 20:56:56,340 - WARNING - Failed to load rust: 'version'
2026-05-03 20:56:56,340 - WARNING - Failed to load gcc: 'version'
2026-05-03 20:56:56,340 - WARNING - Failed to load php: 'version'
2026-05-03 20:56:56,340 - WARNING - Failed to load python: 'version'
2026-05-03 20:56:56,340 - WARNING - Failed to load clang: 'version'
2026-05-03 20:56:56,340 - WARNING - Failed to load nodejs: 'version'
2026-05-03 20:56:56,340 - WARNING - Failed to load cython: 'version'
2026-05-03 20:56:56,341 - WARNING - Failed to load gcc-cmake-busybox: 'version'
2026-05-03 20:56:56,341 - WARNING - Failed to load php-composer: 'version'
2026-05-03 20:56:56,341 - WARNING - Failed to load go: 'version'
2026-05-03 20:56:56,341 - WARNING - Failed to load lua: 'version'
2026-05-03 20:56:56,341 - WARNING - Failed to load cgo: 'version'
2026-05-03 20:56:56,341 - WARNING - Failed to load gcc-meson-busybox: 'version'
2026-05-03 20:56:56,346 - WARNING - Failed to load cross-x86_64-gnu-gcc: 'version'
2026-05-03 20:56:56,350 - WARNING - Failed to load filesystem: 'version'
2026-05-03 20:56:56,352 - WARNING - Failed to load profile: 'version'
2026-05-03 20:56:56,357 - INFO - Loaded 416 packages
2026-05-03 20:56:56,357 - INFO - grpcurl has no RM.org ID, attempting to look it up...
2026-05-03 20:56:56,935 - INFO - Found project ID 242687 for grpcurl
2026-05-03 20:56:56,935 - INFO - Found project ID 242687 for grpcurl
2026-05-03 20:56:56,935 - INFO - Current: 1.9.3, Latest: 1.9.3
2026-05-03 20:56:56,935 - INFO - grpcurl is up to date
2026-05-03 20:56:56,935 - INFO - Processing libaio...
2026-05-03 20:56:56,942 - WARNING - Failed to load stage2: 'version'
2026-05-03 20:56:56,942 - WARNING - Failed to load stage0: 'version'
2026-05-03 20:56:56,943 - WARNING - Failed to load stage3: 'version'
2026-05-03 20:56:56,976 - WARNING - Failed to load clang-meson-busybox: 'version'
2026-05-03 20:56:56,977 - WARNING - Failed to load clang-gnu-busybox: 'version'
2026-05-03 20:56:56,977 - WARNING - Failed to load gcc-gnu-busybox: 'version'
2026-05-03 20:56:56,977 - WARNING - Failed to load solidity: 'version'
2026-05-03 20:56:56,977 - WARNING - Failed to load clang-cmake-busybox: 'version'
2026-05-03 20:56:56,977 - WARNING - Failed to load gcc-gnu-gnu: 'version'
2026-05-03 20:56:56,977 - WARNING - Failed to load luarocks: 'version'
2026-05-03 20:56:56,977 - WARNING - Failed to load rust: 'version'
2026-05-03 20:56:56,977 - WARNING - Failed to load gcc: 'version'
2026-05-03 20:56:56,977 - WARNING - Failed to load php: 'version'
2026-05-03 20:56:56,977 - WARNING - Failed to load python: 'version'
2026-05-03 20:56:56,978 - WARNING - Failed to load clang: 'version'
2026-05-03 20:56:56,978 - WARNING - Failed to load nodejs: 'version'
2026-05-03 20:56:56,978 - WARNING - Failed to load cython: 'version'
2026-05-03 20:56:56,978 - WARNING - Failed to load gcc-cmake-busybox: 'version'
2026-05-03 20:56:56,978 - WARNING - Failed to load php-composer: 'version'
2026-05-03 20:56:56,978 - WARNING - Failed to load go: 'version'
2026-05-03 20:56:56,978 - WARNING - Failed to load lua: 'version'
2026-05-03 20:56:56,978 - WARNING - Failed to load cgo: 'version'
2026-05-03 20:56:56,978 - WARNING - Failed to load gcc-meson-busybox: 'version'
2026-05-03 20:56:56,983 - WARNING - Failed to load cross-x86_64-gnu-gcc: 'version'
2026-05-03 20:56:56,988 - WARNING - Failed to load filesystem: 'version'
2026-05-03 20:56:56,989 - WARNING - Failed to load profile: 'version'
2026-05-03 20:56:56,995 - INFO - Loaded 416 packages
2026-05-03 20:56:56,995 - INFO - libaio has no RM.org ID, attempting to look it up...
2026-05-03 20:56:57,563 - INFO - Found project ID 1557 for libaio
2026-05-03 20:56:57,563 - INFO - Found project ID 1557 for libaio
2026-05-03 20:56:57,563 - INFO - Current: 0.3.113, Latest: 0.3.113
2026-05-03 20:56:57,563 - INFO - libaio is up to date
2026-05-03 20:56:57,563 - INFO - Processing aspell...
2026-05-03 20:56:57,570 - WARNING - Failed to load stage2: 'version'
2026-05-03 20:56:57,570 - WARNING - Failed to load stage0: 'version'
2026-05-03 20:56:57,571 - WARNING - Failed to load stage3: 'version'
2026-05-03 20:56:57,604 - WARNING - Failed to load clang-meson-busybox: 'version'
2026-05-03 20:56:57,604 - WARNING - Failed to load clang-gnu-busybox: 'version'
2026-05-03 20:56:57,604 - WARNING - Failed to load gcc-gnu-busybox: 'version'
2026-05-03 20:56:57,605 - WARNING - Failed to load solidity: 'version'
2026-05-03 20:56:57,605 - WARNING - Failed to load clang-cmake-busybox: 'version'
2026-05-03 20:56:57,605 - WARNING - Failed to load gcc-gnu-gnu: 'version'
2026-05-03 20:56:57,605 - WARNING - Failed to load luarocks: 'version'
2026-05-03 20:56:57,605 - WARNING - Failed to load rust: 'version'
2026-05-03 20:56:57,605 - WARNING - Failed to load gcc: 'version'
2026-05-03 20:56:57,605 - WARNING - Failed to load php: 'version'
2026-05-03 20:56:57,605 - WARNING - Failed to load python: 'version'
2026-05-03 20:56:57,605 - WARNING - Failed to load clang: 'version'
2026-05-03 20:56:57,605 - WARNING - Failed to load nodejs: 'version'
2026-05-03 20:56:57,605 - WARNING - Failed to load cython: 'version'
2026-05-03 20:56:57,606 - WARNING - Failed to load gcc-cmake-busybox: 'version'
2026-05-03 20:56:57,606 - WARNING - Failed to load php-composer: 'version'
2026-05-03 20:56:57,606 - WARNING - Failed to load go: 'version'
2026-05-03 20:56:57,606 - WARNING - Failed to load lua: 'version'
2026-05-03 20:56:57,606 - WARNING - Failed to load cgo: 'version'
2026-05-03 20:56:57,606 - WARNING - Failed to load gcc-meson-busybox: 'version'
2026-05-03 20:56:57,611 - WARNING - Failed to load cross-x86_64-gnu-gcc: 'version'
2026-05-03 20:56:57,615 - WARNING - Failed to load filesystem: 'version'
2026-05-03 20:56:57,616 - WARNING - Failed to load profile: 'version'
2026-05-03 20:56:57,622 - INFO - Loaded 416 packages
2026-05-03 20:56:57,622 - INFO - aspell has no RM.org ID, attempting to look it up...
2026-05-03 20:56:58,243 - INFO - Found project ID 120 for aspell
2026-05-03 20:56:58,244 - INFO - Found project ID 120 for aspell
2026-05-03 20:56:58,244 - INFO - Current: 0.60.8.2, Latest: 0.60.8.2
2026-05-03 20:56:58,244 - INFO - aspell is up to date
2026-05-03 20:56:58,244 - INFO - Processing patch...
2026-05-03 20:56:58,251 - WARNING - Failed to load stage2: 'version'
2026-05-03 20:56:58,251 - WARNING - Failed to load stage0: 'version'
2026-05-03 20:56:58,251 - WARNING - Failed to load stage3: 'version'
2026-05-03 20:56:58,285 - WARNING - Failed to load clang-meson-busybox: 'version'
2026-05-03 20:56:58,285 - WARNING - Failed to load clang-gnu-busybox: 'version'
2026-05-03 20:56:58,285 - WARNING - Failed to load gcc-gnu-busybox: 'version'
2026-05-03 20:56:58,285 - WARNING - Failed to load solidity: 'version'
2026-05-03 20:56:58,285 - WARNING - Failed to load clang-cmake-busybox: 'version'
2026-05-03 20:56:58,285 - WARNING - Failed to load gcc-gnu-gnu: 'version'
2026-05-03 20:56:58,285 - WARNING - Failed to load luarocks: 'version'
2026-05-03 20:56:58,285 - WARNING - Failed to load rust: 'version'
2026-05-03 20:56:58,285 - WARNING - Failed to load gcc: 'version'
2026-05-03 20:56:58,286 - WARNING - Failed to load php: 'version'
2026-05-03 20:56:58,286 - WARNING - Failed to load python: 'version'
2026-05-03 20:56:58,286 - WARNING - Failed to load clang: 'version'
2026-05-03 20:56:58,286 - WARNING - Failed to load nodejs: 'version'
2026-05-03 20:56:58,286 - WARNING - Failed to load cython: 'version'
2026-05-03 20:56:58,286 - WARNING - Failed to load gcc-cmake-busybox: 'version'
2026-05-03 20:56:58,286 - WARNING - Failed to load php-composer: 'version'
2026-05-03 20:56:58,286 - WARNING - Failed to load go: 'version'
2026-05-03 20:56:58,286 - WARNING - Failed to load lua: 'version'
2026-05-03 20:56:58,286 - WARNING - Failed to load cgo: 'version'
2026-05-03 20:56:58,286 - WARNING - Failed to load gcc-meson-busybox: 'version'
2026-05-03 20:56:58,291 - WARNING - Failed to load cross-x86_64-gnu-gcc: 'version'
2026-05-03 20:56:58,296 - WARNING - Failed to load filesystem: 'version'
2026-05-03 20:56:58,297 - WARNING - Failed to load profile: 'version'
2026-05-03 20:56:58,303 - INFO - Loaded 416 packages
2026-05-03 20:56:58,303 - INFO - patch has no RM.org ID, attempting to look it up...
2026-05-03 20:56:58,880 - INFO - Found project ID 379286 for patch
2026-05-03 20:56:58,880 - INFO - Found project ID 379286 for patch
2026-05-03 20:56:58,880 - INFO - Current: 2.8, Latest: 3.1.0
2026-05-03 20:56:58,880 - INFO - Updating patch to 3.1.0
2026-05-03 20:56:58,880 - INFO - Backed up patch to /home/lrvick/Sources/stagex/scripts/backups/user/patch
2026-05-03 20:57:00,077 - ERROR - No working download URL found for version 3.1.0
2026-05-03 20:57:00,077 - ERROR - Failed to download source for patch
2026-05-03 20:57:00,077 - INFO - Processing numactl...
2026-05-03 20:57:00,083 - WARNING - Failed to load stage2: 'version'
2026-05-03 20:57:00,083 - WARNING - Failed to load stage0: 'version'
2026-05-03 20:57:00,084 - WARNING - Failed to load stage3: 'version'
2026-05-03 20:57:00,117 - WARNING - Failed to load clang-meson-busybox: 'version'
2026-05-03 20:57:00,117 - WARNING - Failed to load clang-gnu-busybox: 'version'
2026-05-03 20:57:00,117 - WARNING - Failed to load gcc-gnu-busybox: 'version'
2026-05-03 20:57:00,118 - WARNING - Failed to load solidity: 'version'
2026-05-03 20:57:00,118 - WARNING - Failed to load clang-cmake-busybox: 'version'
2026-05-03 20:57:00,118 - WARNING - Failed to load gcc-gnu-gnu: 'version'
2026-05-03 20:57:00,118 - WARNING - Failed to load luarocks: 'version'
2026-05-03 20:57:00,118 - WARNING - Failed to load rust: 'version'
2026-05-03 20:57:00,118 - WARNING - Failed to load gcc: 'version'
2026-05-03 20:57:00,118 - WARNING - Failed to load php: 'version'
2026-05-03 20:57:00,118 - WARNING - Failed to load python: 'version'
2026-05-03 20:57:00,118 - WARNING - Failed to load clang: 'version'
2026-05-03 20:57:00,118 - WARNING - Failed to load nodejs: 'version'
2026-05-03 20:57:00,118 - WARNING - Failed to load cython: 'version'
2026-05-03 20:57:00,119 - WARNING - Failed to load gcc-cmake-busybox: 'version'
2026-05-03 20:57:00,119 - WARNING - Failed to load php-composer: 'version'
2026-05-03 20:57:00,119 - WARNING - Failed to load go: 'version'
2026-05-03 20:57:00,119 - WARNING - Failed to load lua: 'version'
2026-05-03 20:57:00,119 - WARNING - Failed to load cgo: 'version'
2026-05-03 20:57:00,119 - WARNING - Failed to load gcc-meson-busybox: 'version'
2026-05-03 20:57:00,124 - WARNING - Failed to load cross-x86_64-gnu-gcc: 'version'
2026-05-03 20:57:00,128 - WARNING - Failed to load filesystem: 'version'
2026-05-03 20:57:00,129 - WARNING - Failed to load profile: 'version'
2026-05-03 20:57:00,135 - INFO - Loaded 416 packages
2026-05-03 20:57:00,135 - INFO - numactl has no RM.org ID, attempting to look it up...
2026-05-03 20:57:00,713 - INFO - Found project ID 2507 for numactl
2026-05-03 20:57:00,713 - INFO - Found project ID 2507 for numactl
2026-05-03 20:57:00,713 - INFO - Current: 2.0.19, Latest: 2.0.19
2026-05-03 20:57:00,713 - INFO - numactl is up to date
2026-05-03 20:57:00,713 - INFO - Processing hunspell...
2026-05-03 20:57:00,720 - WARNING - Failed to load stage2: 'version'
2026-05-03 20:57:00,723 - WARNING - Failed to load stage0: 'version'
2026-05-03 20:57:00,723 - WARNING - Failed to load stage3: 'version'
2026-05-03 20:57:00,757 - WARNING - Failed to load clang-meson-busybox: 'version'
2026-05-03 20:57:00,757 - WARNING - Failed to load clang-gnu-busybox: 'version'
2026-05-03 20:57:00,757 - WARNING - Failed to load gcc-gnu-busybox: 'version'
2026-05-03 20:57:00,757 - WARNING - Failed to load solidity: 'version'
2026-05-03 20:57:00,757 - WARNING - Failed to load clang-cmake-busybox: 'version'
2026-05-03 20:57:00,757 - WARNING - Failed to load gcc-gnu-gnu: 'version'
2026-05-03 20:57:00,757 - WARNING - Failed to load luarocks: 'version'
2026-05-03 20:57:00,758 - WARNING - Failed to load rust: 'version'
2026-05-03 20:57:00,758 - WARNING - Failed to load gcc: 'version'
2026-05-03 20:57:00,758 - WARNING - Failed to load php: 'version'
2026-05-03 20:57:00,758 - WARNING - Failed to load python: 'version'
2026-05-03 20:57:00,758 - WARNING - Failed to load clang: 'version'
2026-05-03 20:57:00,758 - WARNING - Failed to load nodejs: 'version'
2026-05-03 20:57:00,758 - WARNING - Failed to load cython: 'version'
2026-05-03 20:57:00,758 - WARNING - Failed to load gcc-cmake-busybox: 'version'
2026-05-03 20:57:00,758 - WARNING - Failed to load php-composer: 'version'
2026-05-03 20:57:00,758 - WARNING - Failed to load go: 'version'
2026-05-03 20:57:00,758 - WARNING - Failed to load lua: 'version'
2026-05-03 20:57:00,758 - WARNING - Failed to load cgo: 'version'
2026-05-03 20:57:00,759 - WARNING - Failed to load gcc-meson-busybox: 'version'
2026-05-03 20:57:00,764 - WARNING - Failed to load cross-x86_64-gnu-gcc: 'version'
2026-05-03 20:57:00,768 - WARNING - Failed to load filesystem: 'version'
2026-05-03 20:57:00,769 - WARNING - Failed to load profile: 'version'
2026-05-03 20:57:00,775 - INFO - Loaded 416 packages
2026-05-03 20:57:00,775 - INFO - hunspell has no RM.org ID, attempting to look it up...
2026-05-03 20:57:01,424 - INFO - Found project ID 1343 for hunspell
2026-05-03 20:57:01,424 - INFO - Found project ID 1343 for hunspell
2026-05-03 20:57:01,425 - INFO - Current: 1.7.2, Latest: 1.7.2
2026-05-03 20:57:01,425 - INFO - hunspell is up to date
2026-05-03 20:57:01,425 - INFO - Processing libarchive...
2026-05-03 20:57:01,432 - WARNING - Failed to load stage2: 'version'
2026-05-03 20:57:01,432 - WARNING - Failed to load stage0: 'version'
2026-05-03 20:57:01,433 - WARNING - Failed to load stage3: 'version'
2026-05-03 20:57:01,466 - WARNING - Failed to load clang-meson-busybox: 'version'
2026-05-03 20:57:01,466 - WARNING - Failed to load clang-gnu-busybox: 'version'
2026-05-03 20:57:01,466 - WARNING - Failed to load gcc-gnu-busybox: 'version'
2026-05-03 20:57:01,466 - WARNING - Failed to load solidity: 'version'
2026-05-03 20:57:01,466 - WARNING - Failed to load clang-cmake-busybox: 'version'
2026-05-03 20:57:01,467 - WARNING - Failed to load gcc-gnu-gnu: 'version'
2026-05-03 20:57:01,467 - WARNING - Failed to load luarocks: 'version'
2026-05-03 20:57:01,467 - WARNING - Failed to load rust: 'version'
2026-05-03 20:57:01,467 - WARNING - Failed to load gcc: 'version'
2026-05-03 20:57:01,467 - WARNING - Failed to load php: 'version'
2026-05-03 20:57:01,467 - WARNING - Failed to load python: 'version'
2026-05-03 20:57:01,467 - WARNING - Failed to load clang: 'version'
2026-05-03 20:57:01,467 - WARNING - Failed to load nodejs: 'version'
2026-05-03 20:57:01,467 - WARNING - Failed to load cython: 'version'
2026-05-03 20:57:01,467 - WARNING - Failed to load gcc-cmake-busybox: 'version'
2026-05-03 20:57:01,467 - WARNING - Failed to load php-composer: 'version'
2026-05-03 20:57:01,468 - WARNING - Failed to load go: 'version'
2026-05-03 20:57:01,468 - WARNING - Failed to load lua: 'version'
2026-05-03 20:57:01,468 - WARNING - Failed to load cgo: 'version'
2026-05-03 20:57:01,468 - WARNING - Failed to load gcc-meson-busybox: 'version'
2026-05-03 20:57:01,473 - WARNING - Failed to load cross-x86_64-gnu-gcc: 'version'
2026-05-03 20:57:01,477 - WARNING - Failed to load filesystem: 'version'
2026-05-03 20:57:01,478 - WARNING - Failed to load profile: 'version'
2026-05-03 20:57:01,484 - INFO - Loaded 416 packages
2026-05-03 20:57:01,484 - INFO - libarchive has no RM.org ID, attempting to look it up...
2026-05-03 20:57:02,062 - INFO - Found project ID 1558 for libarchive
2026-05-03 20:57:02,062 - INFO - Found project ID 1558 for libarchive
2026-05-03 20:57:02,062 - INFO - Current: 3.8.7, Latest: 3.8.7
2026-05-03 20:57:02,062 - INFO - libarchive is up to date
2026-05-03 20:57:02,062 - INFO - Processing elfutils...
2026-05-03 20:57:02,069 - WARNING - Failed to load stage2: 'version'
2026-05-03 20:57:02,069 - WARNING - Failed to load stage0: 'version'
2026-05-03 20:57:02,070 - WARNING - Failed to load stage3: 'version'
2026-05-03 20:57:02,103 - WARNING - Failed to load clang-meson-busybox: 'version'
2026-05-03 20:57:02,103 - WARNING - Failed to load clang-gnu-busybox: 'version'
2026-05-03 20:57:02,104 - WARNING - Failed to load gcc-gnu-busybox: 'version'
2026-05-03 20:57:02,104 - WARNING - Failed to load solidity: 'version'
2026-05-03 20:57:02,104 - WARNING - Failed to load clang-cmake-busybox: 'version'
2026-05-03 20:57:02,104 - WARNING - Failed to load gcc-gnu-gnu: 'version'
2026-05-03 20:57:02,104 - WARNING - Failed to load luarocks: 'version'
2026-05-03 20:57:02,104 - WARNING - Failed to load rust: 'version'
2026-05-03 20:57:02,104 - WARNING - Failed to load gcc: 'version'
2026-05-03 20:57:02,104 - WARNING - Failed to load php: 'version'
2026-05-03 20:57:02,104 - WARNING - Failed to load python: 'version'
2026-05-03 20:57:02,104 - WARNING - Failed to load clang: 'version'
2026-05-03 20:57:02,104 - WARNING - Failed to load nodejs: 'version'
2026-05-03 20:57:02,105 - WARNING - Failed to load cython: 'version'
2026-05-03 20:57:02,105 - WARNING - Failed to load gcc-cmake-busybox: 'version'
2026-05-03 20:57:02,105 - WARNING - Failed to load php-composer: 'version'
2026-05-03 20:57:02,105 - WARNING - Failed to load go: 'version'
2026-05-03 20:57:02,105 - WARNING - Failed to load lua: 'version'
2026-05-03 20:57:02,105 - WARNING - Failed to load cgo: 'version'
2026-05-03 20:57:02,105 - WARNING - Failed to load gcc-meson-busybox: 'version'
2026-05-03 20:57:02,110 - WARNING - Failed to load cross-x86_64-gnu-gcc: 'version'
2026-05-03 20:57:02,114 - WARNING - Failed to load filesystem: 'version'
2026-05-03 20:57:02,116 - WARNING - Failed to load profile: 'version'
2026-05-03 20:57:02,121 - INFO - Loaded 416 packages
2026-05-03 20:57:02,121 - INFO - elfutils has no RM.org ID, attempting to look it up...
2026-05-03 20:57:02,693 - INFO - Found project ID 5679 for elfutils
2026-05-03 20:57:02,693 - INFO - Found project ID 5679 for elfutils
2026-05-03 20:57:02,693 - INFO - Current: 0.193, Latest: 0.195
2026-05-03 20:57:02,693 - INFO - Updating elfutils to 0.195
2026-05-03 20:57:02,694 - INFO - Backed up elfutils to /home/lrvick/Sources/stagex/scripts/backups/user/elfutils
2026-05-03 20:57:02,952 - ERROR - No working download URL found for version 0.195
2026-05-03 20:57:02,952 - ERROR - Failed to download source for elfutils
2026-05-03 20:57:02,952 - INFO - Processing scdoc...
2026-05-03 20:57:02,959 - WARNING - Failed to load stage2: 'version'
2026-05-03 20:57:02,959 - WARNING - Failed to load stage0: 'version'
2026-05-03 20:57:02,960 - WARNING - Failed to load stage3: 'version'
2026-05-03 20:57:02,993 - WARNING - Failed to load clang-meson-busybox: 'version'
2026-05-03 20:57:02,993 - WARNING - Failed to load clang-gnu-busybox: 'version'
2026-05-03 20:57:02,993 - WARNING - Failed to load gcc-gnu-busybox: 'version'
2026-05-03 20:57:02,993 - WARNING - Failed to load solidity: 'version'
2026-05-03 20:57:02,993 - WARNING - Failed to load clang-cmake-busybox: 'version'
2026-05-03 20:57:02,994 - WARNING - Failed to load gcc-gnu-gnu: 'version'
2026-05-03 20:57:02,994 - WARNING - Failed to load luarocks: 'version'
2026-05-03 20:57:02,994 - WARNING - Failed to load rust: 'version'
2026-05-03 20:57:02,994 - WARNING - Failed to load gcc: 'version'
2026-05-03 20:57:02,994 - WARNING - Failed to load php: 'version'
2026-05-03 20:57:02,994 - WARNING - Failed to load python: 'version'
2026-05-03 20:57:02,994 - WARNING - Failed to load clang: 'version'
2026-05-03 20:57:02,994 - WARNING - Failed to load nodejs: 'version'
2026-05-03 20:57:02,994 - WARNING - Failed to load cython: 'version'
2026-05-03 20:57:02,994 - WARNING - Failed to load gcc-cmake-busybox: 'version'
2026-05-03 20:57:02,994 - WARNING - Failed to load php-composer: 'version'
2026-05-03 20:57:02,995 - WARNING - Failed to load go: 'version'
2026-05-03 20:57:02,995 - WARNING - Failed to load lua: 'version'
2026-05-03 20:57:02,995 - WARNING - Failed to load cgo: 'version'
2026-05-03 20:57:02,995 - WARNING - Failed to load gcc-meson-busybox: 'version'
2026-05-03 20:57:03,000 - WARNING - Failed to load cross-x86_64-gnu-gcc: 'version'
2026-05-03 20:57:03,004 - WARNING - Failed to load filesystem: 'version'
2026-05-03 20:57:03,005 - WARNING - Failed to load profile: 'version'
2026-05-03 20:57:03,011 - INFO - Loaded 416 packages
2026-05-03 20:57:03,011 - INFO - scdoc has no RM.org ID, attempting to look it up...
2026-05-03 20:57:03,588 - INFO - Found project ID 68662 for scdoc
2026-05-03 20:57:03,588 - INFO - Found project ID 68662 for scdoc
2026-05-03 20:57:03,588 - INFO - Current: 1.11.3, Latest: 1.11.3
2026-05-03 20:57:03,588 - INFO - scdoc is up to date
2026-05-03 20:57:03,589 - INFO - Processing kmod...
2026-05-03 20:57:03,595 - WARNING - Failed to load stage2: 'version'
2026-05-03 20:57:03,596 - WARNING - Failed to load stage0: 'version'
2026-05-03 20:57:03,596 - WARNING - Failed to load stage3: 'version'
2026-05-03 20:57:03,630 - WARNING - Failed to load clang-meson-busybox: 'version'
2026-05-03 20:57:03,630 - WARNING - Failed to load clang-gnu-busybox: 'version'
2026-05-03 20:57:03,630 - WARNING - Failed to load gcc-gnu-busybox: 'version'
2026-05-03 20:57:03,630 - WARNING - Failed to load solidity: 'version'
2026-05-03 20:57:03,630 - WARNING - Failed to load clang-cmake-busybox: 'version'
2026-05-03 20:57:03,630 - WARNING - Failed to load gcc-gnu-gnu: 'version'
2026-05-03 20:57:03,630 - WARNING - Failed to load luarocks: 'version'
2026-05-03 20:57:03,630 - WARNING - Failed to load rust: 'version'
2026-05-03 20:57:03,630 - WARNING - Failed to load gcc: 'version'
2026-05-03 20:57:03,631 - WARNING - Failed to load php: 'version'
2026-05-03 20:57:03,631 - WARNING - Failed to load python: 'version'
2026-05-03 20:57:03,631 - WARNING - Failed to load clang: 'version'
2026-05-03 20:57:03,631 - WARNING - Failed to load nodejs: 'version'
2026-05-03 20:57:03,631 - WARNING - Failed to load cython: 'version'
2026-05-03 20:57:03,631 - WARNING - Failed to load gcc-cmake-busybox: 'version'
2026-05-03 20:57:03,631 - WARNING - Failed to load php-composer: 'version'
2026-05-03 20:57:03,631 - WARNING - Failed to load go: 'version'
2026-05-03 20:57:03,631 - WARNING - Failed to load lua: 'version'
2026-05-03 20:57:03,631 - WARNING - Failed to load cgo: 'version'
2026-05-03 20:57:03,631 - WARNING - Failed to load gcc-meson-busybox: 'version'
2026-05-03 20:57:03,636 - WARNING - Failed to load cross-x86_64-gnu-gcc: 'version'
2026-05-03 20:57:03,641 - WARNING - Failed to load filesystem: 'version'
2026-05-03 20:57:03,642 - WARNING - Failed to load profile: 'version'
2026-05-03 20:57:03,648 - INFO - Loaded 416 packages
2026-05-03 20:57:03,648 - INFO - kmod has no RM.org ID, attempting to look it up...
2026-05-03 20:57:04,201 - INFO - Found project ID 1517 for kmod
2026-05-03 20:57:04,201 - INFO - Found project ID 1517 for kmod
2026-05-03 20:57:04,201 - INFO - Current: 34.2, Latest: 34.2
2026-05-03 20:57:04,201 - INFO - kmod is up to date
2026-05-03 20:57:04,201 - INFO - Processing linux...
2026-05-03 20:57:04,208 - WARNING - Failed to load stage2: 'version'
2026-05-03 20:57:04,208 - WARNING - Failed to load stage0: 'version'
2026-05-03 20:57:04,209 - WARNING - Failed to load stage3: 'version'
2026-05-03 20:57:04,242 - WARNING - Failed to load clang-meson-busybox: 'version'
2026-05-03 20:57:04,242 - WARNING - Failed to load clang-gnu-busybox: 'version'
2026-05-03 20:57:04,242 - WARNING - Failed to load gcc-gnu-busybox: 'version'
2026-05-03 20:57:04,242 - WARNING - Failed to load solidity: 'version'
2026-05-03 20:57:04,242 - WARNING - Failed to load clang-cmake-busybox: 'version'
2026-05-03 20:57:04,242 - WARNING - Failed to load gcc-gnu-gnu: 'version'
2026-05-03 20:57:04,243 - WARNING - Failed to load luarocks: 'version'
2026-05-03 20:57:04,243 - WARNING - Failed to load rust: 'version'
2026-05-03 20:57:04,243 - WARNING - Failed to load gcc: 'version'
2026-05-03 20:57:04,243 - WARNING - Failed to load php: 'version'
2026-05-03 20:57:04,243 - WARNING - Failed to load python: 'version'
2026-05-03 20:57:04,243 - WARNING - Failed to load clang: 'version'
2026-05-03 20:57:04,243 - WARNING - Failed to load nodejs: 'version'
2026-05-03 20:57:04,243 - WARNING - Failed to load cython: 'version'
2026-05-03 20:57:04,243 - WARNING - Failed to load gcc-cmake-busybox: 'version'
2026-05-03 20:57:04,243 - WARNING - Failed to load php-composer: 'version'
2026-05-03 20:57:04,243 - WARNING - Failed to load go: 'version'
2026-05-03 20:57:04,244 - WARNING - Failed to load lua: 'version'
2026-05-03 20:57:04,244 - WARNING - Failed to load cgo: 'version'
2026-05-03 20:57:04,244 - WARNING - Failed to load gcc-meson-busybox: 'version'
2026-05-03 20:57:04,249 - WARNING - Failed to load cross-x86_64-gnu-gcc: 'version'
2026-05-03 20:57:04,253 - WARNING - Failed to load filesystem: 'version'
2026-05-03 20:57:04,254 - WARNING - Failed to load profile: 'version'
2026-05-03 20:57:04,260 - INFO - Loaded 416 packages
2026-05-03 20:57:04,260 - INFO - linux has no RM.org ID, attempting to look it up...
2026-05-03 20:57:05,005 - INFO - Found project ID 358810 for linux
2026-05-03 20:57:05,005 - INFO - Found project ID 358810 for linux
2026-05-03 20:57:05,005 - INFO - Current: 7.0, Latest: 7.1-rc1
2026-05-03 20:57:05,005 - INFO - Updating linux to 7.1-rc1
2026-05-03 20:57:05,006 - INFO - Backed up linux to /home/lrvick/Sources/stagex/scripts/backups/user/linux
2026-05-03 20:57:05,310 - INFO - Downloading from https://git.kernel.org/pub/scm/linux/kernel/git/torvalds/linux.git/snapshot/linux-7.1-rc1.tar.gz
2026-05-03 20:57:05,537 - ERROR - Download failed: HTTP Error 403: Forbidden
2026-05-03 20:57:05,537 - ERROR - Failed to download source for linux
2026-05-03 20:57:05,537 - INFO - Processing gen_initramfs...
2026-05-03 20:57:05,537 - INFO - Processing kustomize...
2026-05-03 20:57:05,543 - WARNING - Failed to load stage2: 'version'
2026-05-03 20:57:05,544 - WARNING - Failed to load stage0: 'version'
2026-05-03 20:57:05,544 - WARNING - Failed to load stage3: 'version'
2026-05-03 20:57:05,578 - WARNING - Failed to load clang-meson-busybox: 'version'
2026-05-03 20:57:05,578 - WARNING - Failed to load clang-gnu-busybox: 'version'
2026-05-03 20:57:05,578 - WARNING - Failed to load gcc-gnu-busybox: 'version'
2026-05-03 20:57:05,578 - WARNING - Failed to load solidity: 'version'
2026-05-03 20:57:05,578 - WARNING - Failed to load clang-cmake-busybox: 'version'
2026-05-03 20:57:05,578 - WARNING - Failed to load gcc-gnu-gnu: 'version'
2026-05-03 20:57:05,578 - WARNING - Failed to load luarocks: 'version'
2026-05-03 20:57:05,578 - WARNING - Failed to load rust: 'version'
2026-05-03 20:57:05,578 - WARNING - Failed to load gcc: 'version'
2026-05-03 20:57:05,579 - WARNING - Failed to load php: 'version'
2026-05-03 20:57:05,579 - WARNING - Failed to load python: 'version'
2026-05-03 20:57:05,579 - WARNING - Failed to load clang: 'version'
2026-05-03 20:57:05,579 - WARNING - Failed to load nodejs: 'version'
2026-05-03 20:57:05,579 - WARNING - Failed to load cython: 'version'
2026-05-03 20:57:05,579 - WARNING - Failed to load gcc-cmake-busybox: 'version'
2026-05-03 20:57:05,579 - WARNING - Failed to load php-composer: 'version'
2026-05-03 20:57:05,579 - WARNING - Failed to load go: 'version'
2026-05-03 20:57:05,579 - WARNING - Failed to load lua: 'version'
2026-05-03 20:57:05,579 - WARNING - Failed to load cgo: 'version'
2026-05-03 20:57:05,579 - WARNING - Failed to load gcc-meson-busybox: 'version'
2026-05-03 20:57:05,584 - WARNING - Failed to load cross-x86_64-gnu-gcc: 'version'
2026-05-03 20:57:05,589 - WARNING - Failed to load filesystem: 'version'
2026-05-03 20:57:05,590 - WARNING - Failed to load profile: 'version'
2026-05-03 20:57:05,596 - INFO - Loaded 416 packages
2026-05-03 20:57:05,596 - INFO - kustomize has no RM.org ID, attempting to look it up...
2026-05-03 20:57:06,475 - INFO - Found project ID 21003 for kustomize
2026-05-03 20:57:06,475 - INFO - Found project ID 21003 for kustomize
2026-05-03 20:57:06,475 - INFO - Current: 5.8.1, Latest: 5.8.1
2026-05-03 20:57:06,475 - INFO - kustomize is up to date
2026-05-03 20:57:06,475 - INFO - Processing libxshmfence...
2026-05-03 20:57:06,482 - WARNING - Failed to load stage2: 'version'
2026-05-03 20:57:06,482 - WARNING - Failed to load stage0: 'version'
2026-05-03 20:57:06,483 - WARNING - Failed to load stage3: 'version'
2026-05-03 20:57:06,517 - WARNING - Failed to load clang-meson-busybox: 'version'
2026-05-03 20:57:06,517 - WARNING - Failed to load clang-gnu-busybox: 'version'
2026-05-03 20:57:06,517 - WARNING - Failed to load gcc-gnu-busybox: 'version'
2026-05-03 20:57:06,517 - WARNING - Failed to load solidity: 'version'
2026-05-03 20:57:06,517 - WARNING - Failed to load clang-cmake-busybox: 'version'
2026-05-03 20:57:06,517 - WARNING - Failed to load gcc-gnu-gnu: 'version'
2026-05-03 20:57:06,517 - WARNING - Failed to load luarocks: 'version'
2026-05-03 20:57:06,517 - WARNING - Failed to load rust: 'version'
2026-05-03 20:57:06,517 - WARNING - Failed to load gcc: 'version'
2026-05-03 20:57:06,517 - WARNING - Failed to load php: 'version'
2026-05-03 20:57:06,518 - WARNING - Failed to load python: 'version'
2026-05-03 20:57:06,518 - WARNING - Failed to load clang: 'version'
2026-05-03 20:57:06,518 - WARNING - Failed to load nodejs: 'version'
2026-05-03 20:57:06,518 - WARNING - Failed to load cython: 'version'
2026-05-03 20:57:06,518 - WARNING - Failed to load gcc-cmake-busybox: 'version'
2026-05-03 20:57:06,518 - WARNING - Failed to load php-composer: 'version'
2026-05-03 20:57:06,518 - WARNING - Failed to load go: 'version'
2026-05-03 20:57:06,518 - WARNING - Failed to load lua: 'version'
2026-05-03 20:57:06,518 - WARNING - Failed to load cgo: 'version'
2026-05-03 20:57:06,518 - WARNING - Failed to load gcc-meson-busybox: 'version'
2026-05-03 20:57:06,523 - WARNING - Failed to load cross-x86_64-gnu-gcc: 'version'
2026-05-03 20:57:06,528 - WARNING - Failed to load filesystem: 'version'
2026-05-03 20:57:06,529 - WARNING - Failed to load profile: 'version'
2026-05-03 20:57:06,535 - INFO - Loaded 416 packages
2026-05-03 20:57:06,535 - INFO - libxshmfence has no RM.org ID, attempting to look it up...
2026-05-03 20:57:07,128 - INFO - Found project ID 1792 for libxshmfence
2026-05-03 20:57:07,128 - INFO - Found project ID 1792 for libxshmfence
2026-05-03 20:57:07,128 - INFO - Current: 1.3.3, Latest: 1.3.3
2026-05-03 20:57:07,128 - INFO - libxshmfence is up to date
2026-05-03 20:57:07,128 - INFO - Processing vulkan...
2026-05-03 20:57:07,128 - INFO - Processing libxext...
2026-05-03 20:57:07,135 - WARNING - Failed to load stage2: 'version'
2026-05-03 20:57:07,135 - WARNING - Failed to load stage0: 'version'
2026-05-03 20:57:07,136 - WARNING - Failed to load stage3: 'version'
2026-05-03 20:57:07,169 - WARNING - Failed to load clang-meson-busybox: 'version'
2026-05-03 20:57:07,169 - WARNING - Failed to load clang-gnu-busybox: 'version'
2026-05-03 20:57:07,169 - WARNING - Failed to load gcc-gnu-busybox: 'version'
2026-05-03 20:57:07,169 - WARNING - Failed to load solidity: 'version'
2026-05-03 20:57:07,169 - WARNING - Failed to load clang-cmake-busybox: 'version'
2026-05-03 20:57:07,170 - WARNING - Failed to load gcc-gnu-gnu: 'version'
2026-05-03 20:57:07,170 - WARNING - Failed to load luarocks: 'version'
2026-05-03 20:57:07,170 - WARNING - Failed to load rust: 'version'
2026-05-03 20:57:07,170 - WARNING - Failed to load gcc: 'version'
2026-05-03 20:57:07,170 - WARNING - Failed to load php: 'version'
2026-05-03 20:57:07,170 - WARNING - Failed to load python: 'version'
2026-05-03 20:57:07,170 - WARNING - Failed to load clang: 'version'
2026-05-03 20:57:07,170 - WARNING - Failed to load nodejs: 'version'
2026-05-03 20:57:07,170 - WARNING - Failed to load cython: 'version'
2026-05-03 20:57:07,170 - WARNING - Failed to load gcc-cmake-busybox: 'version'
2026-05-03 20:57:07,170 - WARNING - Failed to load php-composer: 'version'
2026-05-03 20:57:07,171 - WARNING - Failed to load go: 'version'
2026-05-03 20:57:07,171 - WARNING - Failed to load lua: 'version'
2026-05-03 20:57:07,171 - WARNING - Failed to load cgo: 'version'
2026-05-03 20:57:07,171 - WARNING - Failed to load gcc-meson-busybox: 'version'
2026-05-03 20:57:07,176 - WARNING - Failed to load cross-x86_64-gnu-gcc: 'version'
2026-05-03 20:57:07,180 - WARNING - Failed to load filesystem: 'version'
2026-05-03 20:57:07,181 - WARNING - Failed to load profile: 'version'
2026-05-03 20:57:07,187 - INFO - Loaded 416 packages
2026-05-03 20:57:07,187 - INFO - libxext has no RM.org ID, attempting to look it up...
2026-05-03 20:57:08,572 - INFO - Found project ID 1774 for libxext
2026-05-03 20:57:08,572 - INFO - Found project ID 1774 for libxext
2026-05-03 20:57:08,572 - INFO - Current: 1.3.6, Latest: 1.3.7
2026-05-03 20:57:08,572 - INFO - Updating libxext to 1.3.7
2026-05-03 20:57:08,573 - INFO - Backed up libxext to /home/lrvick/Sources/stagex/scripts/backups/user/libxext
2026-05-03 20:57:08,648 - ERROR - No working download URL found for version 1.3.7
2026-05-03 20:57:08,648 - ERROR - Failed to download source for libxext
2026-05-03 20:57:08,648 - INFO - Processing libxrender...
2026-05-03 20:57:08,654 - WARNING - Failed to load stage2: 'version'
2026-05-03 20:57:08,654 - WARNING - Failed to load stage0: 'version'
2026-05-03 20:57:08,655 - WARNING - Failed to load stage3: 'version'
2026-05-03 20:57:08,688 - WARNING - Failed to load clang-meson-busybox: 'version'
2026-05-03 20:57:08,689 - WARNING - Failed to load clang-gnu-busybox: 'version'
2026-05-03 20:57:08,689 - WARNING - Failed to load gcc-gnu-busybox: 'version'
2026-05-03 20:57:08,689 - WARNING - Failed to load solidity: 'version'
2026-05-03 20:57:08,689 - WARNING - Failed to load clang-cmake-busybox: 'version'
2026-05-03 20:57:08,689 - WARNING - Failed to load gcc-gnu-gnu: 'version'
2026-05-03 20:57:08,689 - WARNING - Failed to load luarocks: 'version'
2026-05-03 20:57:08,689 - WARNING - Failed to load rust: 'version'
2026-05-03 20:57:08,689 - WARNING - Failed to load gcc: 'version'
2026-05-03 20:57:08,689 - WARNING - Failed to load php: 'version'
2026-05-03 20:57:08,689 - WARNING - Failed to load python: 'version'
2026-05-03 20:57:08,690 - WARNING - Failed to load clang: 'version'
2026-05-03 20:57:08,690 - WARNING - Failed to load nodejs: 'version'
2026-05-03 20:57:08,690 - WARNING - Failed to load cython: 'version'
2026-05-03 20:57:08,690 - WARNING - Failed to load gcc-cmake-busybox: 'version'
2026-05-03 20:57:08,690 - WARNING - Failed to load php-composer: 'version'
2026-05-03 20:57:08,690 - WARNING - Failed to load go: 'version'
2026-05-03 20:57:08,690 - WARNING - Failed to load lua: 'version'
2026-05-03 20:57:08,690 - WARNING - Failed to load cgo: 'version'
2026-05-03 20:57:08,690 - WARNING - Failed to load gcc-meson-busybox: 'version'
2026-05-03 20:57:08,695 - WARNING - Failed to load cross-x86_64-gnu-gcc: 'version'
2026-05-03 20:57:08,700 - WARNING - Failed to load filesystem: 'version'
2026-05-03 20:57:08,701 - WARNING - Failed to load profile: 'version'
2026-05-03 20:57:08,707 - INFO - Loaded 416 packages
2026-05-03 20:57:08,707 - INFO - libxrender has no RM.org ID, attempting to look it up...
2026-05-03 20:57:09,479 - INFO - Found project ID 1789 for libxrender
2026-05-03 20:57:09,480 - INFO - Found project ID 1789 for libxrender
2026-05-03 20:57:09,480 - INFO - Current: 0.9.12, Latest: 0.9.12
2026-05-03 20:57:09,480 - INFO - libxrender is up to date
2026-05-03 20:57:09,480 - INFO - Processing libxrandr...
2026-05-03 20:57:09,487 - WARNING - Failed to load stage2: 'version'
2026-05-03 20:57:09,487 - WARNING - Failed to load stage0: 'version'
2026-05-03 20:57:09,488 - WARNING - Failed to load stage3: 'version'
2026-05-03 20:57:09,521 - WARNING - Failed to load clang-meson-busybox: 'version'
2026-05-03 20:57:09,521 - WARNING - Failed to load clang-gnu-busybox: 'version'
2026-05-03 20:57:09,521 - WARNING - Failed to load gcc-gnu-busybox: 'version'
2026-05-03 20:57:09,521 - WARNING - Failed to load solidity: 'version'
2026-05-03 20:57:09,521 - WARNING - Failed to load clang-cmake-busybox: 'version'
2026-05-03 20:57:09,521 - WARNING - Failed to load gcc-gnu-gnu: 'version'
2026-05-03 20:57:09,522 - WARNING - Failed to load luarocks: 'version'
2026-05-03 20:57:09,522 - WARNING - Failed to load rust: 'version'
2026-05-03 20:57:09,522 - WARNING - Failed to load gcc: 'version'
2026-05-03 20:57:09,522 - WARNING - Failed to load php: 'version'
2026-05-03 20:57:09,522 - WARNING - Failed to load python: 'version'
2026-05-03 20:57:09,522 - WARNING - Failed to load clang: 'version'
2026-05-03 20:57:09,522 - WARNING - Failed to load nodejs: 'version'
2026-05-03 20:57:09,522 - WARNING - Failed to load cython: 'version'
2026-05-03 20:57:09,522 - WARNING - Failed to load gcc-cmake-busybox: 'version'
2026-05-03 20:57:09,522 - WARNING - Failed to load php-composer: 'version'
2026-05-03 20:57:09,522 - WARNING - Failed to load go: 'version'
2026-05-03 20:57:09,523 - WARNING - Failed to load lua: 'version'
2026-05-03 20:57:09,523 - WARNING - Failed to load cgo: 'version'
2026-05-03 20:57:09,523 - WARNING - Failed to load gcc-meson-busybox: 'version'
2026-05-03 20:57:09,528 - WARNING - Failed to load cross-x86_64-gnu-gcc: 'version'
2026-05-03 20:57:09,532 - WARNING - Failed to load filesystem: 'version'
2026-05-03 20:57:09,533 - WARNING - Failed to load profile: 'version'
2026-05-03 20:57:09,539 - INFO - Loaded 416 packages
2026-05-03 20:57:09,539 - INFO - libxrandr has no RM.org ID, attempting to look it up...
2026-05-03 20:57:10,128 - INFO - Found project ID 1788 for libxrandr
2026-05-03 20:57:10,128 - INFO - Found project ID 1788 for libxrandr
2026-05-03 20:57:10,129 - INFO - Current: 1.5.4, Latest: 1.5.5
2026-05-03 20:57:10,129 - INFO - Updating libxrandr to 1.5.5
2026-05-03 20:57:10,129 - INFO - Backed up libxrandr to /home/lrvick/Sources/stagex/scripts/backups/user/libxrandr
2026-05-03 20:57:10,205 - ERROR - No working download URL found for version 1.5.5
2026-05-03 20:57:10,205 - ERROR - Failed to download source for libxrandr
2026-05-03 20:57:10,205 - INFO - Processing wayland...
2026-05-03 20:57:10,211 - WARNING - Failed to load stage2: 'version'
2026-05-03 20:57:10,212 - WARNING - Failed to load stage0: 'version'
2026-05-03 20:57:10,212 - WARNING - Failed to load stage3: 'version'
2026-05-03 20:57:10,245 - WARNING - Failed to load clang-meson-busybox: 'version'
2026-05-03 20:57:10,246 - WARNING - Failed to load clang-gnu-busybox: 'version'
2026-05-03 20:57:10,246 - WARNING - Failed to load gcc-gnu-busybox: 'version'
2026-05-03 20:57:10,246 - WARNING - Failed to load solidity: 'version'
2026-05-03 20:57:10,246 - WARNING - Failed to load clang-cmake-busybox: 'version'
2026-05-03 20:57:10,246 - WARNING - Failed to load gcc-gnu-gnu: 'version'
2026-05-03 20:57:10,246 - WARNING - Failed to load luarocks: 'version'
2026-05-03 20:57:10,246 - WARNING - Failed to load rust: 'version'
2026-05-03 20:57:10,246 - WARNING - Failed to load gcc: 'version'
2026-05-03 20:57:10,246 - WARNING - Failed to load php: 'version'
2026-05-03 20:57:10,246 - WARNING - Failed to load python: 'version'
2026-05-03 20:57:10,247 - WARNING - Failed to load clang: 'version'
2026-05-03 20:57:10,247 - WARNING - Failed to load nodejs: 'version'
2026-05-03 20:57:10,247 - WARNING - Failed to load cython: 'version'
2026-05-03 20:57:10,247 - WARNING - Failed to load gcc-cmake-busybox: 'version'
2026-05-03 20:57:10,247 - WARNING - Failed to load php-composer: 'version'
2026-05-03 20:57:10,247 - WARNING - Failed to load go: 'version'
2026-05-03 20:57:10,247 - WARNING - Failed to load lua: 'version'
2026-05-03 20:57:10,247 - WARNING - Failed to load cgo: 'version'
2026-05-03 20:57:10,247 - WARNING - Failed to load gcc-meson-busybox: 'version'
2026-05-03 20:57:10,252 - WARNING - Failed to load cross-x86_64-gnu-gcc: 'version'
2026-05-03 20:57:10,257 - WARNING - Failed to load filesystem: 'version'
2026-05-03 20:57:10,258 - WARNING - Failed to load profile: 'version'
2026-05-03 20:57:10,264 - INFO - Loaded 416 packages
2026-05-03 20:57:10,264 - INFO - wayland has no RM.org ID, attempting to look it up...
2026-05-03 20:57:10,864 - INFO - Found project ID 10061 for wayland
2026-05-03 20:57:10,864 - INFO - Found project ID 10061 for wayland
2026-05-03 20:57:10,864 - INFO - Current: 1.25.0, Latest: 1.25.0
2026-05-03 20:57:10,864 - INFO - wayland is up to date
2026-05-03 20:57:10,864 - INFO - Processing typst...
2026-05-03 20:57:10,871 - WARNING - Failed to load stage2: 'version'
2026-05-03 20:57:10,871 - WARNING - Failed to load stage0: 'version'
2026-05-03 20:57:10,872 - WARNING - Failed to load stage3: 'version'
2026-05-03 20:57:10,905 - WARNING - Failed to load clang-meson-busybox: 'version'
2026-05-03 20:57:10,905 - WARNING - Failed to load clang-gnu-busybox: 'version'
2026-05-03 20:57:10,905 - WARNING - Failed to load gcc-gnu-busybox: 'version'
2026-05-03 20:57:10,905 - WARNING - Failed to load solidity: 'version'
2026-05-03 20:57:10,905 - WARNING - Failed to load clang-cmake-busybox: 'version'
2026-05-03 20:57:10,906 - WARNING - Failed to load gcc-gnu-gnu: 'version'
2026-05-03 20:57:10,906 - WARNING - Failed to load luarocks: 'version'
2026-05-03 20:57:10,906 - WARNING - Failed to load rust: 'version'
2026-05-03 20:57:10,906 - WARNING - Failed to load gcc: 'version'
2026-05-03 20:57:10,906 - WARNING - Failed to load php: 'version'
2026-05-03 20:57:10,906 - WARNING - Failed to load python: 'version'
2026-05-03 20:57:10,906 - WARNING - Failed to load clang: 'version'
2026-05-03 20:57:10,906 - WARNING - Failed to load nodejs: 'version'
2026-05-03 20:57:10,906 - WARNING - Failed to load cython: 'version'
2026-05-03 20:57:10,906 - WARNING - Failed to load gcc-cmake-busybox: 'version'
2026-05-03 20:57:10,906 - WARNING - Failed to load php-composer: 'version'
2026-05-03 20:57:10,907 - WARNING - Failed to load go: 'version'
2026-05-03 20:57:10,907 - WARNING - Failed to load lua: 'version'
2026-05-03 20:57:10,907 - WARNING - Failed to load cgo: 'version'
2026-05-03 20:57:10,907 - WARNING - Failed to load gcc-meson-busybox: 'version'
2026-05-03 20:57:10,912 - WARNING - Failed to load cross-x86_64-gnu-gcc: 'version'
2026-05-03 20:57:10,919 - WARNING - Failed to load filesystem: 'version'
2026-05-03 20:57:10,920 - WARNING - Failed to load profile: 'version'
2026-05-03 20:57:10,926 - INFO - Loaded 416 packages
2026-05-03 20:57:10,926 - INFO - typst has no RM.org ID, attempting to look it up...
2026-05-03 20:57:31,606 - INFO - Found project ID 332526 for typst
2026-05-03 20:57:31,607 - INFO - Found project ID 332526 for typst
2026-05-03 20:57:31,607 - INFO - Current: 0.14.2, Latest: 0.14.2
2026-05-03 20:57:31,607 - INFO - typst is up to date
2026-05-03 20:57:31,607 - INFO - Processing pinentry...
2026-05-03 20:57:31,614 - WARNING - Failed to load stage2: 'version'
2026-05-03 20:57:31,614 - WARNING - Failed to load stage0: 'version'
2026-05-03 20:57:31,615 - WARNING - Failed to load stage3: 'version'
2026-05-03 20:57:31,649 - WARNING - Failed to load clang-meson-busybox: 'version'
2026-05-03 20:57:31,649 - WARNING - Failed to load clang-gnu-busybox: 'version'
2026-05-03 20:57:31,649 - WARNING - Failed to load gcc-gnu-busybox: 'version'
2026-05-03 20:57:31,649 - WARNING - Failed to load solidity: 'version'
2026-05-03 20:57:31,649 - WARNING - Failed to load clang-cmake-busybox: 'version'
2026-05-03 20:57:31,649 - WARNING - Failed to load gcc-gnu-gnu: 'version'
2026-05-03 20:57:31,649 - WARNING - Failed to load luarocks: 'version'
2026-05-03 20:57:31,649 - WARNING - Failed to load rust: 'version'
2026-05-03 20:57:31,649 - WARNING - Failed to load gcc: 'version'
2026-05-03 20:57:31,649 - WARNING - Failed to load php: 'version'
2026-05-03 20:57:31,650 - WARNING - Failed to load python: 'version'
2026-05-03 20:57:31,650 - WARNING - Failed to load clang: 'version'
2026-05-03 20:57:31,650 - WARNING - Failed to load nodejs: 'version'
2026-05-03 20:57:31,650 - WARNING - Failed to load cython: 'version'
2026-05-03 20:57:31,650 - WARNING - Failed to load gcc-cmake-busybox: 'version'
2026-05-03 20:57:31,650 - WARNING - Failed to load php-composer: 'version'
2026-05-03 20:57:31,650 - WARNING - Failed to load go: 'version'
2026-05-03 20:57:31,650 - WARNING - Failed to load lua: 'version'
2026-05-03 20:57:31,650 - WARNING - Failed to load cgo: 'version'
2026-05-03 20:57:31,650 - WARNING - Failed to load gcc-meson-busybox: 'version'
2026-05-03 20:57:31,655 - WARNING - Failed to load cross-x86_64-gnu-gcc: 'version'
2026-05-03 20:57:31,660 - WARNING - Failed to load filesystem: 'version'
2026-05-03 20:57:31,661 - WARNING - Failed to load profile: 'version'
2026-05-03 20:57:31,667 - INFO - Loaded 416 packages
2026-05-03 20:57:31,667 - INFO - pinentry has no RM.org ID, attempting to look it up...
2026-05-03 20:57:32,275 - INFO - Found project ID 243176 for pinentry
2026-05-03 20:57:32,275 - INFO - Found project ID 243176 for pinentry
2026-05-03 20:57:32,275 - INFO - Current: 1.3.2, Latest: 4.0.1
2026-05-03 20:57:32,275 - INFO - Updating pinentry to 4.0.1
2026-05-03 20:57:32,275 - INFO - Backed up pinentry to /home/lrvick/Sources/stagex/scripts/backups/user/pinentry
2026-05-03 20:57:33,578 - ERROR - No working download URL found for version 4.0.1
2026-05-03 20:57:33,578 - ERROR - Failed to download source for pinentry
2026-05-03 20:57:33,578 - INFO - Processing libusbmuxd...
2026-05-03 20:57:33,585 - WARNING - Failed to load stage2: 'version'
2026-05-03 20:57:33,585 - WARNING - Failed to load stage0: 'version'
2026-05-03 20:57:33,586 - WARNING - Failed to load stage3: 'version'
2026-05-03 20:57:33,619 - WARNING - Failed to load clang-meson-busybox: 'version'
2026-05-03 20:57:33,619 - WARNING - Failed to load clang-gnu-busybox: 'version'
2026-05-03 20:57:33,620 - WARNING - Failed to load gcc-gnu-busybox: 'version'
2026-05-03 20:57:33,620 - WARNING - Failed to load solidity: 'version'
2026-05-03 20:57:33,620 - WARNING - Failed to load clang-cmake-busybox: 'version'
2026-05-03 20:57:33,620 - WARNING - Failed to load gcc-gnu-gnu: 'version'
2026-05-03 20:57:33,620 - WARNING - Failed to load luarocks: 'version'
2026-05-03 20:57:33,620 - WARNING - Failed to load rust: 'version'
2026-05-03 20:57:33,620 - WARNING - Failed to load gcc: 'version'
2026-05-03 20:57:33,620 - WARNING - Failed to load php: 'version'
2026-05-03 20:57:33,620 - WARNING - Failed to load python: 'version'
2026-05-03 20:57:33,620 - WARNING - Failed to load clang: 'version'
2026-05-03 20:57:33,620 - WARNING - Failed to load nodejs: 'version'
2026-05-03 20:57:33,621 - WARNING - Failed to load cython: 'version'
2026-05-03 20:57:33,621 - WARNING - Failed to load gcc-cmake-busybox: 'version'
2026-05-03 20:57:33,621 - WARNING - Failed to load php-composer: 'version'
2026-05-03 20:57:33,621 - WARNING - Failed to load go: 'version'
2026-05-03 20:57:33,621 - WARNING - Failed to load lua: 'version'
2026-05-03 20:57:33,621 - WARNING - Failed to load cgo: 'version'
2026-05-03 20:57:33,621 - WARNING - Failed to load gcc-meson-busybox: 'version'
2026-05-03 20:57:33,626 - WARNING - Failed to load cross-x86_64-gnu-gcc: 'version'
2026-05-03 20:57:33,630 - WARNING - Failed to load filesystem: 'version'
2026-05-03 20:57:33,631 - WARNING - Failed to load profile: 'version'
2026-05-03 20:57:33,637 - INFO - Loaded 416 packages
2026-05-03 20:57:33,637 - INFO - libusbmuxd has no RM.org ID, attempting to look it up...
2026-05-03 20:57:34,256 - INFO - Found project ID 107017 for libusbmuxd
2026-05-03 20:57:34,256 - INFO - Found project ID 107017 for libusbmuxd
2026-05-03 20:57:34,256 - INFO - Current: 2.1.0, Latest: 0.1
2026-05-03 20:57:34,256 - INFO - Updating libusbmuxd to 0.1
2026-05-03 20:57:34,256 - INFO - Backed up libusbmuxd to /home/lrvick/Sources/stagex/scripts/backups/user/libusbmuxd
2026-05-03 20:57:34,517 - ERROR - No working download URL found for version 0.1
2026-05-03 20:57:34,517 - ERROR - Failed to download source for libusbmuxd
2026-05-03 20:57:34,518 - INFO - Processing age...
2026-05-03 20:57:34,524 - WARNING - Failed to load stage2: 'version'
2026-05-03 20:57:34,524 - WARNING - Failed to load stage0: 'version'
2026-05-03 20:57:34,525 - WARNING - Failed to load stage3: 'version'
2026-05-03 20:57:34,558 - WARNING - Failed to load clang-meson-busybox: 'version'
2026-05-03 20:57:34,559 - WARNING - Failed to load clang-gnu-busybox: 'version'
2026-05-03 20:57:34,559 - WARNING - Failed to load gcc-gnu-busybox: 'version'
2026-05-03 20:57:34,559 - WARNING - Failed to load solidity: 'version'
2026-05-03 20:57:34,559 - WARNING - Failed to load clang-cmake-busybox: 'version'
2026-05-03 20:57:34,559 - WARNING - Failed to load gcc-gnu-gnu: 'version'
2026-05-03 20:57:34,559 - WARNING - Failed to load luarocks: 'version'
2026-05-03 20:57:34,559 - WARNING - Failed to load rust: 'version'
2026-05-03 20:57:34,559 - WARNING - Failed to load gcc: 'version'
2026-05-03 20:57:34,559 - WARNING - Failed to load php: 'version'
2026-05-03 20:57:34,559 - WARNING - Failed to load python: 'version'
2026-05-03 20:57:34,560 - WARNING - Failed to load clang: 'version'
2026-05-03 20:57:34,560 - WARNING - Failed to load nodejs: 'version'
2026-05-03 20:57:34,560 - WARNING - Failed to load cython: 'version'
2026-05-03 20:57:34,560 - WARNING - Failed to load gcc-cmake-busybox: 'version'
2026-05-03 20:57:34,560 - WARNING - Failed to load php-composer: 'version'
2026-05-03 20:57:34,560 - WARNING - Failed to load go: 'version'
2026-05-03 20:57:34,560 - WARNING - Failed to load lua: 'version'
2026-05-03 20:57:34,560 - WARNING - Failed to load cgo: 'version'
2026-05-03 20:57:34,560 - WARNING - Failed to load gcc-meson-busybox: 'version'
2026-05-03 20:57:34,565 - WARNING - Failed to load cross-x86_64-gnu-gcc: 'version'
2026-05-03 20:57:34,570 - WARNING - Failed to load filesystem: 'version'
2026-05-03 20:57:34,571 - WARNING - Failed to load profile: 'version'
2026-05-03 20:57:34,576 - INFO - Loaded 416 packages
2026-05-03 20:57:34,576 - INFO - age has no RM.org ID, attempting to look it up...
2026-05-03 20:57:35,216 - INFO - Found project ID 142630 for age
2026-05-03 20:57:35,216 - INFO - Found project ID 142630 for age
2026-05-03 20:57:35,216 - INFO - Current: 1.3.1, Latest: 1.3.1
2026-05-03 20:57:35,216 - INFO - age is up to date
2026-05-03 20:57:35,216 - INFO - Processing go...
2026-05-03 20:57:35,223 - WARNING - Failed to load stage2: 'version'
2026-05-03 20:57:35,223 - WARNING - Failed to load stage0: 'version'
2026-05-03 20:57:35,224 - WARNING - Failed to load stage3: 'version'
2026-05-03 20:57:35,257 - WARNING - Failed to load clang-meson-busybox: 'version'
2026-05-03 20:57:35,257 - WARNING - Failed to load clang-gnu-busybox: 'version'
2026-05-03 20:57:35,257 - WARNING - Failed to load gcc-gnu-busybox: 'version'
2026-05-03 20:57:35,258 - WARNING - Failed to load solidity: 'version'
2026-05-03 20:57:35,258 - WARNING - Failed to load clang-cmake-busybox: 'version'
2026-05-03 20:57:35,258 - WARNING - Failed to load gcc-gnu-gnu: 'version'
2026-05-03 20:57:35,258 - WARNING - Failed to load luarocks: 'version'
2026-05-03 20:57:35,258 - WARNING - Failed to load rust: 'version'
2026-05-03 20:57:35,258 - WARNING - Failed to load gcc: 'version'
2026-05-03 20:57:35,258 - WARNING - Failed to load php: 'version'
2026-05-03 20:57:35,258 - WARNING - Failed to load python: 'version'
2026-05-03 20:57:35,258 - WARNING - Failed to load clang: 'version'
2026-05-03 20:57:35,258 - WARNING - Failed to load nodejs: 'version'
2026-05-03 20:57:35,258 - WARNING - Failed to load cython: 'version'
2026-05-03 20:57:35,259 - WARNING - Failed to load gcc-cmake-busybox: 'version'
2026-05-03 20:57:35,259 - WARNING - Failed to load php-composer: 'version'
2026-05-03 20:57:35,259 - WARNING - Failed to load go: 'version'
2026-05-03 20:57:35,259 - WARNING - Failed to load lua: 'version'
2026-05-03 20:57:35,259 - WARNING - Failed to load cgo: 'version'
2026-05-03 20:57:35,259 - WARNING - Failed to load gcc-meson-busybox: 'version'
2026-05-03 20:57:35,264 - WARNING - Failed to load cross-x86_64-gnu-gcc: 'version'
2026-05-03 20:57:35,268 - WARNING - Failed to load filesystem: 'version'
2026-05-03 20:57:35,270 - WARNING - Failed to load profile: 'version'
2026-05-03 20:57:35,275 - INFO - Loaded 416 packages
2026-05-03 20:57:35,275 - INFO - go has no RM.org ID, attempting to look it up...
2026-05-03 20:57:35,905 - INFO - Found project ID 10396 for go
2026-05-03 20:57:35,906 - INFO - Found project ID 10396 for go
2026-05-03 20:57:35,906 - INFO - Current: 1.26.0, Latest: 1.5.1-1
2026-05-03 20:57:35,906 - INFO - Updating go to 1.5.1-1
2026-05-03 20:57:35,906 - INFO - Backed up go to /home/lrvick/Sources/stagex/scripts/backups/core/go
2026-05-03 20:57:36,114 - ERROR - No working download URL found for version 1.5.1-1
2026-05-03 20:57:36,114 - ERROR - Failed to download source for go
2026-05-03 20:57:36,114 - INFO - Processing ccid...
2026-05-03 20:57:36,121 - WARNING - Failed to load stage2: 'version'
2026-05-03 20:57:36,121 - WARNING - Failed to load stage0: 'version'
2026-05-03 20:57:36,122 - WARNING - Failed to load stage3: 'version'
2026-05-03 20:57:36,155 - WARNING - Failed to load clang-meson-busybox: 'version'
2026-05-03 20:57:36,155 - WARNING - Failed to load clang-gnu-busybox: 'version'
2026-05-03 20:57:36,155 - WARNING - Failed to load gcc-gnu-busybox: 'version'
2026-05-03 20:57:36,155 - WARNING - Failed to load solidity: 'version'
2026-05-03 20:57:36,155 - WARNING - Failed to load clang-cmake-busybox: 'version'
2026-05-03 20:57:36,155 - WARNING - Failed to load gcc-gnu-gnu: 'version'
2026-05-03 20:57:36,156 - WARNING - Failed to load luarocks: 'version'
2026-05-03 20:57:36,156 - WARNING - Failed to load rust: 'version'
2026-05-03 20:57:36,156 - WARNING - Failed to load gcc: 'version'
2026-05-03 20:57:36,156 - WARNING - Failed to load php: 'version'
2026-05-03 20:57:36,156 - WARNING - Failed to load python: 'version'
2026-05-03 20:57:36,156 - WARNING - Failed to load clang: 'version'
2026-05-03 20:57:36,156 - WARNING - Failed to load nodejs: 'version'
2026-05-03 20:57:36,156 - WARNING - Failed to load cython: 'version'
2026-05-03 20:57:36,156 - WARNING - Failed to load gcc-cmake-busybox: 'version'
2026-05-03 20:57:36,156 - WARNING - Failed to load php-composer: 'version'
2026-05-03 20:57:36,156 - WARNING - Failed to load go: 'version'
2026-05-03 20:57:36,157 - WARNING - Failed to load lua: 'version'
2026-05-03 20:57:36,157 - WARNING - Failed to load cgo: 'version'
2026-05-03 20:57:36,157 - WARNING - Failed to load gcc-meson-busybox: 'version'
2026-05-03 20:57:36,162 - WARNING - Failed to load cross-x86_64-gnu-gcc: 'version'
2026-05-03 20:57:36,166 - WARNING - Failed to load filesystem: 'version'
2026-05-03 20:57:36,167 - WARNING - Failed to load profile: 'version'
2026-05-03 20:57:36,173 - INFO - Loaded 416 packages
2026-05-03 20:57:36,173 - INFO - ccid has no RM.org ID, attempting to look it up...
2026-05-03 20:57:36,759 - WARNING - Could not determine latest version for ccid
2026-05-03 20:57:36,760 - INFO - Processing nettle...
2026-05-03 20:57:36,766 - WARNING - Failed to load stage2: 'version'
2026-05-03 20:57:36,767 - WARNING - Failed to load stage0: 'version'
2026-05-03 20:57:36,767 - WARNING - Failed to load stage3: 'version'
2026-05-03 20:57:36,801 - WARNING - Failed to load clang-meson-busybox: 'version'
2026-05-03 20:57:36,801 - WARNING - Failed to load clang-gnu-busybox: 'version'
2026-05-03 20:57:36,801 - WARNING - Failed to load gcc-gnu-busybox: 'version'
2026-05-03 20:57:36,801 - WARNING - Failed to load solidity: 'version'
2026-05-03 20:57:36,801 - WARNING - Failed to load clang-cmake-busybox: 'version'
2026-05-03 20:57:36,801 - WARNING - Failed to load gcc-gnu-gnu: 'version'
2026-05-03 20:57:36,802 - WARNING - Failed to load luarocks: 'version'
2026-05-03 20:57:36,802 - WARNING - Failed to load rust: 'version'
2026-05-03 20:57:36,802 - WARNING - Failed to load gcc: 'version'
2026-05-03 20:57:36,802 - WARNING - Failed to load php: 'version'
2026-05-03 20:57:36,802 - WARNING - Failed to load python: 'version'
2026-05-03 20:57:36,802 - WARNING - Failed to load clang: 'version'
2026-05-03 20:57:36,802 - WARNING - Failed to load nodejs: 'version'
2026-05-03 20:57:36,802 - WARNING - Failed to load cython: 'version'
2026-05-03 20:57:36,802 - WARNING - Failed to load gcc-cmake-busybox: 'version'
2026-05-03 20:57:36,802 - WARNING - Failed to load php-composer: 'version'
2026-05-03 20:57:36,802 - WARNING - Failed to load go: 'version'
2026-05-03 20:57:36,803 - WARNING - Failed to load lua: 'version'
2026-05-03 20:57:36,803 - WARNING - Failed to load cgo: 'version'
2026-05-03 20:57:36,803 - WARNING - Failed to load gcc-meson-busybox: 'version'
2026-05-03 20:57:36,808 - WARNING - Failed to load cross-x86_64-gnu-gcc: 'version'
2026-05-03 20:57:36,812 - WARNING - Failed to load filesystem: 'version'
2026-05-03 20:57:36,813 - WARNING - Failed to load profile: 'version'
2026-05-03 20:57:36,819 - INFO - Loaded 416 packages
2026-05-03 20:57:36,819 - INFO - nettle has no RM.org ID, attempting to look it up...
2026-05-03 20:57:37,382 - INFO - Found project ID 191610 for nettle
2026-05-03 20:57:37,382 - INFO - Found project ID 191610 for nettle
2026-05-03 20:57:37,382 - INFO - Current: 7.5.0, Latest: 7.5.0
2026-05-03 20:57:37,382 - INFO - nettle is up to date
2026-05-03 20:57:37,383 - INFO - Processing sequoia...
2026-05-03 20:57:37,383 - INFO - Processing zeromq...
2026-05-03 20:57:37,389 - WARNING - Failed to load stage2: 'version'
2026-05-03 20:57:37,390 - WARNING - Failed to load stage0: 'version'
2026-05-03 20:57:37,390 - WARNING - Failed to load stage3: 'version'
2026-05-03 20:57:37,423 - WARNING - Failed to load clang-meson-busybox: 'version'
2026-05-03 20:57:37,424 - WARNING - Failed to load clang-gnu-busybox: 'version'
2026-05-03 20:57:37,424 - WARNING - Failed to load gcc-gnu-busybox: 'version'
2026-05-03 20:57:37,424 - WARNING - Failed to load solidity: 'version'
2026-05-03 20:57:37,424 - WARNING - Failed to load clang-cmake-busybox: 'version'
2026-05-03 20:57:37,424 - WARNING - Failed to load gcc-gnu-gnu: 'version'
2026-05-03 20:57:37,424 - WARNING - Failed to load luarocks: 'version'
2026-05-03 20:57:37,424 - WARNING - Failed to load rust: 'version'
2026-05-03 20:57:37,424 - WARNING - Failed to load gcc: 'version'
2026-05-03 20:57:37,424 - WARNING - Failed to load php: 'version'
2026-05-03 20:57:37,424 - WARNING - Failed to load python: 'version'
2026-05-03 20:57:37,425 - WARNING - Failed to load clang: 'version'
2026-05-03 20:57:37,425 - WARNING - Failed to load nodejs: 'version'
2026-05-03 20:57:37,425 - WARNING - Failed to load cython: 'version'
2026-05-03 20:57:37,425 - WARNING - Failed to load gcc-cmake-busybox: 'version'
2026-05-03 20:57:37,425 - WARNING - Failed to load php-composer: 'version'
2026-05-03 20:57:37,425 - WARNING - Failed to load go: 'version'
2026-05-03 20:57:37,425 - WARNING - Failed to load lua: 'version'
2026-05-03 20:57:37,425 - WARNING - Failed to load cgo: 'version'
2026-05-03 20:57:37,425 - WARNING - Failed to load gcc-meson-busybox: 'version'
2026-05-03 20:57:37,430 - WARNING - Failed to load cross-x86_64-gnu-gcc: 'version'
2026-05-03 20:57:37,435 - WARNING - Failed to load filesystem: 'version'
2026-05-03 20:57:37,436 - WARNING - Failed to load profile: 'version'
2026-05-03 20:57:37,442 - INFO - Loaded 416 packages
2026-05-03 20:57:37,442 - INFO - zeromq has no RM.org ID, attempting to look it up...
2026-05-03 20:57:38,053 - INFO - Found project ID 16245 for zeromq
2026-05-03 20:57:38,053 - INFO - Found project ID 16245 for zeromq
2026-05-03 20:57:38,053 - INFO - Current: 4.3.5, Latest: 4.3.5
2026-05-03 20:57:38,053 - INFO - zeromq is up to date
2026-05-03 20:57:38,053 - INFO - Processing snphost...
2026-05-03 20:57:38,060 - WARNING - Failed to load stage2: 'version'
2026-05-03 20:57:38,060 - WARNING - Failed to load stage0: 'version'
2026-05-03 20:57:38,061 - WARNING - Failed to load stage3: 'version'
2026-05-03 20:57:38,094 - WARNING - Failed to load clang-meson-busybox: 'version'
2026-05-03 20:57:38,094 - WARNING - Failed to load clang-gnu-busybox: 'version'
2026-05-03 20:57:38,094 - WARNING - Failed to load gcc-gnu-busybox: 'version'
2026-05-03 20:57:38,095 - WARNING - Failed to load solidity: 'version'
2026-05-03 20:57:38,095 - WARNING - Failed to load clang-cmake-busybox: 'version'
2026-05-03 20:57:38,095 - WARNING - Failed to load gcc-gnu-gnu: 'version'
2026-05-03 20:57:38,095 - WARNING - Failed to load luarocks: 'version'
2026-05-03 20:57:38,095 - WARNING - Failed to load rust: 'version'
2026-05-03 20:57:38,095 - WARNING - Failed to load gcc: 'version'
2026-05-03 20:57:38,095 - WARNING - Failed to load php: 'version'
2026-05-03 20:57:38,095 - WARNING - Failed to load python: 'version'
2026-05-03 20:57:38,095 - WARNING - Failed to load clang: 'version'
2026-05-03 20:57:38,095 - WARNING - Failed to load nodejs: 'version'
2026-05-03 20:57:38,095 - WARNING - Failed to load cython: 'version'
2026-05-03 20:57:38,096 - WARNING - Failed to load gcc-cmake-busybox: 'version'
2026-05-03 20:57:38,096 - WARNING - Failed to load php-composer: 'version'
2026-05-03 20:57:38,096 - WARNING - Failed to load go: 'version'
2026-05-03 20:57:38,096 - WARNING - Failed to load lua: 'version'
2026-05-03 20:57:38,096 - WARNING - Failed to load cgo: 'version'
2026-05-03 20:57:38,096 - WARNING - Failed to load gcc-meson-busybox: 'version'
2026-05-03 20:57:38,101 - WARNING - Failed to load cross-x86_64-gnu-gcc: 'version'
2026-05-03 20:57:38,105 - WARNING - Failed to load filesystem: 'version'
2026-05-03 20:57:38,107 - WARNING - Failed to load profile: 'version'
2026-05-03 20:57:38,112 - INFO - Loaded 416 packages
2026-05-03 20:57:38,112 - INFO - snphost has no RM.org ID, attempting to look it up...
2026-05-03 20:57:38,672 - INFO - Found project ID 370440 for snphost
2026-05-03 20:57:38,672 - INFO - Found project ID 370440 for snphost
2026-05-03 20:57:38,672 - INFO - Current: 0.7.0, Latest: 0.7.0
2026-05-03 20:57:38,672 - INFO - snphost is up to date
2026-05-03 20:57:38,673 - INFO - Processing maturin...
2026-05-03 20:57:38,679 - WARNING - Failed to load stage2: 'version'
2026-05-03 20:57:38,679 - WARNING - Failed to load stage0: 'version'
2026-05-03 20:57:38,680 - WARNING - Failed to load stage3: 'version'
2026-05-03 20:57:38,713 - WARNING - Failed to load clang-meson-busybox: 'version'
2026-05-03 20:57:38,713 - WARNING - Failed to load clang-gnu-busybox: 'version'
2026-05-03 20:57:38,713 - WARNING - Failed to load gcc-gnu-busybox: 'version'
2026-05-03 20:57:38,713 - WARNING - Failed to load solidity: 'version'
2026-05-03 20:57:38,714 - WARNING - Failed to load clang-cmake-busybox: 'version'
2026-05-03 20:57:38,714 - WARNING - Failed to load gcc-gnu-gnu: 'version'
2026-05-03 20:57:38,714 - WARNING - Failed to load luarocks: 'version'
2026-05-03 20:57:38,714 - WARNING - Failed to load rust: 'version'
2026-05-03 20:57:38,714 - WARNING - Failed to load gcc: 'version'
2026-05-03 20:57:38,714 - WARNING - Failed to load php: 'version'
2026-05-03 20:57:38,714 - WARNING - Failed to load python: 'version'
2026-05-03 20:57:38,714 - WARNING - Failed to load clang: 'version'
2026-05-03 20:57:38,714 - WARNING - Failed to load nodejs: 'version'
2026-05-03 20:57:38,714 - WARNING - Failed to load cython: 'version'
2026-05-03 20:57:38,714 - WARNING - Failed to load gcc-cmake-busybox: 'version'
2026-05-03 20:57:38,715 - WARNING - Failed to load php-composer: 'version'
2026-05-03 20:57:38,715 - WARNING - Failed to load go: 'version'
2026-05-03 20:57:38,715 - WARNING - Failed to load lua: 'version'
2026-05-03 20:57:38,715 - WARNING - Failed to load cgo: 'version'
2026-05-03 20:57:38,715 - WARNING - Failed to load gcc-meson-busybox: 'version'
2026-05-03 20:57:38,720 - WARNING - Failed to load cross-x86_64-gnu-gcc: 'version'
2026-05-03 20:57:38,724 - WARNING - Failed to load filesystem: 'version'
2026-05-03 20:57:38,725 - WARNING - Failed to load profile: 'version'
2026-05-03 20:57:38,731 - INFO - Loaded 416 packages
2026-05-03 20:57:38,731 - INFO - maturin has no RM.org ID, attempting to look it up...
2026-05-03 20:57:39,337 - INFO - Found project ID 42653 for maturin
2026-05-03 20:57:39,337 - INFO - Found project ID 42653 for maturin
2026-05-03 20:57:39,337 - INFO - Current: 1.13.1, Latest: 1.13.1
2026-05-03 20:57:39,337 - INFO - maturin is up to date
2026-05-03 20:57:39,337 - INFO - Processing aws...
2026-05-03 20:57:39,338 - INFO - Processing libmnl...
2026-05-03 20:57:39,344 - WARNING - Failed to load stage2: 'version'
2026-05-03 20:57:39,344 - WARNING - Failed to load stage0: 'version'
2026-05-03 20:57:39,345 - WARNING - Failed to load stage3: 'version'
2026-05-03 20:57:39,379 - WARNING - Failed to load clang-meson-busybox: 'version'
2026-05-03 20:57:39,379 - WARNING - Failed to load clang-gnu-busybox: 'version'
2026-05-03 20:57:39,379 - WARNING - Failed to load gcc-gnu-busybox: 'version'
2026-05-03 20:57:39,379 - WARNING - Failed to load solidity: 'version'
2026-05-03 20:57:39,379 - WARNING - Failed to load clang-cmake-busybox: 'version'
2026-05-03 20:57:39,379 - WARNING - Failed to load gcc-gnu-gnu: 'version'
2026-05-03 20:57:39,379 - WARNING - Failed to load luarocks: 'version'
2026-05-03 20:57:39,379 - WARNING - Failed to load rust: 'version'
2026-05-03 20:57:39,379 - WARNING - Failed to load gcc: 'version'
2026-05-03 20:57:39,379 - WARNING - Failed to load php: 'version'
2026-05-03 20:57:39,380 - WARNING - Failed to load python: 'version'
2026-05-03 20:57:39,380 - WARNING - Failed to load clang: 'version'
2026-05-03 20:57:39,380 - WARNING - Failed to load nodejs: 'version'
2026-05-03 20:57:39,380 - WARNING - Failed to load cython: 'version'
2026-05-03 20:57:39,380 - WARNING - Failed to load gcc-cmake-busybox: 'version'
2026-05-03 20:57:39,380 - WARNING - Failed to load php-composer: 'version'
2026-05-03 20:57:39,380 - WARNING - Failed to load go: 'version'
2026-05-03 20:57:39,380 - WARNING - Failed to load lua: 'version'
2026-05-03 20:57:39,380 - WARNING - Failed to load cgo: 'version'
2026-05-03 20:57:39,380 - WARNING - Failed to load gcc-meson-busybox: 'version'
2026-05-03 20:57:39,385 - WARNING - Failed to load cross-x86_64-gnu-gcc: 'version'
2026-05-03 20:57:39,390 - WARNING - Failed to load filesystem: 'version'
2026-05-03 20:57:39,391 - WARNING - Failed to load profile: 'version'
2026-05-03 20:57:39,397 - INFO - Loaded 416 packages
2026-05-03 20:57:39,397 - INFO - libmnl has no RM.org ID, attempting to look it up...
2026-05-03 20:57:39,962 - INFO - Found project ID 1663 for libmnl
2026-05-03 20:57:39,963 - INFO - Found project ID 1663 for libmnl
2026-05-03 20:57:39,963 - INFO - Current: 1.0.5, Latest: 1.0.5
2026-05-03 20:57:39,963 - INFO - libmnl is up to date
2026-05-03 20:57:39,963 - INFO - Processing dhcpcd...
2026-05-03 20:57:39,970 - WARNING - Failed to load stage2: 'version'
2026-05-03 20:57:39,970 - WARNING - Failed to load stage0: 'version'
2026-05-03 20:57:39,971 - WARNING - Failed to load stage3: 'version'
2026-05-03 20:57:40,004 - WARNING - Failed to load clang-meson-busybox: 'version'
2026-05-03 20:57:40,004 - WARNING - Failed to load clang-gnu-busybox: 'version'
2026-05-03 20:57:40,004 - WARNING - Failed to load gcc-gnu-busybox: 'version'
2026-05-03 20:57:40,004 - WARNING - Failed to load solidity: 'version'
2026-05-03 20:57:40,004 - WARNING - Failed to load clang-cmake-busybox: 'version'
2026-05-03 20:57:40,004 - WARNING - Failed to load gcc-gnu-gnu: 'version'
2026-05-03 20:57:40,005 - WARNING - Failed to load luarocks: 'version'
2026-05-03 20:57:40,005 - WARNING - Failed to load rust: 'version'
2026-05-03 20:57:40,005 - WARNING - Failed to load gcc: 'version'
2026-05-03 20:57:40,005 - WARNING - Failed to load php: 'version'
2026-05-03 20:57:40,005 - WARNING - Failed to load python: 'version'
2026-05-03 20:57:40,005 - WARNING - Failed to load clang: 'version'
2026-05-03 20:57:40,005 - WARNING - Failed to load nodejs: 'version'
2026-05-03 20:57:40,005 - WARNING - Failed to load cython: 'version'
2026-05-03 20:57:40,005 - WARNING - Failed to load gcc-cmake-busybox: 'version'
2026-05-03 20:57:40,005 - WARNING - Failed to load php-composer: 'version'
2026-05-03 20:57:40,006 - WARNING - Failed to load go: 'version'
2026-05-03 20:57:40,006 - WARNING - Failed to load lua: 'version'
2026-05-03 20:57:40,006 - WARNING - Failed to load cgo: 'version'
2026-05-03 20:57:40,006 - WARNING - Failed to load gcc-meson-busybox: 'version'
2026-05-03 20:57:40,011 - WARNING - Failed to load cross-x86_64-gnu-gcc: 'version'
2026-05-03 20:57:40,015 - WARNING - Failed to load filesystem: 'version'
2026-05-03 20:57:40,016 - WARNING - Failed to load profile: 'version'
2026-05-03 20:57:40,022 - INFO - Loaded 416 packages
2026-05-03 20:57:40,022 - INFO - dhcpcd has no RM.org ID, attempting to look it up...
2026-05-03 20:57:40,623 - INFO - Found project ID 11429 for dhcpcd
2026-05-03 20:57:40,623 - INFO - Found project ID 11429 for dhcpcd
2026-05-03 20:57:40,623 - INFO - Current: 10.3.2, Latest: 10.3.2
2026-05-03 20:57:40,623 - INFO - dhcpcd is up to date
2026-05-03 20:57:40,623 - INFO - Processing apr...
2026-05-03 20:57:40,630 - WARNING - Failed to load stage2: 'version'
2026-05-03 20:57:40,630 - WARNING - Failed to load stage0: 'version'
2026-05-03 20:57:40,631 - WARNING - Failed to load stage3: 'version'
2026-05-03 20:57:40,664 - WARNING - Failed to load clang-meson-busybox: 'version'
2026-05-03 20:57:40,664 - WARNING - Failed to load clang-gnu-busybox: 'version'
2026-05-03 20:57:40,664 - WARNING - Failed to load gcc-gnu-busybox: 'version'
2026-05-03 20:57:40,664 - WARNING - Failed to load solidity: 'version'
2026-05-03 20:57:40,664 - WARNING - Failed to load clang-cmake-busybox: 'version'
2026-05-03 20:57:40,665 - WARNING - Failed to load gcc-gnu-gnu: 'version'
2026-05-03 20:57:40,665 - WARNING - Failed to load luarocks: 'version'
2026-05-03 20:57:40,665 - WARNING - Failed to load rust: 'version'
2026-05-03 20:57:40,665 - WARNING - Failed to load gcc: 'version'
2026-05-03 20:57:40,665 - WARNING - Failed to load php: 'version'
2026-05-03 20:57:40,665 - WARNING - Failed to load python: 'version'
2026-05-03 20:57:40,665 - WARNING - Failed to load clang: 'version'
2026-05-03 20:57:40,665 - WARNING - Failed to load nodejs: 'version'
2026-05-03 20:57:40,665 - WARNING - Failed to load cython: 'version'
2026-05-03 20:57:40,665 - WARNING - Failed to load gcc-cmake-busybox: 'version'
2026-05-03 20:57:40,665 - WARNING - Failed to load php-composer: 'version'
2026-05-03 20:57:40,666 - WARNING - Failed to load go: 'version'
2026-05-03 20:57:40,666 - WARNING - Failed to load lua: 'version'
2026-05-03 20:57:40,666 - WARNING - Failed to load cgo: 'version'
2026-05-03 20:57:40,666 - WARNING - Failed to load gcc-meson-busybox: 'version'
2026-05-03 20:57:40,671 - WARNING - Failed to load cross-x86_64-gnu-gcc: 'version'
2026-05-03 20:57:40,675 - WARNING - Failed to load filesystem: 'version'
2026-05-03 20:57:40,676 - WARNING - Failed to load profile: 'version'
2026-05-03 20:57:40,682 - INFO - Loaded 416 packages
2026-05-03 20:57:40,682 - INFO - apr has no RM.org ID, attempting to look it up...
2026-05-03 20:57:41,277 - INFO - Found project ID 95 for apr
2026-05-03 20:57:41,277 - INFO - Found project ID 95 for apr
2026-05-03 20:57:41,277 - INFO - Current: 1.7.6, Latest: 1.7.6
2026-05-03 20:57:41,277 - INFO - apr is up to date
2026-05-03 20:57:41,278 - INFO - Processing diffoscope...
2026-05-03 20:57:41,284 - WARNING - Failed to load stage2: 'version'
2026-05-03 20:57:41,285 - WARNING - Failed to load stage0: 'version'
2026-05-03 20:57:41,285 - WARNING - Failed to load stage3: 'version'
2026-05-03 20:57:41,319 - WARNING - Failed to load clang-meson-busybox: 'version'
2026-05-03 20:57:41,319 - WARNING - Failed to load clang-gnu-busybox: 'version'
2026-05-03 20:57:41,319 - WARNING - Failed to load gcc-gnu-busybox: 'version'
2026-05-03 20:57:41,319 - WARNING - Failed to load solidity: 'version'
2026-05-03 20:57:41,319 - WARNING - Failed to load clang-cmake-busybox: 'version'
2026-05-03 20:57:41,319 - WARNING - Failed to load gcc-gnu-gnu: 'version'
2026-05-03 20:57:41,319 - WARNING - Failed to load luarocks: 'version'
2026-05-03 20:57:41,319 - WARNING - Failed to load rust: 'version'
2026-05-03 20:57:41,319 - WARNING - Failed to load gcc: 'version'
2026-05-03 20:57:41,319 - WARNING - Failed to load php: 'version'
2026-05-03 20:57:41,320 - WARNING - Failed to load python: 'version'
2026-05-03 20:57:41,320 - WARNING - Failed to load clang: 'version'
2026-05-03 20:57:41,320 - WARNING - Failed to load nodejs: 'version'
2026-05-03 20:57:41,320 - WARNING - Failed to load cython: 'version'
2026-05-03 20:57:41,320 - WARNING - Failed to load gcc-cmake-busybox: 'version'
2026-05-03 20:57:41,320 - WARNING - Failed to load php-composer: 'version'
2026-05-03 20:57:41,320 - WARNING - Failed to load go: 'version'
2026-05-03 20:57:41,320 - WARNING - Failed to load lua: 'version'
2026-05-03 20:57:41,320 - WARNING - Failed to load cgo: 'version'
2026-05-03 20:57:41,320 - WARNING - Failed to load gcc-meson-busybox: 'version'
2026-05-03 20:57:41,325 - WARNING - Failed to load cross-x86_64-gnu-gcc: 'version'
2026-05-03 20:57:41,330 - WARNING - Failed to load filesystem: 'version'
2026-05-03 20:57:41,331 - WARNING - Failed to load profile: 'version'
2026-05-03 20:57:41,337 - INFO - Loaded 416 packages
2026-05-03 20:57:41,337 - INFO - diffoscope has no RM.org ID, attempting to look it up...
2026-05-03 20:57:41,906 - INFO - Found project ID 14588 for diffoscope
2026-05-03 20:57:41,906 - INFO - Found project ID 14588 for diffoscope
2026-05-03 20:57:41,906 - INFO - Current: 318, Latest: 318
2026-05-03 20:57:41,906 - INFO - diffoscope is up to date
2026-05-03 20:57:41,906 - INFO - Processing tpm2...
2026-05-03 20:57:41,906 - INFO - Processing libgcrypt...
2026-05-03 20:57:41,913 - WARNING - Failed to load stage2: 'version'
2026-05-03 20:57:41,913 - WARNING - Failed to load stage0: 'version'
2026-05-03 20:57:41,914 - WARNING - Failed to load stage3: 'version'
2026-05-03 20:57:41,947 - WARNING - Failed to load clang-meson-busybox: 'version'
2026-05-03 20:57:41,947 - WARNING - Failed to load clang-gnu-busybox: 'version'
2026-05-03 20:57:41,948 - WARNING - Failed to load gcc-gnu-busybox: 'version'
2026-05-03 20:57:41,948 - WARNING - Failed to load solidity: 'version'
2026-05-03 20:57:41,948 - WARNING - Failed to load clang-cmake-busybox: 'version'
2026-05-03 20:57:41,948 - WARNING - Failed to load gcc-gnu-gnu: 'version'
2026-05-03 20:57:41,948 - WARNING - Failed to load luarocks: 'version'
2026-05-03 20:57:41,948 - WARNING - Failed to load rust: 'version'
2026-05-03 20:57:41,948 - WARNING - Failed to load gcc: 'version'
2026-05-03 20:57:41,948 - WARNING - Failed to load php: 'version'
2026-05-03 20:57:41,948 - WARNING - Failed to load python: 'version'
2026-05-03 20:57:41,948 - WARNING - Failed to load clang: 'version'
2026-05-03 20:57:41,948 - WARNING - Failed to load nodejs: 'version'
2026-05-03 20:57:41,949 - WARNING - Failed to load cython: 'version'
2026-05-03 20:57:41,949 - WARNING - Failed to load gcc-cmake-busybox: 'version'
2026-05-03 20:57:41,949 - WARNING - Failed to load php-composer: 'version'
2026-05-03 20:57:41,949 - WARNING - Failed to load go: 'version'
2026-05-03 20:57:41,949 - WARNING - Failed to load lua: 'version'
2026-05-03 20:57:41,949 - WARNING - Failed to load cgo: 'version'
2026-05-03 20:57:41,949 - WARNING - Failed to load gcc-meson-busybox: 'version'
2026-05-03 20:57:41,954 - WARNING - Failed to load cross-x86_64-gnu-gcc: 'version'
2026-05-03 20:57:41,958 - WARNING - Failed to load filesystem: 'version'
2026-05-03 20:57:41,960 - WARNING - Failed to load profile: 'version'
2026-05-03 20:57:41,966 - INFO - Loaded 416 packages
2026-05-03 20:57:41,966 - INFO - libgcrypt has no RM.org ID, attempting to look it up...
2026-05-03 20:57:42,570 - INFO - Found project ID 1623 for libgcrypt
2026-05-03 20:57:42,570 - INFO - Found project ID 1623 for libgcrypt
2026-05-03 20:57:42,570 - INFO - Current: 1.12.2, Latest: 1.12.2
2026-05-03 20:57:42,570 - INFO - libgcrypt is up to date
2026-05-03 20:57:42,570 - INFO - Processing lzo...
2026-05-03 20:57:42,581 - WARNING - Failed to load stage2: 'version'
2026-05-03 20:57:42,581 - WARNING - Failed to load stage0: 'version'
2026-05-03 20:57:42,581 - WARNING - Failed to load stage3: 'version'
2026-05-03 20:57:42,615 - WARNING - Failed to load clang-meson-busybox: 'version'
2026-05-03 20:57:42,615 - WARNING - Failed to load clang-gnu-busybox: 'version'
2026-05-03 20:57:42,615 - WARNING - Failed to load gcc-gnu-busybox: 'version'
2026-05-03 20:57:42,615 - WARNING - Failed to load solidity: 'version'
2026-05-03 20:57:42,615 - WARNING - Failed to load clang-cmake-busybox: 'version'
2026-05-03 20:57:42,615 - WARNING - Failed to load gcc-gnu-gnu: 'version'
2026-05-03 20:57:42,616 - WARNING - Failed to load luarocks: 'version'
2026-05-03 20:57:42,616 - WARNING - Failed to load rust: 'version'
2026-05-03 20:57:42,616 - WARNING - Failed to load gcc: 'version'
2026-05-03 20:57:42,616 - WARNING - Failed to load php: 'version'
2026-05-03 20:57:42,616 - WARNING - Failed to load python: 'version'
2026-05-03 20:57:42,616 - WARNING - Failed to load clang: 'version'
2026-05-03 20:57:42,616 - WARNING - Failed to load nodejs: 'version'
2026-05-03 20:57:42,616 - WARNING - Failed to load cython: 'version'
2026-05-03 20:57:42,616 - WARNING - Failed to load gcc-cmake-busybox: 'version'
2026-05-03 20:57:42,616 - WARNING - Failed to load php-composer: 'version'
2026-05-03 20:57:42,616 - WARNING - Failed to load go: 'version'
2026-05-03 20:57:42,617 - WARNING - Failed to load lua: 'version'
2026-05-03 20:57:42,617 - WARNING - Failed to load cgo: 'version'
2026-05-03 20:57:42,617 - WARNING - Failed to load gcc-meson-busybox: 'version'
2026-05-03 20:57:42,622 - WARNING - Failed to load cross-x86_64-gnu-gcc: 'version'
2026-05-03 20:57:42,626 - WARNING - Failed to load filesystem: 'version'
2026-05-03 20:57:42,627 - WARNING - Failed to load profile: 'version'
2026-05-03 20:57:42,633 - INFO - Loaded 416 packages
2026-05-03 20:57:42,633 - INFO - lzo has no RM.org ID, attempting to look it up...
2026-05-03 20:57:43,230 - INFO - Found project ID 1868 for lzo
2026-05-03 20:57:43,230 - INFO - Found project ID 1868 for lzo
2026-05-03 20:57:43,230 - INFO - Current: 2.10, Latest: 2.10
2026-05-03 20:57:43,230 - INFO - lzo is up to date
2026-05-03 20:57:43,230 - INFO - Processing anubis...
2026-05-03 20:57:43,237 - WARNING - Failed to load stage2: 'version'
2026-05-03 20:57:43,237 - WARNING - Failed to load stage0: 'version'
2026-05-03 20:57:43,238 - WARNING - Failed to load stage3: 'version'
2026-05-03 20:57:43,271 - WARNING - Failed to load clang-meson-busybox: 'version'
2026-05-03 20:57:43,271 - WARNING - Failed to load clang-gnu-busybox: 'version'
2026-05-03 20:57:43,272 - WARNING - Failed to load gcc-gnu-busybox: 'version'
2026-05-03 20:57:43,272 - WARNING - Failed to load solidity: 'version'
2026-05-03 20:57:43,272 - WARNING - Failed to load clang-cmake-busybox: 'version'
2026-05-03 20:57:43,272 - WARNING - Failed to load gcc-gnu-gnu: 'version'
2026-05-03 20:57:43,272 - WARNING - Failed to load luarocks: 'version'
2026-05-03 20:57:43,272 - WARNING - Failed to load rust: 'version'
2026-05-03 20:57:43,272 - WARNING - Failed to load gcc: 'version'
2026-05-03 20:57:43,272 - WARNING - Failed to load php: 'version'
2026-05-03 20:57:43,272 - WARNING - Failed to load python: 'version'
2026-05-03 20:57:43,272 - WARNING - Failed to load clang: 'version'
2026-05-03 20:57:43,272 - WARNING - Failed to load nodejs: 'version'
2026-05-03 20:57:43,273 - WARNING - Failed to load cython: 'version'
2026-05-03 20:57:43,273 - WARNING - Failed to load gcc-cmake-busybox: 'version'
2026-05-03 20:57:43,273 - WARNING - Failed to load php-composer: 'version'
2026-05-03 20:57:43,273 - WARNING - Failed to load go: 'version'
2026-05-03 20:57:43,273 - WARNING - Failed to load lua: 'version'
2026-05-03 20:57:43,273 - WARNING - Failed to load cgo: 'version'
2026-05-03 20:57:43,273 - WARNING - Failed to load gcc-meson-busybox: 'version'
2026-05-03 20:57:43,278 - WARNING - Failed to load cross-x86_64-gnu-gcc: 'version'
2026-05-03 20:57:43,282 - WARNING - Failed to load filesystem: 'version'
2026-05-03 20:57:43,284 - WARNING - Failed to load profile: 'version'
2026-05-03 20:57:43,289 - INFO - Loaded 416 packages
2026-05-03 20:57:43,289 - INFO - anubis has no RM.org ID, attempting to look it up...
2026-05-03 20:57:43,991 - INFO - Found project ID 377999 for anubis
2026-05-03 20:57:43,992 - INFO - Found project ID 377999 for anubis
2026-05-03 20:57:43,992 - INFO - Current: 1.25.0, Latest: 1.25.0
2026-05-03 20:57:43,992 - INFO - anubis is up to date
2026-05-03 20:57:43,992 - INFO - Processing opentofu...
2026-05-03 20:57:43,999 - WARNING - Failed to load stage2: 'version'
2026-05-03 20:57:43,999 - WARNING - Failed to load stage0: 'version'
2026-05-03 20:57:43,999 - WARNING - Failed to load stage3: 'version'
2026-05-03 20:57:44,033 - WARNING - Failed to load clang-meson-busybox: 'version'
2026-05-03 20:57:44,033 - WARNING - Failed to load clang-gnu-busybox: 'version'
2026-05-03 20:57:44,033 - WARNING - Failed to load gcc-gnu-busybox: 'version'
2026-05-03 20:57:44,033 - WARNING - Failed to load solidity: 'version'
2026-05-03 20:57:44,033 - WARNING - Failed to load clang-cmake-busybox: 'version'
2026-05-03 20:57:44,033 - WARNING - Failed to load gcc-gnu-gnu: 'version'
2026-05-03 20:57:44,033 - WARNING - Failed to load luarocks: 'version'
2026-05-03 20:57:44,034 - WARNING - Failed to load rust: 'version'
2026-05-03 20:57:44,034 - WARNING - Failed to load gcc: 'version'
2026-05-03 20:57:44,034 - WARNING - Failed to load php: 'version'
2026-05-03 20:57:44,034 - WARNING - Failed to load python: 'version'
2026-05-03 20:57:44,034 - WARNING - Failed to load clang: 'version'
2026-05-03 20:57:44,034 - WARNING - Failed to load nodejs: 'version'
2026-05-03 20:57:44,034 - WARNING - Failed to load cython: 'version'
2026-05-03 20:57:44,034 - WARNING - Failed to load gcc-cmake-busybox: 'version'
2026-05-03 20:57:44,034 - WARNING - Failed to load php-composer: 'version'
2026-05-03 20:57:44,034 - WARNING - Failed to load go: 'version'
2026-05-03 20:57:44,034 - WARNING - Failed to load lua: 'version'
2026-05-03 20:57:44,035 - WARNING - Failed to load cgo: 'version'
2026-05-03 20:57:44,035 - WARNING - Failed to load gcc-meson-busybox: 'version'
2026-05-03 20:57:44,040 - WARNING - Failed to load cross-x86_64-gnu-gcc: 'version'
2026-05-03 20:57:44,044 - WARNING - Failed to load filesystem: 'version'
2026-05-03 20:57:44,045 - WARNING - Failed to load profile: 'version'
2026-05-03 20:57:44,051 - INFO - Loaded 416 packages
2026-05-03 20:57:44,051 - INFO - opentofu has no RM.org ID, attempting to look it up...
2026-05-03 20:57:44,639 - INFO - Found project ID 371292 for opentofu
2026-05-03 20:57:44,639 - INFO - Found project ID 371292 for opentofu
2026-05-03 20:57:44,639 - INFO - Current: 1.11.6, Latest: 1.11.6
2026-05-03 20:57:44,639 - INFO - opentofu is up to date
2026-05-03 20:57:44,639 - INFO - Processing pgbouncer...
2026-05-03 20:57:44,646 - WARNING - Failed to load stage2: 'version'
2026-05-03 20:57:44,646 - WARNING - Failed to load stage0: 'version'
2026-05-03 20:57:44,647 - WARNING - Failed to load stage3: 'version'
2026-05-03 20:57:44,680 - WARNING - Failed to load clang-meson-busybox: 'version'
2026-05-03 20:57:44,680 - WARNING - Failed to load clang-gnu-busybox: 'version'
2026-05-03 20:57:44,680 - WARNING - Failed to load gcc-gnu-busybox: 'version'
2026-05-03 20:57:44,680 - WARNING - Failed to load solidity: 'version'
2026-05-03 20:57:44,681 - WARNING - Failed to load clang-cmake-busybox: 'version'
2026-05-03 20:57:44,681 - WARNING - Failed to load gcc-gnu-gnu: 'version'
2026-05-03 20:57:44,681 - WARNING - Failed to load luarocks: 'version'
2026-05-03 20:57:44,681 - WARNING - Failed to load rust: 'version'
2026-05-03 20:57:44,681 - WARNING - Failed to load gcc: 'version'
2026-05-03 20:57:44,681 - WARNING - Failed to load php: 'version'
2026-05-03 20:57:44,681 - WARNING - Failed to load python: 'version'
2026-05-03 20:57:44,681 - WARNING - Failed to load clang: 'version'
2026-05-03 20:57:44,681 - WARNING - Failed to load nodejs: 'version'
2026-05-03 20:57:44,681 - WARNING - Failed to load cython: 'version'
2026-05-03 20:57:44,681 - WARNING - Failed to load gcc-cmake-busybox: 'version'
2026-05-03 20:57:44,682 - WARNING - Failed to load php-composer: 'version'
2026-05-03 20:57:44,682 - WARNING - Failed to load go: 'version'
2026-05-03 20:57:44,682 - WARNING - Failed to load lua: 'version'
2026-05-03 20:57:44,682 - WARNING - Failed to load cgo: 'version'
2026-05-03 20:57:44,682 - WARNING - Failed to load gcc-meson-busybox: 'version'
2026-05-03 20:57:44,687 - WARNING - Failed to load cross-x86_64-gnu-gcc: 'version'
2026-05-03 20:57:44,691 - WARNING - Failed to load filesystem: 'version'
2026-05-03 20:57:44,692 - WARNING - Failed to load profile: 'version'
2026-05-03 20:57:44,698 - INFO - Loaded 416 packages
2026-05-03 20:57:44,698 - INFO - pgbouncer has no RM.org ID, attempting to look it up...
2026-05-03 20:57:45,283 - INFO - Found project ID 7329 for pgbouncer
2026-05-03 20:57:45,283 - INFO - Found project ID 7329 for pgbouncer
2026-05-03 20:57:45,283 - INFO - Current: 1.25.1, Latest: 1.25.1
2026-05-03 20:57:45,283 - INFO - pgbouncer is up to date
2026-05-03 20:57:45,284 - INFO - Processing libmd...
2026-05-03 20:57:45,290 - WARNING - Failed to load stage2: 'version'
2026-05-03 20:57:45,290 - WARNING - Failed to load stage0: 'version'
2026-05-03 20:57:45,291 - WARNING - Failed to load stage3: 'version'
2026-05-03 20:57:45,324 - WARNING - Failed to load clang-meson-busybox: 'version'
2026-05-03 20:57:45,325 - WARNING - Failed to load clang-gnu-busybox: 'version'
2026-05-03 20:57:45,325 - WARNING - Failed to load gcc-gnu-busybox: 'version'
2026-05-03 20:57:45,325 - WARNING - Failed to load solidity: 'version'
2026-05-03 20:57:45,325 - WARNING - Failed to load clang-cmake-busybox: 'version'
2026-05-03 20:57:45,325 - WARNING - Failed to load gcc-gnu-gnu: 'version'
2026-05-03 20:57:45,325 - WARNING - Failed to load luarocks: 'version'
2026-05-03 20:57:45,325 - WARNING - Failed to load rust: 'version'
2026-05-03 20:57:45,325 - WARNING - Failed to load gcc: 'version'
2026-05-03 20:57:45,325 - WARNING - Failed to load php: 'version'
2026-05-03 20:57:45,325 - WARNING - Failed to load python: 'version'
2026-05-03 20:57:45,325 - WARNING - Failed to load clang: 'version'
2026-05-03 20:57:45,326 - WARNING - Failed to load nodejs: 'version'
2026-05-03 20:57:45,326 - WARNING - Failed to load cython: 'version'
2026-05-03 20:57:45,326 - WARNING - Failed to load gcc-cmake-busybox: 'version'
2026-05-03 20:57:45,326 - WARNING - Failed to load php-composer: 'version'
2026-05-03 20:57:45,326 - WARNING - Failed to load go: 'version'
2026-05-03 20:57:45,326 - WARNING - Failed to load lua: 'version'
2026-05-03 20:57:45,326 - WARNING - Failed to load cgo: 'version'
2026-05-03 20:57:45,326 - WARNING - Failed to load gcc-meson-busybox: 'version'
2026-05-03 20:57:45,331 - WARNING - Failed to load cross-x86_64-gnu-gcc: 'version'
2026-05-03 20:57:45,335 - WARNING - Failed to load filesystem: 'version'
2026-05-03 20:57:45,337 - WARNING - Failed to load profile: 'version'
2026-05-03 20:57:45,342 - INFO - Loaded 416 packages
2026-05-03 20:57:45,342 - INFO - libmd has no RM.org ID, attempting to look it up...
2026-05-03 20:57:45,953 - INFO - Found project ID 15525 for libmd
2026-05-03 20:57:45,953 - INFO - Found project ID 15525 for libmd
2026-05-03 20:57:45,953 - INFO - Current: 1.1.0, Latest: 1.1.0
2026-05-03 20:57:45,953 - INFO - libmd is up to date
2026-05-03 20:57:45,953 - INFO - Processing kubeconform...
2026-05-03 20:57:45,960 - WARNING - Failed to load stage2: 'version'
2026-05-03 20:57:45,960 - WARNING - Failed to load stage0: 'version'
2026-05-03 20:57:45,961 - WARNING - Failed to load stage3: 'version'
2026-05-03 20:57:45,995 - WARNING - Failed to load clang-meson-busybox: 'version'
2026-05-03 20:57:45,995 - WARNING - Failed to load clang-gnu-busybox: 'version'
2026-05-03 20:57:45,995 - WARNING - Failed to load gcc-gnu-busybox: 'version'
2026-05-03 20:57:45,995 - WARNING - Failed to load solidity: 'version'
2026-05-03 20:57:45,995 - WARNING - Failed to load clang-cmake-busybox: 'version'
2026-05-03 20:57:45,995 - WARNING - Failed to load gcc-gnu-gnu: 'version'
2026-05-03 20:57:45,995 - WARNING - Failed to load luarocks: 'version'
2026-05-03 20:57:45,995 - WARNING - Failed to load rust: 'version'
2026-05-03 20:57:45,995 - WARNING - Failed to load gcc: 'version'
2026-05-03 20:57:45,996 - WARNING - Failed to load php: 'version'
2026-05-03 20:57:45,996 - WARNING - Failed to load python: 'version'
2026-05-03 20:57:45,996 - WARNING - Failed to load clang: 'version'
2026-05-03 20:57:45,996 - WARNING - Failed to load nodejs: 'version'
2026-05-03 20:57:45,996 - WARNING - Failed to load cython: 'version'
2026-05-03 20:57:45,996 - WARNING - Failed to load gcc-cmake-busybox: 'version'
2026-05-03 20:57:45,996 - WARNING - Failed to load php-composer: 'version'
2026-05-03 20:57:45,996 - WARNING - Failed to load go: 'version'
2026-05-03 20:57:45,996 - WARNING - Failed to load lua: 'version'
2026-05-03 20:57:45,996 - WARNING - Failed to load cgo: 'version'
2026-05-03 20:57:45,996 - WARNING - Failed to load gcc-meson-busybox: 'version'
2026-05-03 20:57:46,001 - WARNING - Failed to load cross-x86_64-gnu-gcc: 'version'
2026-05-03 20:57:46,006 - WARNING - Failed to load filesystem: 'version'
2026-05-03 20:57:46,007 - WARNING - Failed to load profile: 'version'
2026-05-03 20:57:46,013 - INFO - Loaded 416 packages
2026-05-03 20:57:46,013 - INFO - kubeconform has no RM.org ID, attempting to look it up...
2026-05-03 20:57:46,600 - INFO - Found project ID 374708 for kubeconform
2026-05-03 20:57:46,601 - INFO - Found project ID 374708 for kubeconform
2026-05-03 20:57:46,601 - INFO - Current: 0.7.0, Latest: 0.7.0
2026-05-03 20:57:46,601 - INFO - kubeconform is up to date
2026-05-03 20:57:46,601 - INFO - Processing caddy...
2026-05-03 20:57:46,608 - WARNING - Failed to load stage2: 'version'
2026-05-03 20:57:46,608 - WARNING - Failed to load stage0: 'version'
2026-05-03 20:57:46,608 - WARNING - Failed to load stage3: 'version'
2026-05-03 20:57:46,642 - WARNING - Failed to load clang-meson-busybox: 'version'
2026-05-03 20:57:46,642 - WARNING - Failed to load clang-gnu-busybox: 'version'
2026-05-03 20:57:46,642 - WARNING - Failed to load gcc-gnu-busybox: 'version'
2026-05-03 20:57:46,642 - WARNING - Failed to load solidity: 'version'
2026-05-03 20:57:46,643 - WARNING - Failed to load clang-cmake-busybox: 'version'
2026-05-03 20:57:46,643 - WARNING - Failed to load gcc-gnu-gnu: 'version'
2026-05-03 20:57:46,643 - WARNING - Failed to load luarocks: 'version'
2026-05-03 20:57:46,643 - WARNING - Failed to load rust: 'version'
2026-05-03 20:57:46,643 - WARNING - Failed to load gcc: 'version'
2026-05-03 20:57:46,643 - WARNING - Failed to load php: 'version'
2026-05-03 20:57:46,643 - WARNING - Failed to load python: 'version'
2026-05-03 20:57:46,643 - WARNING - Failed to load clang: 'version'
2026-05-03 20:57:46,643 - WARNING - Failed to load nodejs: 'version'
2026-05-03 20:57:46,643 - WARNING - Failed to load cython: 'version'
2026-05-03 20:57:46,643 - WARNING - Failed to load gcc-cmake-busybox: 'version'
2026-05-03 20:57:46,644 - WARNING - Failed to load php-composer: 'version'
2026-05-03 20:57:46,644 - WARNING - Failed to load go: 'version'
2026-05-03 20:57:46,644 - WARNING - Failed to load lua: 'version'
2026-05-03 20:57:46,644 - WARNING - Failed to load cgo: 'version'
2026-05-03 20:57:46,644 - WARNING - Failed to load gcc-meson-busybox: 'version'
2026-05-03 20:57:46,649 - WARNING - Failed to load cross-x86_64-gnu-gcc: 'version'
2026-05-03 20:57:46,653 - WARNING - Failed to load filesystem: 'version'
2026-05-03 20:57:46,654 - WARNING - Failed to load profile: 'version'
2026-05-03 20:57:46,660 - INFO - Loaded 416 packages
2026-05-03 20:57:46,660 - INFO - caddy has no RM.org ID, attempting to look it up...
2026-05-03 20:57:47,235 - INFO - Found project ID 15601 for caddy
2026-05-03 20:57:47,235 - INFO - Found project ID 15601 for caddy
2026-05-03 20:57:47,235 - INFO - Current: 2.11.2, Latest: 2.11.2
2026-05-03 20:57:47,235 - INFO - caddy is up to date
2026-05-03 20:57:47,235 - INFO - Processing doxygen...
2026-05-03 20:57:47,242 - WARNING - Failed to load stage2: 'version'
2026-05-03 20:57:47,242 - WARNING - Failed to load stage0: 'version'
2026-05-03 20:57:47,243 - WARNING - Failed to load stage3: 'version'
2026-05-03 20:57:47,277 - WARNING - Failed to load clang-meson-busybox: 'version'
2026-05-03 20:57:47,277 - WARNING - Failed to load clang-gnu-busybox: 'version'
2026-05-03 20:57:47,277 - WARNING - Failed to load gcc-gnu-busybox: 'version'
2026-05-03 20:57:47,277 - WARNING - Failed to load solidity: 'version'
2026-05-03 20:57:47,277 - WARNING - Failed to load clang-cmake-busybox: 'version'
2026-05-03 20:57:47,277 - WARNING - Failed to load gcc-gnu-gnu: 'version'
2026-05-03 20:57:47,277 - WARNING - Failed to load luarocks: 'version'
2026-05-03 20:57:47,277 - WARNING - Failed to load rust: 'version'
2026-05-03 20:57:47,277 - WARNING - Failed to load gcc: 'version'
2026-05-03 20:57:47,278 - WARNING - Failed to load php: 'version'
2026-05-03 20:57:47,278 - WARNING - Failed to load python: 'version'
2026-05-03 20:57:47,278 - WARNING - Failed to load clang: 'version'
2026-05-03 20:57:47,278 - WARNING - Failed to load nodejs: 'version'
2026-05-03 20:57:47,278 - WARNING - Failed to load cython: 'version'
2026-05-03 20:57:47,278 - WARNING - Failed to load gcc-cmake-busybox: 'version'
2026-05-03 20:57:47,278 - WARNING - Failed to load php-composer: 'version'
2026-05-03 20:57:47,278 - WARNING - Failed to load go: 'version'
2026-05-03 20:57:47,278 - WARNING - Failed to load lua: 'version'
2026-05-03 20:57:47,278 - WARNING - Failed to load cgo: 'version'
2026-05-03 20:57:47,278 - WARNING - Failed to load gcc-meson-busybox: 'version'
2026-05-03 20:57:47,284 - WARNING - Failed to load cross-x86_64-gnu-gcc: 'version'
2026-05-03 20:57:47,288 - WARNING - Failed to load filesystem: 'version'
2026-05-03 20:57:47,289 - WARNING - Failed to load profile: 'version'
2026-05-03 20:57:47,295 - INFO - Loaded 416 packages
2026-05-03 20:57:47,295 - INFO - doxygen has no RM.org ID, attempting to look it up...
2026-05-03 20:57:47,860 - INFO - Found project ID 457 for doxygen
2026-05-03 20:57:47,860 - INFO - Found project ID 457 for doxygen
2026-05-03 20:57:47,860 - INFO - Current: 1.17.0, Latest: 1.17.0
2026-05-03 20:57:47,860 - INFO - doxygen is up to date
2026-05-03 20:57:47,861 - INFO - Processing inotify...
2026-05-03 20:57:47,861 - INFO - Processing valgrind...
2026-05-03 20:57:47,867 - WARNING - Failed to load stage2: 'version'
2026-05-03 20:57:47,868 - WARNING - Failed to load stage0: 'version'
2026-05-03 20:57:47,868 - WARNING - Failed to load stage3: 'version'
2026-05-03 20:57:47,902 - WARNING - Failed to load clang-meson-busybox: 'version'
2026-05-03 20:57:47,902 - WARNING - Failed to load clang-gnu-busybox: 'version'
2026-05-03 20:57:47,902 - WARNING - Failed to load gcc-gnu-busybox: 'version'
2026-05-03 20:57:47,902 - WARNING - Failed to load solidity: 'version'
2026-05-03 20:57:47,902 - WARNING - Failed to load clang-cmake-busybox: 'version'
2026-05-03 20:57:47,902 - WARNING - Failed to load gcc-gnu-gnu: 'version'
2026-05-03 20:57:47,902 - WARNING - Failed to load luarocks: 'version'
2026-05-03 20:57:47,903 - WARNING - Failed to load rust: 'version'
2026-05-03 20:57:47,903 - WARNING - Failed to load gcc: 'version'
2026-05-03 20:57:47,903 - WARNING - Failed to load php: 'version'
2026-05-03 20:57:47,903 - WARNING - Failed to load python: 'version'
2026-05-03 20:57:47,903 - WARNING - Failed to load clang: 'version'
2026-05-03 20:57:47,903 - WARNING - Failed to load nodejs: 'version'
2026-05-03 20:57:47,903 - WARNING - Failed to load cython: 'version'
2026-05-03 20:57:47,903 - WARNING - Failed to load gcc-cmake-busybox: 'version'
2026-05-03 20:57:47,903 - WARNING - Failed to load php-composer: 'version'
2026-05-03 20:57:47,903 - WARNING - Failed to load go: 'version'
2026-05-03 20:57:47,903 - WARNING - Failed to load lua: 'version'
2026-05-03 20:57:47,904 - WARNING - Failed to load cgo: 'version'
2026-05-03 20:57:47,904 - WARNING - Failed to load gcc-meson-busybox: 'version'
2026-05-03 20:57:47,909 - WARNING - Failed to load cross-x86_64-gnu-gcc: 'version'
2026-05-03 20:57:47,913 - WARNING - Failed to load filesystem: 'version'
2026-05-03 20:57:47,914 - WARNING - Failed to load profile: 'version'
2026-05-03 20:57:47,920 - INFO - Loaded 416 packages
2026-05-03 20:57:47,920 - INFO - valgrind has no RM.org ID, attempting to look it up...
2026-05-03 20:57:48,506 - INFO - Found project ID 306802 for valgrind
2026-05-03 20:57:48,506 - INFO - Found project ID 306802 for valgrind
2026-05-03 20:57:48,506 - INFO - Current: 3.26.0, Latest: 0.0.0
2026-05-03 20:57:48,506 - INFO - Updating valgrind to 0.0.0
2026-05-03 20:57:48,506 - INFO - Backed up valgrind to /home/lrvick/Sources/stagex/scripts/backups/user/valgrind
2026-05-03 20:57:48,762 - ERROR - No working download URL found for version 0.0.0
2026-05-03 20:57:48,762 - ERROR - Failed to download source for valgrind
2026-05-03 20:57:48,762 - INFO - Processing mockgen...
2026-05-03 20:57:48,768 - WARNING - Failed to load stage2: 'version'
2026-05-03 20:57:48,769 - WARNING - Failed to load stage0: 'version'
2026-05-03 20:57:48,769 - WARNING - Failed to load stage3: 'version'
2026-05-03 20:57:48,803 - WARNING - Failed to load clang-meson-busybox: 'version'
2026-05-03 20:57:48,803 - WARNING - Failed to load clang-gnu-busybox: 'version'
2026-05-03 20:57:48,803 - WARNING - Failed to load gcc-gnu-busybox: 'version'
2026-05-03 20:57:48,803 - WARNING - Failed to load solidity: 'version'
2026-05-03 20:57:48,803 - WARNING - Failed to load clang-cmake-busybox: 'version'
2026-05-03 20:57:48,803 - WARNING - Failed to load gcc-gnu-gnu: 'version'
2026-05-03 20:57:48,803 - WARNING - Failed to load luarocks: 'version'
2026-05-03 20:57:48,803 - WARNING - Failed to load rust: 'version'
2026-05-03 20:57:48,803 - WARNING - Failed to load gcc: 'version'
2026-05-03 20:57:48,804 - WARNING - Failed to load php: 'version'
2026-05-03 20:57:48,804 - WARNING - Failed to load python: 'version'
2026-05-03 20:57:48,804 - WARNING - Failed to load clang: 'version'
2026-05-03 20:57:48,804 - WARNING - Failed to load nodejs: 'version'
2026-05-03 20:57:48,804 - WARNING - Failed to load cython: 'version'
2026-05-03 20:57:48,804 - WARNING - Failed to load gcc-cmake-busybox: 'version'
2026-05-03 20:57:48,804 - WARNING - Failed to load php-composer: 'version'
2026-05-03 20:57:48,804 - WARNING - Failed to load go: 'version'
2026-05-03 20:57:48,804 - WARNING - Failed to load lua: 'version'
2026-05-03 20:57:48,804 - WARNING - Failed to load cgo: 'version'
2026-05-03 20:57:48,804 - WARNING - Failed to load gcc-meson-busybox: 'version'
2026-05-03 20:57:48,809 - WARNING - Failed to load cross-x86_64-gnu-gcc: 'version'
2026-05-03 20:57:48,814 - WARNING - Failed to load filesystem: 'version'
2026-05-03 20:57:48,815 - WARNING - Failed to load profile: 'version'
2026-05-03 20:57:48,821 - INFO - Loaded 416 packages
2026-05-03 20:57:48,821 - INFO - mockgen has no RM.org ID, attempting to look it up...
2026-05-03 20:57:49,411 - INFO - Checking GitHub releases for uber-go/mock
2026-05-03 20:57:49,699 - INFO - Found latest GitHub release v0.6.0 (version 0.6.0) for uber-go/mock
2026-05-03 20:57:49,699 - INFO - Current: 1.7.0-rc.1, Latest: 0.6.0
2026-05-03 20:57:49,699 - INFO - Updating mockgen to 0.6.0
2026-05-03 20:57:49,700 - INFO - Backed up mockgen to /home/lrvick/Sources/stagex/scripts/backups/user/mockgen
2026-05-03 20:57:50,272 - ERROR - No working download URL found for version 0.6.0
2026-05-03 20:57:50,272 - ERROR - Failed to download source for mockgen
2026-05-03 20:57:50,272 - INFO - Processing nasm...
2026-05-03 20:57:50,279 - WARNING - Failed to load stage2: 'version'
2026-05-03 20:57:50,279 - WARNING - Failed to load stage0: 'version'
2026-05-03 20:57:50,280 - WARNING - Failed to load stage3: 'version'
2026-05-03 20:57:50,313 - WARNING - Failed to load clang-meson-busybox: 'version'
2026-05-03 20:57:50,313 - WARNING - Failed to load clang-gnu-busybox: 'version'
2026-05-03 20:57:50,313 - WARNING - Failed to load gcc-gnu-busybox: 'version'
2026-05-03 20:57:50,314 - WARNING - Failed to load solidity: 'version'
2026-05-03 20:57:50,314 - WARNING - Failed to load clang-cmake-busybox: 'version'
2026-05-03 20:57:50,314 - WARNING - Failed to load gcc-gnu-gnu: 'version'
2026-05-03 20:57:50,314 - WARNING - Failed to load luarocks: 'version'
2026-05-03 20:57:50,314 - WARNING - Failed to load rust: 'version'
2026-05-03 20:57:50,314 - WARNING - Failed to load gcc: 'version'
2026-05-03 20:57:50,314 - WARNING - Failed to load php: 'version'
2026-05-03 20:57:50,314 - WARNING - Failed to load python: 'version'
2026-05-03 20:57:50,314 - WARNING - Failed to load clang: 'version'
2026-05-03 20:57:50,314 - WARNING - Failed to load nodejs: 'version'
2026-05-03 20:57:50,314 - WARNING - Failed to load cython: 'version'
2026-05-03 20:57:50,315 - WARNING - Failed to load gcc-cmake-busybox: 'version'
2026-05-03 20:57:50,315 - WARNING - Failed to load php-composer: 'version'
2026-05-03 20:57:50,315 - WARNING - Failed to load go: 'version'
2026-05-03 20:57:50,315 - WARNING - Failed to load lua: 'version'
2026-05-03 20:57:50,315 - WARNING - Failed to load cgo: 'version'
2026-05-03 20:57:50,315 - WARNING - Failed to load gcc-meson-busybox: 'version'
2026-05-03 20:57:50,320 - WARNING - Failed to load cross-x86_64-gnu-gcc: 'version'
2026-05-03 20:57:50,324 - WARNING - Failed to load filesystem: 'version'
2026-05-03 20:57:50,325 - WARNING - Failed to load profile: 'version'
2026-05-03 20:57:50,331 - INFO - Loaded 416 packages
2026-05-03 20:57:50,331 - INFO - nasm has no RM.org ID, attempting to look it up...
2026-05-03 20:57:50,926 - INFO - Found project ID 2048 for nasm
2026-05-03 20:57:50,926 - INFO - Found project ID 2048 for nasm
2026-05-03 20:57:50,926 - INFO - Current: 3.01, Latest: 3.01
2026-05-03 20:57:50,927 - INFO - nasm is up to date
2026-05-03 20:57:50,927 - INFO - Processing edk2...
2026-05-03 20:57:50,933 - WARNING - Failed to load stage2: 'version'
2026-05-03 20:57:50,934 - WARNING - Failed to load stage0: 'version'
2026-05-03 20:57:50,934 - WARNING - Failed to load stage3: 'version'
2026-05-03 20:57:50,968 - WARNING - Failed to load clang-meson-busybox: 'version'
2026-05-03 20:57:50,968 - WARNING - Failed to load clang-gnu-busybox: 'version'
2026-05-03 20:57:50,968 - WARNING - Failed to load gcc-gnu-busybox: 'version'
2026-05-03 20:57:50,968 - WARNING - Failed to load solidity: 'version'
2026-05-03 20:57:50,968 - WARNING - Failed to load clang-cmake-busybox: 'version'
2026-05-03 20:57:50,968 - WARNING - Failed to load gcc-gnu-gnu: 'version'
2026-05-03 20:57:50,968 - WARNING - Failed to load luarocks: 'version'
2026-05-03 20:57:50,969 - WARNING - Failed to load rust: 'version'
2026-05-03 20:57:50,969 - WARNING - Failed to load gcc: 'version'
2026-05-03 20:57:50,969 - WARNING - Failed to load php: 'version'
2026-05-03 20:57:50,969 - WARNING - Failed to load python: 'version'
2026-05-03 20:57:50,969 - WARNING - Failed to load clang: 'version'
2026-05-03 20:57:50,969 - WARNING - Failed to load nodejs: 'version'
2026-05-03 20:57:50,969 - WARNING - Failed to load cython: 'version'
2026-05-03 20:57:50,969 - WARNING - Failed to load gcc-cmake-busybox: 'version'
2026-05-03 20:57:50,969 - WARNING - Failed to load php-composer: 'version'
2026-05-03 20:57:50,969 - WARNING - Failed to load go: 'version'
2026-05-03 20:57:50,969 - WARNING - Failed to load lua: 'version'
2026-05-03 20:57:50,969 - WARNING - Failed to load cgo: 'version'
2026-05-03 20:57:50,970 - WARNING - Failed to load gcc-meson-busybox: 'version'
2026-05-03 20:57:50,975 - WARNING - Failed to load cross-x86_64-gnu-gcc: 'version'
2026-05-03 20:57:50,979 - WARNING - Failed to load filesystem: 'version'
2026-05-03 20:57:50,980 - WARNING - Failed to load profile: 'version'
2026-05-03 20:57:50,986 - INFO - Loaded 416 packages
2026-05-03 20:57:50,986 - INFO - edk2 has no RM.org ID, attempting to look it up...
2026-05-03 20:57:51,550 - INFO - Found project ID 125953 for edk2
2026-05-03 20:57:51,550 - INFO - Found project ID 125953 for edk2
2026-05-03 20:57:51,550 - INFO - Current: 202602, Latest: 202602
2026-05-03 20:57:51,551 - INFO - edk2 is up to date
2026-05-03 20:57:51,551 - INFO - Processing ssh...
2026-05-03 20:57:51,551 - INFO - Processing buildkit...
2026-05-03 20:57:51,557 - WARNING - Failed to load stage2: 'version'
2026-05-03 20:57:51,558 - WARNING - Failed to load stage0: 'version'
2026-05-03 20:57:51,558 - WARNING - Failed to load stage3: 'version'
2026-05-03 20:57:51,592 - WARNING - Failed to load clang-meson-busybox: 'version'
2026-05-03 20:57:51,592 - WARNING - Failed to load clang-gnu-busybox: 'version'
2026-05-03 20:57:51,592 - WARNING - Failed to load gcc-gnu-busybox: 'version'
2026-05-03 20:57:51,592 - WARNING - Failed to load solidity: 'version'
2026-05-03 20:57:51,592 - WARNING - Failed to load clang-cmake-busybox: 'version'
2026-05-03 20:57:51,592 - WARNING - Failed to load gcc-gnu-gnu: 'version'
2026-05-03 20:57:51,592 - WARNING - Failed to load luarocks: 'version'
2026-05-03 20:57:51,593 - WARNING - Failed to load rust: 'version'
2026-05-03 20:57:51,593 - WARNING - Failed to load gcc: 'version'
2026-05-03 20:57:51,593 - WARNING - Failed to load php: 'version'
2026-05-03 20:57:51,593 - WARNING - Failed to load python: 'version'
2026-05-03 20:57:51,593 - WARNING - Failed to load clang: 'version'
2026-05-03 20:57:51,593 - WARNING - Failed to load nodejs: 'version'
2026-05-03 20:57:51,593 - WARNING - Failed to load cython: 'version'
2026-05-03 20:57:51,593 - WARNING - Failed to load gcc-cmake-busybox: 'version'
2026-05-03 20:57:51,593 - WARNING - Failed to load php-composer: 'version'
2026-05-03 20:57:51,593 - WARNING - Failed to load go: 'version'
2026-05-03 20:57:51,593 - WARNING - Failed to load lua: 'version'
2026-05-03 20:57:51,594 - WARNING - Failed to load cgo: 'version'
2026-05-03 20:57:51,594 - WARNING - Failed to load gcc-meson-busybox: 'version'
2026-05-03 20:57:51,599 - WARNING - Failed to load cross-x86_64-gnu-gcc: 'version'
2026-05-03 20:57:51,603 - WARNING - Failed to load filesystem: 'version'
2026-05-03 20:57:51,604 - WARNING - Failed to load profile: 'version'
2026-05-03 20:57:51,610 - INFO - Loaded 416 packages
2026-05-03 20:57:51,610 - INFO - buildkit has no RM.org ID, attempting to look it up...
2026-05-03 20:57:52,189 - INFO - Found project ID 20836 for buildkit
2026-05-03 20:57:52,189 - INFO - Found project ID 20836 for buildkit
2026-05-03 20:57:52,189 - INFO - Current: 0.29.0, Latest: 0.29.0
2026-05-03 20:57:52,189 - INFO - buildkit is up to date
2026-05-03 20:57:52,189 - INFO - Processing cpio...
2026-05-03 20:57:52,196 - WARNING - Failed to load stage2: 'version'
2026-05-03 20:57:52,196 - WARNING - Failed to load stage0: 'version'
2026-05-03 20:57:52,197 - WARNING - Failed to load stage3: 'version'
2026-05-03 20:57:52,231 - WARNING - Failed to load clang-meson-busybox: 'version'
2026-05-03 20:57:52,231 - WARNING - Failed to load clang-gnu-busybox: 'version'
2026-05-03 20:57:52,231 - WARNING - Failed to load gcc-gnu-busybox: 'version'
2026-05-03 20:57:52,231 - WARNING - Failed to load solidity: 'version'
2026-05-03 20:57:52,231 - WARNING - Failed to load clang-cmake-busybox: 'version'
2026-05-03 20:57:52,231 - WARNING - Failed to load gcc-gnu-gnu: 'version'
2026-05-03 20:57:52,231 - WARNING - Failed to load luarocks: 'version'
2026-05-03 20:57:52,231 - WARNING - Failed to load rust: 'version'
2026-05-03 20:57:52,231 - WARNING - Failed to load gcc: 'version'
2026-05-03 20:57:52,232 - WARNING - Failed to load php: 'version'
2026-05-03 20:57:52,232 - WARNING - Failed to load python: 'version'
2026-05-03 20:57:52,232 - WARNING - Failed to load clang: 'version'
2026-05-03 20:57:52,232 - WARNING - Failed to load nodejs: 'version'
2026-05-03 20:57:52,232 - WARNING - Failed to load cython: 'version'
2026-05-03 20:57:52,232 - WARNING - Failed to load gcc-cmake-busybox: 'version'
2026-05-03 20:57:52,232 - WARNING - Failed to load php-composer: 'version'
2026-05-03 20:57:52,232 - WARNING - Failed to load go: 'version'
2026-05-03 20:57:52,232 - WARNING - Failed to load lua: 'version'
2026-05-03 20:57:52,232 - WARNING - Failed to load cgo: 'version'
2026-05-03 20:57:52,232 - WARNING - Failed to load gcc-meson-busybox: 'version'
2026-05-03 20:57:52,237 - WARNING - Failed to load cross-x86_64-gnu-gcc: 'version'
2026-05-03 20:57:52,245 - WARNING - Failed to load filesystem: 'version'
2026-05-03 20:57:52,246 - WARNING - Failed to load profile: 'version'
2026-05-03 20:57:52,252 - INFO - Loaded 416 packages
2026-05-03 20:57:52,252 - INFO - cpio has no RM.org ID, attempting to look it up...
2026-05-03 20:57:52,845 - INFO - Found project ID 57938 for cpio
2026-05-03 20:57:52,845 - INFO - Found project ID 57938 for cpio
2026-05-03 20:57:52,845 - INFO - Current: 2.15, Latest: 0.4.1
2026-05-03 20:57:52,845 - INFO - Updating cpio to 0.4.1
2026-05-03 20:57:52,845 - INFO - Backed up cpio to /home/lrvick/Sources/stagex/scripts/backups/user/cpio
2026-05-03 20:57:53,723 - ERROR - No working download URL found for version 0.4.1
2026-05-03 20:57:53,723 - ERROR - Failed to download source for cpio
2026-05-03 20:57:53,723 - INFO - Processing libdeflate...
2026-05-03 20:57:53,730 - WARNING - Failed to load stage2: 'version'
2026-05-03 20:57:53,730 - WARNING - Failed to load stage0: 'version'
2026-05-03 20:57:53,731 - WARNING - Failed to load stage3: 'version'
2026-05-03 20:57:53,764 - WARNING - Failed to load clang-meson-busybox: 'version'
2026-05-03 20:57:53,764 - WARNING - Failed to load clang-gnu-busybox: 'version'
2026-05-03 20:57:53,764 - WARNING - Failed to load gcc-gnu-busybox: 'version'
2026-05-03 20:57:53,764 - WARNING - Failed to load solidity: 'version'
2026-05-03 20:57:53,764 - WARNING - Failed to load clang-cmake-busybox: 'version'
2026-05-03 20:57:53,765 - WARNING - Failed to load gcc-gnu-gnu: 'version'
2026-05-03 20:57:53,765 - WARNING - Failed to load luarocks: 'version'
2026-05-03 20:57:53,765 - WARNING - Failed to load rust: 'version'
2026-05-03 20:57:53,765 - WARNING - Failed to load gcc: 'version'
2026-05-03 20:57:53,765 - WARNING - Failed to load php: 'version'
2026-05-03 20:57:53,765 - WARNING - Failed to load python: 'version'
2026-05-03 20:57:53,765 - WARNING - Failed to load clang: 'version'
2026-05-03 20:57:53,765 - WARNING - Failed to load nodejs: 'version'
2026-05-03 20:57:53,765 - WARNING - Failed to load cython: 'version'
2026-05-03 20:57:53,765 - WARNING - Failed to load gcc-cmake-busybox: 'version'
2026-05-03 20:57:53,765 - WARNING - Failed to load php-composer: 'version'
2026-05-03 20:57:53,766 - WARNING - Failed to load go: 'version'
2026-05-03 20:57:53,766 - WARNING - Failed to load lua: 'version'
2026-05-03 20:57:53,766 - WARNING - Failed to load cgo: 'version'
2026-05-03 20:57:53,766 - WARNING - Failed to load gcc-meson-busybox: 'version'
2026-05-03 20:57:53,771 - WARNING - Failed to load cross-x86_64-gnu-gcc: 'version'
2026-05-03 20:57:53,775 - WARNING - Failed to load filesystem: 'version'
2026-05-03 20:57:53,776 - WARNING - Failed to load profile: 'version'
2026-05-03 20:57:53,782 - INFO - Loaded 416 packages
2026-05-03 20:57:53,782 - INFO - libdeflate has no RM.org ID, attempting to look it up...
2026-05-03 20:57:54,365 - INFO - Found project ID 242778 for libdeflate
2026-05-03 20:57:54,365 - INFO - Found project ID 242778 for libdeflate
2026-05-03 20:57:54,365 - INFO - Current: 1.25, Latest: 1.25
2026-05-03 20:57:54,365 - INFO - libdeflate is up to date
2026-05-03 20:57:54,366 - INFO - Processing libnftnl...
2026-05-03 20:57:54,372 - WARNING - Failed to load stage2: 'version'
2026-05-03 20:57:54,373 - WARNING - Failed to load stage0: 'version'
2026-05-03 20:57:54,373 - WARNING - Failed to load stage3: 'version'
2026-05-03 20:57:54,407 - WARNING - Failed to load clang-meson-busybox: 'version'
2026-05-03 20:57:54,407 - WARNING - Failed to load clang-gnu-busybox: 'version'
2026-05-03 20:57:54,407 - WARNING - Failed to load gcc-gnu-busybox: 'version'
2026-05-03 20:57:54,407 - WARNING - Failed to load solidity: 'version'
2026-05-03 20:57:54,407 - WARNING - Failed to load clang-cmake-busybox: 'version'
2026-05-03 20:57:54,407 - WARNING - Failed to load gcc-gnu-gnu: 'version'
2026-05-03 20:57:54,407 - WARNING - Failed to load luarocks: 'version'
2026-05-03 20:57:54,407 - WARNING - Failed to load rust: 'version'
2026-05-03 20:57:54,407 - WARNING - Failed to load gcc: 'version'
2026-05-03 20:57:54,408 - WARNING - Failed to load php: 'version'
2026-05-03 20:57:54,408 - WARNING - Failed to load python: 'version'
2026-05-03 20:57:54,408 - WARNING - Failed to load clang: 'version'
2026-05-03 20:57:54,408 - WARNING - Failed to load nodejs: 'version'
2026-05-03 20:57:54,408 - WARNING - Failed to load cython: 'version'
2026-05-03 20:57:54,408 - WARNING - Failed to load gcc-cmake-busybox: 'version'
2026-05-03 20:57:54,408 - WARNING - Failed to load php-composer: 'version'
2026-05-03 20:57:54,408 - WARNING - Failed to load go: 'version'
2026-05-03 20:57:54,408 - WARNING - Failed to load lua: 'version'
2026-05-03 20:57:54,408 - WARNING - Failed to load cgo: 'version'
2026-05-03 20:57:54,408 - WARNING - Failed to load gcc-meson-busybox: 'version'
2026-05-03 20:57:54,413 - WARNING - Failed to load cross-x86_64-gnu-gcc: 'version'
2026-05-03 20:57:54,418 - WARNING - Failed to load filesystem: 'version'
2026-05-03 20:57:54,419 - WARNING - Failed to load profile: 'version'
2026-05-03 20:57:54,425 - INFO - Loaded 416 packages
2026-05-03 20:57:54,425 - INFO - libnftnl has no RM.org ID, attempting to look it up...
2026-05-03 20:57:55,012 - INFO - Found project ID 1681 for libnftnl
2026-05-03 20:57:55,012 - INFO - Found project ID 1681 for libnftnl
2026-05-03 20:57:55,012 - INFO - Current: 1.2.8, Latest: 1.3.1
2026-05-03 20:57:55,012 - INFO - Updating libnftnl to 1.3.1
2026-05-03 20:57:55,013 - INFO - Backed up libnftnl to /home/lrvick/Sources/stagex/scripts/backups/user/libnftnl
2026-05-03 20:57:55,982 - ERROR - No working download URL found for version 1.3.1
2026-05-03 20:57:55,982 - ERROR - Failed to download source for libnftnl
2026-05-03 20:57:55,983 - INFO - Processing iptables...
2026-05-03 20:57:55,989 - WARNING - Failed to load stage2: 'version'
2026-05-03 20:57:55,989 - WARNING - Failed to load stage0: 'version'
2026-05-03 20:57:55,990 - WARNING - Failed to load stage3: 'version'
2026-05-03 20:57:56,024 - WARNING - Failed to load clang-meson-busybox: 'version'
2026-05-03 20:57:56,024 - WARNING - Failed to load clang-gnu-busybox: 'version'
2026-05-03 20:57:56,024 - WARNING - Failed to load gcc-gnu-busybox: 'version'
2026-05-03 20:57:56,024 - WARNING - Failed to load solidity: 'version'
2026-05-03 20:57:56,024 - WARNING - Failed to load clang-cmake-busybox: 'version'
2026-05-03 20:57:56,024 - WARNING - Failed to load gcc-gnu-gnu: 'version'
2026-05-03 20:57:56,024 - WARNING - Failed to load luarocks: 'version'
2026-05-03 20:57:56,024 - WARNING - Failed to load rust: 'version'
2026-05-03 20:57:56,025 - WARNING - Failed to load gcc: 'version'
2026-05-03 20:57:56,025 - WARNING - Failed to load php: 'version'
2026-05-03 20:57:56,025 - WARNING - Failed to load python: 'version'
2026-05-03 20:57:56,025 - WARNING - Failed to load clang: 'version'
2026-05-03 20:57:56,025 - WARNING - Failed to load nodejs: 'version'
2026-05-03 20:57:56,025 - WARNING - Failed to load cython: 'version'
2026-05-03 20:57:56,025 - WARNING - Failed to load gcc-cmake-busybox: 'version'
2026-05-03 20:57:56,025 - WARNING - Failed to load php-composer: 'version'
2026-05-03 20:57:56,025 - WARNING - Failed to load go: 'version'
2026-05-03 20:57:56,025 - WARNING - Failed to load lua: 'version'
2026-05-03 20:57:56,025 - WARNING - Failed to load cgo: 'version'
2026-05-03 20:57:56,026 - WARNING - Failed to load gcc-meson-busybox: 'version'
2026-05-03 20:57:56,031 - WARNING - Failed to load cross-x86_64-gnu-gcc: 'version'
2026-05-03 20:57:56,035 - WARNING - Failed to load filesystem: 'version'
2026-05-03 20:57:56,036 - WARNING - Failed to load profile: 'version'
2026-05-03 20:57:56,042 - INFO - Loaded 416 packages
2026-05-03 20:57:56,042 - INFO - iptables has no RM.org ID, attempting to look it up...
2026-05-03 20:57:56,682 - INFO - Found project ID 243298 for iptables
2026-05-03 20:57:56,682 - INFO - Found project ID 243298 for iptables
2026-05-03 20:57:56,683 - INFO - Current: 1.8.10, Latest: 0.6.0
2026-05-03 20:57:56,683 - INFO - Updating iptables to 0.6.0
2026-05-03 20:57:56,683 - INFO - Backed up iptables to /home/lrvick/Sources/stagex/scripts/backups/user/iptables
2026-05-03 20:57:57,134 - ERROR - No working download URL found for version 0.6.0
2026-05-03 20:57:57,134 - ERROR - Failed to download source for iptables
2026-05-03 20:57:57,134 - INFO - Processing docker...
2026-05-03 20:57:57,141 - WARNING - Failed to load stage2: 'version'
2026-05-03 20:57:57,141 - WARNING - Failed to load stage0: 'version'
2026-05-03 20:57:57,142 - WARNING - Failed to load stage3: 'version'
2026-05-03 20:57:57,175 - WARNING - Failed to load clang-meson-busybox: 'version'
2026-05-03 20:57:57,175 - WARNING - Failed to load clang-gnu-busybox: 'version'
2026-05-03 20:57:57,176 - WARNING - Failed to load gcc-gnu-busybox: 'version'
2026-05-03 20:57:57,176 - WARNING - Failed to load solidity: 'version'
2026-05-03 20:57:57,176 - WARNING - Failed to load clang-cmake-busybox: 'version'
2026-05-03 20:57:57,176 - WARNING - Failed to load gcc-gnu-gnu: 'version'
2026-05-03 20:57:57,176 - WARNING - Failed to load luarocks: 'version'
2026-05-03 20:57:57,176 - WARNING - Failed to load rust: 'version'
2026-05-03 20:57:57,176 - WARNING - Failed to load gcc: 'version'
2026-05-03 20:57:57,176 - WARNING - Failed to load php: 'version'
2026-05-03 20:57:57,176 - WARNING - Failed to load python: 'version'
2026-05-03 20:57:57,176 - WARNING - Failed to load clang: 'version'
2026-05-03 20:57:57,177 - WARNING - Failed to load nodejs: 'version'
2026-05-03 20:57:57,177 - WARNING - Failed to load cython: 'version'
2026-05-03 20:57:57,177 - WARNING - Failed to load gcc-cmake-busybox: 'version'
2026-05-03 20:57:57,177 - WARNING - Failed to load php-composer: 'version'
2026-05-03 20:57:57,177 - WARNING - Failed to load go: 'version'
2026-05-03 20:57:57,177 - WARNING - Failed to load lua: 'version'
2026-05-03 20:57:57,177 - WARNING - Failed to load cgo: 'version'
2026-05-03 20:57:57,177 - WARNING - Failed to load gcc-meson-busybox: 'version'
2026-05-03 20:57:57,182 - WARNING - Failed to load cross-x86_64-gnu-gcc: 'version'
2026-05-03 20:57:57,187 - WARNING - Failed to load filesystem: 'version'
2026-05-03 20:57:57,188 - WARNING - Failed to load profile: 'version'
2026-05-03 20:57:57,194 - INFO - Loaded 416 packages
2026-05-03 20:57:57,194 - INFO - docker has no RM.org ID, attempting to look it up...
2026-05-03 20:57:57,894 - INFO - Found project ID 11719 for docker
2026-05-03 20:57:57,894 - INFO - Found project ID 11719 for docker
2026-05-03 20:57:57,894 - INFO - Current: 27.1.2, Latest: 29.4.2
2026-05-03 20:57:57,894 - INFO - Updating docker to 29.4.2
2026-05-03 20:57:57,895 - INFO - Backed up docker to /home/lrvick/Sources/stagex/scripts/backups/user/docker
2026-05-03 20:57:58,413 - ERROR - No working download URL found for version 29.4.2
2026-05-03 20:57:58,413 - ERROR - Failed to download source for docker
2026-05-03 20:57:58,414 - INFO - Processing arti...
2026-05-03 20:57:58,420 - WARNING - Failed to load stage2: 'version'
2026-05-03 20:57:58,420 - WARNING - Failed to load stage0: 'version'
2026-05-03 20:57:58,421 - WARNING - Failed to load stage3: 'version'
2026-05-03 20:57:58,455 - WARNING - Failed to load clang-meson-busybox: 'version'
2026-05-03 20:57:58,455 - WARNING - Failed to load clang-gnu-busybox: 'version'
2026-05-03 20:57:58,455 - WARNING - Failed to load gcc-gnu-busybox: 'version'
2026-05-03 20:57:58,455 - WARNING - Failed to load solidity: 'version'
2026-05-03 20:57:58,455 - WARNING - Failed to load clang-cmake-busybox: 'version'
2026-05-03 20:57:58,455 - WARNING - Failed to load gcc-gnu-gnu: 'version'
2026-05-03 20:57:58,455 - WARNING - Failed to load luarocks: 'version'
2026-05-03 20:57:58,455 - WARNING - Failed to load rust: 'version'
2026-05-03 20:57:58,456 - WARNING - Failed to load gcc: 'version'
2026-05-03 20:57:58,456 - WARNING - Failed to load php: 'version'
2026-05-03 20:57:58,456 - WARNING - Failed to load python: 'version'
2026-05-03 20:57:58,456 - WARNING - Failed to load clang: 'version'
2026-05-03 20:57:58,456 - WARNING - Failed to load nodejs: 'version'
2026-05-03 20:57:58,456 - WARNING - Failed to load cython: 'version'
2026-05-03 20:57:58,456 - WARNING - Failed to load gcc-cmake-busybox: 'version'
2026-05-03 20:57:58,456 - WARNING - Failed to load php-composer: 'version'
2026-05-03 20:57:58,456 - WARNING - Failed to load go: 'version'
2026-05-03 20:57:58,456 - WARNING - Failed to load lua: 'version'
2026-05-03 20:57:58,456 - WARNING - Failed to load cgo: 'version'
2026-05-03 20:57:58,457 - WARNING - Failed to load gcc-meson-busybox: 'version'
2026-05-03 20:57:58,461 - WARNING - Failed to load cross-x86_64-gnu-gcc: 'version'
2026-05-03 20:57:58,466 - WARNING - Failed to load filesystem: 'version'
2026-05-03 20:57:58,467 - WARNING - Failed to load profile: 'version'
2026-05-03 20:57:58,473 - INFO - Loaded 416 packages
2026-05-03 20:57:58,473 - INFO - arti has no RM.org ID, attempting to look it up...
2026-05-03 20:57:59,166 - INFO - Found project ID 385562 for arti
2026-05-03 20:57:59,166 - INFO - Found project ID 385562 for arti
2026-05-03 20:57:59,166 - INFO - Current: 2.2.0, Latest: 2.2.0
2026-05-03 20:57:59,166 - INFO - arti is up to date
2026-05-03 20:57:59,166 - INFO - Processing gdb...
2026-05-03 20:57:59,173 - WARNING - Failed to load stage2: 'version'
2026-05-03 20:57:59,173 - WARNING - Failed to load stage0: 'version'
2026-05-03 20:57:59,174 - WARNING - Failed to load stage3: 'version'
2026-05-03 20:57:59,207 - WARNING - Failed to load clang-meson-busybox: 'version'
2026-05-03 20:57:59,207 - WARNING - Failed to load clang-gnu-busybox: 'version'
2026-05-03 20:57:59,207 - WARNING - Failed to load gcc-gnu-busybox: 'version'
2026-05-03 20:57:59,207 - WARNING - Failed to load solidity: 'version'
2026-05-03 20:57:59,207 - WARNING - Failed to load clang-cmake-busybox: 'version'
2026-05-03 20:57:59,208 - WARNING - Failed to load gcc-gnu-gnu: 'version'
2026-05-03 20:57:59,208 - WARNING - Failed to load luarocks: 'version'
2026-05-03 20:57:59,208 - WARNING - Failed to load rust: 'version'
2026-05-03 20:57:59,208 - WARNING - Failed to load gcc: 'version'
2026-05-03 20:57:59,208 - WARNING - Failed to load php: 'version'
2026-05-03 20:57:59,208 - WARNING - Failed to load python: 'version'
2026-05-03 20:57:59,208 - WARNING - Failed to load clang: 'version'
2026-05-03 20:57:59,208 - WARNING - Failed to load nodejs: 'version'
2026-05-03 20:57:59,208 - WARNING - Failed to load cython: 'version'
2026-05-03 20:57:59,208 - WARNING - Failed to load gcc-cmake-busybox: 'version'
2026-05-03 20:57:59,208 - WARNING - Failed to load php-composer: 'version'
2026-05-03 20:57:59,209 - WARNING - Failed to load go: 'version'
2026-05-03 20:57:59,209 - WARNING - Failed to load lua: 'version'
2026-05-03 20:57:59,209 - WARNING - Failed to load cgo: 'version'
2026-05-03 20:57:59,209 - WARNING - Failed to load gcc-meson-busybox: 'version'
2026-05-03 20:57:59,214 - WARNING - Failed to load cross-x86_64-gnu-gcc: 'version'
2026-05-03 20:57:59,218 - WARNING - Failed to load filesystem: 'version'
2026-05-03 20:57:59,219 - WARNING - Failed to load profile: 'version'
2026-05-03 20:57:59,225 - INFO - Loaded 416 packages
2026-05-03 20:57:59,225 - INFO - gdb has no RM.org ID, attempting to look it up...
2026-05-03 20:57:59,823 - INFO - Found project ID 11798 for gdb
2026-05-03 20:57:59,823 - INFO - Found project ID 11798 for gdb
2026-05-03 20:57:59,823 - INFO - Current: 17.1, Latest: 17.1
2026-05-03 20:57:59,823 - INFO - gdb is up to date
2026-05-03 20:57:59,823 - INFO - Processing sops...
2026-05-03 20:57:59,830 - WARNING - Failed to load stage2: 'version'
2026-05-03 20:57:59,830 - WARNING - Failed to load stage0: 'version'
2026-05-03 20:57:59,831 - WARNING - Failed to load stage3: 'version'
2026-05-03 20:57:59,864 - WARNING - Failed to load clang-meson-busybox: 'version'
2026-05-03 20:57:59,864 - WARNING - Failed to load clang-gnu-busybox: 'version'
2026-05-03 20:57:59,864 - WARNING - Failed to load gcc-gnu-busybox: 'version'
2026-05-03 20:57:59,864 - WARNING - Failed to load solidity: 'version'
2026-05-03 20:57:59,865 - WARNING - Failed to load clang-cmake-busybox: 'version'
2026-05-03 20:57:59,865 - WARNING - Failed to load gcc-gnu-gnu: 'version'
2026-05-03 20:57:59,865 - WARNING - Failed to load luarocks: 'version'
2026-05-03 20:57:59,865 - WARNING - Failed to load rust: 'version'
2026-05-03 20:57:59,865 - WARNING - Failed to load gcc: 'version'
2026-05-03 20:57:59,865 - WARNING - Failed to load php: 'version'
2026-05-03 20:57:59,865 - WARNING - Failed to load python: 'version'
2026-05-03 20:57:59,865 - WARNING - Failed to load clang: 'version'
2026-05-03 20:57:59,865 - WARNING - Failed to load nodejs: 'version'
2026-05-03 20:57:59,865 - WARNING - Failed to load cython: 'version'
2026-05-03 20:57:59,865 - WARNING - Failed to load gcc-cmake-busybox: 'version'
2026-05-03 20:57:59,866 - WARNING - Failed to load php-composer: 'version'
2026-05-03 20:57:59,866 - WARNING - Failed to load go: 'version'
2026-05-03 20:57:59,866 - WARNING - Failed to load lua: 'version'
2026-05-03 20:57:59,866 - WARNING - Failed to load cgo: 'version'
2026-05-03 20:57:59,866 - WARNING - Failed to load gcc-meson-busybox: 'version'
2026-05-03 20:57:59,871 - WARNING - Failed to load cross-x86_64-gnu-gcc: 'version'
2026-05-03 20:57:59,875 - WARNING - Failed to load filesystem: 'version'
2026-05-03 20:57:59,876 - WARNING - Failed to load profile: 'version'
2026-05-03 20:57:59,882 - INFO - Loaded 416 packages
2026-05-03 20:57:59,882 - INFO - sops has no RM.org ID, attempting to look it up...
2026-05-03 20:58:00,474 - INFO - Found project ID 374703 for sops
2026-05-03 20:58:00,475 - INFO - Found project ID 374703 for sops
2026-05-03 20:58:00,475 - INFO - Current: 3.12.2, Latest: 3.12.2
2026-05-03 20:58:00,475 - INFO - sops is up to date
2026-05-03 20:58:00,475 - INFO - Processing libslirp...
2026-05-03 20:58:00,482 - WARNING - Failed to load stage2: 'version'
2026-05-03 20:58:00,482 - WARNING - Failed to load stage0: 'version'
2026-05-03 20:58:00,483 - WARNING - Failed to load stage3: 'version'
2026-05-03 20:58:00,516 - WARNING - Failed to load clang-meson-busybox: 'version'
2026-05-03 20:58:00,516 - WARNING - Failed to load clang-gnu-busybox: 'version'
2026-05-03 20:58:00,516 - WARNING - Failed to load gcc-gnu-busybox: 'version'
2026-05-03 20:58:00,516 - WARNING - Failed to load solidity: 'version'
2026-05-03 20:58:00,516 - WARNING - Failed to load clang-cmake-busybox: 'version'
2026-05-03 20:58:00,517 - WARNING - Failed to load gcc-gnu-gnu: 'version'
2026-05-03 20:58:00,517 - WARNING - Failed to load luarocks: 'version'
2026-05-03 20:58:00,517 - WARNING - Failed to load rust: 'version'
2026-05-03 20:58:00,517 - WARNING - Failed to load gcc: 'version'
2026-05-03 20:58:00,517 - WARNING - Failed to load php: 'version'
2026-05-03 20:58:00,517 - WARNING - Failed to load python: 'version'
2026-05-03 20:58:00,517 - WARNING - Failed to load clang: 'version'
2026-05-03 20:58:00,517 - WARNING - Failed to load nodejs: 'version'
2026-05-03 20:58:00,517 - WARNING - Failed to load cython: 'version'
2026-05-03 20:58:00,517 - WARNING - Failed to load gcc-cmake-busybox: 'version'
2026-05-03 20:58:00,517 - WARNING - Failed to load php-composer: 'version'
2026-05-03 20:58:00,518 - WARNING - Failed to load go: 'version'
2026-05-03 20:58:00,518 - WARNING - Failed to load lua: 'version'
2026-05-03 20:58:00,518 - WARNING - Failed to load cgo: 'version'
2026-05-03 20:58:00,518 - WARNING - Failed to load gcc-meson-busybox: 'version'
2026-05-03 20:58:00,523 - WARNING - Failed to load cross-x86_64-gnu-gcc: 'version'
2026-05-03 20:58:00,527 - WARNING - Failed to load filesystem: 'version'
2026-05-03 20:58:00,528 - WARNING - Failed to load profile: 'version'
2026-05-03 20:58:00,534 - INFO - Loaded 416 packages
2026-05-03 20:58:00,534 - INFO - libslirp has no RM.org ID, attempting to look it up...
2026-05-03 20:58:01,130 - INFO - Found project ID 98335 for libslirp
2026-05-03 20:58:01,130 - INFO - Found project ID 98335 for libslirp
2026-05-03 20:58:01,130 - INFO - Current: 4.3.2, Latest: 4.3.2
2026-05-03 20:58:01,130 - INFO - libslirp is up to date
2026-05-03 20:58:01,131 - INFO - Processing alsa...
2026-05-03 20:58:01,131 - INFO - Processing openssh...
2026-05-03 20:58:01,137 - WARNING - Failed to load stage2: 'version'
2026-05-03 20:58:01,138 - WARNING - Failed to load stage0: 'version'
2026-05-03 20:58:01,138 - WARNING - Failed to load stage3: 'version'
2026-05-03 20:58:01,172 - WARNING - Failed to load clang-meson-busybox: 'version'
2026-05-03 20:58:01,172 - WARNING - Failed to load clang-gnu-busybox: 'version'
2026-05-03 20:58:01,172 - WARNING - Failed to load gcc-gnu-busybox: 'version'
2026-05-03 20:58:01,172 - WARNING - Failed to load solidity: 'version'
2026-05-03 20:58:01,172 - WARNING - Failed to load clang-cmake-busybox: 'version'
2026-05-03 20:58:01,172 - WARNING - Failed to load gcc-gnu-gnu: 'version'
2026-05-03 20:58:01,172 - WARNING - Failed to load luarocks: 'version'
2026-05-03 20:58:01,172 - WARNING - Failed to load rust: 'version'
2026-05-03 20:58:01,172 - WARNING - Failed to load gcc: 'version'
2026-05-03 20:58:01,172 - WARNING - Failed to load php: 'version'
2026-05-03 20:58:01,173 - WARNING - Failed to load python: 'version'
2026-05-03 20:58:01,173 - WARNING - Failed to load clang: 'version'
2026-05-03 20:58:01,173 - WARNING - Failed to load nodejs: 'version'
2026-05-03 20:58:01,173 - WARNING - Failed to load cython: 'version'
2026-05-03 20:58:01,173 - WARNING - Failed to load gcc-cmake-busybox: 'version'
2026-05-03 20:58:01,173 - WARNING - Failed to load php-composer: 'version'
2026-05-03 20:58:01,173 - WARNING - Failed to load go: 'version'
2026-05-03 20:58:01,173 - WARNING - Failed to load lua: 'version'
2026-05-03 20:58:01,173 - WARNING - Failed to load cgo: 'version'
2026-05-03 20:58:01,173 - WARNING - Failed to load gcc-meson-busybox: 'version'
2026-05-03 20:58:01,178 - WARNING - Failed to load cross-x86_64-gnu-gcc: 'version'
2026-05-03 20:58:01,183 - WARNING - Failed to load filesystem: 'version'
2026-05-03 20:58:01,184 - WARNING - Failed to load profile: 'version'
2026-05-03 20:58:01,190 - INFO - Loaded 416 packages
2026-05-03 20:58:01,190 - INFO - openssh has no RM.org ID, attempting to look it up...
2026-05-03 20:58:01,775 - INFO - Found project ID 2565 for openssh
2026-05-03 20:58:01,775 - INFO - Found project ID 2565 for openssh
2026-05-03 20:58:01,775 - INFO - Current: 10.3p1, Latest: 10.3p1
2026-05-03 20:58:01,775 - INFO - openssh is up to date
2026-05-03 20:58:01,775 - INFO - Processing dtc...
2026-05-03 20:58:01,782 - WARNING - Failed to load stage2: 'version'
2026-05-03 20:58:01,782 - WARNING - Failed to load stage0: 'version'
2026-05-03 20:58:01,783 - WARNING - Failed to load stage3: 'version'
2026-05-03 20:58:01,816 - WARNING - Failed to load clang-meson-busybox: 'version'
2026-05-03 20:58:01,816 - WARNING - Failed to load clang-gnu-busybox: 'version'
2026-05-03 20:58:01,816 - WARNING - Failed to load gcc-gnu-busybox: 'version'
2026-05-03 20:58:01,816 - WARNING - Failed to load solidity: 'version'
2026-05-03 20:58:01,816 - WARNING - Failed to load clang-cmake-busybox: 'version'
2026-05-03 20:58:01,816 - WARNING - Failed to load gcc-gnu-gnu: 'version'
2026-05-03 20:58:01,816 - WARNING - Failed to load luarocks: 'version'
2026-05-03 20:58:01,817 - WARNING - Failed to load rust: 'version'
2026-05-03 20:58:01,817 - WARNING - Failed to load gcc: 'version'
2026-05-03 20:58:01,817 - WARNING - Failed to load php: 'version'
2026-05-03 20:58:01,817 - WARNING - Failed to load python: 'version'
2026-05-03 20:58:01,817 - WARNING - Failed to load clang: 'version'
2026-05-03 20:58:01,817 - WARNING - Failed to load nodejs: 'version'
2026-05-03 20:58:01,817 - WARNING - Failed to load cython: 'version'
2026-05-03 20:58:01,817 - WARNING - Failed to load gcc-cmake-busybox: 'version'
2026-05-03 20:58:01,817 - WARNING - Failed to load php-composer: 'version'
2026-05-03 20:58:01,817 - WARNING - Failed to load go: 'version'
2026-05-03 20:58:01,817 - WARNING - Failed to load lua: 'version'
2026-05-03 20:58:01,817 - WARNING - Failed to load cgo: 'version'
2026-05-03 20:58:01,818 - WARNING - Failed to load gcc-meson-busybox: 'version'
2026-05-03 20:58:01,823 - WARNING - Failed to load cross-x86_64-gnu-gcc: 'version'
2026-05-03 20:58:01,827 - WARNING - Failed to load filesystem: 'version'
2026-05-03 20:58:01,828 - WARNING - Failed to load profile: 'version'
2026-05-03 20:58:01,834 - INFO - Loaded 416 packages
2026-05-03 20:58:01,834 - INFO - dtc has no RM.org ID, attempting to look it up...
2026-05-03 20:58:02,407 - INFO - Found project ID 16911 for dtc
2026-05-03 20:58:02,407 - INFO - Found project ID 16911 for dtc
2026-05-03 20:58:02,407 - INFO - Current: 1.7.2, Latest: 1.7.2
2026-05-03 20:58:02,407 - INFO - dtc is up to date
2026-05-03 20:58:02,408 - INFO - Processing canokey...
2026-05-03 20:58:02,408 - INFO - Processing qemu...
2026-05-03 20:58:02,414 - WARNING - Failed to load stage2: 'version'
2026-05-03 20:58:02,415 - WARNING - Failed to load stage0: 'version'
2026-05-03 20:58:02,415 - WARNING - Failed to load stage3: 'version'
2026-05-03 20:58:02,449 - WARNING - Failed to load clang-meson-busybox: 'version'
2026-05-03 20:58:02,449 - WARNING - Failed to load clang-gnu-busybox: 'version'
2026-05-03 20:58:02,449 - WARNING - Failed to load gcc-gnu-busybox: 'version'
2026-05-03 20:58:02,449 - WARNING - Failed to load solidity: 'version'
2026-05-03 20:58:02,449 - WARNING - Failed to load clang-cmake-busybox: 'version'
2026-05-03 20:58:02,449 - WARNING - Failed to load gcc-gnu-gnu: 'version'
2026-05-03 20:58:02,449 - WARNING - Failed to load luarocks: 'version'
2026-05-03 20:58:02,449 - WARNING - Failed to load rust: 'version'
2026-05-03 20:58:02,449 - WARNING - Failed to load gcc: 'version'
2026-05-03 20:58:02,449 - WARNING - Failed to load php: 'version'
2026-05-03 20:58:02,450 - WARNING - Failed to load python: 'version'
2026-05-03 20:58:02,450 - WARNING - Failed to load clang: 'version'
2026-05-03 20:58:02,450 - WARNING - Failed to load nodejs: 'version'
2026-05-03 20:58:02,450 - WARNING - Failed to load cython: 'version'
2026-05-03 20:58:02,450 - WARNING - Failed to load gcc-cmake-busybox: 'version'
2026-05-03 20:58:02,450 - WARNING - Failed to load php-composer: 'version'
2026-05-03 20:58:02,450 - WARNING - Failed to load go: 'version'
2026-05-03 20:58:02,450 - WARNING - Failed to load lua: 'version'
2026-05-03 20:58:02,450 - WARNING - Failed to load cgo: 'version'
2026-05-03 20:58:02,450 - WARNING - Failed to load gcc-meson-busybox: 'version'
2026-05-03 20:58:02,455 - WARNING - Failed to load cross-x86_64-gnu-gcc: 'version'
2026-05-03 20:58:02,460 - WARNING - Failed to load filesystem: 'version'
2026-05-03 20:58:02,461 - WARNING - Failed to load profile: 'version'
2026-05-03 20:58:02,467 - INFO - Loaded 416 packages
2026-05-03 20:58:02,467 - INFO - qemu has no RM.org ID, attempting to look it up...
2026-05-03 20:58:03,079 - INFO - Found project ID 13607 for qemu
2026-05-03 20:58:03,079 - INFO - Found project ID 13607 for qemu
2026-05-03 20:58:03,088 - INFO - Current: 10.1.1, Latest: 11.0.0
2026-05-03 20:58:03,088 - INFO - Updating qemu to 11.0.0
2026-05-03 20:58:03,089 - INFO - Backed up qemu to /home/lrvick/Sources/stagex/scripts/backups/user/qemu
2026-05-03 20:58:03,628 - ERROR - No working download URL found for version 11.0.0
2026-05-03 20:58:03,629 - ERROR - Failed to download source for qemu
2026-05-03 20:58:03,629 - INFO - Processing litestream...
2026-05-03 20:58:03,635 - WARNING - Failed to load stage2: 'version'
2026-05-03 20:58:03,636 - WARNING - Failed to load stage0: 'version'
2026-05-03 20:58:03,636 - WARNING - Failed to load stage3: 'version'
2026-05-03 20:58:03,670 - WARNING - Failed to load clang-meson-busybox: 'version'
2026-05-03 20:58:03,670 - WARNING - Failed to load clang-gnu-busybox: 'version'
2026-05-03 20:58:03,670 - WARNING - Failed to load gcc-gnu-busybox: 'version'
2026-05-03 20:58:03,670 - WARNING - Failed to load solidity: 'version'
2026-05-03 20:58:03,670 - WARNING - Failed to load clang-cmake-busybox: 'version'
2026-05-03 20:58:03,670 - WARNING - Failed to load gcc-gnu-gnu: 'version'
2026-05-03 20:58:03,670 - WARNING - Failed to load luarocks: 'version'
2026-05-03 20:58:03,670 - WARNING - Failed to load rust: 'version'
2026-05-03 20:58:03,671 - WARNING - Failed to load gcc: 'version'
2026-05-03 20:58:03,671 - WARNING - Failed to load php: 'version'
2026-05-03 20:58:03,671 - WARNING - Failed to load python: 'version'
2026-05-03 20:58:03,671 - WARNING - Failed to load clang: 'version'
2026-05-03 20:58:03,671 - WARNING - Failed to load nodejs: 'version'
2026-05-03 20:58:03,671 - WARNING - Failed to load cython: 'version'
2026-05-03 20:58:03,671 - WARNING - Failed to load gcc-cmake-busybox: 'version'
2026-05-03 20:58:03,671 - WARNING - Failed to load php-composer: 'version'
2026-05-03 20:58:03,671 - WARNING - Failed to load go: 'version'
2026-05-03 20:58:03,671 - WARNING - Failed to load lua: 'version'
2026-05-03 20:58:03,671 - WARNING - Failed to load cgo: 'version'
2026-05-03 20:58:03,672 - WARNING - Failed to load gcc-meson-busybox: 'version'
2026-05-03 20:58:03,676 - WARNING - Failed to load cross-x86_64-gnu-gcc: 'version'
2026-05-03 20:58:03,681 - WARNING - Failed to load filesystem: 'version'
2026-05-03 20:58:03,682 - WARNING - Failed to load profile: 'version'
2026-05-03 20:58:03,688 - INFO - Loaded 416 packages
2026-05-03 20:58:03,688 - INFO - litestream has no RM.org ID, attempting to look it up...
2026-05-03 20:58:04,302 - INFO - Found project ID 389733 for litestream
2026-05-03 20:58:04,302 - INFO - Found project ID 389733 for litestream
2026-05-03 20:58:04,303 - INFO - Current: 0.5.11, Latest: 0.5.11
2026-05-03 20:58:04,303 - INFO - litestream is up to date
2026-05-03 20:58:04,303 - INFO - Processing abseil...
2026-05-03 20:58:04,303 - INFO - Processing hardened_malloc...
2026-05-03 20:58:04,310 - WARNING - Failed to load stage2: 'version'
2026-05-03 20:58:04,310 - WARNING - Failed to load stage0: 'version'
2026-05-03 20:58:04,310 - WARNING - Failed to load stage3: 'version'
2026-05-03 20:58:04,344 - WARNING - Failed to load clang-meson-busybox: 'version'
2026-05-03 20:58:04,344 - WARNING - Failed to load clang-gnu-busybox: 'version'
2026-05-03 20:58:04,344 - WARNING - Failed to load gcc-gnu-busybox: 'version'
2026-05-03 20:58:04,344 - WARNING - Failed to load solidity: 'version'
2026-05-03 20:58:04,344 - WARNING - Failed to load clang-cmake-busybox: 'version'
2026-05-03 20:58:04,344 - WARNING - Failed to load gcc-gnu-gnu: 'version'
2026-05-03 20:58:04,345 - WARNING - Failed to load luarocks: 'version'
2026-05-03 20:58:04,345 - WARNING - Failed to load rust: 'version'
2026-05-03 20:58:04,345 - WARNING - Failed to load gcc: 'version'
2026-05-03 20:58:04,345 - WARNING - Failed to load php: 'version'
2026-05-03 20:58:04,345 - WARNING - Failed to load python: 'version'
2026-05-03 20:58:04,345 - WARNING - Failed to load clang: 'version'
2026-05-03 20:58:04,345 - WARNING - Failed to load nodejs: 'version'
2026-05-03 20:58:04,345 - WARNING - Failed to load cython: 'version'
2026-05-03 20:58:04,345 - WARNING - Failed to load gcc-cmake-busybox: 'version'
2026-05-03 20:58:04,345 - WARNING - Failed to load php-composer: 'version'
2026-05-03 20:58:04,345 - WARNING - Failed to load go: 'version'
2026-05-03 20:58:04,346 - WARNING - Failed to load lua: 'version'
2026-05-03 20:58:04,346 - WARNING - Failed to load cgo: 'version'
2026-05-03 20:58:04,346 - WARNING - Failed to load gcc-meson-busybox: 'version'
2026-05-03 20:58:04,351 - WARNING - Failed to load cross-x86_64-gnu-gcc: 'version'
2026-05-03 20:58:04,355 - WARNING - Failed to load filesystem: 'version'
2026-05-03 20:58:04,356 - WARNING - Failed to load profile: 'version'
2026-05-03 20:58:04,362 - INFO - Loaded 416 packages
2026-05-03 20:58:04,362 - INFO - hardened_malloc has no RM.org ID, attempting to look it up...
2026-05-03 20:58:04,958 - INFO - Found project ID 389726 for hardened_malloc
2026-05-03 20:58:04,958 - INFO - Found project ID 389726 for hardened_malloc
2026-05-03 20:58:04,958 - INFO - Current: 14, Latest: 1
2026-05-03 20:58:04,958 - INFO - Updating hardened_malloc to 1
2026-05-03 20:58:04,958 - INFO - Backed up hardened_malloc to /home/lrvick/Sources/stagex/scripts/backups/user/hardened_malloc
2026-05-03 20:58:05,469 - ERROR - No working download URL found for version 1
2026-05-03 20:58:05,469 - ERROR - Failed to download source for hardened_malloc
2026-05-03 20:58:05,469 - INFO - Processing kubectl...
2026-05-03 20:58:05,475 - WARNING - Failed to load stage2: 'version'
2026-05-03 20:58:05,476 - WARNING - Failed to load stage0: 'version'
2026-05-03 20:58:05,476 - WARNING - Failed to load stage3: 'version'
2026-05-03 20:58:05,510 - WARNING - Failed to load clang-meson-busybox: 'version'
2026-05-03 20:58:05,510 - WARNING - Failed to load clang-gnu-busybox: 'version'
2026-05-03 20:58:05,510 - WARNING - Failed to load gcc-gnu-busybox: 'version'
2026-05-03 20:58:05,510 - WARNING - Failed to load solidity: 'version'
2026-05-03 20:58:05,510 - WARNING - Failed to load clang-cmake-busybox: 'version'
2026-05-03 20:58:05,511 - WARNING - Failed to load gcc-gnu-gnu: 'version'
2026-05-03 20:58:05,511 - WARNING - Failed to load luarocks: 'version'
2026-05-03 20:58:05,511 - WARNING - Failed to load rust: 'version'
2026-05-03 20:58:05,511 - WARNING - Failed to load gcc: 'version'
2026-05-03 20:58:05,511 - WARNING - Failed to load php: 'version'
2026-05-03 20:58:05,511 - WARNING - Failed to load python: 'version'
2026-05-03 20:58:05,511 - WARNING - Failed to load clang: 'version'
2026-05-03 20:58:05,511 - WARNING - Failed to load nodejs: 'version'
2026-05-03 20:58:05,511 - WARNING - Failed to load cython: 'version'
2026-05-03 20:58:05,511 - WARNING - Failed to load gcc-cmake-busybox: 'version'
2026-05-03 20:58:05,511 - WARNING - Failed to load php-composer: 'version'
2026-05-03 20:58:05,512 - WARNING - Failed to load go: 'version'
2026-05-03 20:58:05,512 - WARNING - Failed to load lua: 'version'
2026-05-03 20:58:05,512 - WARNING - Failed to load cgo: 'version'
2026-05-03 20:58:05,512 - WARNING - Failed to load gcc-meson-busybox: 'version'
2026-05-03 20:58:05,517 - WARNING - Failed to load cross-x86_64-gnu-gcc: 'version'
2026-05-03 20:58:05,521 - WARNING - Failed to load filesystem: 'version'
2026-05-03 20:58:05,522 - WARNING - Failed to load profile: 'version'
2026-05-03 20:58:05,528 - INFO - Loaded 416 packages
2026-05-03 20:58:05,528 - INFO - kubectl has no RM.org ID, attempting to look it up...
2026-05-03 20:58:06,297 - INFO - Found project ID 205667 for kubectl
2026-05-03 20:58:06,298 - INFO - Found project ID 205667 for kubectl
2026-05-03 20:58:06,298 - INFO - Current: 1.34.1, Latest: 0.37.0-alpha.0
2026-05-03 20:58:06,298 - INFO - Updating kubectl to 0.37.0-alpha.0
2026-05-03 20:58:06,298 - INFO - Backed up kubectl to /home/lrvick/Sources/stagex/scripts/backups/user/kubectl
2026-05-03 20:58:06,801 - ERROR - No working download URL found for version 0.37.0-alpha.0
2026-05-03 20:58:06,801 - ERROR - Failed to download source for kubectl
2026-05-03 20:58:06,801 - INFO - Processing fuse3...
2026-05-03 20:58:06,808 - WARNING - Failed to load stage2: 'version'
2026-05-03 20:58:06,808 - WARNING - Failed to load stage0: 'version'
2026-05-03 20:58:06,808 - WARNING - Failed to load stage3: 'version'
2026-05-03 20:58:06,842 - WARNING - Failed to load clang-meson-busybox: 'version'
2026-05-03 20:58:06,842 - WARNING - Failed to load clang-gnu-busybox: 'version'
2026-05-03 20:58:06,842 - WARNING - Failed to load gcc-gnu-busybox: 'version'
2026-05-03 20:58:06,842 - WARNING - Failed to load solidity: 'version'
2026-05-03 20:58:06,842 - WARNING - Failed to load clang-cmake-busybox: 'version'
2026-05-03 20:58:06,842 - WARNING - Failed to load gcc-gnu-gnu: 'version'
2026-05-03 20:58:06,842 - WARNING - Failed to load luarocks: 'version'
2026-05-03 20:58:06,842 - WARNING - Failed to load rust: 'version'
2026-05-03 20:58:06,843 - WARNING - Failed to load gcc: 'version'
2026-05-03 20:58:06,843 - WARNING - Failed to load php: 'version'
2026-05-03 20:58:06,843 - WARNING - Failed to load python: 'version'
2026-05-03 20:58:06,843 - WARNING - Failed to load clang: 'version'
2026-05-03 20:58:06,843 - WARNING - Failed to load nodejs: 'version'
2026-05-03 20:58:06,843 - WARNING - Failed to load cython: 'version'
2026-05-03 20:58:06,843 - WARNING - Failed to load gcc-cmake-busybox: 'version'
2026-05-03 20:58:06,843 - WARNING - Failed to load php-composer: 'version'
2026-05-03 20:58:06,843 - WARNING - Failed to load go: 'version'
2026-05-03 20:58:06,843 - WARNING - Failed to load lua: 'version'
2026-05-03 20:58:06,843 - WARNING - Failed to load cgo: 'version'
2026-05-03 20:58:06,843 - WARNING - Failed to load gcc-meson-busybox: 'version'
2026-05-03 20:58:06,848 - WARNING - Failed to load cross-x86_64-gnu-gcc: 'version'
2026-05-03 20:58:06,853 - WARNING - Failed to load filesystem: 'version'
2026-05-03 20:58:06,854 - WARNING - Failed to load profile: 'version'
2026-05-03 20:58:06,860 - INFO - Loaded 416 packages
2026-05-03 20:58:06,860 - INFO - fuse3 has no RM.org ID, attempting to look it up...
2026-05-03 20:58:07,428 - INFO - Checking GitHub releases for libfuse/libfuse
2026-05-03 20:58:07,646 - INFO - Found latest GitHub release fuse-3.18.2 (version fuse-3.18.2) for libfuse/libfuse
2026-05-03 20:58:07,646 - INFO - Current: 3.16.2, Latest: fuse-3.18.2
2026-05-03 20:58:07,646 - INFO - Updating fuse3 to fuse-3.18.2
2026-05-03 20:58:07,647 - INFO - Backed up fuse3 to /home/lrvick/Sources/stagex/scripts/backups/user/fuse3
2026-05-03 20:58:07,853 - ERROR - No working download URL found for version fuse-3.18.2
2026-05-03 20:58:07,853 - ERROR - Failed to download source for fuse3
2026-05-03 20:58:07,853 - INFO - Processing freetds...
2026-05-03 20:58:07,859 - WARNING - Failed to load stage2: 'version'
2026-05-03 20:58:07,860 - WARNING - Failed to load stage0: 'version'
2026-05-03 20:58:07,860 - WARNING - Failed to load stage3: 'version'
2026-05-03 20:58:07,894 - WARNING - Failed to load clang-meson-busybox: 'version'
2026-05-03 20:58:07,894 - WARNING - Failed to load clang-gnu-busybox: 'version'
2026-05-03 20:58:07,894 - WARNING - Failed to load gcc-gnu-busybox: 'version'
2026-05-03 20:58:07,894 - WARNING - Failed to load solidity: 'version'
2026-05-03 20:58:07,894 - WARNING - Failed to load clang-cmake-busybox: 'version'
2026-05-03 20:58:07,894 - WARNING - Failed to load gcc-gnu-gnu: 'version'
2026-05-03 20:58:07,894 - WARNING - Failed to load luarocks: 'version'
2026-05-03 20:58:07,894 - WARNING - Failed to load rust: 'version'
2026-05-03 20:58:07,894 - WARNING - Failed to load gcc: 'version'
2026-05-03 20:58:07,895 - WARNING - Failed to load php: 'version'
2026-05-03 20:58:07,895 - WARNING - Failed to load python: 'version'
2026-05-03 20:58:07,895 - WARNING - Failed to load clang: 'version'
2026-05-03 20:58:07,895 - WARNING - Failed to load nodejs: 'version'
2026-05-03 20:58:07,895 - WARNING - Failed to load cython: 'version'
2026-05-03 20:58:07,895 - WARNING - Failed to load gcc-cmake-busybox: 'version'
2026-05-03 20:58:07,895 - WARNING - Failed to load php-composer: 'version'
2026-05-03 20:58:07,895 - WARNING - Failed to load go: 'version'
2026-05-03 20:58:07,895 - WARNING - Failed to load lua: 'version'
2026-05-03 20:58:07,895 - WARNING - Failed to load cgo: 'version'
2026-05-03 20:58:07,895 - WARNING - Failed to load gcc-meson-busybox: 'version'
2026-05-03 20:58:07,900 - WARNING - Failed to load cross-x86_64-gnu-gcc: 'version'
2026-05-03 20:58:07,905 - WARNING - Failed to load filesystem: 'version'
2026-05-03 20:58:07,906 - WARNING - Failed to load profile: 'version'
2026-05-03 20:58:07,912 - INFO - Loaded 416 packages
2026-05-03 20:58:07,912 - INFO - freetds has no RM.org ID, attempting to look it up...
2026-05-03 20:58:08,507 - INFO - Found project ID 8198 for freetds
2026-05-03 20:58:08,507 - INFO - Found project ID 8198 for freetds
2026-05-03 20:58:08,507 - INFO - Current: 1.5.17, Latest: 1.5.17
2026-05-03 20:58:08,507 - INFO - freetds is up to date
2026-05-03 20:58:08,508 - INFO - Processing protoc...
2026-05-03 20:58:08,508 - INFO - Processing containerd...
2026-05-03 20:58:08,514 - WARNING - Failed to load stage2: 'version'
2026-05-03 20:58:08,517 - WARNING - Failed to load stage0: 'version'
2026-05-03 20:58:08,518 - WARNING - Failed to load stage3: 'version'
2026-05-03 20:58:08,551 - WARNING - Failed to load clang-meson-busybox: 'version'
2026-05-03 20:58:08,551 - WARNING - Failed to load clang-gnu-busybox: 'version'
2026-05-03 20:58:08,551 - WARNING - Failed to load gcc-gnu-busybox: 'version'
2026-05-03 20:58:08,551 - WARNING - Failed to load solidity: 'version'
2026-05-03 20:58:08,551 - WARNING - Failed to load clang-cmake-busybox: 'version'
2026-05-03 20:58:08,551 - WARNING - Failed to load gcc-gnu-gnu: 'version'
2026-05-03 20:58:08,552 - WARNING - Failed to load luarocks: 'version'
2026-05-03 20:58:08,552 - WARNING - Failed to load rust: 'version'
2026-05-03 20:58:08,552 - WARNING - Failed to load gcc: 'version'
2026-05-03 20:58:08,552 - WARNING - Failed to load php: 'version'
2026-05-03 20:58:08,552 - WARNING - Failed to load python: 'version'
2026-05-03 20:58:08,552 - WARNING - Failed to load clang: 'version'
2026-05-03 20:58:08,552 - WARNING - Failed to load nodejs: 'version'
2026-05-03 20:58:08,552 - WARNING - Failed to load cython: 'version'
2026-05-03 20:58:08,552 - WARNING - Failed to load gcc-cmake-busybox: 'version'
2026-05-03 20:58:08,552 - WARNING - Failed to load php-composer: 'version'
2026-05-03 20:58:08,552 - WARNING - Failed to load go: 'version'
2026-05-03 20:58:08,553 - WARNING - Failed to load lua: 'version'
2026-05-03 20:58:08,553 - WARNING - Failed to load cgo: 'version'
2026-05-03 20:58:08,553 - WARNING - Failed to load gcc-meson-busybox: 'version'
2026-05-03 20:58:08,558 - WARNING - Failed to load cross-x86_64-gnu-gcc: 'version'
2026-05-03 20:58:08,562 - WARNING - Failed to load filesystem: 'version'
2026-05-03 20:58:08,563 - WARNING - Failed to load profile: 'version'
2026-05-03 20:58:08,569 - INFO - Loaded 416 packages
2026-05-03 20:58:08,569 - INFO - containerd has no RM.org ID, attempting to look it up...
2026-05-03 20:58:09,182 - INFO - Found project ID 16460 for containerd
2026-05-03 20:58:09,182 - INFO - Found project ID 16460 for containerd
2026-05-03 20:58:09,182 - INFO - Current: 2.3.0, Latest: 2.3.0
2026-05-03 20:58:09,182 - INFO - containerd is up to date
2026-05-03 20:58:09,183 - INFO - Processing libqrencode...
2026-05-03 20:58:09,189 - WARNING - Failed to load stage2: 'version'
2026-05-03 20:58:09,190 - WARNING - Failed to load stage0: 'version'
2026-05-03 20:58:09,190 - WARNING - Failed to load stage3: 'version'
2026-05-03 20:58:09,223 - WARNING - Failed to load clang-meson-busybox: 'version'
2026-05-03 20:58:09,223 - WARNING - Failed to load clang-gnu-busybox: 'version'
2026-05-03 20:58:09,224 - WARNING - Failed to load gcc-gnu-busybox: 'version'
2026-05-03 20:58:09,224 - WARNING - Failed to load solidity: 'version'
2026-05-03 20:58:09,224 - WARNING - Failed to load clang-cmake-busybox: 'version'
2026-05-03 20:58:09,224 - WARNING - Failed to load gcc-gnu-gnu: 'version'
2026-05-03 20:58:09,224 - WARNING - Failed to load luarocks: 'version'
2026-05-03 20:58:09,224 - WARNING - Failed to load rust: 'version'
2026-05-03 20:58:09,224 - WARNING - Failed to load gcc: 'version'
2026-05-03 20:58:09,224 - WARNING - Failed to load php: 'version'
2026-05-03 20:58:09,224 - WARNING - Failed to load python: 'version'
2026-05-03 20:58:09,224 - WARNING - Failed to load clang: 'version'
2026-05-03 20:58:09,224 - WARNING - Failed to load nodejs: 'version'
2026-05-03 20:58:09,225 - WARNING - Failed to load cython: 'version'
2026-05-03 20:58:09,225 - WARNING - Failed to load gcc-cmake-busybox: 'version'
2026-05-03 20:58:09,225 - WARNING - Failed to load php-composer: 'version'
2026-05-03 20:58:09,225 - WARNING - Failed to load go: 'version'
2026-05-03 20:58:09,225 - WARNING - Failed to load lua: 'version'
2026-05-03 20:58:09,225 - WARNING - Failed to load cgo: 'version'
2026-05-03 20:58:09,225 - WARNING - Failed to load gcc-meson-busybox: 'version'
2026-05-03 20:58:09,230 - WARNING - Failed to load cross-x86_64-gnu-gcc: 'version'
2026-05-03 20:58:09,234 - WARNING - Failed to load filesystem: 'version'
2026-05-03 20:58:09,235 - WARNING - Failed to load profile: 'version'
2026-05-03 20:58:09,241 - INFO - Loaded 416 packages
2026-05-03 20:58:09,241 - INFO - libqrencode has no RM.org ID, attempting to look it up...
2026-05-03 20:58:09,813 - INFO - Found project ID 12834 for libqrencode
2026-05-03 20:58:09,813 - INFO - Found project ID 12834 for libqrencode
2026-05-03 20:58:09,813 - INFO - Current: 4.1.1, Latest: 4.1.1
2026-05-03 20:58:09,813 - INFO - libqrencode is up to date
2026-05-03 20:58:09,813 - INFO - Processing buf...
2026-05-03 20:58:09,820 - WARNING - Failed to load stage2: 'version'
2026-05-03 20:58:09,820 - WARNING - Failed to load stage0: 'version'
2026-05-03 20:58:09,821 - WARNING - Failed to load stage3: 'version'
2026-05-03 20:58:09,855 - WARNING - Failed to load clang-meson-busybox: 'version'
2026-05-03 20:58:09,855 - WARNING - Failed to load clang-gnu-busybox: 'version'
2026-05-03 20:58:09,855 - WARNING - Failed to load gcc-gnu-busybox: 'version'
2026-05-03 20:58:09,855 - WARNING - Failed to load solidity: 'version'
2026-05-03 20:58:09,855 - WARNING - Failed to load clang-cmake-busybox: 'version'
2026-05-03 20:58:09,855 - WARNING - Failed to load gcc-gnu-gnu: 'version'
2026-05-03 20:58:09,855 - WARNING - Failed to load luarocks: 'version'
2026-05-03 20:58:09,856 - WARNING - Failed to load rust: 'version'
2026-05-03 20:58:09,856 - WARNING - Failed to load gcc: 'version'
2026-05-03 20:58:09,856 - WARNING - Failed to load php: 'version'
2026-05-03 20:58:09,856 - WARNING - Failed to load python: 'version'
2026-05-03 20:58:09,856 - WARNING - Failed to load clang: 'version'
2026-05-03 20:58:09,856 - WARNING - Failed to load nodejs: 'version'
2026-05-03 20:58:09,856 - WARNING - Failed to load cython: 'version'
2026-05-03 20:58:09,856 - WARNING - Failed to load gcc-cmake-busybox: 'version'
2026-05-03 20:58:09,856 - WARNING - Failed to load php-composer: 'version'
2026-05-03 20:58:09,856 - WARNING - Failed to load go: 'version'
2026-05-03 20:58:09,856 - WARNING - Failed to load lua: 'version'
2026-05-03 20:58:09,857 - WARNING - Failed to load cgo: 'version'
2026-05-03 20:58:09,857 - WARNING - Failed to load gcc-meson-busybox: 'version'
2026-05-03 20:58:09,862 - WARNING - Failed to load cross-x86_64-gnu-gcc: 'version'
2026-05-03 20:58:09,866 - WARNING - Failed to load filesystem: 'version'
2026-05-03 20:58:09,867 - WARNING - Failed to load profile: 'version'
2026-05-03 20:58:09,873 - INFO - Loaded 416 packages
2026-05-03 20:58:09,873 - INFO - buf has no RM.org ID, attempting to look it up...
2026-05-03 20:58:10,607 - INFO - Found project ID 328143 for buf
2026-05-03 20:58:10,607 - INFO - Found project ID 328143 for buf
2026-05-03 20:58:10,607 - INFO - Current: 1.69.0, Latest: 1.69.0
2026-05-03 20:58:10,607 - INFO - buf is up to date
2026-05-03 20:58:10,608 - INFO - Processing ocismack...
2026-05-03 20:58:10,614 - WARNING - Failed to load stage2: 'version'
2026-05-03 20:58:10,615 - WARNING - Failed to load stage0: 'version'
2026-05-03 20:58:10,615 - WARNING - Failed to load stage3: 'version'
2026-05-03 20:58:10,649 - WARNING - Failed to load clang-meson-busybox: 'version'
2026-05-03 20:58:10,649 - WARNING - Failed to load clang-gnu-busybox: 'version'
2026-05-03 20:58:10,649 - WARNING - Failed to load gcc-gnu-busybox: 'version'
2026-05-03 20:58:10,649 - WARNING - Failed to load solidity: 'version'
2026-05-03 20:58:10,649 - WARNING - Failed to load clang-cmake-busybox: 'version'
2026-05-03 20:58:10,649 - WARNING - Failed to load gcc-gnu-gnu: 'version'
2026-05-03 20:58:10,650 - WARNING - Failed to load luarocks: 'version'
2026-05-03 20:58:10,650 - WARNING - Failed to load rust: 'version'
2026-05-03 20:58:10,650 - WARNING - Failed to load gcc: 'version'
2026-05-03 20:58:10,650 - WARNING - Failed to load php: 'version'
2026-05-03 20:58:10,650 - WARNING - Failed to load python: 'version'
2026-05-03 20:58:10,650 - WARNING - Failed to load clang: 'version'
2026-05-03 20:58:10,650 - WARNING - Failed to load nodejs: 'version'
2026-05-03 20:58:10,650 - WARNING - Failed to load cython: 'version'
2026-05-03 20:58:10,650 - WARNING - Failed to load gcc-cmake-busybox: 'version'
2026-05-03 20:58:10,650 - WARNING - Failed to load php-composer: 'version'
2026-05-03 20:58:10,650 - WARNING - Failed to load go: 'version'
2026-05-03 20:58:10,651 - WARNING - Failed to load lua: 'version'
2026-05-03 20:58:10,651 - WARNING - Failed to load cgo: 'version'
2026-05-03 20:58:10,651 - WARNING - Failed to load gcc-meson-busybox: 'version'
2026-05-03 20:58:10,656 - WARNING - Failed to load cross-x86_64-gnu-gcc: 'version'
2026-05-03 20:58:10,660 - WARNING - Failed to load filesystem: 'version'
2026-05-03 20:58:10,661 - WARNING - Failed to load profile: 'version'
2026-05-03 20:58:10,667 - INFO - Loaded 416 packages
2026-05-03 20:58:10,667 - INFO - ocismack has no RM.org ID, attempting to look it up...
2026-05-03 20:58:11,248 - INFO - Found project ID 389735 for ocismack
2026-05-03 20:58:11,248 - INFO - Found project ID 389735 for ocismack
2026-05-03 20:58:11,249 - INFO - Current: 0.1.0, Latest: 0.1.0
2026-05-03 20:58:11,249 - INFO - ocismack is up to date
2026-05-03 20:58:11,249 - INFO - Processing uutils...
2026-05-03 20:58:11,256 - WARNING - Failed to load stage2: 'version'
2026-05-03 20:58:11,256 - WARNING - Failed to load stage0: 'version'
2026-05-03 20:58:11,256 - WARNING - Failed to load stage3: 'version'
2026-05-03 20:58:11,290 - WARNING - Failed to load clang-meson-busybox: 'version'
2026-05-03 20:58:11,290 - WARNING - Failed to load clang-gnu-busybox: 'version'
2026-05-03 20:58:11,290 - WARNING - Failed to load gcc-gnu-busybox: 'version'
2026-05-03 20:58:11,290 - WARNING - Failed to load solidity: 'version'
2026-05-03 20:58:11,290 - WARNING - Failed to load clang-cmake-busybox: 'version'
2026-05-03 20:58:11,290 - WARNING - Failed to load gcc-gnu-gnu: 'version'
2026-05-03 20:58:11,290 - WARNING - Failed to load luarocks: 'version'
2026-05-03 20:58:11,290 - WARNING - Failed to load rust: 'version'
2026-05-03 20:58:11,291 - WARNING - Failed to load gcc: 'version'
2026-05-03 20:58:11,291 - WARNING - Failed to load php: 'version'
2026-05-03 20:58:11,291 - WARNING - Failed to load python: 'version'
2026-05-03 20:58:11,291 - WARNING - Failed to load clang: 'version'
2026-05-03 20:58:11,291 - WARNING - Failed to load nodejs: 'version'
2026-05-03 20:58:11,291 - WARNING - Failed to load cython: 'version'
2026-05-03 20:58:11,291 - WARNING - Failed to load gcc-cmake-busybox: 'version'
2026-05-03 20:58:11,291 - WARNING - Failed to load php-composer: 'version'
2026-05-03 20:58:11,291 - WARNING - Failed to load go: 'version'
2026-05-03 20:58:11,291 - WARNING - Failed to load lua: 'version'
2026-05-03 20:58:11,291 - WARNING - Failed to load cgo: 'version'
2026-05-03 20:58:11,292 - WARNING - Failed to load gcc-meson-busybox: 'version'
2026-05-03 20:58:11,296 - WARNING - Failed to load cross-x86_64-gnu-gcc: 'version'
2026-05-03 20:58:11,301 - WARNING - Failed to load filesystem: 'version'
2026-05-03 20:58:11,302 - WARNING - Failed to load profile: 'version'
2026-05-03 20:58:11,308 - INFO - Loaded 416 packages
2026-05-03 20:58:11,308 - INFO - uutils has no RM.org ID, attempting to look it up...
2026-05-03 20:58:11,904 - INFO - Found project ID 91845 for uutils
2026-05-03 20:58:11,904 - INFO - Found project ID 91845 for uutils
2026-05-03 20:58:11,904 - INFO - Current: 0.0.3, Latest: 0.0.3
2026-05-03 20:58:11,904 - INFO - uutils is up to date
2026-05-03 20:58:11,905 - INFO - Processing natscli...
2026-05-03 20:58:11,911 - WARNING - Failed to load stage2: 'version'
2026-05-03 20:58:11,912 - WARNING - Failed to load stage0: 'version'
2026-05-03 20:58:11,912 - WARNING - Failed to load stage3: 'version'
2026-05-03 20:58:11,947 - WARNING - Failed to load clang-meson-busybox: 'version'
2026-05-03 20:58:11,947 - WARNING - Failed to load clang-gnu-busybox: 'version'
2026-05-03 20:58:11,947 - WARNING - Failed to load gcc-gnu-busybox: 'version'
2026-05-03 20:58:11,947 - WARNING - Failed to load solidity: 'version'
2026-05-03 20:58:11,948 - WARNING - Failed to load clang-cmake-busybox: 'version'
2026-05-03 20:58:11,948 - WARNING - Failed to load gcc-gnu-gnu: 'version'
2026-05-03 20:58:11,948 - WARNING - Failed to load luarocks: 'version'
2026-05-03 20:58:11,948 - WARNING - Failed to load rust: 'version'
2026-05-03 20:58:11,948 - WARNING - Failed to load gcc: 'version'
2026-05-03 20:58:11,948 - WARNING - Failed to load php: 'version'
2026-05-03 20:58:11,948 - WARNING - Failed to load python: 'version'
2026-05-03 20:58:11,948 - WARNING - Failed to load clang: 'version'
2026-05-03 20:58:11,948 - WARNING - Failed to load nodejs: 'version'
2026-05-03 20:58:11,948 - WARNING - Failed to load cython: 'version'
2026-05-03 20:58:11,948 - WARNING - Failed to load gcc-cmake-busybox: 'version'
2026-05-03 20:58:11,949 - WARNING - Failed to load php-composer: 'version'
2026-05-03 20:58:11,949 - WARNING - Failed to load go: 'version'
2026-05-03 20:58:11,949 - WARNING - Failed to load lua: 'version'
2026-05-03 20:58:11,949 - WARNING - Failed to load cgo: 'version'
2026-05-03 20:58:11,949 - WARNING - Failed to load gcc-meson-busybox: 'version'
2026-05-03 20:58:11,954 - WARNING - Failed to load cross-x86_64-gnu-gcc: 'version'
2026-05-03 20:58:11,958 - WARNING - Failed to load filesystem: 'version'
2026-05-03 20:58:11,960 - WARNING - Failed to load profile: 'version'
2026-05-03 20:58:11,966 - INFO - Loaded 416 packages
2026-05-03 20:58:11,966 - INFO - natscli has no RM.org ID, attempting to look it up...
2026-05-03 20:58:12,569 - INFO - Found project ID 389685 for natscli
2026-05-03 20:58:12,570 - INFO - Found project ID 389685 for natscli
2026-05-03 20:58:12,570 - INFO - Current: 0.4.0, Latest: 0.4.0
2026-05-03 20:58:12,570 - INFO - natscli is up to date
2026-05-03 20:58:12,570 - INFO - Processing skalibs...
2026-05-03 20:58:12,577 - WARNING - Failed to load stage2: 'version'
2026-05-03 20:58:12,577 - WARNING - Failed to load stage0: 'version'
2026-05-03 20:58:12,577 - WARNING - Failed to load stage3: 'version'
2026-05-03 20:58:12,611 - WARNING - Failed to load clang-meson-busybox: 'version'
2026-05-03 20:58:12,611 - WARNING - Failed to load clang-gnu-busybox: 'version'
2026-05-03 20:58:12,612 - WARNING - Failed to load gcc-gnu-busybox: 'version'
2026-05-03 20:58:12,612 - WARNING - Failed to load solidity: 'version'
2026-05-03 20:58:12,612 - WARNING - Failed to load clang-cmake-busybox: 'version'
2026-05-03 20:58:12,612 - WARNING - Failed to load gcc-gnu-gnu: 'version'
2026-05-03 20:58:12,612 - WARNING - Failed to load luarocks: 'version'
2026-05-03 20:58:12,612 - WARNING - Failed to load rust: 'version'
2026-05-03 20:58:12,612 - WARNING - Failed to load gcc: 'version'
2026-05-03 20:58:12,612 - WARNING - Failed to load php: 'version'
2026-05-03 20:58:12,612 - WARNING - Failed to load python: 'version'
2026-05-03 20:58:12,612 - WARNING - Failed to load clang: 'version'
2026-05-03 20:58:12,613 - WARNING - Failed to load nodejs: 'version'
2026-05-03 20:58:12,613 - WARNING - Failed to load cython: 'version'
2026-05-03 20:58:12,613 - WARNING - Failed to load gcc-cmake-busybox: 'version'
2026-05-03 20:58:12,613 - WARNING - Failed to load php-composer: 'version'
2026-05-03 20:58:12,613 - WARNING - Failed to load go: 'version'
2026-05-03 20:58:12,613 - WARNING - Failed to load lua: 'version'
2026-05-03 20:58:12,613 - WARNING - Failed to load cgo: 'version'
2026-05-03 20:58:12,613 - WARNING - Failed to load gcc-meson-busybox: 'version'
2026-05-03 20:58:12,618 - WARNING - Failed to load cross-x86_64-gnu-gcc: 'version'
2026-05-03 20:58:12,622 - WARNING - Failed to load filesystem: 'version'
2026-05-03 20:58:12,624 - WARNING - Failed to load profile: 'version'
2026-05-03 20:58:12,630 - INFO - Loaded 416 packages
2026-05-03 20:58:12,630 - INFO - skalibs has no RM.org ID, attempting to look it up...
2026-05-03 20:58:13,215 - INFO - Found project ID 5486 for skalibs
2026-05-03 20:58:13,215 - INFO - Found project ID 5486 for skalibs
2026-05-03 20:58:13,216 - INFO - Current: 2.14.5.1, Latest: 2.14.5.1
2026-05-03 20:58:13,216 - INFO - skalibs is up to date
2026-05-03 20:58:13,216 - INFO - Processing libksba...
2026-05-03 20:58:13,223 - WARNING - Failed to load stage2: 'version'
2026-05-03 20:58:13,223 - WARNING - Failed to load stage0: 'version'
2026-05-03 20:58:13,223 - WARNING - Failed to load stage3: 'version'
2026-05-03 20:58:13,257 - WARNING - Failed to load clang-meson-busybox: 'version'
2026-05-03 20:58:13,257 - WARNING - Failed to load clang-gnu-busybox: 'version'
2026-05-03 20:58:13,257 - WARNING - Failed to load gcc-gnu-busybox: 'version'
2026-05-03 20:58:13,257 - WARNING - Failed to load solidity: 'version'
2026-05-03 20:58:13,257 - WARNING - Failed to load clang-cmake-busybox: 'version'
2026-05-03 20:58:13,257 - WARNING - Failed to load gcc-gnu-gnu: 'version'
2026-05-03 20:58:13,257 - WARNING - Failed to load luarocks: 'version'
2026-05-03 20:58:13,257 - WARNING - Failed to load rust: 'version'
2026-05-03 20:58:13,257 - WARNING - Failed to load gcc: 'version'
2026-05-03 20:58:13,257 - WARNING - Failed to load php: 'version'
2026-05-03 20:58:13,258 - WARNING - Failed to load python: 'version'
2026-05-03 20:58:13,258 - WARNING - Failed to load clang: 'version'
2026-05-03 20:58:13,258 - WARNING - Failed to load nodejs: 'version'
2026-05-03 20:58:13,258 - WARNING - Failed to load cython: 'version'
2026-05-03 20:58:13,258 - WARNING - Failed to load gcc-cmake-busybox: 'version'
2026-05-03 20:58:13,258 - WARNING - Failed to load php-composer: 'version'
2026-05-03 20:58:13,258 - WARNING - Failed to load go: 'version'
2026-05-03 20:58:13,258 - WARNING - Failed to load lua: 'version'
2026-05-03 20:58:13,258 - WARNING - Failed to load cgo: 'version'
2026-05-03 20:58:13,258 - WARNING - Failed to load gcc-meson-busybox: 'version'
2026-05-03 20:58:13,263 - WARNING - Failed to load cross-x86_64-gnu-gcc: 'version'
2026-05-03 20:58:13,268 - WARNING - Failed to load filesystem: 'version'
2026-05-03 20:58:13,269 - WARNING - Failed to load profile: 'version'
2026-05-03 20:58:13,275 - INFO - Loaded 416 packages
2026-05-03 20:58:13,275 - INFO - libksba has no RM.org ID, attempting to look it up...
2026-05-03 20:58:13,865 - INFO - Found project ID 1649 for libksba
2026-05-03 20:58:13,865 - INFO - Found project ID 1649 for libksba
2026-05-03 20:58:13,865 - INFO - Current: 1.6.8, Latest: 1.6.8
2026-05-03 20:58:13,865 - INFO - libksba is up to date
2026-05-03 20:58:13,865 - INFO - Processing kernel...
2026-05-03 20:58:13,865 - INFO - Processing hwdata...
2026-05-03 20:58:13,872 - WARNING - Failed to load stage2: 'version'
2026-05-03 20:58:13,872 - WARNING - Failed to load stage0: 'version'
2026-05-03 20:58:13,873 - WARNING - Failed to load stage3: 'version'
2026-05-03 20:58:13,906 - WARNING - Failed to load clang-meson-busybox: 'version'
2026-05-03 20:58:13,906 - WARNING - Failed to load clang-gnu-busybox: 'version'
2026-05-03 20:58:13,906 - WARNING - Failed to load gcc-gnu-busybox: 'version'
2026-05-03 20:58:13,906 - WARNING - Failed to load solidity: 'version'
2026-05-03 20:58:13,906 - WARNING - Failed to load clang-cmake-busybox: 'version'
2026-05-03 20:58:13,906 - WARNING - Failed to load gcc-gnu-gnu: 'version'
2026-05-03 20:58:13,907 - WARNING - Failed to load luarocks: 'version'
2026-05-03 20:58:13,907 - WARNING - Failed to load rust: 'version'
2026-05-03 20:58:13,907 - WARNING - Failed to load gcc: 'version'
2026-05-03 20:58:13,907 - WARNING - Failed to load php: 'version'
2026-05-03 20:58:13,907 - WARNING - Failed to load python: 'version'
2026-05-03 20:58:13,907 - WARNING - Failed to load clang: 'version'
2026-05-03 20:58:13,907 - WARNING - Failed to load nodejs: 'version'
2026-05-03 20:58:13,907 - WARNING - Failed to load cython: 'version'
2026-05-03 20:58:13,907 - WARNING - Failed to load gcc-cmake-busybox: 'version'
2026-05-03 20:58:13,907 - WARNING - Failed to load php-composer: 'version'
2026-05-03 20:58:13,907 - WARNING - Failed to load go: 'version'
2026-05-03 20:58:13,908 - WARNING - Failed to load lua: 'version'
2026-05-03 20:58:13,908 - WARNING - Failed to load cgo: 'version'
2026-05-03 20:58:13,908 - WARNING - Failed to load gcc-meson-busybox: 'version'
2026-05-03 20:58:13,913 - WARNING - Failed to load cross-x86_64-gnu-gcc: 'version'
2026-05-03 20:58:13,917 - WARNING - Failed to load filesystem: 'version'
2026-05-03 20:58:13,918 - WARNING - Failed to load profile: 'version'
2026-05-03 20:58:13,924 - INFO - Loaded 416 packages
2026-05-03 20:58:13,924 - INFO - hwdata has no RM.org ID, attempting to look it up...
2026-05-03 20:58:14,507 - INFO - Found project ID 5387 for hwdata
2026-05-03 20:58:14,507 - INFO - Found project ID 5387 for hwdata
2026-05-03 20:58:14,508 - INFO - Current: 0.406, Latest: 0.406
2026-05-03 20:58:14,508 - INFO - hwdata is up to date
2026-05-03 20:58:14,508 - INFO - Processing libpciaccess...
2026-05-03 20:58:14,514 - WARNING - Failed to load stage2: 'version'
2026-05-03 20:58:14,515 - WARNING - Failed to load stage0: 'version'
2026-05-03 20:58:14,515 - WARNING - Failed to load stage3: 'version'
2026-05-03 20:58:14,549 - WARNING - Failed to load clang-meson-busybox: 'version'
2026-05-03 20:58:14,549 - WARNING - Failed to load clang-gnu-busybox: 'version'
2026-05-03 20:58:14,549 - WARNING - Failed to load gcc-gnu-busybox: 'version'
2026-05-03 20:58:14,549 - WARNING - Failed to load solidity: 'version'
2026-05-03 20:58:14,549 - WARNING - Failed to load clang-cmake-busybox: 'version'
2026-05-03 20:58:14,549 - WARNING - Failed to load gcc-gnu-gnu: 'version'
2026-05-03 20:58:14,549 - WARNING - Failed to load luarocks: 'version'
2026-05-03 20:58:14,549 - WARNING - Failed to load rust: 'version'
2026-05-03 20:58:14,549 - WARNING - Failed to load gcc: 'version'
2026-05-03 20:58:14,550 - WARNING - Failed to load php: 'version'
2026-05-03 20:58:14,550 - WARNING - Failed to load python: 'version'
2026-05-03 20:58:14,550 - WARNING - Failed to load clang: 'version'
2026-05-03 20:58:14,550 - WARNING - Failed to load nodejs: 'version'
2026-05-03 20:58:14,550 - WARNING - Failed to load cython: 'version'
2026-05-03 20:58:14,550 - WARNING - Failed to load gcc-cmake-busybox: 'version'
2026-05-03 20:58:14,550 - WARNING - Failed to load php-composer: 'version'
2026-05-03 20:58:14,550 - WARNING - Failed to load go: 'version'
2026-05-03 20:58:14,550 - WARNING - Failed to load lua: 'version'
2026-05-03 20:58:14,550 - WARNING - Failed to load cgo: 'version'
2026-05-03 20:58:14,550 - WARNING - Failed to load gcc-meson-busybox: 'version'
2026-05-03 20:58:14,555 - WARNING - Failed to load cross-x86_64-gnu-gcc: 'version'
2026-05-03 20:58:14,560 - WARNING - Failed to load filesystem: 'version'
2026-05-03 20:58:14,561 - WARNING - Failed to load profile: 'version'
2026-05-03 20:58:14,567 - INFO - Loaded 416 packages
2026-05-03 20:58:14,567 - INFO - libpciaccess has no RM.org ID, attempting to look it up...
2026-05-03 20:58:15,136 - INFO - Found project ID 1703 for libpciaccess
2026-05-03 20:58:15,136 - INFO - Found project ID 1703 for libpciaccess
2026-05-03 20:58:15,137 - INFO - Current: 0.18.1, Latest: 0.19
2026-05-03 20:58:15,137 - INFO - Updating libpciaccess to 0.19
2026-05-03 20:58:15,137 - INFO - Backed up libpciaccess to /home/lrvick/Sources/stagex/scripts/backups/user/libpciaccess
2026-05-03 20:58:15,213 - ERROR - No working download URL found for version 0.19
2026-05-03 20:58:15,213 - ERROR - Failed to download source for libpciaccess
2026-05-03 20:58:15,213 - INFO - Processing talosctl...
2026-05-03 20:58:15,219 - WARNING - Failed to load stage2: 'version'
2026-05-03 20:58:15,219 - WARNING - Failed to load stage0: 'version'
2026-05-03 20:58:15,220 - WARNING - Failed to load stage3: 'version'
2026-05-03 20:58:15,253 - WARNING - Failed to load clang-meson-busybox: 'version'
2026-05-03 20:58:15,253 - WARNING - Failed to load clang-gnu-busybox: 'version'
2026-05-03 20:58:15,254 - WARNING - Failed to load gcc-gnu-busybox: 'version'
2026-05-03 20:58:15,254 - WARNING - Failed to load solidity: 'version'
2026-05-03 20:58:15,254 - WARNING - Failed to load clang-cmake-busybox: 'version'
2026-05-03 20:58:15,254 - WARNING - Failed to load gcc-gnu-gnu: 'version'
2026-05-03 20:58:15,254 - WARNING - Failed to load luarocks: 'version'
2026-05-03 20:58:15,254 - WARNING - Failed to load rust: 'version'
2026-05-03 20:58:15,254 - WARNING - Failed to load gcc: 'version'
2026-05-03 20:58:15,254 - WARNING - Failed to load php: 'version'
2026-05-03 20:58:15,254 - WARNING - Failed to load python: 'version'
2026-05-03 20:58:15,254 - WARNING - Failed to load clang: 'version'
2026-05-03 20:58:15,254 - WARNING - Failed to load nodejs: 'version'
2026-05-03 20:58:15,255 - WARNING - Failed to load cython: 'version'
2026-05-03 20:58:15,255 - WARNING - Failed to load gcc-cmake-busybox: 'version'
2026-05-03 20:58:15,255 - WARNING - Failed to load php-composer: 'version'
2026-05-03 20:58:15,255 - WARNING - Failed to load go: 'version'
2026-05-03 20:58:15,255 - WARNING - Failed to load lua: 'version'
2026-05-03 20:58:15,255 - WARNING - Failed to load cgo: 'version'
2026-05-03 20:58:15,255 - WARNING - Failed to load gcc-meson-busybox: 'version'
2026-05-03 20:58:15,260 - WARNING - Failed to load cross-x86_64-gnu-gcc: 'version'
2026-05-03 20:58:15,264 - WARNING - Failed to load filesystem: 'version'
2026-05-03 20:58:15,266 - WARNING - Failed to load profile: 'version'
2026-05-03 20:58:15,271 - INFO - Loaded 416 packages
2026-05-03 20:58:15,271 - INFO - talosctl has no RM.org ID, attempting to look it up...
2026-05-03 20:58:15,861 - WARNING - Could not determine latest version for talosctl
2026-05-03 20:58:15,861 - INFO - Processing ninja...
2026-05-03 20:58:15,868 - WARNING - Failed to load stage2: 'version'
2026-05-03 20:58:15,868 - WARNING - Failed to load stage0: 'version'
2026-05-03 20:58:15,869 - WARNING - Failed to load stage3: 'version'
2026-05-03 20:58:15,902 - WARNING - Failed to load clang-meson-busybox: 'version'
2026-05-03 20:58:15,902 - WARNING - Failed to load clang-gnu-busybox: 'version'
2026-05-03 20:58:15,902 - WARNING - Failed to load gcc-gnu-busybox: 'version'
2026-05-03 20:58:15,902 - WARNING - Failed to load solidity: 'version'
2026-05-03 20:58:15,902 - WARNING - Failed to load clang-cmake-busybox: 'version'
2026-05-03 20:58:15,903 - WARNING - Failed to load gcc-gnu-gnu: 'version'
2026-05-03 20:58:15,903 - WARNING - Failed to load luarocks: 'version'
2026-05-03 20:58:15,903 - WARNING - Failed to load rust: 'version'
2026-05-03 20:58:15,903 - WARNING - Failed to load gcc: 'version'
2026-05-03 20:58:15,903 - WARNING - Failed to load php: 'version'
2026-05-03 20:58:15,903 - WARNING - Failed to load python: 'version'
2026-05-03 20:58:15,903 - WARNING - Failed to load clang: 'version'
2026-05-03 20:58:15,903 - WARNING - Failed to load nodejs: 'version'
2026-05-03 20:58:15,903 - WARNING - Failed to load cython: 'version'
2026-05-03 20:58:15,903 - WARNING - Failed to load gcc-cmake-busybox: 'version'
2026-05-03 20:58:15,903 - WARNING - Failed to load php-composer: 'version'
2026-05-03 20:58:15,904 - WARNING - Failed to load go: 'version'
2026-05-03 20:58:15,904 - WARNING - Failed to load lua: 'version'
2026-05-03 20:58:15,904 - WARNING - Failed to load cgo: 'version'
2026-05-03 20:58:15,904 - WARNING - Failed to load gcc-meson-busybox: 'version'
2026-05-03 20:58:15,909 - WARNING - Failed to load cross-x86_64-gnu-gcc: 'version'
2026-05-03 20:58:15,913 - WARNING - Failed to load filesystem: 'version'
2026-05-03 20:58:15,914 - WARNING - Failed to load profile: 'version'
2026-05-03 20:58:15,920 - INFO - Loaded 416 packages
2026-05-03 20:58:15,920 - INFO - ninja has no RM.org ID, attempting to look it up...
2026-05-03 20:58:16,506 - INFO - Found project ID 132832 for ninja
2026-05-03 20:58:16,506 - INFO - Found project ID 132832 for ninja
2026-05-03 20:58:16,506 - INFO - Current: 1.13.0, Latest: 1.13.0
2026-05-03 20:58:16,506 - INFO - ninja is up to date
2026-05-03 20:58:16,506 - INFO - Processing libvdpau...
2026-05-03 20:58:16,513 - WARNING - Failed to load stage2: 'version'
2026-05-03 20:58:16,513 - WARNING - Failed to load stage0: 'version'
2026-05-03 20:58:16,514 - WARNING - Failed to load stage3: 'version'
2026-05-03 20:58:16,548 - WARNING - Failed to load clang-meson-busybox: 'version'
2026-05-03 20:58:16,548 - WARNING - Failed to load clang-gnu-busybox: 'version'
2026-05-03 20:58:16,548 - WARNING - Failed to load gcc-gnu-busybox: 'version'
2026-05-03 20:58:16,548 - WARNING - Failed to load solidity: 'version'
2026-05-03 20:58:16,548 - WARNING - Failed to load clang-cmake-busybox: 'version'
2026-05-03 20:58:16,548 - WARNING - Failed to load gcc-gnu-gnu: 'version'
2026-05-03 20:58:16,548 - WARNING - Failed to load luarocks: 'version'
2026-05-03 20:58:16,548 - WARNING - Failed to load rust: 'version'
2026-05-03 20:58:16,548 - WARNING - Failed to load gcc: 'version'
2026-05-03 20:58:16,548 - WARNING - Failed to load php: 'version'
2026-05-03 20:58:16,549 - WARNING - Failed to load python: 'version'
2026-05-03 20:58:16,549 - WARNING - Failed to load clang: 'version'
2026-05-03 20:58:16,549 - WARNING - Failed to load nodejs: 'version'
2026-05-03 20:58:16,549 - WARNING - Failed to load cython: 'version'
2026-05-03 20:58:16,549 - WARNING - Failed to load gcc-cmake-busybox: 'version'
2026-05-03 20:58:16,549 - WARNING - Failed to load php-composer: 'version'
2026-05-03 20:58:16,549 - WARNING - Failed to load go: 'version'
2026-05-03 20:58:16,549 - WARNING - Failed to load lua: 'version'
2026-05-03 20:58:16,549 - WARNING - Failed to load cgo: 'version'
2026-05-03 20:58:16,549 - WARNING - Failed to load gcc-meson-busybox: 'version'
2026-05-03 20:58:16,554 - WARNING - Failed to load cross-x86_64-gnu-gcc: 'version'
2026-05-03 20:58:16,559 - WARNING - Failed to load filesystem: 'version'
2026-05-03 20:58:16,560 - WARNING - Failed to load profile: 'version'
2026-05-03 20:58:16,566 - INFO - Loaded 416 packages
2026-05-03 20:58:16,566 - INFO - libvdpau has no RM.org ID, attempting to look it up...
2026-05-03 20:58:17,152 - INFO - Found project ID 1755 for libvdpau
2026-05-03 20:58:17,152 - INFO - Found project ID 1755 for libvdpau
2026-05-03 20:58:17,152 - INFO - Current: 1.5, Latest: 1.5
2026-05-03 20:58:17,152 - INFO - libvdpau is up to date
2026-05-03 20:58:17,152 - INFO - Processing sxctl...
2026-05-03 20:58:17,159 - WARNING - Failed to load stage2: 'version'
2026-05-03 20:58:17,159 - WARNING - Failed to load stage0: 'version'
2026-05-03 20:58:17,160 - WARNING - Failed to load stage3: 'version'
2026-05-03 20:58:17,193 - WARNING - Failed to load clang-meson-busybox: 'version'
2026-05-03 20:58:17,193 - WARNING - Failed to load clang-gnu-busybox: 'version'
2026-05-03 20:58:17,193 - WARNING - Failed to load gcc-gnu-busybox: 'version'
2026-05-03 20:58:17,193 - WARNING - Failed to load solidity: 'version'
2026-05-03 20:58:17,193 - WARNING - Failed to load clang-cmake-busybox: 'version'
2026-05-03 20:58:17,193 - WARNING - Failed to load gcc-gnu-gnu: 'version'
2026-05-03 20:58:17,194 - WARNING - Failed to load luarocks: 'version'
2026-05-03 20:58:17,194 - WARNING - Failed to load rust: 'version'
2026-05-03 20:58:17,194 - WARNING - Failed to load gcc: 'version'
2026-05-03 20:58:17,194 - WARNING - Failed to load php: 'version'
2026-05-03 20:58:17,194 - WARNING - Failed to load python: 'version'
2026-05-03 20:58:17,194 - WARNING - Failed to load clang: 'version'
2026-05-03 20:58:17,194 - WARNING - Failed to load nodejs: 'version'
2026-05-03 20:58:17,194 - WARNING - Failed to load cython: 'version'
2026-05-03 20:58:17,194 - WARNING - Failed to load gcc-cmake-busybox: 'version'
2026-05-03 20:58:17,194 - WARNING - Failed to load php-composer: 'version'
2026-05-03 20:58:17,194 - WARNING - Failed to load go: 'version'
2026-05-03 20:58:17,195 - WARNING - Failed to load lua: 'version'
2026-05-03 20:58:17,195 - WARNING - Failed to load cgo: 'version'
2026-05-03 20:58:17,195 - WARNING - Failed to load gcc-meson-busybox: 'version'
2026-05-03 20:58:17,200 - WARNING - Failed to load cross-x86_64-gnu-gcc: 'version'
2026-05-03 20:58:17,204 - WARNING - Failed to load filesystem: 'version'
2026-05-03 20:58:17,205 - WARNING - Failed to load profile: 'version'
2026-05-03 20:58:17,211 - INFO - Loaded 416 packages
2026-05-03 20:58:17,211 - INFO - sxctl has no RM.org ID, attempting to look it up...
2026-05-03 20:58:17,798 - INFO - Found project ID 389690 for sxctl
2026-05-03 20:58:17,799 - INFO - Found project ID 389690 for sxctl
2026-05-03 20:58:17,799 - INFO - Current: 0.0.5, Latest: 0.0.5
2026-05-03 20:58:17,799 - INFO - sxctl is up to date
2026-05-03 20:58:17,799 - INFO - Processing hivemind...
2026-05-03 20:58:17,806 - WARNING - Failed to load stage2: 'version'
2026-05-03 20:58:17,806 - WARNING - Failed to load stage0: 'version'
2026-05-03 20:58:17,806 - WARNING - Failed to load stage3: 'version'
2026-05-03 20:58:17,840 - WARNING - Failed to load clang-meson-busybox: 'version'
2026-05-03 20:58:17,840 - WARNING - Failed to load clang-gnu-busybox: 'version'
2026-05-03 20:58:17,840 - WARNING - Failed to load gcc-gnu-busybox: 'version'
2026-05-03 20:58:17,840 - WARNING - Failed to load solidity: 'version'
2026-05-03 20:58:17,841 - WARNING - Failed to load clang-cmake-busybox: 'version'
2026-05-03 20:58:17,841 - WARNING - Failed to load gcc-gnu-gnu: 'version'
2026-05-03 20:58:17,841 - WARNING - Failed to load luarocks: 'version'
2026-05-03 20:58:17,841 - WARNING - Failed to load rust: 'version'
2026-05-03 20:58:17,841 - WARNING - Failed to load gcc: 'version'
2026-05-03 20:58:17,841 - WARNING - Failed to load php: 'version'
2026-05-03 20:58:17,841 - WARNING - Failed to load python: 'version'
2026-05-03 20:58:17,841 - WARNING - Failed to load clang: 'version'
2026-05-03 20:58:17,841 - WARNING - Failed to load nodejs: 'version'
2026-05-03 20:58:17,841 - WARNING - Failed to load cython: 'version'
2026-05-03 20:58:17,842 - WARNING - Failed to load gcc-cmake-busybox: 'version'
2026-05-03 20:58:17,842 - WARNING - Failed to load php-composer: 'version'
2026-05-03 20:58:17,842 - WARNING - Failed to load go: 'version'
2026-05-03 20:58:17,842 - WARNING - Failed to load lua: 'version'
2026-05-03 20:58:17,842 - WARNING - Failed to load cgo: 'version'
2026-05-03 20:58:17,842 - WARNING - Failed to load gcc-meson-busybox: 'version'
2026-05-03 20:58:17,847 - WARNING - Failed to load cross-x86_64-gnu-gcc: 'version'
2026-05-03 20:58:17,851 - WARNING - Failed to load filesystem: 'version'
2026-05-03 20:58:17,853 - WARNING - Failed to load profile: 'version'
2026-05-03 20:58:17,858 - INFO - Loaded 416 packages
2026-05-03 20:58:17,858 - INFO - hivemind has no RM.org ID, attempting to look it up...
2026-05-03 20:58:18,461 - INFO - Found project ID 389620 for hivemind
2026-05-03 20:58:18,461 - INFO - Found project ID 389620 for hivemind
2026-05-03 20:58:18,461 - INFO - Current: 1.1.0, Latest: 1.1.0
2026-05-03 20:58:18,461 - INFO - hivemind is up to date
2026-05-03 20:58:18,461 - INFO - Processing sshpass...
2026-05-03 20:58:18,468 - WARNING - Failed to load stage2: 'version'
2026-05-03 20:58:18,468 - WARNING - Failed to load stage0: 'version'
2026-05-03 20:58:18,469 - WARNING - Failed to load stage3: 'version'
2026-05-03 20:58:18,503 - WARNING - Failed to load clang-meson-busybox: 'version'
2026-05-03 20:58:18,503 - WARNING - Failed to load clang-gnu-busybox: 'version'
2026-05-03 20:58:18,503 - WARNING - Failed to load gcc-gnu-busybox: 'version'
2026-05-03 20:58:18,503 - WARNING - Failed to load solidity: 'version'
2026-05-03 20:58:18,503 - WARNING - Failed to load clang-cmake-busybox: 'version'
2026-05-03 20:58:18,503 - WARNING - Failed to load gcc-gnu-gnu: 'version'
2026-05-03 20:58:18,503 - WARNING - Failed to load luarocks: 'version'
2026-05-03 20:58:18,503 - WARNING - Failed to load rust: 'version'
2026-05-03 20:58:18,503 - WARNING - Failed to load gcc: 'version'
2026-05-03 20:58:18,503 - WARNING - Failed to load php: 'version'
2026-05-03 20:58:18,504 - WARNING - Failed to load python: 'version'
2026-05-03 20:58:18,504 - WARNING - Failed to load clang: 'version'
2026-05-03 20:58:18,504 - WARNING - Failed to load nodejs: 'version'
2026-05-03 20:58:18,504 - WARNING - Failed to load cython: 'version'
2026-05-03 20:58:18,504 - WARNING - Failed to load gcc-cmake-busybox: 'version'
2026-05-03 20:58:18,504 - WARNING - Failed to load php-composer: 'version'
2026-05-03 20:58:18,504 - WARNING - Failed to load go: 'version'
2026-05-03 20:58:18,504 - WARNING - Failed to load lua: 'version'
2026-05-03 20:58:18,504 - WARNING - Failed to load cgo: 'version'
2026-05-03 20:58:18,504 - WARNING - Failed to load gcc-meson-busybox: 'version'
2026-05-03 20:58:18,509 - WARNING - Failed to load cross-x86_64-gnu-gcc: 'version'
2026-05-03 20:58:18,514 - WARNING - Failed to load filesystem: 'version'
2026-05-03 20:58:18,515 - WARNING - Failed to load profile: 'version'
2026-05-03 20:58:18,520 - INFO - Loaded 416 packages
2026-05-03 20:58:18,521 - INFO - sshpass has no RM.org ID, attempting to look it up...
2026-05-03 20:58:19,132 - INFO - Found project ID 12961 for sshpass
2026-05-03 20:58:19,132 - INFO - Found project ID 12961 for sshpass
2026-05-03 20:58:19,132 - INFO - Current: 1.10, Latest: 1.10
2026-05-03 20:58:19,132 - INFO - sshpass is up to date
2026-05-03 20:58:19,133 - INFO - Processing just...
2026-05-03 20:58:19,139 - WARNING - Failed to load stage2: 'version'
2026-05-03 20:58:19,142 - WARNING - Failed to load stage0: 'version'
2026-05-03 20:58:19,143 - WARNING - Failed to load stage3: 'version'
2026-05-03 20:58:19,176 - WARNING - Failed to load clang-meson-busybox: 'version'
2026-05-03 20:58:19,176 - WARNING - Failed to load clang-gnu-busybox: 'version'
2026-05-03 20:58:19,176 - WARNING - Failed to load gcc-gnu-busybox: 'version'
2026-05-03 20:58:19,176 - WARNING - Failed to load solidity: 'version'
2026-05-03 20:58:19,176 - WARNING - Failed to load clang-cmake-busybox: 'version'
2026-05-03 20:58:19,177 - WARNING - Failed to load gcc-gnu-gnu: 'version'
2026-05-03 20:58:19,177 - WARNING - Failed to load luarocks: 'version'
2026-05-03 20:58:19,177 - WARNING - Failed to load rust: 'version'
2026-05-03 20:58:19,177 - WARNING - Failed to load gcc: 'version'
2026-05-03 20:58:19,177 - WARNING - Failed to load php: 'version'
2026-05-03 20:58:19,177 - WARNING - Failed to load python: 'version'
2026-05-03 20:58:19,177 - WARNING - Failed to load clang: 'version'
2026-05-03 20:58:19,177 - WARNING - Failed to load nodejs: 'version'
2026-05-03 20:58:19,177 - WARNING - Failed to load cython: 'version'
2026-05-03 20:58:19,177 - WARNING - Failed to load gcc-cmake-busybox: 'version'
2026-05-03 20:58:19,177 - WARNING - Failed to load php-composer: 'version'
2026-05-03 20:58:19,178 - WARNING - Failed to load go: 'version'
2026-05-03 20:58:19,178 - WARNING - Failed to load lua: 'version'
2026-05-03 20:58:19,178 - WARNING - Failed to load cgo: 'version'
2026-05-03 20:58:19,178 - WARNING - Failed to load gcc-meson-busybox: 'version'
2026-05-03 20:58:19,183 - WARNING - Failed to load cross-x86_64-gnu-gcc: 'version'
2026-05-03 20:58:19,187 - WARNING - Failed to load filesystem: 'version'
2026-05-03 20:58:19,188 - WARNING - Failed to load profile: 'version'
2026-05-03 20:58:19,194 - INFO - Loaded 416 packages
2026-05-03 20:58:19,194 - INFO - just has no RM.org ID, attempting to look it up...
2026-05-03 20:58:19,814 - INFO - Found project ID 222400 for just
2026-05-03 20:58:19,814 - INFO - Found project ID 222400 for just
2026-05-03 20:58:19,814 - INFO - Current: 1.50.0, Latest: 1.50.0
2026-05-03 20:58:19,814 - INFO - just is up to date
2026-05-03 20:58:19,815 - INFO - Processing sevctl...
2026-05-03 20:58:19,821 - WARNING - Failed to load stage2: 'version'
2026-05-03 20:58:19,822 - WARNING - Failed to load stage0: 'version'
2026-05-03 20:58:19,822 - WARNING - Failed to load stage3: 'version'
2026-05-03 20:58:19,855 - WARNING - Failed to load clang-meson-busybox: 'version'
2026-05-03 20:58:19,855 - WARNING - Failed to load clang-gnu-busybox: 'version'
2026-05-03 20:58:19,856 - WARNING - Failed to load gcc-gnu-busybox: 'version'
2026-05-03 20:58:19,856 - WARNING - Failed to load solidity: 'version'
2026-05-03 20:58:19,856 - WARNING - Failed to load clang-cmake-busybox: 'version'
2026-05-03 20:58:19,856 - WARNING - Failed to load gcc-gnu-gnu: 'version'
2026-05-03 20:58:19,856 - WARNING - Failed to load luarocks: 'version'
2026-05-03 20:58:19,856 - WARNING - Failed to load rust: 'version'
2026-05-03 20:58:19,856 - WARNING - Failed to load gcc: 'version'
2026-05-03 20:58:19,856 - WARNING - Failed to load php: 'version'
2026-05-03 20:58:19,856 - WARNING - Failed to load python: 'version'
2026-05-03 20:58:19,856 - WARNING - Failed to load clang: 'version'
2026-05-03 20:58:19,856 - WARNING - Failed to load nodejs: 'version'
2026-05-03 20:58:19,857 - WARNING - Failed to load cython: 'version'
2026-05-03 20:58:19,857 - WARNING - Failed to load gcc-cmake-busybox: 'version'
2026-05-03 20:58:19,857 - WARNING - Failed to load php-composer: 'version'
2026-05-03 20:58:19,857 - WARNING - Failed to load go: 'version'
2026-05-03 20:58:19,857 - WARNING - Failed to load lua: 'version'
2026-05-03 20:58:19,857 - WARNING - Failed to load cgo: 'version'
2026-05-03 20:58:19,857 - WARNING - Failed to load gcc-meson-busybox: 'version'
2026-05-03 20:58:19,862 - WARNING - Failed to load cross-x86_64-gnu-gcc: 'version'
2026-05-03 20:58:19,866 - WARNING - Failed to load filesystem: 'version'
2026-05-03 20:58:19,867 - WARNING - Failed to load profile: 'version'
2026-05-03 20:58:19,873 - INFO - Loaded 416 packages
2026-05-03 20:58:19,873 - INFO - sevctl has no RM.org ID, attempting to look it up...
2026-05-03 20:58:20,511 - INFO - Found project ID 188189 for sevctl
2026-05-03 20:58:20,511 - INFO - Found project ID 188189 for sevctl
2026-05-03 20:58:20,511 - INFO - Current: 0.6.2, Latest: 0.6.2
2026-05-03 20:58:20,511 - INFO - sevctl is up to date
2026-05-03 20:58:20,511 - INFO - Processing capnproto...
2026-05-03 20:58:20,518 - WARNING - Failed to load stage2: 'version'
2026-05-03 20:58:20,518 - WARNING - Failed to load stage0: 'version'
2026-05-03 20:58:20,519 - WARNING - Failed to load stage3: 'version'
2026-05-03 20:58:20,553 - WARNING - Failed to load clang-meson-busybox: 'version'
2026-05-03 20:58:20,553 - WARNING - Failed to load clang-gnu-busybox: 'version'
2026-05-03 20:58:20,553 - WARNING - Failed to load gcc-gnu-busybox: 'version'
2026-05-03 20:58:20,553 - WARNING - Failed to load solidity: 'version'
2026-05-03 20:58:20,553 - WARNING - Failed to load clang-cmake-busybox: 'version'
2026-05-03 20:58:20,553 - WARNING - Failed to load gcc-gnu-gnu: 'version'
2026-05-03 20:58:20,553 - WARNING - Failed to load luarocks: 'version'
2026-05-03 20:58:20,553 - WARNING - Failed to load rust: 'version'
2026-05-03 20:58:20,553 - WARNING - Failed to load gcc: 'version'
2026-05-03 20:58:20,553 - WARNING - Failed to load php: 'version'
2026-05-03 20:58:20,554 - WARNING - Failed to load python: 'version'
2026-05-03 20:58:20,554 - WARNING - Failed to load clang: 'version'
2026-05-03 20:58:20,554 - WARNING - Failed to load nodejs: 'version'
2026-05-03 20:58:20,554 - WARNING - Failed to load cython: 'version'
2026-05-03 20:58:20,554 - WARNING - Failed to load gcc-cmake-busybox: 'version'
2026-05-03 20:58:20,554 - WARNING - Failed to load php-composer: 'version'
2026-05-03 20:58:20,554 - WARNING - Failed to load go: 'version'
2026-05-03 20:58:20,554 - WARNING - Failed to load lua: 'version'
2026-05-03 20:58:20,554 - WARNING - Failed to load cgo: 'version'
2026-05-03 20:58:20,554 - WARNING - Failed to load gcc-meson-busybox: 'version'
2026-05-03 20:58:20,559 - WARNING - Failed to load cross-x86_64-gnu-gcc: 'version'
2026-05-03 20:58:20,564 - WARNING - Failed to load filesystem: 'version'
2026-05-03 20:58:20,565 - WARNING - Failed to load profile: 'version'
2026-05-03 20:58:20,571 - INFO - Loaded 416 packages
2026-05-03 20:58:20,571 - INFO - capnproto has no RM.org ID, attempting to look it up...
2026-05-03 20:58:21,177 - INFO - Found project ID 11515 for capnproto
2026-05-03 20:58:21,177 - INFO - Found project ID 11515 for capnproto
2026-05-03 20:58:21,177 - INFO - Current: 1.0.2, Latest: 1.4.0
2026-05-03 20:58:21,177 - INFO - Updating capnproto to 1.4.0
2026-05-03 20:58:21,177 - INFO - Backed up capnproto to /home/lrvick/Sources/stagex/scripts/backups/user/capnproto
2026-05-03 20:58:21,347 - ERROR - No working download URL found for version 1.4.0
2026-05-03 20:58:21,347 - ERROR - Failed to download source for capnproto
2026-05-03 20:58:21,347 - INFO - Processing yarn...
2026-05-03 20:58:21,353 - WARNING - Failed to load stage2: 'version'
2026-05-03 20:58:21,353 - WARNING - Failed to load stage0: 'version'
2026-05-03 20:58:21,354 - WARNING - Failed to load stage3: 'version'
2026-05-03 20:58:21,388 - WARNING - Failed to load clang-meson-busybox: 'version'
2026-05-03 20:58:21,388 - WARNING - Failed to load clang-gnu-busybox: 'version'
2026-05-03 20:58:21,388 - WARNING - Failed to load gcc-gnu-busybox: 'version'
2026-05-03 20:58:21,388 - WARNING - Failed to load solidity: 'version'
2026-05-03 20:58:21,388 - WARNING - Failed to load clang-cmake-busybox: 'version'
2026-05-03 20:58:21,388 - WARNING - Failed to load gcc-gnu-gnu: 'version'
2026-05-03 20:58:21,388 - WARNING - Failed to load luarocks: 'version'
2026-05-03 20:58:21,388 - WARNING - Failed to load rust: 'version'
2026-05-03 20:58:21,388 - WARNING - Failed to load gcc: 'version'
2026-05-03 20:58:21,389 - WARNING - Failed to load php: 'version'
2026-05-03 20:58:21,389 - WARNING - Failed to load python: 'version'
2026-05-03 20:58:21,389 - WARNING - Failed to load clang: 'version'
2026-05-03 20:58:21,389 - WARNING - Failed to load nodejs: 'version'
2026-05-03 20:58:21,389 - WARNING - Failed to load cython: 'version'
2026-05-03 20:58:21,389 - WARNING - Failed to load gcc-cmake-busybox: 'version'
2026-05-03 20:58:21,389 - WARNING - Failed to load php-composer: 'version'
2026-05-03 20:58:21,389 - WARNING - Failed to load go: 'version'
2026-05-03 20:58:21,389 - WARNING - Failed to load lua: 'version'
2026-05-03 20:58:21,389 - WARNING - Failed to load cgo: 'version'
2026-05-03 20:58:21,389 - WARNING - Failed to load gcc-meson-busybox: 'version'
2026-05-03 20:58:21,394 - WARNING - Failed to load cross-x86_64-gnu-gcc: 'version'
2026-05-03 20:58:21,399 - WARNING - Failed to load filesystem: 'version'
2026-05-03 20:58:21,400 - WARNING - Failed to load profile: 'version'
2026-05-03 20:58:21,406 - INFO - Loaded 416 packages
2026-05-03 20:58:21,406 - INFO - yarn has no RM.org ID, attempting to look it up...
2026-05-03 20:58:22,014 - WARNING - Could not determine latest version for yarn
2026-05-03 20:58:22,014 - INFO - Processing libzbar...
2026-05-03 20:58:22,014 - INFO - Processing keyfork...
2026-05-03 20:58:22,021 - WARNING - Failed to load stage2: 'version'
2026-05-03 20:58:22,021 - WARNING - Failed to load stage0: 'version'
2026-05-03 20:58:22,022 - WARNING - Failed to load stage3: 'version'
2026-05-03 20:58:22,055 - WARNING - Failed to load clang-meson-busybox: 'version'
2026-05-03 20:58:22,055 - WARNING - Failed to load clang-gnu-busybox: 'version'
2026-05-03 20:58:22,055 - WARNING - Failed to load gcc-gnu-busybox: 'version'
2026-05-03 20:58:22,055 - WARNING - Failed to load solidity: 'version'
2026-05-03 20:58:22,055 - WARNING - Failed to load clang-cmake-busybox: 'version'
2026-05-03 20:58:22,056 - WARNING - Failed to load gcc-gnu-gnu: 'version'
2026-05-03 20:58:22,056 - WARNING - Failed to load luarocks: 'version'
2026-05-03 20:58:22,056 - WARNING - Failed to load rust: 'version'
2026-05-03 20:58:22,056 - WARNING - Failed to load gcc: 'version'
2026-05-03 20:58:22,056 - WARNING - Failed to load php: 'version'
2026-05-03 20:58:22,056 - WARNING - Failed to load python: 'version'
2026-05-03 20:58:22,056 - WARNING - Failed to load clang: 'version'
2026-05-03 20:58:22,056 - WARNING - Failed to load nodejs: 'version'
2026-05-03 20:58:22,056 - WARNING - Failed to load cython: 'version'
2026-05-03 20:58:22,056 - WARNING - Failed to load gcc-cmake-busybox: 'version'
2026-05-03 20:58:22,056 - WARNING - Failed to load php-composer: 'version'
2026-05-03 20:58:22,057 - WARNING - Failed to load go: 'version'
2026-05-03 20:58:22,057 - WARNING - Failed to load lua: 'version'
2026-05-03 20:58:22,057 - WARNING - Failed to load cgo: 'version'
2026-05-03 20:58:22,057 - WARNING - Failed to load gcc-meson-busybox: 'version'
2026-05-03 20:58:22,062 - WARNING - Failed to load cross-x86_64-gnu-gcc: 'version'
2026-05-03 20:58:22,066 - WARNING - Failed to load filesystem: 'version'
2026-05-03 20:58:22,067 - WARNING - Failed to load profile: 'version'
2026-05-03 20:58:22,073 - INFO - Loaded 416 packages
2026-05-03 20:58:22,073 - INFO - keyfork has no RM.org ID, attempting to look it up...
2026-05-03 20:58:22,667 - INFO - Found project ID 389682 for keyfork
2026-05-03 20:58:22,667 - INFO - Found project ID 389682 for keyfork
2026-05-03 20:58:22,667 - INFO - Current: 0.3.6, Latest: 0.3.6
2026-05-03 20:58:22,667 - INFO - keyfork is up to date
2026-05-03 20:58:22,667 - INFO - Processing tree...
2026-05-03 20:58:22,667 - INFO - Processing gpg...
2026-05-03 20:58:22,674 - WARNING - Failed to load stage2: 'version'
2026-05-03 20:58:22,674 - WARNING - Failed to load stage0: 'version'
2026-05-03 20:58:22,675 - WARNING - Failed to load stage3: 'version'
2026-05-03 20:58:22,709 - WARNING - Failed to load clang-meson-busybox: 'version'
2026-05-03 20:58:22,709 - WARNING - Failed to load clang-gnu-busybox: 'version'
2026-05-03 20:58:22,709 - WARNING - Failed to load gcc-gnu-busybox: 'version'
2026-05-03 20:58:22,709 - WARNING - Failed to load solidity: 'version'
2026-05-03 20:58:22,709 - WARNING - Failed to load clang-cmake-busybox: 'version'
2026-05-03 20:58:22,709 - WARNING - Failed to load gcc-gnu-gnu: 'version'
2026-05-03 20:58:22,709 - WARNING - Failed to load luarocks: 'version'
2026-05-03 20:58:22,709 - WARNING - Failed to load rust: 'version'
2026-05-03 20:58:22,709 - WARNING - Failed to load gcc: 'version'
2026-05-03 20:58:22,709 - WARNING - Failed to load php: 'version'
2026-05-03 20:58:22,709 - WARNING - Failed to load python: 'version'
2026-05-03 20:58:22,710 - WARNING - Failed to load clang: 'version'
2026-05-03 20:58:22,710 - WARNING - Failed to load nodejs: 'version'
2026-05-03 20:58:22,710 - WARNING - Failed to load cython: 'version'
2026-05-03 20:58:22,710 - WARNING - Failed to load gcc-cmake-busybox: 'version'
2026-05-03 20:58:22,710 - WARNING - Failed to load php-composer: 'version'
2026-05-03 20:58:22,710 - WARNING - Failed to load go: 'version'
2026-05-03 20:58:22,710 - WARNING - Failed to load lua: 'version'
2026-05-03 20:58:22,710 - WARNING - Failed to load cgo: 'version'
2026-05-03 20:58:22,710 - WARNING - Failed to load gcc-meson-busybox: 'version'
2026-05-03 20:58:22,715 - WARNING - Failed to load cross-x86_64-gnu-gcc: 'version'
2026-05-03 20:58:22,720 - WARNING - Failed to load filesystem: 'version'
2026-05-03 20:58:22,721 - WARNING - Failed to load profile: 'version'
2026-05-03 20:58:22,727 - INFO - Loaded 416 packages
2026-05-03 20:58:22,727 - INFO - gpg has no RM.org ID, attempting to look it up...
2026-05-03 20:58:23,346 - WARNING - Could not determine latest version for gpg
2026-05-03 20:58:23,346 - INFO - Processing ansible...
2026-05-03 20:58:23,353 - WARNING - Failed to load stage2: 'version'
2026-05-03 20:58:23,353 - WARNING - Failed to load stage0: 'version'
2026-05-03 20:58:23,353 - WARNING - Failed to load stage3: 'version'
2026-05-03 20:58:23,387 - WARNING - Failed to load clang-meson-busybox: 'version'
2026-05-03 20:58:23,387 - WARNING - Failed to load clang-gnu-busybox: 'version'
2026-05-03 20:58:23,387 - WARNING - Failed to load gcc-gnu-busybox: 'version'
2026-05-03 20:58:23,387 - WARNING - Failed to load solidity: 'version'
2026-05-03 20:58:23,387 - WARNING - Failed to load clang-cmake-busybox: 'version'
2026-05-03 20:58:23,387 - WARNING - Failed to load gcc-gnu-gnu: 'version'
2026-05-03 20:58:23,388 - WARNING - Failed to load luarocks: 'version'
2026-05-03 20:58:23,388 - WARNING - Failed to load rust: 'version'
2026-05-03 20:58:23,388 - WARNING - Failed to load gcc: 'version'
2026-05-03 20:58:23,388 - WARNING - Failed to load php: 'version'
2026-05-03 20:58:23,388 - WARNING - Failed to load python: 'version'
2026-05-03 20:58:23,388 - WARNING - Failed to load clang: 'version'
2026-05-03 20:58:23,388 - WARNING - Failed to load nodejs: 'version'
2026-05-03 20:58:23,388 - WARNING - Failed to load cython: 'version'
2026-05-03 20:58:23,388 - WARNING - Failed to load gcc-cmake-busybox: 'version'
2026-05-03 20:58:23,388 - WARNING - Failed to load php-composer: 'version'
2026-05-03 20:58:23,388 - WARNING - Failed to load go: 'version'
2026-05-03 20:58:23,389 - WARNING - Failed to load lua: 'version'
2026-05-03 20:58:23,389 - WARNING - Failed to load cgo: 'version'
2026-05-03 20:58:23,389 - WARNING - Failed to load gcc-meson-busybox: 'version'
2026-05-03 20:58:23,394 - WARNING - Failed to load cross-x86_64-gnu-gcc: 'version'
2026-05-03 20:58:23,398 - WARNING - Failed to load filesystem: 'version'
2026-05-03 20:58:23,399 - WARNING - Failed to load profile: 'version'
2026-05-03 20:58:23,405 - INFO - Loaded 416 packages
2026-05-03 20:58:23,405 - INFO - ansible has no RM.org ID, attempting to look it up...
2026-05-03 20:58:24,183 - INFO - Found project ID 6097 for ansible
2026-05-03 20:58:24,183 - INFO - Found project ID 6097 for ansible
2026-05-03 20:58:24,183 - INFO - Current: 11.9.0, Latest: 2.20.5
2026-05-03 20:58:24,183 - INFO - Updating ansible to 2.20.5
2026-05-03 20:58:24,193 - INFO - Backed up ansible to /home/lrvick/Sources/stagex/scripts/backups/user/ansible
2026-05-03 20:58:24,821 - ERROR - No working download URL found for version 2.20.5
2026-05-03 20:58:24,821 - ERROR - Failed to download source for ansible
2026-05-03 20:58:24,821 - INFO - Processing xorriso...
2026-05-03 20:58:24,828 - WARNING - Failed to load stage2: 'version'
2026-05-03 20:58:24,828 - WARNING - Failed to load stage0: 'version'
2026-05-03 20:58:24,828 - WARNING - Failed to load stage3: 'version'
2026-05-03 20:58:24,862 - WARNING - Failed to load clang-meson-busybox: 'version'
2026-05-03 20:58:24,862 - WARNING - Failed to load clang-gnu-busybox: 'version'
2026-05-03 20:58:24,862 - WARNING - Failed to load gcc-gnu-busybox: 'version'
2026-05-03 20:58:24,862 - WARNING - Failed to load solidity: 'version'
2026-05-03 20:58:24,862 - WARNING - Failed to load clang-cmake-busybox: 'version'
2026-05-03 20:58:24,863 - WARNING - Failed to load gcc-gnu-gnu: 'version'
2026-05-03 20:58:24,863 - WARNING - Failed to load luarocks: 'version'
2026-05-03 20:58:24,863 - WARNING - Failed to load rust: 'version'
2026-05-03 20:58:24,863 - WARNING - Failed to load gcc: 'version'
2026-05-03 20:58:24,863 - WARNING - Failed to load php: 'version'
2026-05-03 20:58:24,863 - WARNING - Failed to load python: 'version'
2026-05-03 20:58:24,863 - WARNING - Failed to load clang: 'version'
2026-05-03 20:58:24,863 - WARNING - Failed to load nodejs: 'version'
2026-05-03 20:58:24,863 - WARNING - Failed to load cython: 'version'
2026-05-03 20:58:24,863 - WARNING - Failed to load gcc-cmake-busybox: 'version'
2026-05-03 20:58:24,863 - WARNING - Failed to load php-composer: 'version'
2026-05-03 20:58:24,864 - WARNING - Failed to load go: 'version'
2026-05-03 20:58:24,864 - WARNING - Failed to load lua: 'version'
2026-05-03 20:58:24,864 - WARNING - Failed to load cgo: 'version'
2026-05-03 20:58:24,864 - WARNING - Failed to load gcc-meson-busybox: 'version'
2026-05-03 20:58:24,869 - WARNING - Failed to load cross-x86_64-gnu-gcc: 'version'
2026-05-03 20:58:24,873 - WARNING - Failed to load filesystem: 'version'
2026-05-03 20:58:24,874 - WARNING - Failed to load profile: 'version'
2026-05-03 20:58:24,880 - INFO - Loaded 416 packages
2026-05-03 20:58:24,880 - INFO - xorriso has no RM.org ID, attempting to look it up...
2026-05-03 20:58:25,469 - INFO - Found project ID 13270 for xorriso
2026-05-03 20:58:25,469 - INFO - Found project ID 13270 for xorriso
2026-05-03 20:58:25,469 - INFO - Current: 1.5.8.pl01, Latest: 1.5.8.pl01
2026-05-03 20:58:25,469 - INFO - xorriso is up to date
2026-05-03 20:58:25,470 - INFO - Processing ipxe...
2026-05-03 20:58:25,476 - WARNING - Failed to load stage2: 'version'
2026-05-03 20:58:25,477 - WARNING - Failed to load stage0: 'version'
2026-05-03 20:58:25,477 - WARNING - Failed to load stage3: 'version'
2026-05-03 20:58:25,511 - WARNING - Failed to load clang-meson-busybox: 'version'
2026-05-03 20:58:25,511 - WARNING - Failed to load clang-gnu-busybox: 'version'
2026-05-03 20:58:25,511 - WARNING - Failed to load gcc-gnu-busybox: 'version'
2026-05-03 20:58:25,511 - WARNING - Failed to load solidity: 'version'
2026-05-03 20:58:25,511 - WARNING - Failed to load clang-cmake-busybox: 'version'
2026-05-03 20:58:25,511 - WARNING - Failed to load gcc-gnu-gnu: 'version'
2026-05-03 20:58:25,511 - WARNING - Failed to load luarocks: 'version'
2026-05-03 20:58:25,511 - WARNING - Failed to load rust: 'version'
2026-05-03 20:58:25,511 - WARNING - Failed to load gcc: 'version'
2026-05-03 20:58:25,511 - WARNING - Failed to load php: 'version'
2026-05-03 20:58:25,512 - WARNING - Failed to load python: 'version'
2026-05-03 20:58:25,512 - WARNING - Failed to load clang: 'version'
2026-05-03 20:58:25,512 - WARNING - Failed to load nodejs: 'version'
2026-05-03 20:58:25,512 - WARNING - Failed to load cython: 'version'
2026-05-03 20:58:25,512 - WARNING - Failed to load gcc-cmake-busybox: 'version'
2026-05-03 20:58:25,512 - WARNING - Failed to load php-composer: 'version'
2026-05-03 20:58:25,512 - WARNING - Failed to load go: 'version'
2026-05-03 20:58:25,512 - WARNING - Failed to load lua: 'version'
2026-05-03 20:58:25,512 - WARNING - Failed to load cgo: 'version'
2026-05-03 20:58:25,512 - WARNING - Failed to load gcc-meson-busybox: 'version'
2026-05-03 20:58:25,517 - WARNING - Failed to load cross-x86_64-gnu-gcc: 'version'
2026-05-03 20:58:25,522 - WARNING - Failed to load filesystem: 'version'
2026-05-03 20:58:25,523 - WARNING - Failed to load profile: 'version'
2026-05-03 20:58:25,529 - INFO - Loaded 416 packages
2026-05-03 20:58:25,529 - INFO - ipxe has no RM.org ID, attempting to look it up...
2026-05-03 20:58:26,119 - INFO - Found project ID 10507 for ipxe
2026-05-03 20:58:26,119 - INFO - Found project ID 10507 for ipxe
2026-05-03 20:58:26,119 - INFO - Current: c8f088d4e11a1dedda4829c4be1bb1b14e9da016, Latest: 2.0.0
2026-05-03 20:58:26,119 - INFO - Updating ipxe to 2.0.0
2026-05-03 20:58:26,120 - INFO - Backed up ipxe to /home/lrvick/Sources/stagex/scripts/backups/user/ipxe
2026-05-03 20:58:26,645 - ERROR - No working download URL found for version 2.0.0
2026-05-03 20:58:26,645 - ERROR - Failed to download source for ipxe
2026-05-03 20:58:26,646 - INFO - Processing libxmu...
2026-05-03 20:58:26,652 - WARNING - Failed to load stage2: 'version'
2026-05-03 20:58:26,653 - WARNING - Failed to load stage0: 'version'
2026-05-03 20:58:26,653 - WARNING - Failed to load stage3: 'version'
2026-05-03 20:58:26,687 - WARNING - Failed to load clang-meson-busybox: 'version'
2026-05-03 20:58:26,687 - WARNING - Failed to load clang-gnu-busybox: 'version'
2026-05-03 20:58:26,687 - WARNING - Failed to load gcc-gnu-busybox: 'version'
2026-05-03 20:58:26,687 - WARNING - Failed to load solidity: 'version'
2026-05-03 20:58:26,687 - WARNING - Failed to load clang-cmake-busybox: 'version'
2026-05-03 20:58:26,687 - WARNING - Failed to load gcc-gnu-gnu: 'version'
2026-05-03 20:58:26,687 - WARNING - Failed to load luarocks: 'version'
2026-05-03 20:58:26,687 - WARNING - Failed to load rust: 'version'
2026-05-03 20:58:26,687 - WARNING - Failed to load gcc: 'version'
2026-05-03 20:58:26,687 - WARNING - Failed to load php: 'version'
2026-05-03 20:58:26,688 - WARNING - Failed to load python: 'version'
2026-05-03 20:58:26,688 - WARNING - Failed to load clang: 'version'
2026-05-03 20:58:26,688 - WARNING - Failed to load nodejs: 'version'
2026-05-03 20:58:26,688 - WARNING - Failed to load cython: 'version'
2026-05-03 20:58:26,688 - WARNING - Failed to load gcc-cmake-busybox: 'version'
2026-05-03 20:58:26,688 - WARNING - Failed to load php-composer: 'version'
2026-05-03 20:58:26,688 - WARNING - Failed to load go: 'version'
2026-05-03 20:58:26,688 - WARNING - Failed to load lua: 'version'
2026-05-03 20:58:26,688 - WARNING - Failed to load cgo: 'version'
2026-05-03 20:58:26,688 - WARNING - Failed to load gcc-meson-busybox: 'version'
2026-05-03 20:58:26,693 - WARNING - Failed to load cross-x86_64-gnu-gcc: 'version'
2026-05-03 20:58:26,698 - WARNING - Failed to load filesystem: 'version'
2026-05-03 20:58:26,699 - WARNING - Failed to load profile: 'version'
2026-05-03 20:58:26,705 - INFO - Loaded 416 packages
2026-05-03 20:58:26,705 - INFO - libxmu has no RM.org ID, attempting to look it up...
2026-05-03 20:58:27,311 - INFO - Found project ID 1785 for libxmu
2026-05-03 20:58:27,311 - INFO - Found project ID 1785 for libxmu
2026-05-03 20:58:27,311 - INFO - Current: 1.2.1, Latest: 1.3.1
2026-05-03 20:58:27,311 - INFO - Updating libxmu to 1.3.1
2026-05-03 20:58:27,312 - INFO - Backed up libxmu to /home/lrvick/Sources/stagex/scripts/backups/user/libxmu
2026-05-03 20:58:27,388 - ERROR - No working download URL found for version 1.3.1
2026-05-03 20:58:27,388 - ERROR - Failed to download source for libxmu
2026-05-03 20:58:27,388 - INFO - Processing nuspell...
2026-05-03 20:58:27,394 - WARNING - Failed to load stage2: 'version'
2026-05-03 20:58:27,395 - WARNING - Failed to load stage0: 'version'
2026-05-03 20:58:27,395 - WARNING - Failed to load stage3: 'version'
2026-05-03 20:58:27,429 - WARNING - Failed to load clang-meson-busybox: 'version'
2026-05-03 20:58:27,429 - WARNING - Failed to load clang-gnu-busybox: 'version'
2026-05-03 20:58:27,429 - WARNING - Failed to load gcc-gnu-busybox: 'version'
2026-05-03 20:58:27,429 - WARNING - Failed to load solidity: 'version'
2026-05-03 20:58:27,429 - WARNING - Failed to load clang-cmake-busybox: 'version'
2026-05-03 20:58:27,429 - WARNING - Failed to load gcc-gnu-gnu: 'version'
2026-05-03 20:58:27,429 - WARNING - Failed to load luarocks: 'version'
2026-05-03 20:58:27,429 - WARNING - Failed to load rust: 'version'
2026-05-03 20:58:27,429 - WARNING - Failed to load gcc: 'version'
2026-05-03 20:58:27,429 - WARNING - Failed to load php: 'version'
2026-05-03 20:58:27,430 - WARNING - Failed to load python: 'version'
2026-05-03 20:58:27,430 - WARNING - Failed to load clang: 'version'
2026-05-03 20:58:27,430 - WARNING - Failed to load nodejs: 'version'
2026-05-03 20:58:27,430 - WARNING - Failed to load cython: 'version'
2026-05-03 20:58:27,430 - WARNING - Failed to load gcc-cmake-busybox: 'version'
2026-05-03 20:58:27,430 - WARNING - Failed to load php-composer: 'version'
2026-05-03 20:58:27,430 - WARNING - Failed to load go: 'version'
2026-05-03 20:58:27,430 - WARNING - Failed to load lua: 'version'
2026-05-03 20:58:27,430 - WARNING - Failed to load cgo: 'version'
2026-05-03 20:58:27,430 - WARNING - Failed to load gcc-meson-busybox: 'version'
2026-05-03 20:58:27,435 - WARNING - Failed to load cross-x86_64-gnu-gcc: 'version'
2026-05-03 20:58:27,440 - WARNING - Failed to load filesystem: 'version'
2026-05-03 20:58:27,441 - WARNING - Failed to load profile: 'version'
2026-05-03 20:58:27,447 - INFO - Loaded 416 packages
2026-05-03 20:58:27,447 - INFO - nuspell has no RM.org ID, attempting to look it up...
2026-05-03 20:58:28,064 - INFO - Found project ID 147585 for nuspell
2026-05-03 20:58:28,064 - INFO - Found project ID 147585 for nuspell
2026-05-03 20:58:28,064 - INFO - Current: 5.1.7, Latest: 5.1.7
2026-05-03 20:58:28,064 - INFO - nuspell is up to date
2026-05-03 20:58:28,065 - INFO - Processing dosfstools...
2026-05-03 20:58:28,071 - WARNING - Failed to load stage2: 'version'
2026-05-03 20:58:28,072 - WARNING - Failed to load stage0: 'version'
2026-05-03 20:58:28,072 - WARNING - Failed to load stage3: 'version'
2026-05-03 20:58:28,105 - WARNING - Failed to load clang-meson-busybox: 'version'
2026-05-03 20:58:28,105 - WARNING - Failed to load clang-gnu-busybox: 'version'
2026-05-03 20:58:28,105 - WARNING - Failed to load gcc-gnu-busybox: 'version'
2026-05-03 20:58:28,106 - WARNING - Failed to load solidity: 'version'
2026-05-03 20:58:28,106 - WARNING - Failed to load clang-cmake-busybox: 'version'
2026-05-03 20:58:28,106 - WARNING - Failed to load gcc-gnu-gnu: 'version'
2026-05-03 20:58:28,106 - WARNING - Failed to load luarocks: 'version'
2026-05-03 20:58:28,106 - WARNING - Failed to load rust: 'version'
2026-05-03 20:58:28,106 - WARNING - Failed to load gcc: 'version'
2026-05-03 20:58:28,106 - WARNING - Failed to load php: 'version'
2026-05-03 20:58:28,106 - WARNING - Failed to load python: 'version'
2026-05-03 20:58:28,106 - WARNING - Failed to load clang: 'version'
2026-05-03 20:58:28,106 - WARNING - Failed to load nodejs: 'version'
2026-05-03 20:58:28,106 - WARNING - Failed to load cython: 'version'
2026-05-03 20:58:28,107 - WARNING - Failed to load gcc-cmake-busybox: 'version'
2026-05-03 20:58:28,107 - WARNING - Failed to load php-composer: 'version'
2026-05-03 20:58:28,107 - WARNING - Failed to load go: 'version'
2026-05-03 20:58:28,107 - WARNING - Failed to load lua: 'version'
2026-05-03 20:58:28,107 - WARNING - Failed to load cgo: 'version'
2026-05-03 20:58:28,107 - WARNING - Failed to load gcc-meson-busybox: 'version'
2026-05-03 20:58:28,112 - WARNING - Failed to load cross-x86_64-gnu-gcc: 'version'
2026-05-03 20:58:28,116 - WARNING - Failed to load filesystem: 'version'
2026-05-03 20:58:28,118 - WARNING - Failed to load profile: 'version'
2026-05-03 20:58:28,123 - INFO - Loaded 416 packages
2026-05-03 20:58:28,123 - INFO - dosfstools has no RM.org ID, attempting to look it up...
2026-05-03 20:58:28,703 - INFO - Found project ID 455 for dosfstools
2026-05-03 20:58:28,703 - INFO - Found project ID 455 for dosfstools
2026-05-03 20:58:28,703 - INFO - Current: 4.2, Latest: 4.2
2026-05-03 20:58:28,703 - INFO - dosfstools is up to date
2026-05-03 20:58:28,703 - INFO - Processing protobuf...
2026-05-03 20:58:28,710 - WARNING - Failed to load stage2: 'version'
2026-05-03 20:58:28,710 - WARNING - Failed to load stage0: 'version'
2026-05-03 20:58:28,711 - WARNING - Failed to load stage3: 'version'
2026-05-03 20:58:28,744 - WARNING - Failed to load clang-meson-busybox: 'version'
2026-05-03 20:58:28,744 - WARNING - Failed to load clang-gnu-busybox: 'version'
2026-05-03 20:58:28,744 - WARNING - Failed to load gcc-gnu-busybox: 'version'
2026-05-03 20:58:28,744 - WARNING - Failed to load solidity: 'version'
2026-05-03 20:58:28,744 - WARNING - Failed to load clang-cmake-busybox: 'version'
2026-05-03 20:58:28,745 - WARNING - Failed to load gcc-gnu-gnu: 'version'
2026-05-03 20:58:28,745 - WARNING - Failed to load luarocks: 'version'
2026-05-03 20:58:28,745 - WARNING - Failed to load rust: 'version'
2026-05-03 20:58:28,745 - WARNING - Failed to load gcc: 'version'
2026-05-03 20:58:28,745 - WARNING - Failed to load php: 'version'
2026-05-03 20:58:28,745 - WARNING - Failed to load python: 'version'
2026-05-03 20:58:28,745 - WARNING - Failed to load clang: 'version'
2026-05-03 20:58:28,745 - WARNING - Failed to load nodejs: 'version'
2026-05-03 20:58:28,745 - WARNING - Failed to load cython: 'version'
2026-05-03 20:58:28,745 - WARNING - Failed to load gcc-cmake-busybox: 'version'
2026-05-03 20:58:28,745 - WARNING - Failed to load php-composer: 'version'
2026-05-03 20:58:28,746 - WARNING - Failed to load go: 'version'
2026-05-03 20:58:28,746 - WARNING - Failed to load lua: 'version'
2026-05-03 20:58:28,746 - WARNING - Failed to load cgo: 'version'
2026-05-03 20:58:28,746 - WARNING - Failed to load gcc-meson-busybox: 'version'
2026-05-03 20:58:28,751 - WARNING - Failed to load cross-x86_64-gnu-gcc: 'version'
2026-05-03 20:58:28,755 - WARNING - Failed to load filesystem: 'version'
2026-05-03 20:58:28,756 - WARNING - Failed to load profile: 'version'
2026-05-03 20:58:28,762 - INFO - Loaded 416 packages
2026-05-03 20:58:28,762 - INFO - protobuf has no RM.org ID, attempting to look it up...
2026-05-03 20:58:29,509 - INFO - Found project ID 20598 for protobuf
2026-05-03 20:58:29,509 - INFO - Found project ID 20598 for protobuf
2026-05-03 20:58:29,509 - INFO - Current: 26.1, Latest: 4.32.1-release
2026-05-03 20:58:29,509 - INFO - Updating protobuf to 4.32.1-release
2026-05-03 20:58:29,518 - INFO - Backed up protobuf to /home/lrvick/Sources/stagex/scripts/backups/user/protobuf
2026-05-03 20:58:29,963 - ERROR - No working download URL found for version 4.32.1-release
2026-05-03 20:58:29,963 - ERROR - Failed to download source for protobuf
2026-05-03 20:58:29,963 - INFO - Processing mtools...
2026-05-03 20:58:29,970 - WARNING - Failed to load stage2: 'version'
2026-05-03 20:58:29,970 - WARNING - Failed to load stage0: 'version'
2026-05-03 20:58:29,970 - WARNING - Failed to load stage3: 'version'
2026-05-03 20:58:30,004 - WARNING - Failed to load clang-meson-busybox: 'version'
2026-05-03 20:58:30,004 - WARNING - Failed to load clang-gnu-busybox: 'version'
2026-05-03 20:58:30,004 - WARNING - Failed to load gcc-gnu-busybox: 'version'
2026-05-03 20:58:30,004 - WARNING - Failed to load solidity: 'version'
2026-05-03 20:58:30,005 - WARNING - Failed to load clang-cmake-busybox: 'version'
2026-05-03 20:58:30,005 - WARNING - Failed to load gcc-gnu-gnu: 'version'
2026-05-03 20:58:30,005 - WARNING - Failed to load luarocks: 'version'
2026-05-03 20:58:30,005 - WARNING - Failed to load rust: 'version'
2026-05-03 20:58:30,005 - WARNING - Failed to load gcc: 'version'
2026-05-03 20:58:30,005 - WARNING - Failed to load php: 'version'
2026-05-03 20:58:30,005 - WARNING - Failed to load python: 'version'
2026-05-03 20:58:30,005 - WARNING - Failed to load clang: 'version'
2026-05-03 20:58:30,005 - WARNING - Failed to load nodejs: 'version'
2026-05-03 20:58:30,005 - WARNING - Failed to load cython: 'version'
2026-05-03 20:58:30,006 - WARNING - Failed to load gcc-cmake-busybox: 'version'
2026-05-03 20:58:30,006 - WARNING - Failed to load php-composer: 'version'
2026-05-03 20:58:30,006 - WARNING - Failed to load go: 'version'
2026-05-03 20:58:30,006 - WARNING - Failed to load lua: 'version'
2026-05-03 20:58:30,006 - WARNING - Failed to load cgo: 'version'
2026-05-03 20:58:30,006 - WARNING - Failed to load gcc-meson-busybox: 'version'
2026-05-03 20:58:30,011 - WARNING - Failed to load cross-x86_64-gnu-gcc: 'version'
2026-05-03 20:58:30,015 - WARNING - Failed to load filesystem: 'version'
2026-05-03 20:58:30,016 - WARNING - Failed to load profile: 'version'
2026-05-03 20:58:30,022 - INFO - Loaded 416 packages
2026-05-03 20:58:30,022 - INFO - mtools has no RM.org ID, attempting to look it up...
2026-05-03 20:58:30,630 - INFO - Found project ID 2537 for mtools
2026-05-03 20:58:30,631 - INFO - Found project ID 2537 for mtools
2026-05-03 20:58:30,631 - INFO - Current: 4.0.45, Latest: 1.0
2026-05-03 20:58:30,631 - INFO - Updating mtools to 1.0
2026-05-03 20:58:30,631 - INFO - Backed up mtools to /home/lrvick/Sources/stagex/scripts/backups/user/mtools
2026-05-03 20:58:31,869 - ERROR - No working download URL found for version 1.0
2026-05-03 20:58:31,869 - ERROR - Failed to download source for mtools
2026-05-03 20:58:31,869 - INFO - Processing grub...
2026-05-03 20:58:31,875 - WARNING - Failed to load stage2: 'version'
2026-05-03 20:58:31,875 - WARNING - Failed to load stage0: 'version'
2026-05-03 20:58:31,876 - WARNING - Failed to load stage3: 'version'
2026-05-03 20:58:31,910 - WARNING - Failed to load clang-meson-busybox: 'version'
2026-05-03 20:58:31,910 - WARNING - Failed to load clang-gnu-busybox: 'version'
2026-05-03 20:58:31,910 - WARNING - Failed to load gcc-gnu-busybox: 'version'
2026-05-03 20:58:31,910 - WARNING - Failed to load solidity: 'version'
2026-05-03 20:58:31,910 - WARNING - Failed to load clang-cmake-busybox: 'version'
2026-05-03 20:58:31,910 - WARNING - Failed to load gcc-gnu-gnu: 'version'
2026-05-03 20:58:31,910 - WARNING - Failed to load luarocks: 'version'
2026-05-03 20:58:31,910 - WARNING - Failed to load rust: 'version'
2026-05-03 20:58:31,911 - WARNING - Failed to load gcc: 'version'
2026-05-03 20:58:31,911 - WARNING - Failed to load php: 'version'
2026-05-03 20:58:31,911 - WARNING - Failed to load python: 'version'
2026-05-03 20:58:31,911 - WARNING - Failed to load clang: 'version'
2026-05-03 20:58:31,911 - WARNING - Failed to load nodejs: 'version'
2026-05-03 20:58:31,911 - WARNING - Failed to load cython: 'version'
2026-05-03 20:58:31,911 - WARNING - Failed to load gcc-cmake-busybox: 'version'
2026-05-03 20:58:31,911 - WARNING - Failed to load php-composer: 'version'
2026-05-03 20:58:31,911 - WARNING - Failed to load go: 'version'
2026-05-03 20:58:31,911 - WARNING - Failed to load lua: 'version'
2026-05-03 20:58:31,911 - WARNING - Failed to load cgo: 'version'
2026-05-03 20:58:31,912 - WARNING - Failed to load gcc-meson-busybox: 'version'
2026-05-03 20:58:31,916 - WARNING - Failed to load cross-x86_64-gnu-gcc: 'version'
2026-05-03 20:58:31,921 - WARNING - Failed to load filesystem: 'version'
2026-05-03 20:58:31,922 - WARNING - Failed to load profile: 'version'
2026-05-03 20:58:31,928 - INFO - Loaded 416 packages
2026-05-03 20:58:31,928 - INFO - grub has no RM.org ID, attempting to look it up...
2026-05-03 20:58:32,509 - INFO - Found project ID 1257 for grub
2026-05-03 20:58:32,509 - INFO - Found project ID 1257 for grub
2026-05-03 20:58:32,509 - INFO - Current: 2.14, Latest: 2.14
2026-05-03 20:58:32,509 - INFO - grub is up to date
2026-05-03 20:58:32,509 - INFO - Processing osv...
2026-05-03 20:58:32,509 - INFO - Processing strace...
2026-05-03 20:58:32,516 - WARNING - Failed to load stage2: 'version'
2026-05-03 20:58:32,516 - WARNING - Failed to load stage0: 'version'
2026-05-03 20:58:32,517 - WARNING - Failed to load stage3: 'version'
2026-05-03 20:58:32,550 - WARNING - Failed to load clang-meson-busybox: 'version'
2026-05-03 20:58:32,550 - WARNING - Failed to load clang-gnu-busybox: 'version'
2026-05-03 20:58:32,550 - WARNING - Failed to load gcc-gnu-busybox: 'version'
2026-05-03 20:58:32,550 - WARNING - Failed to load solidity: 'version'
2026-05-03 20:58:32,551 - WARNING - Failed to load clang-cmake-busybox: 'version'
2026-05-03 20:58:32,551 - WARNING - Failed to load gcc-gnu-gnu: 'version'
2026-05-03 20:58:32,551 - WARNING - Failed to load luarocks: 'version'
2026-05-03 20:58:32,551 - WARNING - Failed to load rust: 'version'
2026-05-03 20:58:32,551 - WARNING - Failed to load gcc: 'version'
2026-05-03 20:58:32,551 - WARNING - Failed to load php: 'version'
2026-05-03 20:58:32,551 - WARNING - Failed to load python: 'version'
2026-05-03 20:58:32,551 - WARNING - Failed to load clang: 'version'
2026-05-03 20:58:32,551 - WARNING - Failed to load nodejs: 'version'
2026-05-03 20:58:32,551 - WARNING - Failed to load cython: 'version'
2026-05-03 20:58:32,552 - WARNING - Failed to load gcc-cmake-busybox: 'version'
2026-05-03 20:58:32,552 - WARNING - Failed to load php-composer: 'version'
2026-05-03 20:58:32,552 - WARNING - Failed to load go: 'version'
2026-05-03 20:58:32,552 - WARNING - Failed to load lua: 'version'
2026-05-03 20:58:32,552 - WARNING - Failed to load cgo: 'version'
2026-05-03 20:58:32,552 - WARNING - Failed to load gcc-meson-busybox: 'version'
2026-05-03 20:58:32,557 - WARNING - Failed to load cross-x86_64-gnu-gcc: 'version'
2026-05-03 20:58:32,561 - WARNING - Failed to load filesystem: 'version'
2026-05-03 20:58:32,562 - WARNING - Failed to load profile: 'version'
2026-05-03 20:58:32,568 - INFO - Loaded 416 packages
2026-05-03 20:58:32,568 - INFO - strace has no RM.org ID, attempting to look it up...
2026-05-03 20:58:33,216 - INFO - Found project ID 4897 for strace
2026-05-03 20:58:33,216 - INFO - Found project ID 4897 for strace
2026-05-03 20:58:33,217 - INFO - Current: 6.18, Latest: 6.19
2026-05-03 20:58:33,217 - INFO - Updating strace to 6.19
2026-05-03 20:58:33,217 - INFO - Backed up strace to /home/lrvick/Sources/stagex/scripts/backups/user/strace
2026-05-03 20:58:33,470 - ERROR - No working download URL found for version 6.19
2026-05-03 20:58:33,470 - ERROR - Failed to download source for strace
2026-05-03 20:58:33,470 - INFO - Processing opensc...
2026-05-03 20:58:33,477 - WARNING - Failed to load stage2: 'version'
2026-05-03 20:58:33,477 - WARNING - Failed to load stage0: 'version'
2026-05-03 20:58:33,478 - WARNING - Failed to load stage3: 'version'
2026-05-03 20:58:33,511 - WARNING - Failed to load clang-meson-busybox: 'version'
2026-05-03 20:58:33,512 - WARNING - Failed to load clang-gnu-busybox: 'version'
2026-05-03 20:58:33,512 - WARNING - Failed to load gcc-gnu-busybox: 'version'
2026-05-03 20:58:33,512 - WARNING - Failed to load solidity: 'version'
2026-05-03 20:58:33,512 - WARNING - Failed to load clang-cmake-busybox: 'version'
2026-05-03 20:58:33,512 - WARNING - Failed to load gcc-gnu-gnu: 'version'
2026-05-03 20:58:33,512 - WARNING - Failed to load luarocks: 'version'
2026-05-03 20:58:33,512 - WARNING - Failed to load rust: 'version'
2026-05-03 20:58:33,512 - WARNING - Failed to load gcc: 'version'
2026-05-03 20:58:33,512 - WARNING - Failed to load php: 'version'
2026-05-03 20:58:33,512 - WARNING - Failed to load python: 'version'
2026-05-03 20:58:33,513 - WARNING - Failed to load clang: 'version'
2026-05-03 20:58:33,513 - WARNING - Failed to load nodejs: 'version'
2026-05-03 20:58:33,513 - WARNING - Failed to load cython: 'version'
2026-05-03 20:58:33,513 - WARNING - Failed to load gcc-cmake-busybox: 'version'
2026-05-03 20:58:33,513 - WARNING - Failed to load php-composer: 'version'
2026-05-03 20:58:33,513 - WARNING - Failed to load go: 'version'
2026-05-03 20:58:33,513 - WARNING - Failed to load lua: 'version'
2026-05-03 20:58:33,513 - WARNING - Failed to load cgo: 'version'
2026-05-03 20:58:33,513 - WARNING - Failed to load gcc-meson-busybox: 'version'
2026-05-03 20:58:33,518 - WARNING - Failed to load cross-x86_64-gnu-gcc: 'version'
2026-05-03 20:58:33,523 - WARNING - Failed to load filesystem: 'version'
2026-05-03 20:58:33,524 - WARNING - Failed to load profile: 'version'
2026-05-03 20:58:33,530 - INFO - Loaded 416 packages
2026-05-03 20:58:33,530 - INFO - opensc has no RM.org ID, attempting to look it up...
2026-05-03 20:58:34,122 - INFO - Found project ID 2559 for opensc
2026-05-03 20:58:34,122 - INFO - Found project ID 2559 for opensc
2026-05-03 20:58:34,122 - INFO - Current: 0.27.1, Latest: 0.27.1
2026-05-03 20:58:34,122 - INFO - opensc is up to date
2026-05-03 20:58:34,123 - INFO - Processing spirv...
2026-05-03 20:58:34,123 - INFO - Processing helm...
2026-05-03 20:58:34,129 - WARNING - Failed to load stage2: 'version'
2026-05-03 20:58:34,129 - WARNING - Failed to load stage0: 'version'
2026-05-03 20:58:34,130 - WARNING - Failed to load stage3: 'version'
2026-05-03 20:58:34,163 - WARNING - Failed to load clang-meson-busybox: 'version'
2026-05-03 20:58:34,163 - WARNING - Failed to load clang-gnu-busybox: 'version'
2026-05-03 20:58:34,163 - WARNING - Failed to load gcc-gnu-busybox: 'version'
2026-05-03 20:58:34,164 - WARNING - Failed to load solidity: 'version'
2026-05-03 20:58:34,164 - WARNING - Failed to load clang-cmake-busybox: 'version'
2026-05-03 20:58:34,164 - WARNING - Failed to load gcc-gnu-gnu: 'version'
2026-05-03 20:58:34,164 - WARNING - Failed to load luarocks: 'version'
2026-05-03 20:58:34,164 - WARNING - Failed to load rust: 'version'
2026-05-03 20:58:34,164 - WARNING - Failed to load gcc: 'version'
2026-05-03 20:58:34,164 - WARNING - Failed to load php: 'version'
2026-05-03 20:58:34,164 - WARNING - Failed to load python: 'version'
2026-05-03 20:58:34,164 - WARNING - Failed to load clang: 'version'
2026-05-03 20:58:34,164 - WARNING - Failed to load nodejs: 'version'
2026-05-03 20:58:34,164 - WARNING - Failed to load cython: 'version'
2026-05-03 20:58:34,165 - WARNING - Failed to load gcc-cmake-busybox: 'version'
2026-05-03 20:58:34,165 - WARNING - Failed to load php-composer: 'version'
2026-05-03 20:58:34,165 - WARNING - Failed to load go: 'version'
2026-05-03 20:58:34,165 - WARNING - Failed to load lua: 'version'
2026-05-03 20:58:34,165 - WARNING - Failed to load cgo: 'version'
2026-05-03 20:58:34,165 - WARNING - Failed to load gcc-meson-busybox: 'version'
2026-05-03 20:58:34,170 - WARNING - Failed to load cross-x86_64-gnu-gcc: 'version'
2026-05-03 20:58:34,174 - WARNING - Failed to load filesystem: 'version'
2026-05-03 20:58:34,175 - WARNING - Failed to load profile: 'version'
2026-05-03 20:58:34,181 - INFO - Loaded 416 packages
2026-05-03 20:58:34,181 - INFO - helm has no RM.org ID, attempting to look it up...
2026-05-03 20:58:34,811 - INFO - Found project ID 15046 for helm
2026-05-03 20:58:34,811 - INFO - Found project ID 15046 for helm
2026-05-03 20:58:34,811 - INFO - Current: 4.1.4, Latest: 4.1.4
2026-05-03 20:58:34,811 - INFO - helm is up to date
2026-05-03 20:58:34,811 - INFO - Processing utmps...
2026-05-03 20:58:34,818 - WARNING - Failed to load stage2: 'version'
2026-05-03 20:58:34,818 - WARNING - Failed to load stage0: 'version'
2026-05-03 20:58:34,819 - WARNING - Failed to load stage3: 'version'
2026-05-03 20:58:34,852 - WARNING - Failed to load clang-meson-busybox: 'version'
2026-05-03 20:58:34,852 - WARNING - Failed to load clang-gnu-busybox: 'version'
2026-05-03 20:58:34,853 - WARNING - Failed to load gcc-gnu-busybox: 'version'
2026-05-03 20:58:34,853 - WARNING - Failed to load solidity: 'version'
2026-05-03 20:58:34,853 - WARNING - Failed to load clang-cmake-busybox: 'version'
2026-05-03 20:58:34,853 - WARNING - Failed to load gcc-gnu-gnu: 'version'
2026-05-03 20:58:34,853 - WARNING - Failed to load luarocks: 'version'
2026-05-03 20:58:34,853 - WARNING - Failed to load rust: 'version'
2026-05-03 20:58:34,853 - WARNING - Failed to load gcc: 'version'
2026-05-03 20:58:34,853 - WARNING - Failed to load php: 'version'
2026-05-03 20:58:34,853 - WARNING - Failed to load python: 'version'
2026-05-03 20:58:34,853 - WARNING - Failed to load clang: 'version'
2026-05-03 20:58:34,853 - WARNING - Failed to load nodejs: 'version'
2026-05-03 20:58:34,854 - WARNING - Failed to load cython: 'version'
2026-05-03 20:58:34,854 - WARNING - Failed to load gcc-cmake-busybox: 'version'
2026-05-03 20:58:34,854 - WARNING - Failed to load php-composer: 'version'
2026-05-03 20:58:34,854 - WARNING - Failed to load go: 'version'
2026-05-03 20:58:34,854 - WARNING - Failed to load lua: 'version'
2026-05-03 20:58:34,854 - WARNING - Failed to load cgo: 'version'
2026-05-03 20:58:34,854 - WARNING - Failed to load gcc-meson-busybox: 'version'
2026-05-03 20:58:34,859 - WARNING - Failed to load cross-x86_64-gnu-gcc: 'version'
2026-05-03 20:58:34,863 - WARNING - Failed to load filesystem: 'version'
2026-05-03 20:58:34,865 - WARNING - Failed to load profile: 'version'
2026-05-03 20:58:34,870 - INFO - Loaded 416 packages
2026-05-03 20:58:34,870 - INFO - utmps has no RM.org ID, attempting to look it up...
2026-05-03 20:58:35,440 - INFO - Found project ID 369396 for utmps
2026-05-03 20:58:35,440 - INFO - Found project ID 369396 for utmps
2026-05-03 20:58:35,440 - INFO - Current: 0.1.3.2, Latest: 0.1.3.2
2026-05-03 20:58:35,440 - INFO - utmps is up to date
2026-05-03 20:58:35,440 - INFO - Processing openpgp...
2026-05-03 20:58:35,440 - INFO - Processing libclc...
2026-05-03 20:58:35,447 - WARNING - Failed to load stage2: 'version'
2026-05-03 20:58:35,447 - WARNING - Failed to load stage0: 'version'
2026-05-03 20:58:35,448 - WARNING - Failed to load stage3: 'version'
2026-05-03 20:58:35,481 - WARNING - Failed to load clang-meson-busybox: 'version'
2026-05-03 20:58:35,481 - WARNING - Failed to load clang-gnu-busybox: 'version'
2026-05-03 20:58:35,481 - WARNING - Failed to load gcc-gnu-busybox: 'version'
2026-05-03 20:58:35,481 - WARNING - Failed to load solidity: 'version'
2026-05-03 20:58:35,481 - WARNING - Failed to load clang-cmake-busybox: 'version'
2026-05-03 20:58:35,481 - WARNING - Failed to load gcc-gnu-gnu: 'version'
2026-05-03 20:58:35,481 - WARNING - Failed to load luarocks: 'version'
2026-05-03 20:58:35,482 - WARNING - Failed to load rust: 'version'
2026-05-03 20:58:35,482 - WARNING - Failed to load gcc: 'version'
2026-05-03 20:58:35,482 - WARNING - Failed to load php: 'version'
2026-05-03 20:58:35,482 - WARNING - Failed to load python: 'version'
2026-05-03 20:58:35,482 - WARNING - Failed to load clang: 'version'
2026-05-03 20:58:35,482 - WARNING - Failed to load nodejs: 'version'
2026-05-03 20:58:35,482 - WARNING - Failed to load cython: 'version'
2026-05-03 20:58:35,482 - WARNING - Failed to load gcc-cmake-busybox: 'version'
2026-05-03 20:58:35,482 - WARNING - Failed to load php-composer: 'version'
2026-05-03 20:58:35,482 - WARNING - Failed to load go: 'version'
2026-05-03 20:58:35,482 - WARNING - Failed to load lua: 'version'
2026-05-03 20:58:35,483 - WARNING - Failed to load cgo: 'version'
2026-05-03 20:58:35,483 - WARNING - Failed to load gcc-meson-busybox: 'version'
2026-05-03 20:58:35,488 - WARNING - Failed to load cross-x86_64-gnu-gcc: 'version'
2026-05-03 20:58:35,492 - WARNING - Failed to load filesystem: 'version'
2026-05-03 20:58:35,493 - WARNING - Failed to load profile: 'version'
2026-05-03 20:58:35,499 - INFO - Loaded 416 packages
2026-05-03 20:58:35,499 - INFO - libclc has no RM.org ID, attempting to look it up...
2026-05-03 20:58:36,093 - INFO - Found project ID 376264 for libclc
2026-05-03 20:58:36,094 - INFO - Found project ID 376264 for libclc
2026-05-03 20:58:36,094 - INFO - Current: 19.1.7, Latest: 22.1.4
2026-05-03 20:58:36,094 - INFO - Updating libclc to 22.1.4
2026-05-03 20:58:36,094 - INFO - Backed up libclc to /home/lrvick/Sources/stagex/scripts/backups/user/libclc
2026-05-03 20:58:36,350 - ERROR - No working download URL found for version 22.1.4
2026-05-03 20:58:36,350 - ERROR - Failed to download source for libclc
2026-05-03 20:58:36,350 - INFO - Processing libbsd...
2026-05-03 20:58:36,357 - WARNING - Failed to load stage2: 'version'
2026-05-03 20:58:36,357 - WARNING - Failed to load stage0: 'version'
2026-05-03 20:58:36,357 - WARNING - Failed to load stage3: 'version'
2026-05-03 20:58:36,394 - WARNING - Failed to load clang-meson-busybox: 'version'
2026-05-03 20:58:36,394 - WARNING - Failed to load clang-gnu-busybox: 'version'
2026-05-03 20:58:36,395 - WARNING - Failed to load gcc-gnu-busybox: 'version'
2026-05-03 20:58:36,395 - WARNING - Failed to load solidity: 'version'
2026-05-03 20:58:36,395 - WARNING - Failed to load clang-cmake-busybox: 'version'
2026-05-03 20:58:36,395 - WARNING - Failed to load gcc-gnu-gnu: 'version'
2026-05-03 20:58:36,395 - WARNING - Failed to load luarocks: 'version'
2026-05-03 20:58:36,395 - WARNING - Failed to load rust: 'version'
2026-05-03 20:58:36,395 - WARNING - Failed to load gcc: 'version'
2026-05-03 20:58:36,395 - WARNING - Failed to load php: 'version'
2026-05-03 20:58:36,395 - WARNING - Failed to load python: 'version'
2026-05-03 20:58:36,395 - WARNING - Failed to load clang: 'version'
2026-05-03 20:58:36,395 - WARNING - Failed to load nodejs: 'version'
2026-05-03 20:58:36,396 - WARNING - Failed to load cython: 'version'
2026-05-03 20:58:36,396 - WARNING - Failed to load gcc-cmake-busybox: 'version'
2026-05-03 20:58:36,396 - WARNING - Failed to load php-composer: 'version'
2026-05-03 20:58:36,396 - WARNING - Failed to load go: 'version'
2026-05-03 20:58:36,396 - WARNING - Failed to load lua: 'version'
2026-05-03 20:58:36,396 - WARNING - Failed to load cgo: 'version'
2026-05-03 20:58:36,396 - WARNING - Failed to load gcc-meson-busybox: 'version'
2026-05-03 20:58:36,401 - WARNING - Failed to load cross-x86_64-gnu-gcc: 'version'
2026-05-03 20:58:36,406 - WARNING - Failed to load filesystem: 'version'
2026-05-03 20:58:36,407 - WARNING - Failed to load profile: 'version'
2026-05-03 20:58:36,412 - INFO - Loaded 416 packages
2026-05-03 20:58:36,413 - INFO - libbsd has no RM.org ID, attempting to look it up...
2026-05-03 20:58:37,050 - INFO - Found project ID 1567 for libbsd
2026-05-03 20:58:37,050 - INFO - Found project ID 1567 for libbsd
2026-05-03 20:58:37,050 - INFO - Current: 0.12.2, Latest: 0.12.2
2026-05-03 20:58:37,050 - INFO - libbsd is up to date
2026-05-03 20:58:37,050 - INFO - Processing iputils...
2026-05-03 20:58:37,057 - WARNING - Failed to load stage2: 'version'
2026-05-03 20:58:37,057 - WARNING - Failed to load stage0: 'version'
2026-05-03 20:58:37,058 - WARNING - Failed to load stage3: 'version'
2026-05-03 20:58:37,091 - WARNING - Failed to load clang-meson-busybox: 'version'
2026-05-03 20:58:37,091 - WARNING - Failed to load clang-gnu-busybox: 'version'
2026-05-03 20:58:37,091 - WARNING - Failed to load gcc-gnu-busybox: 'version'
2026-05-03 20:58:37,091 - WARNING - Failed to load solidity: 'version'
2026-05-03 20:58:37,092 - WARNING - Failed to load clang-cmake-busybox: 'version'
2026-05-03 20:58:37,092 - WARNING - Failed to load gcc-gnu-gnu: 'version'
2026-05-03 20:58:37,092 - WARNING - Failed to load luarocks: 'version'
2026-05-03 20:58:37,092 - WARNING - Failed to load rust: 'version'
2026-05-03 20:58:37,092 - WARNING - Failed to load gcc: 'version'
2026-05-03 20:58:37,092 - WARNING - Failed to load php: 'version'
2026-05-03 20:58:37,092 - WARNING - Failed to load python: 'version'
2026-05-03 20:58:37,092 - WARNING - Failed to load clang: 'version'
2026-05-03 20:58:37,092 - WARNING - Failed to load nodejs: 'version'
2026-05-03 20:58:37,092 - WARNING - Failed to load cython: 'version'
2026-05-03 20:58:37,093 - WARNING - Failed to load gcc-cmake-busybox: 'version'
2026-05-03 20:58:37,093 - WARNING - Failed to load php-composer: 'version'
2026-05-03 20:58:37,093 - WARNING - Failed to load go: 'version'
2026-05-03 20:58:37,093 - WARNING - Failed to load lua: 'version'
2026-05-03 20:58:37,093 - WARNING - Failed to load cgo: 'version'
2026-05-03 20:58:37,093 - WARNING - Failed to load gcc-meson-busybox: 'version'
2026-05-03 20:58:37,098 - WARNING - Failed to load cross-x86_64-gnu-gcc: 'version'
2026-05-03 20:58:37,102 - WARNING - Failed to load filesystem: 'version'
2026-05-03 20:58:37,103 - WARNING - Failed to load profile: 'version'
2026-05-03 20:58:37,109 - INFO - Loaded 416 packages
2026-05-03 20:58:37,109 - INFO - iputils has no RM.org ID, attempting to look it up...
2026-05-03 20:58:37,704 - INFO - Found project ID 1395 for iputils
2026-05-03 20:58:37,704 - INFO - Found project ID 1395 for iputils
2026-05-03 20:58:37,704 - INFO - Current: 20250605, Latest: 20250605
2026-05-03 20:58:37,704 - INFO - iputils is up to date
2026-05-03 20:58:37,705 - INFO - Processing seabios...
2026-05-03 20:58:37,711 - WARNING - Failed to load stage2: 'version'
2026-05-03 20:58:37,711 - WARNING - Failed to load stage0: 'version'
2026-05-03 20:58:37,712 - WARNING - Failed to load stage3: 'version'
2026-05-03 20:58:37,745 - WARNING - Failed to load clang-meson-busybox: 'version'
2026-05-03 20:58:37,745 - WARNING - Failed to load clang-gnu-busybox: 'version'
2026-05-03 20:58:37,745 - WARNING - Failed to load gcc-gnu-busybox: 'version'
2026-05-03 20:58:37,745 - WARNING - Failed to load solidity: 'version'
2026-05-03 20:58:37,746 - WARNING - Failed to load clang-cmake-busybox: 'version'
2026-05-03 20:58:37,746 - WARNING - Failed to load gcc-gnu-gnu: 'version'
2026-05-03 20:58:37,746 - WARNING - Failed to load luarocks: 'version'
2026-05-03 20:58:37,746 - WARNING - Failed to load rust: 'version'
2026-05-03 20:58:37,746 - WARNING - Failed to load gcc: 'version'
2026-05-03 20:58:37,746 - WARNING - Failed to load php: 'version'
2026-05-03 20:58:37,746 - WARNING - Failed to load python: 'version'
2026-05-03 20:58:37,746 - WARNING - Failed to load clang: 'version'
2026-05-03 20:58:37,746 - WARNING - Failed to load nodejs: 'version'
2026-05-03 20:58:37,746 - WARNING - Failed to load cython: 'version'
2026-05-03 20:58:37,746 - WARNING - Failed to load gcc-cmake-busybox: 'version'
2026-05-03 20:58:37,747 - WARNING - Failed to load php-composer: 'version'
2026-05-03 20:58:37,747 - WARNING - Failed to load go: 'version'
2026-05-03 20:58:37,747 - WARNING - Failed to load lua: 'version'
2026-05-03 20:58:37,747 - WARNING - Failed to load cgo: 'version'
2026-05-03 20:58:37,747 - WARNING - Failed to load gcc-meson-busybox: 'version'
2026-05-03 20:58:37,752 - WARNING - Failed to load cross-x86_64-gnu-gcc: 'version'
2026-05-03 20:58:37,756 - WARNING - Failed to load filesystem: 'version'
2026-05-03 20:58:37,757 - WARNING - Failed to load profile: 'version'
2026-05-03 20:58:37,763 - INFO - Loaded 416 packages
2026-05-03 20:58:37,763 - INFO - seabios has no RM.org ID, attempting to look it up...
2026-05-03 20:58:38,430 - INFO - Found project ID 16347 for seabios
2026-05-03 20:58:38,430 - INFO - Found project ID 16347 for seabios
2026-05-03 20:58:38,430 - INFO - Current: 1.17.0, Latest: 1.17.0
2026-05-03 20:58:38,430 - INFO - seabios is up to date
2026-05-03 20:58:38,430 - INFO - Processing tflint...
2026-05-03 20:58:38,437 - WARNING - Failed to load stage2: 'version'
2026-05-03 20:58:38,437 - WARNING - Failed to load stage0: 'version'
2026-05-03 20:58:38,438 - WARNING - Failed to load stage3: 'version'
2026-05-03 20:58:38,471 - WARNING - Failed to load clang-meson-busybox: 'version'
2026-05-03 20:58:38,471 - WARNING - Failed to load clang-gnu-busybox: 'version'
2026-05-03 20:58:38,471 - WARNING - Failed to load gcc-gnu-busybox: 'version'
2026-05-03 20:58:38,471 - WARNING - Failed to load solidity: 'version'
2026-05-03 20:58:38,471 - WARNING - Failed to load clang-cmake-busybox: 'version'
2026-05-03 20:58:38,471 - WARNING - Failed to load gcc-gnu-gnu: 'version'
2026-05-03 20:58:38,471 - WARNING - Failed to load luarocks: 'version'
2026-05-03 20:58:38,471 - WARNING - Failed to load rust: 'version'
2026-05-03 20:58:38,471 - WARNING - Failed to load gcc: 'version'
2026-05-03 20:58:38,472 - WARNING - Failed to load php: 'version'
2026-05-03 20:58:38,472 - WARNING - Failed to load python: 'version'
2026-05-03 20:58:38,472 - WARNING - Failed to load clang: 'version'
2026-05-03 20:58:38,472 - WARNING - Failed to load nodejs: 'version'
2026-05-03 20:58:38,472 - WARNING - Failed to load cython: 'version'
2026-05-03 20:58:38,472 - WARNING - Failed to load gcc-cmake-busybox: 'version'
2026-05-03 20:58:38,472 - WARNING - Failed to load php-composer: 'version'
2026-05-03 20:58:38,472 - WARNING - Failed to load go: 'version'
2026-05-03 20:58:38,472 - WARNING - Failed to load lua: 'version'
2026-05-03 20:58:38,472 - WARNING - Failed to load cgo: 'version'
2026-05-03 20:58:38,472 - WARNING - Failed to load gcc-meson-busybox: 'version'
2026-05-03 20:58:38,477 - WARNING - Failed to load cross-x86_64-gnu-gcc: 'version'
2026-05-03 20:58:38,482 - WARNING - Failed to load filesystem: 'version'
2026-05-03 20:58:38,483 - WARNING - Failed to load profile: 'version'
2026-05-03 20:58:38,489 - INFO - Loaded 416 packages
2026-05-03 20:58:38,489 - INFO - tflint has no RM.org ID, attempting to look it up...
2026-05-03 20:58:39,121 - INFO - Found project ID 141330 for tflint
2026-05-03 20:58:39,121 - INFO - Found project ID 141330 for tflint
2026-05-03 20:58:39,121 - INFO - Current: 0.62.0, Latest: 0.62.0
2026-05-03 20:58:39,121 - INFO - tflint is up to date
2026-05-03 20:58:39,122 - INFO - Processing guestctl...
2026-05-03 20:58:39,128 - WARNING - Failed to load stage2: 'version'
2026-05-03 20:58:39,128 - WARNING - Failed to load stage0: 'version'
2026-05-03 20:58:39,129 - WARNING - Failed to load stage3: 'version'
2026-05-03 20:58:39,162 - WARNING - Failed to load clang-meson-busybox: 'version'
2026-05-03 20:58:39,162 - WARNING - Failed to load clang-gnu-busybox: 'version'
2026-05-03 20:58:39,162 - WARNING - Failed to load gcc-gnu-busybox: 'version'
2026-05-03 20:58:39,162 - WARNING - Failed to load solidity: 'version'
2026-05-03 20:58:39,163 - WARNING - Failed to load clang-cmake-busybox: 'version'
2026-05-03 20:58:39,163 - WARNING - Failed to load gcc-gnu-gnu: 'version'
2026-05-03 20:58:39,163 - WARNING - Failed to load luarocks: 'version'
2026-05-03 20:58:39,163 - WARNING - Failed to load rust: 'version'
2026-05-03 20:58:39,163 - WARNING - Failed to load gcc: 'version'
2026-05-03 20:58:39,163 - WARNING - Failed to load php: 'version'
2026-05-03 20:58:39,163 - WARNING - Failed to load python: 'version'
2026-05-03 20:58:39,163 - WARNING - Failed to load clang: 'version'
2026-05-03 20:58:39,163 - WARNING - Failed to load nodejs: 'version'
2026-05-03 20:58:39,163 - WARNING - Failed to load cython: 'version'
2026-05-03 20:58:39,163 - WARNING - Failed to load gcc-cmake-busybox: 'version'
2026-05-03 20:58:39,164 - WARNING - Failed to load php-composer: 'version'
2026-05-03 20:58:39,164 - WARNING - Failed to load go: 'version'
2026-05-03 20:58:39,164 - WARNING - Failed to load lua: 'version'
2026-05-03 20:58:39,164 - WARNING - Failed to load cgo: 'version'
2026-05-03 20:58:39,164 - WARNING - Failed to load gcc-meson-busybox: 'version'
2026-05-03 20:58:39,169 - WARNING - Failed to load cross-x86_64-gnu-gcc: 'version'
2026-05-03 20:58:39,173 - WARNING - Failed to load filesystem: 'version'
2026-05-03 20:58:39,174 - WARNING - Failed to load profile: 'version'
2026-05-03 20:58:39,180 - INFO - Loaded 416 packages
2026-05-03 20:58:39,180 - INFO - guestctl has no RM.org ID, attempting to look it up...
2026-05-03 20:58:39,763 - INFO - Found project ID 389719 for guestctl
2026-05-03 20:58:39,763 - INFO - Found project ID 389719 for guestctl
2026-05-03 20:58:39,763 - INFO - Current: 0.1.0, Latest: 0.1.0
2026-05-03 20:58:39,763 - INFO - guestctl is up to date
2026-05-03 20:58:39,764 - INFO - Processing usbmuxd...
2026-05-03 20:58:39,770 - WARNING - Failed to load stage2: 'version'
2026-05-03 20:58:39,771 - WARNING - Failed to load stage0: 'version'
2026-05-03 20:58:39,771 - WARNING - Failed to load stage3: 'version'
2026-05-03 20:58:39,805 - WARNING - Failed to load clang-meson-busybox: 'version'
2026-05-03 20:58:39,805 - WARNING - Failed to load clang-gnu-busybox: 'version'
2026-05-03 20:58:39,805 - WARNING - Failed to load gcc-gnu-busybox: 'version'
2026-05-03 20:58:39,805 - WARNING - Failed to load solidity: 'version'
2026-05-03 20:58:39,805 - WARNING - Failed to load clang-cmake-busybox: 'version'
2026-05-03 20:58:39,805 - WARNING - Failed to load gcc-gnu-gnu: 'version'
2026-05-03 20:58:39,805 - WARNING - Failed to load luarocks: 'version'
2026-05-03 20:58:39,805 - WARNING - Failed to load rust: 'version'
2026-05-03 20:58:39,806 - WARNING - Failed to load gcc: 'version'
2026-05-03 20:58:39,806 - WARNING - Failed to load php: 'version'
2026-05-03 20:58:39,806 - WARNING - Failed to load python: 'version'
2026-05-03 20:58:39,806 - WARNING - Failed to load clang: 'version'
2026-05-03 20:58:39,806 - WARNING - Failed to load nodejs: 'version'
2026-05-03 20:58:39,806 - WARNING - Failed to load cython: 'version'
2026-05-03 20:58:39,806 - WARNING - Failed to load gcc-cmake-busybox: 'version'
2026-05-03 20:58:39,806 - WARNING - Failed to load php-composer: 'version'
2026-05-03 20:58:39,806 - WARNING - Failed to load go: 'version'
2026-05-03 20:58:39,806 - WARNING - Failed to load lua: 'version'
2026-05-03 20:58:39,806 - WARNING - Failed to load cgo: 'version'
2026-05-03 20:58:39,807 - WARNING - Failed to load gcc-meson-busybox: 'version'
2026-05-03 20:58:39,811 - WARNING - Failed to load cross-x86_64-gnu-gcc: 'version'
2026-05-03 20:58:39,816 - WARNING - Failed to load filesystem: 'version'
2026-05-03 20:58:39,822 - WARNING - Failed to load profile: 'version'
2026-05-03 20:58:39,828 - INFO - Loaded 416 packages
2026-05-03 20:58:39,828 - INFO - usbmuxd has no RM.org ID, attempting to look it up...
2026-05-03 20:58:40,431 - INFO - Found project ID 382058 for usbmuxd
2026-05-03 20:58:40,431 - INFO - Found project ID 382058 for usbmuxd
2026-05-03 20:58:40,431 - INFO - Current: 1.1.1, Latest: 1.1.1
2026-05-03 20:58:40,431 - INFO - usbmuxd is up to date
2026-05-03 20:58:40,432 - INFO - Processing tmux...
2026-05-03 20:58:40,438 - WARNING - Failed to load stage2: 'version'
2026-05-03 20:58:40,439 - WARNING - Failed to load stage0: 'version'
2026-05-03 20:58:40,439 - WARNING - Failed to load stage3: 'version'
2026-05-03 20:58:40,472 - WARNING - Failed to load clang-meson-busybox: 'version'
2026-05-03 20:58:40,473 - WARNING - Failed to load clang-gnu-busybox: 'version'
2026-05-03 20:58:40,473 - WARNING - Failed to load gcc-gnu-busybox: 'version'
2026-05-03 20:58:40,473 - WARNING - Failed to load solidity: 'version'
2026-05-03 20:58:40,473 - WARNING - Failed to load clang-cmake-busybox: 'version'
2026-05-03 20:58:40,473 - WARNING - Failed to load gcc-gnu-gnu: 'version'
2026-05-03 20:58:40,473 - WARNING - Failed to load luarocks: 'version'
2026-05-03 20:58:40,473 - WARNING - Failed to load rust: 'version'
2026-05-03 20:58:40,473 - WARNING - Failed to load gcc: 'version'
2026-05-03 20:58:40,473 - WARNING - Failed to load php: 'version'
2026-05-03 20:58:40,473 - WARNING - Failed to load python: 'version'
2026-05-03 20:58:40,473 - WARNING - Failed to load clang: 'version'
2026-05-03 20:58:40,474 - WARNING - Failed to load nodejs: 'version'
2026-05-03 20:58:40,474 - WARNING - Failed to load cython: 'version'
2026-05-03 20:58:40,474 - WARNING - Failed to load gcc-cmake-busybox: 'version'
2026-05-03 20:58:40,474 - WARNING - Failed to load php-composer: 'version'
2026-05-03 20:58:40,474 - WARNING - Failed to load go: 'version'
2026-05-03 20:58:40,474 - WARNING - Failed to load lua: 'version'
2026-05-03 20:58:40,474 - WARNING - Failed to load cgo: 'version'
2026-05-03 20:58:40,474 - WARNING - Failed to load gcc-meson-busybox: 'version'
2026-05-03 20:58:40,479 - WARNING - Failed to load cross-x86_64-gnu-gcc: 'version'
2026-05-03 20:58:40,483 - WARNING - Failed to load filesystem: 'version'
2026-05-03 20:58:40,485 - WARNING - Failed to load profile: 'version'
2026-05-03 20:58:40,490 - INFO - Loaded 416 packages
2026-05-03 20:58:40,490 - INFO - tmux has no RM.org ID, attempting to look it up...
2026-05-03 20:58:41,080 - INFO - Found project ID 4980 for tmux
2026-05-03 20:58:41,080 - INFO - Found project ID 4980 for tmux
2026-05-03 20:58:41,080 - INFO - Current: 3.6a, Latest: 3.6a
2026-05-03 20:58:41,080 - INFO - tmux is up to date
2026-05-03 20:58:41,081 - INFO - Processing bdftopcf...
2026-05-03 20:58:41,087 - WARNING - Failed to load stage2: 'version'
2026-05-03 20:58:41,087 - WARNING - Failed to load stage0: 'version'
2026-05-03 20:58:41,088 - WARNING - Failed to load stage3: 'version'
2026-05-03 20:58:41,121 - WARNING - Failed to load clang-meson-busybox: 'version'
2026-05-03 20:58:41,122 - WARNING - Failed to load clang-gnu-busybox: 'version'
2026-05-03 20:58:41,122 - WARNING - Failed to load gcc-gnu-busybox: 'version'
2026-05-03 20:58:41,122 - WARNING - Failed to load solidity: 'version'
2026-05-03 20:58:41,122 - WARNING - Failed to load clang-cmake-busybox: 'version'
2026-05-03 20:58:41,122 - WARNING - Failed to load gcc-gnu-gnu: 'version'
2026-05-03 20:58:41,122 - WARNING - Failed to load luarocks: 'version'
2026-05-03 20:58:41,122 - WARNING - Failed to load rust: 'version'
2026-05-03 20:58:41,122 - WARNING - Failed to load gcc: 'version'
2026-05-03 20:58:41,122 - WARNING - Failed to load php: 'version'
2026-05-03 20:58:41,122 - WARNING - Failed to load python: 'version'
2026-05-03 20:58:41,123 - WARNING - Failed to load clang: 'version'
2026-05-03 20:58:41,123 - WARNING - Failed to load nodejs: 'version'
2026-05-03 20:58:41,123 - WARNING - Failed to load cython: 'version'
2026-05-03 20:58:41,123 - WARNING - Failed to load gcc-cmake-busybox: 'version'
2026-05-03 20:58:41,123 - WARNING - Failed to load php-composer: 'version'
2026-05-03 20:58:41,123 - WARNING - Failed to load go: 'version'
2026-05-03 20:58:41,123 - WARNING - Failed to load lua: 'version'
2026-05-03 20:58:41,123 - WARNING - Failed to load cgo: 'version'
2026-05-03 20:58:41,123 - WARNING - Failed to load gcc-meson-busybox: 'version'
2026-05-03 20:58:41,128 - WARNING - Failed to load cross-x86_64-gnu-gcc: 'version'
2026-05-03 20:58:41,133 - WARNING - Failed to load filesystem: 'version'
2026-05-03 20:58:41,134 - WARNING - Failed to load profile: 'version'
2026-05-03 20:58:41,140 - INFO - Loaded 416 packages
2026-05-03 20:58:41,140 - INFO - bdftopcf has no RM.org ID, attempting to look it up...
2026-05-03 20:58:41,733 - INFO - Found project ID 15054 for bdftopcf
2026-05-03 20:58:41,734 - INFO - Found project ID 15054 for bdftopcf
2026-05-03 20:58:41,734 - INFO - Current: 1.1.2, Latest: 1.1.2
2026-05-03 20:58:41,734 - INFO - bdftopcf is up to date
2026-05-03 20:58:41,734 - INFO - Processing terminus...
2026-05-03 20:58:41,734 - INFO - Processing flashtools...
2026-05-03 20:58:41,741 - WARNING - Failed to load stage2: 'version'
2026-05-03 20:58:41,741 - WARNING - Failed to load stage0: 'version'
2026-05-03 20:58:41,741 - WARNING - Failed to load stage3: 'version'
2026-05-03 20:58:41,775 - WARNING - Failed to load clang-meson-busybox: 'version'
2026-05-03 20:58:41,775 - WARNING - Failed to load clang-gnu-busybox: 'version'
2026-05-03 20:58:41,775 - WARNING - Failed to load gcc-gnu-busybox: 'version'
2026-05-03 20:58:41,775 - WARNING - Failed to load solidity: 'version'
2026-05-03 20:58:41,776 - WARNING - Failed to load clang-cmake-busybox: 'version'
2026-05-03 20:58:41,776 - WARNING - Failed to load gcc-gnu-gnu: 'version'
2026-05-03 20:58:41,776 - WARNING - Failed to load luarocks: 'version'
2026-05-03 20:58:41,776 - WARNING - Failed to load rust: 'version'
2026-05-03 20:58:41,776 - WARNING - Failed to load gcc: 'version'
2026-05-03 20:58:41,776 - WARNING - Failed to load php: 'version'
2026-05-03 20:58:41,776 - WARNING - Failed to load python: 'version'
2026-05-03 20:58:41,776 - WARNING - Failed to load clang: 'version'
2026-05-03 20:58:41,776 - WARNING - Failed to load nodejs: 'version'
2026-05-03 20:58:41,776 - WARNING - Failed to load cython: 'version'
2026-05-03 20:58:41,776 - WARNING - Failed to load gcc-cmake-busybox: 'version'
2026-05-03 20:58:41,777 - WARNING - Failed to load php-composer: 'version'
2026-05-03 20:58:41,777 - WARNING - Failed to load go: 'version'
2026-05-03 20:58:41,777 - WARNING - Failed to load lua: 'version'
2026-05-03 20:58:41,777 - WARNING - Failed to load cgo: 'version'
2026-05-03 20:58:41,777 - WARNING - Failed to load gcc-meson-busybox: 'version'
2026-05-03 20:58:41,782 - WARNING - Failed to load cross-x86_64-gnu-gcc: 'version'
2026-05-03 20:58:41,786 - WARNING - Failed to load filesystem: 'version'
2026-05-03 20:58:41,787 - WARNING - Failed to load profile: 'version'
2026-05-03 20:58:41,793 - INFO - Loaded 416 packages
2026-05-03 20:58:41,793 - INFO - flashtools has no RM.org ID, attempting to look it up...
2026-05-03 20:58:42,372 - INFO - Checking GitHub releases for nickoala/flashtools
2026-05-03 20:58:42,668 - WARNING - HTTP 404 looking up GitHub releases for nickoala/flashtools: Not Found
2026-05-03 20:58:42,668 - WARNING - Could not determine latest version for flashtools
2026-05-03 20:58:42,668 - INFO - Processing snpguest...
2026-05-03 20:58:42,675 - WARNING - Failed to load stage2: 'version'
2026-05-03 20:58:42,675 - WARNING - Failed to load stage0: 'version'
2026-05-03 20:58:42,676 - WARNING - Failed to load stage3: 'version'
2026-05-03 20:58:42,709 - WARNING - Failed to load clang-meson-busybox: 'version'
2026-05-03 20:58:42,709 - WARNING - Failed to load clang-gnu-busybox: 'version'
2026-05-03 20:58:42,710 - WARNING - Failed to load gcc-gnu-busybox: 'version'
2026-05-03 20:58:42,710 - WARNING - Failed to load solidity: 'version'
2026-05-03 20:58:42,710 - WARNING - Failed to load clang-cmake-busybox: 'version'
2026-05-03 20:58:42,710 - WARNING - Failed to load gcc-gnu-gnu: 'version'
2026-05-03 20:58:42,710 - WARNING - Failed to load luarocks: 'version'
2026-05-03 20:58:42,710 - WARNING - Failed to load rust: 'version'
2026-05-03 20:58:42,710 - WARNING - Failed to load gcc: 'version'
2026-05-03 20:58:42,710 - WARNING - Failed to load php: 'version'
2026-05-03 20:58:42,710 - WARNING - Failed to load python: 'version'
2026-05-03 20:58:42,710 - WARNING - Failed to load clang: 'version'
2026-05-03 20:58:42,710 - WARNING - Failed to load nodejs: 'version'
2026-05-03 20:58:42,711 - WARNING - Failed to load cython: 'version'
2026-05-03 20:58:42,711 - WARNING - Failed to load gcc-cmake-busybox: 'version'
2026-05-03 20:58:42,711 - WARNING - Failed to load php-composer: 'version'
2026-05-03 20:58:42,711 - WARNING - Failed to load go: 'version'
2026-05-03 20:58:42,711 - WARNING - Failed to load lua: 'version'
2026-05-03 20:58:42,711 - WARNING - Failed to load cgo: 'version'
2026-05-03 20:58:42,711 - WARNING - Failed to load gcc-meson-busybox: 'version'
2026-05-03 20:58:42,716 - WARNING - Failed to load cross-x86_64-gnu-gcc: 'version'
2026-05-03 20:58:42,720 - WARNING - Failed to load filesystem: 'version'
2026-05-03 20:58:42,722 - WARNING - Failed to load profile: 'version'
2026-05-03 20:58:42,727 - INFO - Loaded 416 packages
2026-05-03 20:58:42,727 - INFO - snpguest has no RM.org ID, attempting to look it up...
2026-05-03 20:58:43,347 - INFO - Found project ID 376758 for snpguest
2026-05-03 20:58:43,348 - INFO - Found project ID 376758 for snpguest
2026-05-03 20:58:43,348 - INFO - Current: 0.10.0, Latest: 0.10.0
2026-05-03 20:58:43,348 - INFO - snpguest is up to date
2026-05-03 20:58:43,348 - INFO - Processing fuse...
2026-05-03 20:58:43,348 - INFO - Processing nit...
2026-05-03 20:58:43,355 - WARNING - Failed to load stage2: 'version'
2026-05-03 20:58:43,355 - WARNING - Failed to load stage0: 'version'
2026-05-03 20:58:43,355 - WARNING - Failed to load stage3: 'version'
2026-05-03 20:58:43,389 - WARNING - Failed to load clang-meson-busybox: 'version'
2026-05-03 20:58:43,389 - WARNING - Failed to load clang-gnu-busybox: 'version'
2026-05-03 20:58:43,389 - WARNING - Failed to load gcc-gnu-busybox: 'version'
2026-05-03 20:58:43,389 - WARNING - Failed to load solidity: 'version'
2026-05-03 20:58:43,389 - WARNING - Failed to load clang-cmake-busybox: 'version'
2026-05-03 20:58:43,389 - WARNING - Failed to load gcc-gnu-gnu: 'version'
2026-05-03 20:58:43,389 - WARNING - Failed to load luarocks: 'version'
2026-05-03 20:58:43,390 - WARNING - Failed to load rust: 'version'
2026-05-03 20:58:43,390 - WARNING - Failed to load gcc: 'version'
2026-05-03 20:58:43,390 - WARNING - Failed to load php: 'version'
2026-05-03 20:58:43,390 - WARNING - Failed to load python: 'version'
2026-05-03 20:58:43,390 - WARNING - Failed to load clang: 'version'
2026-05-03 20:58:43,390 - WARNING - Failed to load nodejs: 'version'
2026-05-03 20:58:43,390 - WARNING - Failed to load cython: 'version'
2026-05-03 20:58:43,390 - WARNING - Failed to load gcc-cmake-busybox: 'version'
2026-05-03 20:58:43,390 - WARNING - Failed to load php-composer: 'version'
2026-05-03 20:58:43,390 - WARNING - Failed to load go: 'version'
2026-05-03 20:58:43,390 - WARNING - Failed to load lua: 'version'
2026-05-03 20:58:43,391 - WARNING - Failed to load cgo: 'version'
2026-05-03 20:58:43,391 - WARNING - Failed to load gcc-meson-busybox: 'version'
2026-05-03 20:58:43,396 - WARNING - Failed to load cross-x86_64-gnu-gcc: 'version'
2026-05-03 20:58:43,400 - WARNING - Failed to load filesystem: 'version'
2026-05-03 20:58:43,401 - WARNING - Failed to load profile: 'version'
2026-05-03 20:58:43,407 - INFO - Loaded 416 packages
2026-05-03 20:58:43,407 - INFO - nit has no RM.org ID, attempting to look it up...
2026-05-03 20:58:44,022 - INFO - Found project ID 206745 for nit
2026-05-03 20:58:44,022 - INFO - Found project ID 206745 for nit
2026-05-03 20:58:44,022 - INFO - Current: 00b5957d6e4849d397d1c398e8ebd7f2c29572db, Latest: 1.4
2026-05-03 20:58:44,022 - INFO - Updating nit to 1.4
2026-05-03 20:58:44,022 - INFO - Backed up nit to /home/lrvick/Sources/stagex/scripts/backups/user/nit
2026-05-03 20:58:44,268 - ERROR - No working download URL found for version 1.4
2026-05-03 20:58:44,268 - ERROR - Failed to download source for nit
2026-05-03 20:58:44,268 - INFO - Processing eif_build...
2026-05-03 20:58:44,275 - WARNING - Failed to load stage2: 'version'
2026-05-03 20:58:44,275 - WARNING - Failed to load stage0: 'version'
2026-05-03 20:58:44,276 - WARNING - Failed to load stage3: 'version'
2026-05-03 20:58:44,309 - WARNING - Failed to load clang-meson-busybox: 'version'
2026-05-03 20:58:44,309 - WARNING - Failed to load clang-gnu-busybox: 'version'
2026-05-03 20:58:44,310 - WARNING - Failed to load gcc-gnu-busybox: 'version'
2026-05-03 20:58:44,310 - WARNING - Failed to load solidity: 'version'
2026-05-03 20:58:44,310 - WARNING - Failed to load clang-cmake-busybox: 'version'
2026-05-03 20:58:44,310 - WARNING - Failed to load gcc-gnu-gnu: 'version'
2026-05-03 20:58:44,310 - WARNING - Failed to load luarocks: 'version'
2026-05-03 20:58:44,310 - WARNING - Failed to load rust: 'version'
2026-05-03 20:58:44,310 - WARNING - Failed to load gcc: 'version'
2026-05-03 20:58:44,310 - WARNING - Failed to load php: 'version'
2026-05-03 20:58:44,310 - WARNING - Failed to load python: 'version'
2026-05-03 20:58:44,310 - WARNING - Failed to load clang: 'version'
2026-05-03 20:58:44,310 - WARNING - Failed to load nodejs: 'version'
2026-05-03 20:58:44,311 - WARNING - Failed to load cython: 'version'
2026-05-03 20:58:44,311 - WARNING - Failed to load gcc-cmake-busybox: 'version'
2026-05-03 20:58:44,311 - WARNING - Failed to load php-composer: 'version'
2026-05-03 20:58:44,311 - WARNING - Failed to load go: 'version'
2026-05-03 20:58:44,311 - WARNING - Failed to load lua: 'version'
2026-05-03 20:58:44,311 - WARNING - Failed to load cgo: 'version'
2026-05-03 20:58:44,311 - WARNING - Failed to load gcc-meson-busybox: 'version'
2026-05-03 20:58:44,316 - WARNING - Failed to load cross-x86_64-gnu-gcc: 'version'
2026-05-03 20:58:44,320 - WARNING - Failed to load filesystem: 'version'
2026-05-03 20:58:44,322 - WARNING - Failed to load profile: 'version'
2026-05-03 20:58:44,327 - INFO - Loaded 416 packages
2026-05-03 20:58:44,327 - INFO - eif_build has no RM.org ID, attempting to look it up...
2026-05-03 20:58:44,938 - INFO - Found project ID 374292 for eif_build
2026-05-03 20:58:44,938 - INFO - Found project ID 374292 for eif_build
2026-05-03 20:58:44,938 - INFO - Current: 0.2.1, Latest: 0.2.1
2026-05-03 20:58:44,938 - INFO - eif_build is up to date
2026-05-03 20:58:44,938 - INFO - Processing icepick...
2026-05-03 20:58:44,945 - WARNING - Failed to load stage2: 'version'
2026-05-03 20:58:44,948 - WARNING - Failed to load stage0: 'version'
2026-05-03 20:58:44,948 - WARNING - Failed to load stage3: 'version'
2026-05-03 20:58:44,982 - WARNING - Failed to load clang-meson-busybox: 'version'
2026-05-03 20:58:44,982 - WARNING - Failed to load clang-gnu-busybox: 'version'
2026-05-03 20:58:44,982 - WARNING - Failed to load gcc-gnu-busybox: 'version'
2026-05-03 20:58:44,982 - WARNING - Failed to load solidity: 'version'
2026-05-03 20:58:44,982 - WARNING - Failed to load clang-cmake-busybox: 'version'
2026-05-03 20:58:44,982 - WARNING - Failed to load gcc-gnu-gnu: 'version'
2026-05-03 20:58:44,982 - WARNING - Failed to load luarocks: 'version'
2026-05-03 20:58:44,982 - WARNING - Failed to load rust: 'version'
2026-05-03 20:58:44,982 - WARNING - Failed to load gcc: 'version'
2026-05-03 20:58:44,983 - WARNING - Failed to load php: 'version'
2026-05-03 20:58:44,983 - WARNING - Failed to load python: 'version'
2026-05-03 20:58:44,983 - WARNING - Failed to load clang: 'version'
2026-05-03 20:58:44,983 - WARNING - Failed to load nodejs: 'version'
2026-05-03 20:58:44,983 - WARNING - Failed to load cython: 'version'
2026-05-03 20:58:44,983 - WARNING - Failed to load gcc-cmake-busybox: 'version'
2026-05-03 20:58:44,983 - WARNING - Failed to load php-composer: 'version'
2026-05-03 20:58:44,983 - WARNING - Failed to load go: 'version'
2026-05-03 20:58:44,983 - WARNING - Failed to load lua: 'version'
2026-05-03 20:58:44,983 - WARNING - Failed to load cgo: 'version'
2026-05-03 20:58:44,983 - WARNING - Failed to load gcc-meson-busybox: 'version'
2026-05-03 20:58:44,988 - WARNING - Failed to load cross-x86_64-gnu-gcc: 'version'
2026-05-03 20:58:44,993 - WARNING - Failed to load filesystem: 'version'
2026-05-03 20:58:44,994 - WARNING - Failed to load profile: 'version'
2026-05-03 20:58:45,000 - INFO - Loaded 416 packages
2026-05-03 20:58:45,000 - INFO - icepick has no RM.org ID, attempting to look it up...
2026-05-03 20:58:45,592 - WARNING - Could not determine latest version for icepick
2026-05-03 20:58:45,592 - INFO - Processing sdtool...
2026-05-03 20:58:45,599 - WARNING - Failed to load stage2: 'version'
2026-05-03 20:58:45,599 - WARNING - Failed to load stage0: 'version'
2026-05-03 20:58:45,600 - WARNING - Failed to load stage3: 'version'
2026-05-03 20:58:45,633 - WARNING - Failed to load clang-meson-busybox: 'version'
2026-05-03 20:58:45,633 - WARNING - Failed to load clang-gnu-busybox: 'version'
2026-05-03 20:58:45,634 - WARNING - Failed to load gcc-gnu-busybox: 'version'
2026-05-03 20:58:45,634 - WARNING - Failed to load solidity: 'version'
2026-05-03 20:58:45,634 - WARNING - Failed to load clang-cmake-busybox: 'version'
2026-05-03 20:58:45,634 - WARNING - Failed to load gcc-gnu-gnu: 'version'
2026-05-03 20:58:45,634 - WARNING - Failed to load luarocks: 'version'
2026-05-03 20:58:45,634 - WARNING - Failed to load rust: 'version'
2026-05-03 20:58:45,634 - WARNING - Failed to load gcc: 'version'
2026-05-03 20:58:45,634 - WARNING - Failed to load php: 'version'
2026-05-03 20:58:45,634 - WARNING - Failed to load python: 'version'
2026-05-03 20:58:45,634 - WARNING - Failed to load clang: 'version'
2026-05-03 20:58:45,635 - WARNING - Failed to load nodejs: 'version'
2026-05-03 20:58:45,635 - WARNING - Failed to load cython: 'version'
2026-05-03 20:58:45,635 - WARNING - Failed to load gcc-cmake-busybox: 'version'
2026-05-03 20:58:45,635 - WARNING - Failed to load php-composer: 'version'
2026-05-03 20:58:45,635 - WARNING - Failed to load go: 'version'
2026-05-03 20:58:45,635 - WARNING - Failed to load lua: 'version'
2026-05-03 20:58:45,635 - WARNING - Failed to load cgo: 'version'
2026-05-03 20:58:45,635 - WARNING - Failed to load gcc-meson-busybox: 'version'
2026-05-03 20:58:45,640 - WARNING - Failed to load cross-x86_64-gnu-gcc: 'version'
2026-05-03 20:58:45,644 - WARNING - Failed to load filesystem: 'version'
2026-05-03 20:58:45,646 - WARNING - Failed to load profile: 'version'
2026-05-03 20:58:45,651 - INFO - Loaded 416 packages
2026-05-03 20:58:45,651 - INFO - sdtool has no RM.org ID, attempting to look it up...
2026-05-03 20:58:46,309 - WARNING - Could not determine latest version for sdtool
2026-05-03 20:58:46,310 - INFO - Processing swig...
2026-05-03 20:58:46,317 - WARNING - Failed to load stage2: 'version'
2026-05-03 20:58:46,317 - WARNING - Failed to load stage0: 'version'
2026-05-03 20:58:46,317 - WARNING - Failed to load stage3: 'version'
2026-05-03 20:58:46,351 - WARNING - Failed to load clang-meson-busybox: 'version'
2026-05-03 20:58:46,351 - WARNING - Failed to load clang-gnu-busybox: 'version'
2026-05-03 20:58:46,351 - WARNING - Failed to load gcc-gnu-busybox: 'version'
2026-05-03 20:58:46,351 - WARNING - Failed to load solidity: 'version'
2026-05-03 20:58:46,351 - WARNING - Failed to load clang-cmake-busybox: 'version'
2026-05-03 20:58:46,351 - WARNING - Failed to load gcc-gnu-gnu: 'version'
2026-05-03 20:58:46,351 - WARNING - Failed to load luarocks: 'version'
2026-05-03 20:58:46,352 - WARNING - Failed to load rust: 'version'
2026-05-03 20:58:46,352 - WARNING - Failed to load gcc: 'version'
2026-05-03 20:58:46,352 - WARNING - Failed to load php: 'version'
2026-05-03 20:58:46,352 - WARNING - Failed to load python: 'version'
2026-05-03 20:58:46,352 - WARNING - Failed to load clang: 'version'
2026-05-03 20:58:46,352 - WARNING - Failed to load nodejs: 'version'
2026-05-03 20:58:46,352 - WARNING - Failed to load cython: 'version'
2026-05-03 20:58:46,352 - WARNING - Failed to load gcc-cmake-busybox: 'version'
2026-05-03 20:58:46,352 - WARNING - Failed to load php-composer: 'version'
2026-05-03 20:58:46,352 - WARNING - Failed to load go: 'version'
2026-05-03 20:58:46,352 - WARNING - Failed to load lua: 'version'
2026-05-03 20:58:46,353 - WARNING - Failed to load cgo: 'version'
2026-05-03 20:58:46,353 - WARNING - Failed to load gcc-meson-busybox: 'version'
2026-05-03 20:58:46,358 - WARNING - Failed to load cross-x86_64-gnu-gcc: 'version'
2026-05-03 20:58:46,362 - WARNING - Failed to load filesystem: 'version'
2026-05-03 20:58:46,363 - WARNING - Failed to load profile: 'version'
2026-05-03 20:58:46,369 - INFO - Loaded 416 packages
2026-05-03 20:58:46,369 - INFO - swig has no RM.org ID, attempting to look it up...
2026-05-03 20:58:47,022 - INFO - Found project ID 4919 for swig
2026-05-03 20:58:47,023 - INFO - Found project ID 4919 for swig
2026-05-03 20:58:47,023 - INFO - Current: 4.4.1, Latest: 4.4.1
2026-05-03 20:58:47,023 - INFO - swig is up to date
2026-05-03 20:58:47,023 - INFO - Processing lldb...
2026-05-03 20:58:47,030 - WARNING - Failed to load stage2: 'version'
2026-05-03 20:58:47,030 - WARNING - Failed to load stage0: 'version'
2026-05-03 20:58:47,030 - WARNING - Failed to load stage3: 'version'
2026-05-03 20:58:47,064 - WARNING - Failed to load clang-meson-busybox: 'version'
2026-05-03 20:58:47,064 - WARNING - Failed to load clang-gnu-busybox: 'version'
2026-05-03 20:58:47,064 - WARNING - Failed to load gcc-gnu-busybox: 'version'
2026-05-03 20:58:47,064 - WARNING - Failed to load solidity: 'version'
2026-05-03 20:58:47,064 - WARNING - Failed to load clang-cmake-busybox: 'version'
2026-05-03 20:58:47,064 - WARNING - Failed to load gcc-gnu-gnu: 'version'
2026-05-03 20:58:47,064 - WARNING - Failed to load luarocks: 'version'
2026-05-03 20:58:47,064 - WARNING - Failed to load rust: 'version'
2026-05-03 20:58:47,064 - WARNING - Failed to load gcc: 'version'
2026-05-03 20:58:47,064 - WARNING - Failed to load php: 'version'
2026-05-03 20:58:47,064 - WARNING - Failed to load python: 'version'
2026-05-03 20:58:47,065 - WARNING - Failed to load clang: 'version'
2026-05-03 20:58:47,065 - WARNING - Failed to load nodejs: 'version'
2026-05-03 20:58:47,065 - WARNING - Failed to load cython: 'version'
2026-05-03 20:58:47,065 - WARNING - Failed to load gcc-cmake-busybox: 'version'
2026-05-03 20:58:47,065 - WARNING - Failed to load php-composer: 'version'
2026-05-03 20:58:47,065 - WARNING - Failed to load go: 'version'
2026-05-03 20:58:47,065 - WARNING - Failed to load lua: 'version'
2026-05-03 20:58:47,065 - WARNING - Failed to load cgo: 'version'
2026-05-03 20:58:47,065 - WARNING - Failed to load gcc-meson-busybox: 'version'
2026-05-03 20:58:47,070 - WARNING - Failed to load cross-x86_64-gnu-gcc: 'version'
2026-05-03 20:58:47,075 - WARNING - Failed to load filesystem: 'version'
2026-05-03 20:58:47,076 - WARNING - Failed to load profile: 'version'
2026-05-03 20:58:47,081 - INFO - Loaded 416 packages
2026-05-03 20:58:47,081 - INFO - lldb has no RM.org ID, attempting to look it up...
2026-05-03 20:58:47,683 - INFO - Found project ID 15635 for lldb
2026-05-03 20:58:47,683 - INFO - Found project ID 15635 for lldb
2026-05-03 20:58:47,683 - INFO - Current: 21.1.8, Latest: 1.1.0
2026-05-03 20:58:47,684 - INFO - Updating lldb to 1.1.0
2026-05-03 20:58:47,684 - INFO - Backed up lldb to /home/lrvick/Sources/stagex/scripts/backups/user/lldb
2026-05-03 20:58:48,025 - ERROR - No working download URL found for version 1.1.0
2026-05-03 20:58:48,025 - ERROR - Failed to download source for lldb
2026-05-03 20:58:48,025 - INFO - Processing eudev...
2026-05-03 20:58:48,032 - WARNING - Failed to load stage2: 'version'
2026-05-03 20:58:48,032 - WARNING - Failed to load stage0: 'version'
2026-05-03 20:58:48,032 - WARNING - Failed to load stage3: 'version'
2026-05-03 20:58:48,066 - WARNING - Failed to load clang-meson-busybox: 'version'
2026-05-03 20:58:48,066 - WARNING - Failed to load clang-gnu-busybox: 'version'
2026-05-03 20:58:48,066 - WARNING - Failed to load gcc-gnu-busybox: 'version'
2026-05-03 20:58:48,066 - WARNING - Failed to load solidity: 'version'
2026-05-03 20:58:48,067 - WARNING - Failed to load clang-cmake-busybox: 'version'
2026-05-03 20:58:48,067 - WARNING - Failed to load gcc-gnu-gnu: 'version'
2026-05-03 20:58:48,067 - WARNING - Failed to load luarocks: 'version'
2026-05-03 20:58:48,067 - WARNING - Failed to load rust: 'version'
2026-05-03 20:58:48,067 - WARNING - Failed to load gcc: 'version'
2026-05-03 20:58:48,067 - WARNING - Failed to load php: 'version'
2026-05-03 20:58:48,067 - WARNING - Failed to load python: 'version'
2026-05-03 20:58:48,067 - WARNING - Failed to load clang: 'version'
2026-05-03 20:58:48,067 - WARNING - Failed to load nodejs: 'version'
2026-05-03 20:58:48,067 - WARNING - Failed to load cython: 'version'
2026-05-03 20:58:48,067 - WARNING - Failed to load gcc-cmake-busybox: 'version'
2026-05-03 20:58:48,068 - WARNING - Failed to load php-composer: 'version'
2026-05-03 20:58:48,068 - WARNING - Failed to load go: 'version'
2026-05-03 20:58:48,068 - WARNING - Failed to load lua: 'version'
2026-05-03 20:58:48,068 - WARNING - Failed to load cgo: 'version'
2026-05-03 20:58:48,068 - WARNING - Failed to load gcc-meson-busybox: 'version'
2026-05-03 20:58:48,073 - WARNING - Failed to load cross-x86_64-gnu-gcc: 'version'
2026-05-03 20:58:48,077 - WARNING - Failed to load filesystem: 'version'
2026-05-03 20:58:48,079 - WARNING - Failed to load profile: 'version'
2026-05-03 20:58:48,084 - INFO - Loaded 416 packages
2026-05-03 20:58:48,084 - INFO - eudev has no RM.org ID, attempting to look it up...
2026-05-03 20:58:48,686 - INFO - Found project ID 13466 for eudev
2026-05-03 20:58:48,686 - INFO - Found project ID 13466 for eudev
2026-05-03 20:58:48,686 - INFO - Current: 3.2.14, Latest: 3.2.14
2026-05-03 20:58:48,686 - INFO - eudev is up to date
2026-05-03 20:58:48,687 - INFO - Processing hugo...
2026-05-03 20:58:48,693 - WARNING - Failed to load stage2: 'version'
2026-05-03 20:58:48,694 - WARNING - Failed to load stage0: 'version'
2026-05-03 20:58:48,694 - WARNING - Failed to load stage3: 'version'
2026-05-03 20:58:48,728 - WARNING - Failed to load clang-meson-busybox: 'version'
2026-05-03 20:58:48,728 - WARNING - Failed to load clang-gnu-busybox: 'version'
2026-05-03 20:58:48,728 - WARNING - Failed to load gcc-gnu-busybox: 'version'
2026-05-03 20:58:48,728 - WARNING - Failed to load solidity: 'version'
2026-05-03 20:58:48,728 - WARNING - Failed to load clang-cmake-busybox: 'version'
2026-05-03 20:58:48,728 - WARNING - Failed to load gcc-gnu-gnu: 'version'
2026-05-03 20:58:48,728 - WARNING - Failed to load luarocks: 'version'
2026-05-03 20:58:48,728 - WARNING - Failed to load rust: 'version'
2026-05-03 20:58:48,728 - WARNING - Failed to load gcc: 'version'
2026-05-03 20:58:48,728 - WARNING - Failed to load php: 'version'
2026-05-03 20:58:48,728 - WARNING - Failed to load python: 'version'
2026-05-03 20:58:48,729 - WARNING - Failed to load clang: 'version'
2026-05-03 20:58:48,729 - WARNING - Failed to load nodejs: 'version'
2026-05-03 20:58:48,729 - WARNING - Failed to load cython: 'version'
2026-05-03 20:58:48,729 - WARNING - Failed to load gcc-cmake-busybox: 'version'
2026-05-03 20:58:48,729 - WARNING - Failed to load php-composer: 'version'
2026-05-03 20:58:48,729 - WARNING - Failed to load go: 'version'
2026-05-03 20:58:48,729 - WARNING - Failed to load lua: 'version'
2026-05-03 20:58:48,729 - WARNING - Failed to load cgo: 'version'
2026-05-03 20:58:48,729 - WARNING - Failed to load gcc-meson-busybox: 'version'
2026-05-03 20:58:48,734 - WARNING - Failed to load cross-x86_64-gnu-gcc: 'version'
2026-05-03 20:58:48,739 - WARNING - Failed to load filesystem: 'version'
2026-05-03 20:58:48,740 - WARNING - Failed to load profile: 'version'
2026-05-03 20:58:48,746 - INFO - Loaded 416 packages
2026-05-03 20:58:48,746 - INFO - hugo has no RM.org ID, attempting to look it up...
2026-05-03 20:58:49,403 - INFO - Found project ID 12959 for hugo
2026-05-03 20:58:49,403 - INFO - Found project ID 12959 for hugo
2026-05-03 20:58:49,403 - INFO - Current: 0.161.1, Latest: 0.161.1
2026-05-03 20:58:49,403 - INFO - hugo is up to date
2026-05-03 20:58:49,403 - INFO - Processing bash...
2026-05-03 20:58:49,410 - WARNING - Failed to load stage2: 'version'
2026-05-03 20:58:49,410 - WARNING - Failed to load stage0: 'version'
2026-05-03 20:58:49,411 - WARNING - Failed to load stage3: 'version'
2026-05-03 20:58:49,444 - WARNING - Failed to load clang-meson-busybox: 'version'
2026-05-03 20:58:49,444 - WARNING - Failed to load clang-gnu-busybox: 'version'
2026-05-03 20:58:49,445 - WARNING - Failed to load gcc-gnu-busybox: 'version'
2026-05-03 20:58:49,445 - WARNING - Failed to load solidity: 'version'
2026-05-03 20:58:49,445 - WARNING - Failed to load clang-cmake-busybox: 'version'
2026-05-03 20:58:49,445 - WARNING - Failed to load gcc-gnu-gnu: 'version'
2026-05-03 20:58:49,445 - WARNING - Failed to load luarocks: 'version'
2026-05-03 20:58:49,445 - WARNING - Failed to load rust: 'version'
2026-05-03 20:58:49,445 - WARNING - Failed to load gcc: 'version'
2026-05-03 20:58:49,445 - WARNING - Failed to load php: 'version'
2026-05-03 20:58:49,445 - WARNING - Failed to load python: 'version'
2026-05-03 20:58:49,445 - WARNING - Failed to load clang: 'version'
2026-05-03 20:58:49,445 - WARNING - Failed to load nodejs: 'version'
2026-05-03 20:58:49,446 - WARNING - Failed to load cython: 'version'
2026-05-03 20:58:49,446 - WARNING - Failed to load gcc-cmake-busybox: 'version'
2026-05-03 20:58:49,446 - WARNING - Failed to load php-composer: 'version'
2026-05-03 20:58:49,446 - WARNING - Failed to load go: 'version'
2026-05-03 20:58:49,446 - WARNING - Failed to load lua: 'version'
2026-05-03 20:58:49,446 - WARNING - Failed to load cgo: 'version'
2026-05-03 20:58:49,446 - WARNING - Failed to load gcc-meson-busybox: 'version'
2026-05-03 20:58:49,451 - WARNING - Failed to load cross-x86_64-gnu-gcc: 'version'
2026-05-03 20:58:49,455 - WARNING - Failed to load filesystem: 'version'
2026-05-03 20:58:49,457 - WARNING - Failed to load profile: 'version'
2026-05-03 20:58:49,462 - INFO - Loaded 416 packages
2026-05-03 20:58:49,462 - INFO - bash has no RM.org ID, attempting to look it up...
2026-05-03 20:58:50,127 - INFO - Found project ID 166 for bash
2026-05-03 20:58:50,127 - INFO - Found project ID 166 for bash
2026-05-03 20:58:50,127 - INFO - Current: 5.3, Latest: 5.3
2026-05-03 20:58:50,127 - INFO - bash is up to date
2026-05-03 20:58:50,128 - INFO - Processing glslang...
2026-05-03 20:58:50,134 - WARNING - Failed to load stage2: 'version'
2026-05-03 20:58:50,135 - WARNING - Failed to load stage0: 'version'
2026-05-03 20:58:50,135 - WARNING - Failed to load stage3: 'version'
2026-05-03 20:58:50,169 - WARNING - Failed to load clang-meson-busybox: 'version'
2026-05-03 20:58:50,169 - WARNING - Failed to load clang-gnu-busybox: 'version'
2026-05-03 20:58:50,169 - WARNING - Failed to load gcc-gnu-busybox: 'version'
2026-05-03 20:58:50,169 - WARNING - Failed to load solidity: 'version'
2026-05-03 20:58:50,169 - WARNING - Failed to load clang-cmake-busybox: 'version'
2026-05-03 20:58:50,169 - WARNING - Failed to load gcc-gnu-gnu: 'version'
2026-05-03 20:58:50,169 - WARNING - Failed to load luarocks: 'version'
2026-05-03 20:58:50,169 - WARNING - Failed to load rust: 'version'
2026-05-03 20:58:50,169 - WARNING - Failed to load gcc: 'version'
2026-05-03 20:58:50,170 - WARNING - Failed to load php: 'version'
2026-05-03 20:58:50,170 - WARNING - Failed to load python: 'version'
2026-05-03 20:58:50,170 - WARNING - Failed to load clang: 'version'
2026-05-03 20:58:50,170 - WARNING - Failed to load nodejs: 'version'
2026-05-03 20:58:50,170 - WARNING - Failed to load cython: 'version'
2026-05-03 20:58:50,170 - WARNING - Failed to load gcc-cmake-busybox: 'version'
2026-05-03 20:58:50,170 - WARNING - Failed to load php-composer: 'version'
2026-05-03 20:58:50,170 - WARNING - Failed to load go: 'version'
2026-05-03 20:58:50,170 - WARNING - Failed to load lua: 'version'
2026-05-03 20:58:50,170 - WARNING - Failed to load cgo: 'version'
2026-05-03 20:58:50,170 - WARNING - Failed to load gcc-meson-busybox: 'version'
2026-05-03 20:58:50,175 - WARNING - Failed to load cross-x86_64-gnu-gcc: 'version'
2026-05-03 20:58:50,180 - WARNING - Failed to load filesystem: 'version'
2026-05-03 20:58:50,181 - WARNING - Failed to load profile: 'version'
2026-05-03 20:58:50,187 - INFO - Loaded 416 packages
2026-05-03 20:58:50,187 - INFO - glslang has no RM.org ID, attempting to look it up...
2026-05-03 20:58:50,776 - INFO - Found project ID 205796 for glslang
2026-05-03 20:58:50,776 - INFO - Found project ID 205796 for glslang
2026-05-03 20:58:50,776 - INFO - Current: 1.4.304.0, Latest: 16.3.0
2026-05-03 20:58:50,777 - INFO - Updating glslang to 16.3.0
2026-05-03 20:58:50,777 - INFO - Backed up glslang to /home/lrvick/Sources/stagex/scripts/backups/user/glslang
2026-05-03 20:58:51,263 - ERROR - No working download URL found for version 16.3.0
2026-05-03 20:58:51,263 - ERROR - Failed to download source for glslang
2026-05-03 20:58:51,263 - INFO - Processing llama...
2026-05-03 20:58:51,263 - INFO - Processing acme...
2026-05-03 20:58:51,263 - INFO - Processing yq...
2026-05-03 20:58:51,270 - WARNING - Failed to load stage2: 'version'
2026-05-03 20:58:51,270 - WARNING - Failed to load stage0: 'version'
2026-05-03 20:58:51,271 - WARNING - Failed to load stage3: 'version'
2026-05-03 20:58:51,304 - WARNING - Failed to load clang-meson-busybox: 'version'
2026-05-03 20:58:51,304 - WARNING - Failed to load clang-gnu-busybox: 'version'
2026-05-03 20:58:51,305 - WARNING - Failed to load gcc-gnu-busybox: 'version'
2026-05-03 20:58:51,305 - WARNING - Failed to load solidity: 'version'
2026-05-03 20:58:51,305 - WARNING - Failed to load clang-cmake-busybox: 'version'
2026-05-03 20:58:51,305 - WARNING - Failed to load gcc-gnu-gnu: 'version'
2026-05-03 20:58:51,305 - WARNING - Failed to load luarocks: 'version'
2026-05-03 20:58:51,305 - WARNING - Failed to load rust: 'version'
2026-05-03 20:58:51,305 - WARNING - Failed to load gcc: 'version'
2026-05-03 20:58:51,305 - WARNING - Failed to load php: 'version'
2026-05-03 20:58:51,305 - WARNING - Failed to load python: 'version'
2026-05-03 20:58:51,305 - WARNING - Failed to load clang: 'version'
2026-05-03 20:58:51,305 - WARNING - Failed to load nodejs: 'version'
2026-05-03 20:58:51,306 - WARNING - Failed to load cython: 'version'
2026-05-03 20:58:51,306 - WARNING - Failed to load gcc-cmake-busybox: 'version'
2026-05-03 20:58:51,306 - WARNING - Failed to load php-composer: 'version'
2026-05-03 20:58:51,306 - WARNING - Failed to load go: 'version'
2026-05-03 20:58:51,306 - WARNING - Failed to load lua: 'version'
2026-05-03 20:58:51,306 - WARNING - Failed to load cgo: 'version'
2026-05-03 20:58:51,306 - WARNING - Failed to load gcc-meson-busybox: 'version'
2026-05-03 20:58:51,311 - WARNING - Failed to load cross-x86_64-gnu-gcc: 'version'
2026-05-03 20:58:51,315 - WARNING - Failed to load filesystem: 'version'
2026-05-03 20:58:51,316 - WARNING - Failed to load profile: 'version'
2026-05-03 20:58:51,322 - INFO - Loaded 416 packages
2026-05-03 20:58:51,322 - INFO - yq has no RM.org ID, attempting to look it up...
2026-05-03 20:58:51,913 - INFO - Found project ID 303696 for yq
2026-05-03 20:58:51,913 - INFO - Found project ID 303696 for yq
2026-05-03 20:58:51,913 - INFO - Current: 4.53.2, Latest: 4.53.2
2026-05-03 20:58:51,913 - INFO - yq is up to date
2026-05-03 20:58:51,914 - INFO - Processing runc...
2026-05-03 20:58:51,920 - WARNING - Failed to load stage2: 'version'
2026-05-03 20:58:51,921 - WARNING - Failed to load stage0: 'version'
2026-05-03 20:58:51,921 - WARNING - Failed to load stage3: 'version'
2026-05-03 20:58:51,954 - WARNING - Failed to load clang-meson-busybox: 'version'
2026-05-03 20:58:51,955 - WARNING - Failed to load clang-gnu-busybox: 'version'
2026-05-03 20:58:51,955 - WARNING - Failed to load gcc-gnu-busybox: 'version'
2026-05-03 20:58:51,955 - WARNING - Failed to load solidity: 'version'
2026-05-03 20:58:51,955 - WARNING - Failed to load clang-cmake-busybox: 'version'
2026-05-03 20:58:51,955 - WARNING - Failed to load gcc-gnu-gnu: 'version'
2026-05-03 20:58:51,955 - WARNING - Failed to load luarocks: 'version'
2026-05-03 20:58:51,955 - WARNING - Failed to load rust: 'version'
2026-05-03 20:58:51,955 - WARNING - Failed to load gcc: 'version'
2026-05-03 20:58:51,955 - WARNING - Failed to load php: 'version'
2026-05-03 20:58:51,955 - WARNING - Failed to load python: 'version'
2026-05-03 20:58:51,955 - WARNING - Failed to load clang: 'version'
2026-05-03 20:58:51,956 - WARNING - Failed to load nodejs: 'version'
2026-05-03 20:58:51,956 - WARNING - Failed to load cython: 'version'
2026-05-03 20:58:51,956 - WARNING - Failed to load gcc-cmake-busybox: 'version'
2026-05-03 20:58:51,956 - WARNING - Failed to load php-composer: 'version'
2026-05-03 20:58:51,956 - WARNING - Failed to load go: 'version'
2026-05-03 20:58:51,956 - WARNING - Failed to load lua: 'version'
2026-05-03 20:58:51,956 - WARNING - Failed to load cgo: 'version'
2026-05-03 20:58:51,956 - WARNING - Failed to load gcc-meson-busybox: 'version'
2026-05-03 20:58:51,961 - WARNING - Failed to load cross-x86_64-gnu-gcc: 'version'
2026-05-03 20:58:51,965 - WARNING - Failed to load filesystem: 'version'
2026-05-03 20:58:51,967 - WARNING - Failed to load profile: 'version'
2026-05-03 20:58:51,972 - INFO - Loaded 416 packages
2026-05-03 20:58:51,972 - INFO - runc has no RM.org ID, attempting to look it up...
2026-05-03 20:58:52,551 - INFO - Found project ID 7462 for runc
2026-05-03 20:58:52,551 - INFO - Found project ID 7462 for runc
2026-05-03 20:58:52,551 - INFO - Current: 1.5.0-rc.1, Latest: 1.5.0-rc.1
2026-05-03 20:58:52,551 - INFO - runc is up to date
2026-05-03 20:58:52,551 - INFO - Processing libxxf86vm...
2026-05-03 20:58:52,558 - WARNING - Failed to load stage2: 'version'
2026-05-03 20:58:52,558 - WARNING - Failed to load stage0: 'version'
2026-05-03 20:58:52,559 - WARNING - Failed to load stage3: 'version'
2026-05-03 20:58:52,592 - WARNING - Failed to load clang-meson-busybox: 'version'
2026-05-03 20:58:52,592 - WARNING - Failed to load clang-gnu-busybox: 'version'
2026-05-03 20:58:52,593 - WARNING - Failed to load gcc-gnu-busybox: 'version'
2026-05-03 20:58:52,593 - WARNING - Failed to load solidity: 'version'
2026-05-03 20:58:52,593 - WARNING - Failed to load clang-cmake-busybox: 'version'
2026-05-03 20:58:52,593 - WARNING - Failed to load gcc-gnu-gnu: 'version'
2026-05-03 20:58:52,593 - WARNING - Failed to load luarocks: 'version'
2026-05-03 20:58:52,593 - WARNING - Failed to load rust: 'version'
2026-05-03 20:58:52,593 - WARNING - Failed to load gcc: 'version'
2026-05-03 20:58:52,593 - WARNING - Failed to load php: 'version'
2026-05-03 20:58:52,593 - WARNING - Failed to load python: 'version'
2026-05-03 20:58:52,593 - WARNING - Failed to load clang: 'version'
2026-05-03 20:58:52,593 - WARNING - Failed to load nodejs: 'version'
2026-05-03 20:58:52,594 - WARNING - Failed to load cython: 'version'
2026-05-03 20:58:52,594 - WARNING - Failed to load gcc-cmake-busybox: 'version'
2026-05-03 20:58:52,594 - WARNING - Failed to load php-composer: 'version'
2026-05-03 20:58:52,594 - WARNING - Failed to load go: 'version'
2026-05-03 20:58:52,594 - WARNING - Failed to load lua: 'version'
2026-05-03 20:58:52,594 - WARNING - Failed to load cgo: 'version'
2026-05-03 20:58:52,594 - WARNING - Failed to load gcc-meson-busybox: 'version'
2026-05-03 20:58:52,599 - WARNING - Failed to load cross-x86_64-gnu-gcc: 'version'
2026-05-03 20:58:52,603 - WARNING - Failed to load filesystem: 'version'
2026-05-03 20:58:52,605 - WARNING - Failed to load profile: 'version'
2026-05-03 20:58:52,610 - INFO - Loaded 416 packages
2026-05-03 20:58:52,610 - INFO - libxxf86vm has no RM.org ID, attempting to look it up...
2026-05-03 20:58:53,288 - INFO - Found project ID 1799 for libxxf86vm
2026-05-03 20:58:53,288 - INFO - Found project ID 1799 for libxxf86vm
2026-05-03 20:58:53,288 - INFO - Current: 1.1.6, Latest: 1.1.7
2026-05-03 20:58:53,288 - INFO - Updating libxxf86vm to 1.1.7
2026-05-03 20:58:53,288 - INFO - Backed up libxxf86vm to /home/lrvick/Sources/stagex/scripts/backups/user/libxxf86vm
2026-05-03 20:58:53,364 - ERROR - No working download URL found for version 1.1.7
2026-05-03 20:58:53,365 - ERROR - Failed to download source for libxxf86vm
2026-05-03 20:58:53,365 - INFO - Processing k9s...
2026-05-03 20:58:53,371 - WARNING - Failed to load stage2: 'version'
2026-05-03 20:58:53,371 - WARNING - Failed to load stage0: 'version'
2026-05-03 20:58:53,372 - WARNING - Failed to load stage3: 'version'
2026-05-03 20:58:53,405 - WARNING - Failed to load clang-meson-busybox: 'version'
2026-05-03 20:58:53,406 - WARNING - Failed to load clang-gnu-busybox: 'version'
2026-05-03 20:58:53,406 - WARNING - Failed to load gcc-gnu-busybox: 'version'
2026-05-03 20:58:53,406 - WARNING - Failed to load solidity: 'version'
2026-05-03 20:58:53,406 - WARNING - Failed to load clang-cmake-busybox: 'version'
2026-05-03 20:58:53,406 - WARNING - Failed to load gcc-gnu-gnu: 'version'
2026-05-03 20:58:53,406 - WARNING - Failed to load luarocks: 'version'
2026-05-03 20:58:53,406 - WARNING - Failed to load rust: 'version'
2026-05-03 20:58:53,406 - WARNING - Failed to load gcc: 'version'
2026-05-03 20:58:53,406 - WARNING - Failed to load php: 'version'
2026-05-03 20:58:53,406 - WARNING - Failed to load python: 'version'
2026-05-03 20:58:53,406 - WARNING - Failed to load clang: 'version'
2026-05-03 20:58:53,407 - WARNING - Failed to load nodejs: 'version'
2026-05-03 20:58:53,407 - WARNING - Failed to load cython: 'version'
2026-05-03 20:58:53,407 - WARNING - Failed to load gcc-cmake-busybox: 'version'
2026-05-03 20:58:53,407 - WARNING - Failed to load php-composer: 'version'
2026-05-03 20:58:53,407 - WARNING - Failed to load go: 'version'
2026-05-03 20:58:53,407 - WARNING - Failed to load lua: 'version'
2026-05-03 20:58:53,407 - WARNING - Failed to load cgo: 'version'
2026-05-03 20:58:53,407 - WARNING - Failed to load gcc-meson-busybox: 'version'
2026-05-03 20:58:53,412 - WARNING - Failed to load cross-x86_64-gnu-gcc: 'version'
2026-05-03 20:58:53,417 - WARNING - Failed to load filesystem: 'version'
2026-05-03 20:58:53,418 - WARNING - Failed to load profile: 'version'
2026-05-03 20:58:53,424 - INFO - Loaded 416 packages
2026-05-03 20:58:53,424 - INFO - k9s has no RM.org ID, attempting to look it up...
2026-05-03 20:58:54,097 - INFO - Found project ID 242947 for k9s
2026-05-03 20:58:54,098 - INFO - Found project ID 242947 for k9s
2026-05-03 20:58:54,098 - INFO - Current: 0.50.18, Latest: 0.50.18
2026-05-03 20:58:54,098 - INFO - k9s is up to date
2026-05-03 20:58:54,098 - INFO - Processing sudo...
2026-05-03 20:58:54,105 - WARNING - Failed to load stage2: 'version'
2026-05-03 20:58:54,105 - WARNING - Failed to load stage0: 'version'
2026-05-03 20:58:54,106 - WARNING - Failed to load stage3: 'version'
2026-05-03 20:58:54,139 - WARNING - Failed to load clang-meson-busybox: 'version'
2026-05-03 20:58:54,139 - WARNING - Failed to load clang-gnu-busybox: 'version'
2026-05-03 20:58:54,139 - WARNING - Failed to load gcc-gnu-busybox: 'version'
2026-05-03 20:58:54,139 - WARNING - Failed to load solidity: 'version'
2026-05-03 20:58:54,139 - WARNING - Failed to load clang-cmake-busybox: 'version'
2026-05-03 20:58:54,140 - WARNING - Failed to load gcc-gnu-gnu: 'version'
2026-05-03 20:58:54,140 - WARNING - Failed to load luarocks: 'version'
2026-05-03 20:58:54,140 - WARNING - Failed to load rust: 'version'
2026-05-03 20:58:54,140 - WARNING - Failed to load gcc: 'version'
2026-05-03 20:58:54,140 - WARNING - Failed to load php: 'version'
2026-05-03 20:58:54,140 - WARNING - Failed to load python: 'version'
2026-05-03 20:58:54,140 - WARNING - Failed to load clang: 'version'
2026-05-03 20:58:54,140 - WARNING - Failed to load nodejs: 'version'
2026-05-03 20:58:54,140 - WARNING - Failed to load cython: 'version'
2026-05-03 20:58:54,140 - WARNING - Failed to load gcc-cmake-busybox: 'version'
2026-05-03 20:58:54,140 - WARNING - Failed to load php-composer: 'version'
2026-05-03 20:58:54,141 - WARNING - Failed to load go: 'version'
2026-05-03 20:58:54,141 - WARNING - Failed to load lua: 'version'
2026-05-03 20:58:54,141 - WARNING - Failed to load cgo: 'version'
2026-05-03 20:58:54,141 - WARNING - Failed to load gcc-meson-busybox: 'version'
2026-05-03 20:58:54,146 - WARNING - Failed to load cross-x86_64-gnu-gcc: 'version'
2026-05-03 20:58:54,150 - WARNING - Failed to load filesystem: 'version'
2026-05-03 20:58:54,151 - WARNING - Failed to load profile: 'version'
2026-05-03 20:58:54,157 - INFO - Loaded 416 packages
2026-05-03 20:58:54,157 - INFO - sudo has no RM.org ID, attempting to look it up...
2026-05-03 20:58:54,757 - INFO - Found project ID 370631 for sudo
2026-05-03 20:58:54,757 - INFO - Found project ID 370631 for sudo
2026-05-03 20:58:54,757 - INFO - Current: 1.9.17p2, Latest: 0.6.0
2026-05-03 20:58:54,758 - INFO - Updating sudo to 0.6.0
2026-05-03 20:58:54,758 - INFO - Backed up sudo to /home/lrvick/Sources/stagex/scripts/backups/user/sudo
2026-05-03 20:58:55,027 - ERROR - No working download URL found for version 0.6.0
2026-05-03 20:58:55,028 - ERROR - Failed to download source for sudo
2026-05-03 20:58:55,028 - INFO - Processing zbarcam...
2026-05-03 20:58:55,028 - INFO - Processing iproute2...
2026-05-03 20:58:55,034 - WARNING - Failed to load stage2: 'version'
2026-05-03 20:58:55,035 - WARNING - Failed to load stage0: 'version'
2026-05-03 20:58:55,035 - WARNING - Failed to load stage3: 'version'
2026-05-03 20:58:55,069 - WARNING - Failed to load clang-meson-busybox: 'version'
2026-05-03 20:58:55,069 - WARNING - Failed to load clang-gnu-busybox: 'version'
2026-05-03 20:58:55,069 - WARNING - Failed to load gcc-gnu-busybox: 'version'
2026-05-03 20:58:55,069 - WARNING - Failed to load solidity: 'version'
2026-05-03 20:58:55,069 - WARNING - Failed to load clang-cmake-busybox: 'version'
2026-05-03 20:58:55,070 - WARNING - Failed to load gcc-gnu-gnu: 'version'
2026-05-03 20:58:55,070 - WARNING - Failed to load luarocks: 'version'
2026-05-03 20:58:55,070 - WARNING - Failed to load rust: 'version'
2026-05-03 20:58:55,070 - WARNING - Failed to load gcc: 'version'
2026-05-03 20:58:55,070 - WARNING - Failed to load php: 'version'
2026-05-03 20:58:55,070 - WARNING - Failed to load python: 'version'
2026-05-03 20:58:55,070 - WARNING - Failed to load clang: 'version'
2026-05-03 20:58:55,070 - WARNING - Failed to load nodejs: 'version'
2026-05-03 20:58:55,070 - WARNING - Failed to load cython: 'version'
2026-05-03 20:58:55,070 - WARNING - Failed to load gcc-cmake-busybox: 'version'
2026-05-03 20:58:55,070 - WARNING - Failed to load php-composer: 'version'
2026-05-03 20:58:55,071 - WARNING - Failed to load go: 'version'
2026-05-03 20:58:55,071 - WARNING - Failed to load lua: 'version'
2026-05-03 20:58:55,071 - WARNING - Failed to load cgo: 'version'
2026-05-03 20:58:55,071 - WARNING - Failed to load gcc-meson-busybox: 'version'
2026-05-03 20:58:55,076 - WARNING - Failed to load cross-x86_64-gnu-gcc: 'version'
2026-05-03 20:58:55,080 - WARNING - Failed to load filesystem: 'version'
2026-05-03 20:58:55,081 - WARNING - Failed to load profile: 'version'
2026-05-03 20:58:55,087 - INFO - Loaded 416 packages
2026-05-03 20:58:55,087 - INFO - iproute2 has no RM.org ID, attempting to look it up...
2026-05-03 20:58:55,686 - INFO - Found project ID 1392 for iproute2
2026-05-03 20:58:55,686 - INFO - Found project ID 1392 for iproute2
2026-05-03 20:58:55,687 - INFO - Current: 7.0.0, Latest: 7.0.0
2026-05-03 20:58:55,687 - INFO - iproute2 is up to date
2026-05-03 20:58:57,740 - ERROR - Push failed: Command '['git', 'push', 'origin', 'lance/megabump']' returned non-zero exit status 1.
2026-05-03 20:58:57,741 - INFO - Updated 175 packages
